[
{
  "media": {
    "media_uuid": "f400b943-a047-4d03-9d2c-463c6ab856b7",
    "checksum": "7050a5b539e05edb6cb47421487b2fdba64c9480096bee78ae80c8d8a6a50132",
    "faces": null,
    "tags": null,
    "original_filename": "https://raw.githubusercontent.com/sarkrui/Hairstyle60k/master/Dataset/Ducktail/IMG_1.jpg",
    "duration": "00:00:00"
  },
  "recognize": null
},
{
  "media": {
    "media_uuid": "61b0386d-4958-4d6a-a6a7-18220f642deb",
    "checksum": "d1fe74646edf67651495fd6a930cf6cf01663f8043f759e825e793665478ce34",
    "faces": null,
    "tags": null,
    "original_filename": "https://raw.githubusercontent.com/sarkrui/Hairstyle60k/master/Dataset/Ducktail/IMG_2.jpg",
    "duration": "00:00:00"
  },
  "recognize": null
},
{
  "media": {
    "media_uuid": "4b322439-4f2b-42d2-9a37-4b47aaa27b2d",
    "checksum": "4afc344bb13c7c4c90e76fa963c0d5091a78bc779fc20fd6f75c01d63ec52bd4",
    "faces": null,
    "tags": null,
    "original_filename": "https://raw.githubusercontent.com/sarkrui/Hairstyle60k/master/Dataset/Ducktail/IMG_3.jpg",
    "duration": "00:00:00"
  },
  "recognize": null
},
{
  "media": {
    "media_uuid": "e497234a-7498-486c-99c3-7c4152d62bff",
    "checksum": "0b36df1e15b8f1c8076ce4550f0084ce672878b4d258f5c339996a677a21570e",
    "faces": null,
    "tags": null,
    "original_filename": "https://raw.githubusercontent.com/sarkrui/Hairstyle60k/master/Dataset/Ducktail/IMG_4.jpg",
    "duration": "00:00:00"
  },
  "recognize": null
},
{
  "media": {
    "media_uuid": "d58abe45-d1ea-4dac-92a4-af8820ac02e7",
    "checksum": "c655b4b498e096f21b308751da93cc7705c4eb3f9788cf85bfa492ef3a478677",
    "faces": [
      {
        "face_uuid": "2a228725-157f-11e9-99c4-0cc47a6c4dbd",
        "media_uuid": "d58abe45-d1ea-4dac-92a4-af8820ac02e7",
        "x": 87.0,
        "y": 114.5,
        "width": 87.77,
        "height": 119.25,
        "angle": 10.5306,
        "detection_score": 1.0,
        "points": [
          {
            "x": 48.35,
            "y": 105.27,
            "type": 512,
            "name": "basic eye left"
          },
          {
            "x": 89.67,
            "y": 97.59,
            "type": 768,
            "name": "basic eye right"
          },
          {
            "x": 40.05,
            "y": 106.97,
            "type": 1024,
            "name": "basic eye left outer"
          },
          {
            "x": 99.3,
            "y": 96.02,
            "type": 1280,
            "name": "basic eye right outer"
          },
          {
            "x": 56.6,
            "y": 103.98,
            "type": 1536,
            "name": "basic eye left inner"
          },
          {
            "x": 80.4,
            "y": 99.57,
            "type": 1792,
            "name": "basic eye right inner"
          },
          {
            "x": 59.89,
            "y": 152.98,
            "type": 2048,
            "name": "basic mouth left"
          },
          {
            "x": 94.07,
            "y": 146.48,
            "type": 2304,
            "name": "basic mouth right"
          },
          {
            "x": 66.83,
            "y": 129.14,
            "type": 2560,
            "name": "basic nose tip"
          },
          {
            "x": 76.31,
            "y": 150.0,
            "type": 2816,
            "name": "basic mouth center"
          },
          {
            "x": 76.31,
            "y": 150.0,
            "type": 3072,
            "name": "basic eyebrow left"
          },
          {
            "x": 76.31,
            "y": 150.0,
            "type": 3328,
            "name": "basic eyebrow left inner corner"
          },
          {
            "x": 76.31,
            "y": 150.0,
            "type": 3584,
            "name": "basic eyebrow left outer corner"
          },
          {
            "x": 76.31,
            "y": 150.0,
            "type": 3840,
            "name": "basic eyebrow right"
          },
          {
            "x": 76.31,
            "y": 150.0,
            "type": 4096,
            "name": "basic eyebrow right inner corner"
          },
          {
            "x": 76.31,
            "y": 150.0,
            "type": 4352,
            "name": "basic eyebrow right outer corner"
          },
          {
            "x": 76.31,
            "y": 150.0,
            "type": 4608,
            "name": "basic chin bottom"
          },
          {
            "x": 76.31,
            "y": 150.0,
            "type": 4864,
            "name": "basic chin left"
          },
          {
            "x": 76.31,
            "y": 150.0,
            "type": 5120,
            "name": "basic chin right"
          },
          {
            "x": 59.59,
            "y": 133.17,
            "type": 5376,
            "name": "basic nose left"
          },
          {
            "x": 81.67,
            "y": 129.04,
            "type": 5632,
            "name": "basic nose right"
          }
        ],
        "user_points": null,
        "tags": [
          {
            "name": "5oclock shadow",
            "value": "yes",
            "confidence": 0.4
          },
          {
            "name": "age",
            "value": "44",
            "confidence": 0.6
          },
          {
            "name": "arched eyebrows",
            "value": "no",
            "confidence": 1.0
          },
          {
            "name": "attractive",
            "value": "yes",
            "confidence": 0.2
          },
          {
            "name": "bags under eyes",
            "value": "no",
            "confidence": 0.17
          },
          {
            "name": "bald",
            "value": "no",
            "confidence": 0.91
          },
          {
            "name": "bangs",
            "value": "yes",
            "confidence": 0.15
          },
          {
            "name": "beard",
            "value": "yes",
            "confidence": 0.33
          },
          {
            "name": "big lips",
            "value": "no",
            "confidence": 0.15
          },
          {
            "name": "big nose",
            "value": "no",
            "confidence": 0.03
          },
          {
            "name": "black hair",
            "value": "yes",
            "confidence": 0.33
          },
          {
            "name": "blond hair",
            "value": "no",
            "confidence": 1.0
          },
          {
            "name": "blurry",
            "value": "no",
            "confidence": 0.85
          },
          {
            "name": "brown hair",
            "value": "no",
            "confidence": 0.74
          },
          {
            "name": "bushy eyebrows",
            "value": "yes",
            "confidence": 0.41
          },
          {
            "name": "chubby",
            "value": "no",
            "confidence": 1.0
          },
          {
            "name": "double chin",
            "value": "no",
            "confidence": 1.0
          },
          {
            "name": "expression",
            "value": "neutral",
            "confidence": 0.98
          },
          {
            "name": "gender",
            "value": "male",
            "confidence": 0.92
          },
          {
            "name": "glasses",
            "value": "no",
            "confidence": 1.0
          },
          {
            "name": "goatee",
            "value": "no",
            "confidence": 0.12
          },
          {
            "name": "gray hair",
            "value": "no",
            "confidence": 1.0
          },
          {
            "name": "heavy makeup",
            "value": "no",
            "confidence": 0.92
          },
          {
            "name": "high cheekbones",
            "value": "no",
            "confidence": 0.91
          },
          {
            "name": "mouth open",
            "value": "no",
            "confidence": 1.0
          },
          {
            "name": "mustache",
            "value": "no",
            "confidence": 0.02
          },
          {
            "name": "narrow eyes",
            "value": "no",
            "confidence": 0.48
          },
          {
            "name": "oval face",
            "value": "no",
            "confidence": 0.41
          },
          {
            "name": "pale skin",
            "value": "yes",
            "confidence": 0.87
          },
          {
            "name": "pitch",
            "value": "-6.17",
            "confidence": 1.0
          },
          {
            "name": "pointy nose",
            "value": "no",
            "confidence": 0.11
          },
          {
            "name": "race",
            "value": "white",
            "confidence": 0.55
          },
          {
            "name": "receding hairline",
            "value": "no",
            "confidence": 1.0
          },
          {
            "name": "rosy cheeks",
            "value": "no",
            "confidence": 1.0
          },
          {
            "name": "sideburns",
            "value": "no",
            "confidence": 0.05
          },
          {
            "name": "straight hair",
            "value": "yes",
            "confidence": 0.09
          },
          {
            "name": "wavy hair",
            "value": "no",
            "confidence": 0.72
          },
          {
            "name": "wearing earrings",
            "value": "no",
            "confidence": 1.0
          },
          {
            "name": "wearing hat",
            "value": "yes",
            "confidence": 0.33
          },
          {
            "name": "wearing lipstick",
            "value": "no",
            "confidence": 0.87
          },
          {
            "name": "wearing necklace",
            "value": "no",
            "confidence": 1.0
          },
          {
            "name": "wearing necktie",
            "value": "no",
            "confidence": 0.21
          },
          {
            "name": "yaw",
            "value": "49.74",
            "confidence": 1.0
          },
          {
            "name": "young",
            "value": "yes",
            "confidence": 0.81
          }
        ],
        "person_id": "",
        "appearance_id": 0,
        "start": "00:00:00",
        "duration": "00:00:00"
      }
    ],
    "tags": null,
    "original_filename": "https://raw.githubusercontent.com/sarkrui/Hairstyle60k/master/Dataset/Ducktail/IMG_5.jpg",
    "duration": "00:00:00"
  },
  "recognize": null
},
{
  "media": {
    "media_uuid": "4422e65c-f8db-429d-911e-0e771cb4269c",
    "checksum": "312e67037ed25d7ae2f1928293a93ca983fa75ff94246a7392b855782afae00a",
    "faces": null,
    "tags": null,
    "original_filename": "https://raw.githubusercontent.com/sarkrui/Hairstyle60k/master/Dataset/Ducktail/IMG_6.jpg",
    "duration": "00:00:00"
  },
  "recognize": null
},
{
  "media": {
    "media_uuid": "d102a91e-6e44-4891-a7af-562ef9a087da",
    "checksum": "6289b2067ee73c4f090e16386e98d5826cee62c42202714799865d85bb5d550e",
    "faces": null,
    "tags": null,
    "original_filename": "https://raw.githubusercontent.com/sarkrui/Hairstyle60k/master/Dataset/Ducktail/IMG_7.jpg",
    "duration": "00:00:00"
  },
  "recognize": null
},
{
  "media": {
    "media_uuid": "f8cb2332-c534-4a89-abbc-9fbcccd4fafd",
    "checksum": "0009d4522a2babf95015e824334f5d2e6a6c902e7ce70aa4b1f1ba9053c21096",
    "faces": null,
    "tags": null,
    "original_filename": "https://raw.githubusercontent.com/sarkrui/Hairstyle60k/master/Dataset/Ducktail/IMG_8.jpg",
    "duration": "00:00:00"
  },
  "recognize": null
},
{
  "media": {
    "media_uuid": "31f25d49-65c3-41a4-9803-fe1964f9b746",
    "checksum": "da0a020ff212122da27272241ac762e55298f37c867decdc734453041cbe3aae",
    "faces": [
      {
        "face_uuid": "2d08c533-157f-11e9-99c4-0cc47a6c4dbd",
        "media_uuid": "31f25d49-65c3-41a4-9803-fe1964f9b746",
        "x": 97.0,
        "y": 111.0,
        "width": 57.24,
        "height": 66.78,
        "angle": 16.1387,
        "detection_score": 1.0,
        "points": [
          {
            "x": 75.63,
            "y": 110.24,
            "type": 512,
            "name": "basic eye left"
          },
          {
            "x": 100.65,
            "y": 103.0,
            "type": 768,
            "name": "basic eye right"
          },
          {
            "x": 70.57,
            "y": 111.72,
            "type": 1024,
            "name": "basic eye left outer"
          },
          {
            "x": 106.44,
            "y": 101.48,
            "type": 1280,
            "name": "basic eye right outer"
          },
          {
            "x": 80.75,
            "y": 109.07,
            "type": 1536,
            "name": "basic eye left inner"
          },
          {
            "x": 95.07,
            "y": 104.84,
            "type": 1792,
            "name": "basic eye right inner"
          },
          {
            "x": 85.91,
            "y": 135.2,
            "type": 2048,
            "name": "basic mouth left"
          },
          {
            "x": 106.6,
            "y": 130.27,
            "type": 2304,
            "name": "basic mouth right"
          },
          {
            "x": 88.84,
            "y": 125.5,
            "type": 2560,
            "name": "basic nose tip"
          },
          {
            "x": 95.96,
            "y": 133.28,
            "type": 2816,
            "name": "basic mouth center"
          },
          {
            "x": 95.96,
            "y": 133.28,
            "type": 3072,
            "name": "basic eyebrow left"
          },
          {
            "x": 95.96,
            "y": 133.28,
            "type": 3328,
            "name": "basic eyebrow left inner corner"
          },
          {
            "x": 95.96,
            "y": 133.28,
            "type": 3584,
            "name": "basic eyebrow left outer corner"
          },
          {
            "x": 95.96,
            "y": 133.28,
            "type": 3840,
            "name": "basic eyebrow right"
          },
          {
            "x": 95.96,
            "y": 133.28,
            "type": 4096,
            "name": "basic eyebrow right inner corner"
          },
          {
            "x": 95.96,
            "y": 133.28,
            "type": 4352,
            "name": "basic eyebrow right outer corner"
          },
          {
            "x": 95.96,
            "y": 133.28,
            "type": 4608,
            "name": "basic chin bottom"
          },
          {
            "x": 95.96,
            "y": 133.28,
            "type": 4864,
            "name": "basic chin left"
          },
          {
            "x": 95.96,
            "y": 133.28,
            "type": 5120,
            "name": "basic chin right"
          },
          {
            "x": 84.15,
            "y": 126.07,
            "type": 5376,
            "name": "basic nose left"
          },
          {
            "x": 97.65,
            "y": 122.72,
            "type": 5632,
            "name": "basic nose right"
          }
        ],
        "user_points": null,
        "tags": [
          {
            "name": "5oclock shadow",
            "value": "yes",
            "confidence": 0.45
          },
          {
            "name": "age",
            "value": "53",
            "confidence": 0.6
          },
          {
            "name": "arched eyebrows",
            "value": "no",
            "confidence": 1.0
          },
          {
            "name": "attractive",
            "value": "no",
            "confidence": 0.0
          },
          {
            "name": "bags under eyes",
            "value": "no",
            "confidence": 0.16
          },
          {
            "name": "bald",
            "value": "no",
            "confidence": 0.79
          },
          {
            "name": "bangs",
            "value": "no",
            "confidence": 0.41
          },
          {
            "name": "beard",
            "value": "yes",
            "confidence": 0.71
          },
          {
            "name": "big lips",
            "value": "no",
            "confidence": 0.47
          },
          {
            "name": "big nose",
            "value": "no",
            "confidence": 0.04
          },
          {
            "name": "black hair",
            "value": "yes",
            "confidence": 0.77
          },
          {
            "name": "blond hair",
            "value": "no",
            "confidence": 0.97
          },
          {
            "name": "blurry",
            "value": "no",
            "confidence": 0.5
          },
          {
            "name": "brown hair",
            "value": "no",
            "confidence": 0.83
          },
          {
            "name": "bushy eyebrows",
            "value": "yes",
            "confidence": 0.52
          },
          {
            "name": "chubby",
            "value": "no",
            "confidence": 0.7
          },
          {
            "name": "double chin",
            "value": "no",
            "confidence": 0.97
          },
          {
            "name": "expression",
            "value": "neutral",
            "confidence": 0.77
          },
          {
            "name": "gender",
            "value": "male",
            "confidence": 0.92
          },
          {
            "name": "glasses",
            "value": "no",
            "confidence": 1.0
          },
          {
            "name": "goatee",
            "value": "yes",
            "confidence": 0.45
          },
          {
            "name": "gray hair",
            "value": "no",
            "confidence": 1.0
          },
          {
            "name": "heavy makeup",
            "value": "no",
            "confidence": 0.97
          },
          {
            "name": "high cheekbones",
            "value": "no",
            "confidence": 0.85
          },
          {
            "name": "mouth open",
            "value": "no",
            "confidence": 0.82
          },
          {
            "name": "mustache",
            "value": "yes",
            "confidence": 0.45
          },
          {
            "name": "narrow eyes",
            "value": "no",
            "confidence": 0.6
          },
          {
            "name": "oval face",
            "value": "no",
            "confidence": 0.24
          },
          {
            "name": "pale skin",
            "value": "yes",
            "confidence": 0.08
          },
          {
            "name": "pitch",
            "value": "-8.36",
            "confidence": 1.0
          },
          {
            "name": "pointy nose",
            "value": "no",
            "confidence": 0.13
          },
          {
            "name": "race",
            "value": "asian",
            "confidence": 1.0
          },
          {
            "name": "receding hairline",
            "value": "no",
            "confidence": 0.9
          },
          {
            "name": "rosy cheeks",
            "value": "no",
            "confidence": 1.0
          },
          {
            "name": "sideburns",
            "value": "yes",
            "confidence": 0.5
          },
          {
            "name": "straight hair",
            "value": "yes",
            "confidence": 0.37
          },
          {
            "name": "wavy hair",
            "value": "no",
            "confidence": 0.6
          },
          {
            "name": "wearing earrings",
            "value": "no",
            "confidence": 1.0
          },
          {
            "name": "wearing hat",
            "value": "no",
            "confidence": 0.74
          },
          {
            "name": "wearing lipstick",
            "value": "no",
            "confidence": 0.96
          },
          {
            "name": "wearing necklace",
            "value": "no",
            "confidence": 1.0
          },
          {
            "name": "wearing necktie",
            "value": "no",
            "confidence": 0.01
          },
          {
            "name": "yaw",
            "value": "28.64",
            "confidence": 1.0
          },
          {
            "name": "young",
            "value": "yes",
            "confidence": 0.47
          }
        ],
        "person_id": "",
        "appearance_id": 0,
        "start": "00:00:00",
        "duration": "00:00:00"
      }
    ],
    "tags": null,
    "original_filename": "https://raw.githubusercontent.com/sarkrui/Hairstyle60k/master/Dataset/Ducktail/IMG_9.jpg",
    "duration": "00:00:00"
  },
  "recognize": null
},
{
  "media": {
    "media_uuid": "2edb1464-360e-4941-b26f-79384cd06627",
    "checksum": "635da50dbbd924908043df66a871feeb67aed57e6e1c3cc0f66516587c0f4e10",
    "faces": null,
    "tags": null,
    "original_filename": "https://raw.githubusercontent.com/sarkrui/Hairstyle60k/master/Dataset/Ducktail/IMG_10.jpg",
    "duration": "00:00:00"
  },
  "recognize": null
},
{
  "media": {
    "media_uuid": "5c7e3d1f-6eba-44a6-a9b7-afe224b711b6",
    "checksum": "1881a748e6e841e5ce9adad96d3da4f6aeff3b38c1313298ea06f3b0d5fce9bf",
    "faces": [
      {
        "face_uuid": "2e3aeb60-157f-11e9-99c4-0cc47a6c4dbd",
        "media_uuid": "5c7e3d1f-6eba-44a6-a9b7-afe224b711b6",
        "x": 140.0,
        "y": 304.0,
        "width": 164.51,
        "height": 269.71,
        "angle": -0.987,
        "detection_score": 1.0,
        "points": [
          {
            "x": 64.53,
            "y": 266.59,
            "type": 512,
            "name": "basic eye left"
          },
          {
            "x": 177.98,
            "y": 268.54,
            "type": 768,
            "name": "basic eye right"
          },
          {
            "x": 42.85,
            "y": 266.52,
            "type": 1024,
            "name": "basic eye left outer"
          },
          {
            "x": 203.61,
            "y": 269.7,
            "type": 1280,
            "name": "basic eye right outer"
          },
          {
            "x": 85.56,
            "y": 268.96,
            "type": 1536,
            "name": "basic eye left inner"
          },
          {
            "x": 152.61,
            "y": 269.91,
            "type": 1792,
            "name": "basic eye right inner"
          },
          {
            "x": 59.54,
            "y": 403.14,
            "type": 2048,
            "name": "basic mouth left"
          },
          {
            "x": 146.82,
            "y": 414.94,
            "type": 2304,
            "name": "basic mouth right"
          },
          {
            "x": 89.89,
            "y": 338.9,
            "type": 2560,
            "name": "basic nose tip"
          },
          {
            "x": 101.15,
            "y": 408.57,
            "type": 2816,
            "name": "basic mouth center"
          },
          {
            "x": 101.15,
            "y": 408.57,
            "type": 3072,
            "name": "basic eyebrow left"
          },
          {
            "x": 101.15,
            "y": 408.57,
            "type": 3328,
            "name": "basic eyebrow left inner corner"
          },
          {
            "x": 101.15,
            "y": 408.57,
            "type": 3584,
            "name": "basic eyebrow left outer corner"
          },
          {
            "x": 101.15,
            "y": 408.57,
            "type": 3840,
            "name": "basic eyebrow right"
          },
          {
            "x": 101.15,
            "y": 408.57,
            "type": 4096,
            "name": "basic eyebrow right inner corner"
          },
          {
            "x": 101.15,
            "y": 408.57,
            "type": 4352,
            "name": "basic eyebrow right outer corner"
          },
          {
            "x": 101.15,
            "y": 408.57,
            "type": 4608,
            "name": "basic chin bottom"
          },
          {
            "x": 101.15,
            "y": 408.57,
            "type": 4864,
            "name": "basic chin left"
          },
          {
            "x": 101.15,
            "y": 408.57,
            "type": 5120,
            "name": "basic chin right"
          },
          {
            "x": 69.95,
            "y": 344.49,
            "type": 5376,
            "name": "basic nose left"
          },
          {
            "x": 130.28,
            "y": 349.75,
            "type": 5632,
            "name": "basic nose right"
          }
        ],
        "user_points": null,
        "tags": [
          {
            "name": "5oclock shadow",
            "value": "yes",
            "confidence": 0.12
          },
          {
            "name": "age",
            "value": "39",
            "confidence": 0.6
          },
          {
            "name": "arched eyebrows",
            "value": "no",
            "confidence": 1.0
          },
          {
            "name": "attractive",
            "value": "no",
            "confidence": 0.83
          },
          {
            "name": "bags under eyes",
            "value": "no",
            "confidence": 0.32
          },
          {
            "name": "bald",
            "value": "no",
            "confidence": 0.62
          },
          {
            "name": "bangs",
            "value": "no",
            "confidence": 0.5
          },
          {
            "name": "beard",
            "value": "yes",
            "confidence": 0.31
          },
          {
            "name": "big lips",
            "value": "no",
            "confidence": 0.6
          },
          {
            "name": "big nose",
            "value": "no",
            "confidence": 0.22
          },
          {
            "name": "black hair",
            "value": "yes",
            "confidence": 0.02
          },
          {
            "name": "blond hair",
            "value": "no",
            "confidence": 1.0
          },
          {
            "name": "blurry",
            "value": "yes",
            "confidence": 0.33
          },
          {
            "name": "brown hair",
            "value": "no",
            "confidence": 0.38
          },
          {
            "name": "bushy eyebrows",
            "value": "no",
            "confidence": 0.36
          },
          {
            "name": "chubby",
            "value": "no",
            "confidence": 0.37
          },
          {
            "name": "double chin",
            "value": "no",
            "confidence": 0.67
          },
          {
            "name": "expression",
            "value": "neutral",
            "confidence": 1.0
          },
          {
            "name": "gender",
            "value": "male",
            "confidence": 1.0
          },
          {
            "name": "glasses",
            "value": "no",
            "confidence": 1.0
          },
          {
            "name": "goatee",
            "value": "no",
            "confidence": 0.11
          },
          {
            "name": "gray hair",
            "value": "no",
            "confidence": 0.72
          },
          {
            "name": "heavy makeup",
            "value": "no",
            "confidence": 1.0
          },
          {
            "name": "high cheekbones",
            "value": "no",
            "confidence": 0.83
          },
          {
            "name": "mouth open",
            "value": "no",
            "confidence": 0.58
          },
          {
            "name": "mustache",
            "value": "no",
            "confidence": 0.02
          },
          {
            "name": "narrow eyes",
            "value": "yes",
            "confidence": 0.02
          },
          {
            "name": "oval face",
            "value": "no",
            "confidence": 0.46
          },
          {
            "name": "pale skin",
            "value": "no",
            "confidence": 0.22
          },
          {
            "name": "pitch",
            "value": "-5.09",
            "confidence": 1.0
          },
          {
            "name": "pointy nose",
            "value": "no",
            "confidence": 0.59
          },
          {
            "name": "race",
            "value": "asian",
            "confidence": 0.93
          },
          {
            "name": "receding hairline",
            "value": "no",
            "confidence": 0.58
          },
          {
            "name": "rosy cheeks",
            "value": "no",
            "confidence": 1.0
          },
          {
            "name": "sideburns",
            "value": "no",
            "confidence": 0.17
          },
          {
            "name": "straight hair",
            "value": "no",
            "confidence": 0.24
          },
          {
            "name": "wavy hair",
            "value": "no",
            "confidence": 0.48
          },
          {
            "name": "wearing earrings",
            "value": "no",
            "confidence": 0.96
          },
          {
            "name": "wearing hat",
            "value": "no",
            "confidence": 0.38
          },
          {
            "name": "wearing lipstick",
            "value": "no",
            "confidence": 1.0
          },
          {
            "name": "wearing necklace",
            "value": "no",
            "confidence": 1.0
          },
          {
            "name": "wearing necktie",
            "value": "no",
            "confidence": 0.2
          },
          {
            "name": "yaw",
            "value": "61.53",
            "confidence": 1.0
          },
          {
            "name": "young",
            "value": "yes",
            "confidence": 0.01
          }
        ],
        "person_id": "",
        "appearance_id": 0,
        "start": "00:00:00",
        "duration": "00:00:00"
      }
    ],
    "tags": null,
    "original_filename": "https://raw.githubusercontent.com/sarkrui/Hairstyle60k/master/Dataset/Ducktail/IMG_11.jpg",
    "duration": "00:00:00"
  },
  "recognize": null
},
{
  "media": {
    "media_uuid": "4106b011-d3a3-498b-b5f0-c2fce8d145ac",
    "checksum": "0a5789d34af0289247e51fd2ed25360ed8f9b4aecb693d845c28f1dc2b3087a7",
    "faces": null,
    "tags": null,
    "original_filename": "https://raw.githubusercontent.com/sarkrui/Hairstyle60k/master/Dataset/Ducktail/IMG_12.jpg",
    "duration": "00:00:00"
  },
  "recognize": null
},
{
  "media": {
    "media_uuid": "60586213-eddc-4f39-9ab7-64fd3084641c",
    "checksum": "fc3fd4ae9f83ad97fc64b44254caa5552c53c0c6eeef94fe609874ce28f3e08b",
    "faces": null,
    "tags": null,
    "original_filename": "https://raw.githubusercontent.com/sarkrui/Hairstyle60k/master/Dataset/Ducktail/IMG_13.jpg",
    "duration": "00:00:00"
  },
  "recognize": null
},
{
  "media": {
    "media_uuid": "530b9fab-3e27-47b1-ba9c-dd7cad768b55",
    "checksum": "c1ca6eda5ba457bb989587bcc3187cc68efe22807739b81224a23594ba017e93",
    "faces": [
      {
        "face_uuid": "30961ddb-157f-11e9-99c4-0cc47a6c4dbd",
        "media_uuid": "530b9fab-3e27-47b1-ba9c-dd7cad768b55",
        "x": 285.62,
        "y": 411.25,
        "width": 227.73,
        "height": 295.69,
        "angle": -0.4836,
        "detection_score": 1.0,
        "points": [
          {
            "x": 278.72,
            "y": 386.69,
            "type": 512,
            "name": "basic eye left"
          },
          {
            "x": 385.64,
            "y": 387.59,
            "type": 768,
            "name": "basic eye right"
          },
          {
            "x": 253.36,
            "y": 388.08,
            "type": 1024,
            "name": "basic eye left outer"
          },
          {
            "x": 407.15,
            "y": 388.95,
            "type": 1280,
            "name": "basic eye right outer"
          },
          {
            "x": 302.56,
            "y": 385.45,
            "type": 1536,
            "name": "basic eye left inner"
          },
          {
            "x": 364.13,
            "y": 386.25,
            "type": 1792,
            "name": "basic eye right inner"
          },
          {
            "x": 294.85,
            "y": 497.93,
            "type": 2048,
            "name": "basic mouth left"
          },
          {
            "x": 380.35,
            "y": 493.48,
            "type": 2304,
            "name": "basic mouth right"
          },
          {
            "x": 353.15,
            "y": 444.76,
            "type": 2560,
            "name": "basic nose tip"
          },
          {
            "x": 339.48,
            "y": 495.53,
            "type": 2816,
            "name": "basic mouth center"
          },
          {
            "x": 339.48,
            "y": 495.53,
            "type": 3072,
            "name": "basic eyebrow left"
          },
          {
            "x": 339.48,
            "y": 495.53,
            "type": 3328,
            "name": "basic eyebrow left inner corner"
          },
          {
            "x": 339.48,
            "y": 495.53,
            "type": 3584,
            "name": "basic eyebrow left outer corner"
          },
          {
            "x": 339.48,
            "y": 495.53,
            "type": 3840,
            "name": "basic eyebrow right"
          },
          {
            "x": 339.48,
            "y": 495.53,
            "type": 4096,
            "name": "basic eyebrow right inner corner"
          },
          {
            "x": 339.48,
            "y": 495.53,
            "type": 4352,
            "name": "basic eyebrow right outer corner"
          },
          {
            "x": 339.48,
            "y": 495.53,
            "type": 4608,
            "name": "basic chin bottom"
          },
          {
            "x": 339.48,
            "y": 495.53,
            "type": 4864,
            "name": "basic chin left"
          },
          {
            "x": 339.48,
            "y": 495.53,
            "type": 5120,
            "name": "basic chin right"
          },
          {
            "x": 314.49,
            "y": 449.97,
            "type": 5376,
            "name": "basic nose left"
          },
          {
            "x": 372.65,
            "y": 448.14,
            "type": 5632,
            "name": "basic nose right"
          }
        ],
        "user_points": null,
        "tags": [
          {
            "name": "5oclock shadow",
            "value": "yes",
            "confidence": 0.09
          },
          {
            "name": "age",
            "value": "47",
            "confidence": 0.6
          },
          {
            "name": "arched eyebrows",
            "value": "no",
            "confidence": 1.0
          },
          {
            "name": "attractive",
            "value": "no",
            "confidence": 0.9
          },
          {
            "name": "bags under eyes",
            "value": "yes",
            "confidence": 0.42
          },
          {
            "name": "bald",
            "value": "no",
            "confidence": 0.44
          },
          {
            "name": "bangs",
            "value": "no",
            "confidence": 1.0
          },
          {
            "name": "beard",
            "value": "yes",
            "confidence": 0.1
          },
          {
            "name": "big lips",
            "value": "no",
            "confidence": 0.55
          },
          {
            "name": "big nose",
            "value": "yes",
            "confidence": 0.35
          },
          {
            "name": "black hair",
            "value": "yes",
            "confidence": 0.63
          },
          {
            "name": "blond hair",
            "value": "no",
            "confidence": 1.0
          },
          {
            "name": "blurry",
            "value": "no",
            "confidence": 0.07
          },
          {
            "name": "brown hair",
            "value": "no",
            "confidence": 0.79
          },
          {
            "name": "bushy eyebrows",
            "value": "no",
            "confidence": 0.02
          },
          {
            "name": "chubby",
            "value": "yes",
            "confidence": 0.24
          },
          {
            "name": "double chin",
            "value": "no",
            "confidence": 0.15
          },
          {
            "name": "expression",
            "value": "neutral",
            "confidence": 0.97
          },
          {
            "name": "gender",
            "value": "male",
            "confidence": 1.0
          },
          {
            "name": "glasses",
            "value": "no",
            "confidence": 1.0
          },
          {
            "name": "goatee",
            "value": "no",
            "confidence": 0.3
          },
          {
            "name": "gray hair",
            "value": "no",
            "confidence": 0.44
          },
          {
            "name": "heavy makeup",
            "value": "no",
            "confidence": 0.95
          },
          {
            "name": "high cheekbones",
            "value": "no",
            "confidence": 0.44
          },
          {
            "name": "mouth open",
            "value": "no",
            "confidence": 0.98
          },
          {
            "name": "mustache",
            "value": "yes",
            "confidence": 0.01
          },
          {
            "name": "narrow eyes",
            "value": "yes",
            "confidence": 0.14
          },
          {
            "name": "oval face",
            "value": "no",
            "confidence": 0.49
          },
          {
            "name": "pale skin",
            "value": "no",
            "confidence": 0.91
          },
          {
            "name": "pitch",
            "value": "-6.82",
            "confidence": 1.0
          },
          {
            "name": "pointy nose",
            "value": "no",
            "confidence": 0.81
          },
          {
            "name": "race",
            "value": "asian",
            "confidence": 0.66
          },
          {
            "name": "receding hairline",
            "value": "no",
            "confidence": 0.37
          },
          {
            "name": "rosy cheeks",
            "value": "no",
            "confidence": 1.0
          },
          {
            "name": "sideburns",
            "value": "no",
            "confidence": 0.31
          },
          {
            "name": "straight hair",
            "value": "yes",
            "confidence": 0.44
          },
          {
            "name": "wavy hair",
            "value": "no",
            "confidence": 0.99
          },
          {
            "name": "wearing earrings",
            "value": "no",
            "confidence": 0.99
          },
          {
            "name": "wearing hat",
            "value": "no",
            "confidence": 0.38
          },
          {
            "name": "wearing lipstick",
            "value": "no",
            "confidence": 1.0
          },
          {
            "name": "wearing necklace",
            "value": "no",
            "confidence": 1.0
          },
          {
            "name": "wearing necktie",
            "value": "yes",
            "confidence": 0.24
          },
          {
            "name": "yaw",
            "value": "-36.37",
            "confidence": 1.0
          },
          {
            "name": "young",
            "value": "no",
            "confidence": 0.32
          }
        ],
        "person_id": "",
        "appearance_id": 0,
        "start": "00:00:00",
        "duration": "00:00:00"
      }
    ],
    "tags": null,
    "original_filename": "https://raw.githubusercontent.com/sarkrui/Hairstyle60k/master/Dataset/Ducktail/IMG_14.jpg",
    "duration": "00:00:00"
  },
  "recognize": null
},
{
  "media": {
    "media_uuid": "12ea4455-33ee-4844-9ed8-a76e878cacbe",
    "checksum": "9250c25330e593a6ac5641d4810b7bf3b20354cd7a7c014905f13ef8c44db38d",
    "faces": null,
    "tags": null,
    "original_filename": "https://raw.githubusercontent.com/sarkrui/Hairstyle60k/master/Dataset/Ducktail/IMG_15.jpg",
    "duration": "00:00:00"
  },
  "recognize": null
},
{
  "media": {
    "media_uuid": "978de5f5-d27d-48cc-8b35-24d253ce200d",
    "checksum": "ec2681631c47982793abd0c7f8e6f075b3940ac59f722dcefce01114c247dd17",
    "faces": [
      {
        "face_uuid": "31c743a8-157f-11e9-99c4-0cc47a6c4dbd",
        "media_uuid": "978de5f5-d27d-48cc-8b35-24d253ce200d",
        "x": 96.0,
        "y": 111.0,
        "width": 57.24,
        "height": 66.78,
        "angle": 16.1053,
        "detection_score": 1.0,
        "points": [
          {
            "x": 75.05,
            "y": 110.18,
            "type": 512,
            "name": "basic eye left"
          },
          {
            "x": 100.23,
            "y": 102.91,
            "type": 768,
            "name": "basic eye right"
          },
          {
            "x": 70.0,
            "y": 111.65,
            "type": 1024,
            "name": "basic eye left outer"
          },
          {
            "x": 106.08,
            "y": 101.37,
            "type": 1280,
            "name": "basic eye right outer"
          },
          {
            "x": 80.16,
            "y": 109.04,
            "type": 1536,
            "name": "basic eye left inner"
          },
          {
            "x": 94.58,
            "y": 104.79,
            "type": 1792,
            "name": "basic eye right inner"
          },
          {
            "x": 85.35,
            "y": 135.08,
            "type": 2048,
            "name": "basic mouth left"
          },
          {
            "x": 106.16,
            "y": 130.37,
            "type": 2304,
            "name": "basic mouth right"
          },
          {
            "x": 88.01,
            "y": 125.63,
            "type": 2560,
            "name": "basic nose tip"
          },
          {
            "x": 95.45,
            "y": 133.32,
            "type": 2816,
            "name": "basic mouth center"
          },
          {
            "x": 95.45,
            "y": 133.32,
            "type": 3072,
            "name": "basic eyebrow left"
          },
          {
            "x": 95.45,
            "y": 133.32,
            "type": 3328,
            "name": "basic eyebrow left inner corner"
          },
          {
            "x": 95.45,
            "y": 133.32,
            "type": 3584,
            "name": "basic eyebrow left outer corner"
          },
          {
            "x": 95.45,
            "y": 133.32,
            "type": 3840,
            "name": "basic eyebrow right"
          },
          {
            "x": 95.45,
            "y": 133.32,
            "type": 4096,
            "name": "basic eyebrow right inner corner"
          },
          {
            "x": 95.45,
            "y": 133.32,
            "type": 4352,
            "name": "basic eyebrow right outer corner"
          },
          {
            "x": 95.45,
            "y": 133.32,
            "type": 4608,
            "name": "basic chin bottom"
          },
          {
            "x": 95.45,
            "y": 133.32,
            "type": 4864,
            "name": "basic chin left"
          },
          {
            "x": 95.45,
            "y": 133.32,
            "type": 5120,
            "name": "basic chin right"
          },
          {
            "x": 83.5,
            "y": 126.1,
            "type": 5376,
            "name": "basic nose left"
          },
          {
            "x": 97.06,
            "y": 122.82,
            "type": 5632,
            "name": "basic nose right"
          }
        ],
        "user_points": null,
        "tags": [
          {
            "name": "5oclock shadow",
            "value": "yes",
            "confidence": 0.41
          },
          {
            "name": "age",
            "value": "51",
            "confidence": 0.6
          },
          {
            "name": "arched eyebrows",
            "value": "no",
            "confidence": 1.0
          },
          {
            "name": "attractive",
            "value": "yes",
            "confidence": 0.09
          },
          {
            "name": "bags under eyes",
            "value": "no",
            "confidence": 0.25
          },
          {
            "name": "bald",
            "value": "no",
            "confidence": 0.89
          },
          {
            "name": "bangs",
            "value": "no",
            "confidence": 0.25
          },
          {
            "name": "beard",
            "value": "yes",
            "confidence": 0.7
          },
          {
            "name": "big lips",
            "value": "no",
            "confidence": 0.37
          },
          {
            "name": "big nose",
            "value": "no",
            "confidence": 0.12
          },
          {
            "name": "black hair",
            "value": "yes",
            "confidence": 0.71
          },
          {
            "name": "blond hair",
            "value": "no",
            "confidence": 0.96
          },
          {
            "name": "blurry",
            "value": "no",
            "confidence": 0.47
          },
          {
            "name": "brown hair",
            "value": "no",
            "confidence": 0.74
          },
          {
            "name": "bushy eyebrows",
            "value": "yes",
            "confidence": 0.45
          },
          {
            "name": "chubby",
            "value": "no",
            "confidence": 0.83
          },
          {
            "name": "double chin",
            "value": "no",
            "confidence": 1.0
          },
          {
            "name": "expression",
            "value": "neutral",
            "confidence": 0.78
          },
          {
            "name": "gender",
            "value": "male",
            "confidence": 0.84
          },
          {
            "name": "glasses",
            "value": "no",
            "confidence": 1.0
          },
          {
            "name": "goatee",
            "value": "yes",
            "confidence": 0.46
          },
          {
            "name": "gray hair",
            "value": "no",
            "confidence": 1.0
          },
          {
            "name": "heavy makeup",
            "value": "no",
            "confidence": 0.92
          },
          {
            "name": "high cheekbones",
            "value": "no",
            "confidence": 0.82
          },
          {
            "name": "mouth open",
            "value": "no",
            "confidence": 0.93
          },
          {
            "name": "mustache",
            "value": "yes",
            "confidence": 0.45
          },
          {
            "name": "narrow eyes",
            "value": "no",
            "confidence": 0.6
          },
          {
            "name": "oval face",
            "value": "no",
            "confidence": 0.35
          },
          {
            "name": "pale skin",
            "value": "yes",
            "confidence": 0.21
          },
          {
            "name": "pitch",
            "value": "-8.18",
            "confidence": 1.0
          },
          {
            "name": "pointy nose",
            "value": "no",
            "confidence": 0.1
          },
          {
            "name": "race",
            "value": "asian",
            "confidence": 1.0
          },
          {
            "name": "receding hairline",
            "value": "no",
            "confidence": 1.0
          },
          {
            "name": "rosy cheeks",
            "value": "no",
            "confidence": 1.0
          },
          {
            "name": "sideburns",
            "value": "yes",
            "confidence": 0.5
          },
          {
            "name": "straight hair",
            "value": "yes",
            "confidence": 0.23
          },
          {
            "name": "wavy hair",
            "value": "no",
            "confidence": 0.48
          },
          {
            "name": "wearing earrings",
            "value": "no",
            "confidence": 1.0
          },
          {
            "name": "wearing hat",
            "value": "no",
            "confidence": 0.62
          },
          {
            "name": "wearing lipstick",
            "value": "no",
            "confidence": 0.91
          },
          {
            "name": "wearing necklace",
            "value": "no",
            "confidence": 1.0
          },
          {
            "name": "wearing necktie",
            "value": "no",
            "confidence": 0.2
          },
          {
            "name": "yaw",
            "value": "30.64",
            "confidence": 1.0
          },
          {
            "name": "young",
            "value": "yes",
            "confidence": 0.59
          }
        ],
        "person_id": "",
        "appearance_id": 0,
        "start": "00:00:00",
        "duration": "00:00:00"
      }
    ],
    "tags": null,
    "original_filename": "https://raw.githubusercontent.com/sarkrui/Hairstyle60k/master/Dataset/Ducktail/IMG_16.jpg",
    "duration": "00:00:00"
  },
  "recognize": null
},
{
  "media": {
    "media_uuid": "211b596d-8b68-4e9f-80d1-28f6d735f794",
    "checksum": "7019f54a7c120631de1663c317da0cdb4535f84106a1af2055bf9b43062a4ff8",
    "faces": null,
    "tags": null,
    "original_filename": "https://raw.githubusercontent.com/sarkrui/Hairstyle60k/master/Dataset/Ducktail/IMG_17.jpg",
    "duration": "00:00:00"
  },
  "recognize": null
},
{
  "media": {
    "media_uuid": "1622ee7e-e7bb-4f3d-96e4-326e269f5035",
    "checksum": "878f1524539c5176efcce725b9dc090c30d44bbc75cd9efe6e594754f27cc816",
    "faces": null,
    "tags": null,
    "original_filename": "https://raw.githubusercontent.com/sarkrui/Hairstyle60k/master/Dataset/Ducktail/IMG_18.jpg",
    "duration": "00:00:00"
  },
  "recognize": null
},
{
  "media": {
    "media_uuid": "51346727-4b54-4d1a-b6f2-6b352ec9cc40",
    "checksum": "e60723462b8a4fecb72b339a050bef2fb13085f68cbaa9386c32bc64f64e61b4",
    "faces": null,
    "tags": null,
    "original_filename": "https://raw.githubusercontent.com/sarkrui/Hairstyle60k/master/Dataset/Ducktail/IMG_19.jpg",
    "duration": "00:00:00"
  },
  "recognize": null
},
{
  "error_code": -5,
  "error_description": "Error The remote server returned an error: (404) Not Found."
},
{
  "error_code": -5,
  "error_description": "Error The remote server returned an error: (404) Not Found."
},
{
  "error_code": -5,
  "error_description": "Error The remote server returned an error: (404) Not Found."
},
{
  "error_code": -5,
  "error_description": "Error The remote server returned an error: (404) Not Found."
}
]
