{
  "media": {
    "media_uuid": "701cd3b5-c512-4891-82b2-2fe9ca2b519e",
    "checksum": "2ab45ea6d198f7f395a2b2c7d6e9e42757e81a7a08ed393b4e05f5832aacb999",
    "faces": [
      {
        "face_uuid": "c4c027e5-1531-11e9-99c4-0cc47a6c4dbd",
        "media_uuid": "701cd3b5-c512-4891-82b2-2fe9ca2b519e",
        "x": 102.5,
        "y": 136.5,
        "width": 117.49,
        "height": 157.61,
        "angle": 1.4651,
        "detection_score": 1.0,
        "points": [
          {
            "x": 71.24,
            "y": 117.04,
            "type": 512,
            "name": "basic eye left"
          },
          {
            "x": 133.07,
            "y": 115.46,
            "type": 768,
            "name": "basic eye right"
          },
          {
            "x": 58.31,
            "y": 117.62,
            "type": 1024,
            "name": "basic eye left outer"
          },
          {
            "x": 146.04,
            "y": 115.37,
            "type": 1280,
            "name": "basic eye right outer"
          },
          {
            "x": 84.11,
            "y": 118.56,
            "type": 1536,
            "name": "basic eye left inner"
          },
          {
            "x": 120.25,
            "y": 117.64,
            "type": 1792,
            "name": "basic eye right inner"
          },
          {
            "x": 82.04,
            "y": 183.55,
            "type": 2048,
            "name": "basic mouth left"
          },
          {
            "x": 127.1,
            "y": 181.41,
            "type": 2304,
            "name": "basic mouth right"
          },
          {
            "x": 104.15,
            "y": 156.2,
            "type": 2560,
            "name": "basic nose tip"
          },
          {
            "x": 104.74,
            "y": 183.25,
            "type": 2816,
            "name": "basic mouth center"
          },
          {
            "x": 104.74,
            "y": 183.25,
            "type": 3072,
            "name": "basic eyebrow left"
          },
          {
            "x": 104.74,
            "y": 183.25,
            "type": 3328,
            "name": "basic eyebrow left inner corner"
          },
          {
            "x": 104.74,
            "y": 183.25,
            "type": 3584,
            "name": "basic eyebrow left outer corner"
          },
          {
            "x": 104.74,
            "y": 183.25,
            "type": 3840,
            "name": "basic eyebrow right"
          },
          {
            "x": 104.74,
            "y": 183.25,
            "type": 4096,
            "name": "basic eyebrow right inner corner"
          },
          {
            "x": 104.74,
            "y": 183.25,
            "type": 4352,
            "name": "basic eyebrow right outer corner"
          },
          {
            "x": 104.74,
            "y": 183.25,
            "type": 4608,
            "name": "basic chin bottom"
          },
          {
            "x": 104.74,
            "y": 183.25,
            "type": 4864,
            "name": "basic chin left"
          },
          {
            "x": 104.74,
            "y": 183.25,
            "type": 5120,
            "name": "basic chin right"
          },
          {
            "x": 89.13,
            "y": 160.24,
            "type": 5376,
            "name": "basic nose left"
          },
          {
            "x": 118.68,
            "y": 159.04,
            "type": 5632,
            "name": "basic nose right"
          }
        ],
        "user_points": null,
        "tags": [
          {
            "name": "5oclock shadow",
            "value": "no",
            "confidence": 0.13
          },
          {
            "name": "age",
            "value": "15",
            "confidence": 0.6
          },
          {
            "name": "arched eyebrows",
            "value": "no",
            "confidence": 0.95
          },
          {
            "name": "attractive",
            "value": "yes",
            "confidence": 0.65
          },
          {
            "name": "bags under eyes",
            "value": "no",
            "confidence": 0.32
          },
          {
            "name": "bald",
            "value": "no",
            "confidence": 1.0
          },
          {
            "name": "bangs",
            "value": "yes",
            "confidence": 0.64
          },
          {
            "name": "beard",
            "value": "no",
            "confidence": 0.6
          },
          {
            "name": "big lips",
            "value": "no",
            "confidence": 0.48
          },
          {
            "name": "big nose",
            "value": "no",
            "confidence": 0.52
          },
          {
            "name": "black hair",
            "value": "no",
            "confidence": 0.93
          },
          {
            "name": "blond hair",
            "value": "no",
            "confidence": 0.98
          },
          {
            "name": "blurry",
            "value": "no",
            "confidence": 0.99
          },
          {
            "name": "brown hair",
            "value": "yes",
            "confidence": 1.0
          },
          {
            "name": "bushy eyebrows",
            "value": "no",
            "confidence": 0.01
          },
          {
            "name": "chubby",
            "value": "no",
            "confidence": 1.0
          },
          {
            "name": "double chin",
            "value": "no",
            "confidence": 1.0
          },
          {
            "name": "expression",
            "value": "neutral",
            "confidence": 0.75
          },
          {
            "name": "gender",
            "value": "male",
            "confidence": 1.0
          },
          {
            "name": "glasses",
            "value": "no",
            "confidence": 1.0
          },
          {
            "name": "goatee",
            "value": "no",
            "confidence": 1.0
          },
          {
            "name": "gray hair",
            "value": "no",
            "confidence": 1.0
          },
          {
            "name": "heavy makeup",
            "value": "no",
            "confidence": 0.95
          },
          {
            "name": "high cheekbones",
            "value": "no",
            "confidence": 0.95
          },
          {
            "name": "mouth open",
            "value": "no",
            "confidence": 0.67
          },
          {
            "name": "mustache",
            "value": "no",
            "confidence": 0.9
          },
          {
            "name": "narrow eyes",
            "value": "no",
            "confidence": 0.26
          },
          {
            "name": "oval face",
            "value": "yes",
            "confidence": 0.12
          },
          {
            "name": "pale skin",
            "value": "yes",
            "confidence": 0.9
          },
          {
            "name": "pitch",
            "value": "-8.52",
            "confidence": 1.0
          },
          {
            "name": "pointy nose",
            "value": "no",
            "confidence": 0.45
          },
          {
            "name": "race",
            "value": "asian",
            "confidence": 1.0
          },
          {
            "name": "receding hairline",
            "value": "no",
            "confidence": 1.0
          },
          {
            "name": "rosy cheeks",
            "value": "no",
            "confidence": 1.0
          },
          {
            "name": "sideburns",
            "value": "no",
            "confidence": 0.89
          },
          {
            "name": "straight hair",
            "value": "yes",
            "confidence": 0.09
          },
          {
            "name": "wavy hair",
            "value": "no",
            "confidence": 0.03
          },
          {
            "name": "wearing earrings",
            "value": "no",
            "confidence": 1.0
          },
          {
            "name": "wearing hat",
            "value": "no",
            "confidence": 0.93
          },
          {
            "name": "wearing lipstick",
            "value": "no",
            "confidence": 0.98
          },
          {
            "name": "wearing necklace",
            "value": "no",
            "confidence": 1.0
          },
          {
            "name": "wearing necktie",
            "value": "yes",
            "confidence": 0.13
          },
          {
            "name": "yaw",
            "value": "-4.31",
            "confidence": 1.0
          },
          {
            "name": "young",
            "value": "yes",
            "confidence": 1.0
          }
        ],
        "person_id": "",
        "appearance_id": 0,
        "start": "00:00:00",
        "duration": "00:00:00"
      },
      {
        "face_uuid": "c5128ae7-1531-11e9-99c4-0cc47a6c4dbd",
        "media_uuid": "701cd3b5-c512-4891-82b2-2fe9ca2b519e",
        "x": 360.5,
        "y": 110.0,
        "width": 94.49,
        "height": 133.62,
        "angle": -19.5967,
        "detection_score": 1.0,
        "points": [
          {
            "x": 343.26,
            "y": 94.12,
            "type": 512,
            "name": "basic eye left"
          },
          {
            "x": 387.67,
            "y": 109.93,
            "type": 768,
            "name": "basic eye right"
          },
          {
            "x": 333.32,
            "y": 91.09,
            "type": 1024,
            "name": "basic eye left outer"
          },
          {
            "x": 396.74,
            "y": 113.6,
            "type": 1280,
            "name": "basic eye right outer"
          },
          {
            "x": 352.84,
            "y": 97.96,
            "type": 1536,
            "name": "basic eye left inner"
          },
          {
            "x": 378.52,
            "y": 107.15,
            "type": 1792,
            "name": "basic eye right inner"
          },
          {
            "x": 334.03,
            "y": 146.3,
            "type": 2048,
            "name": "basic mouth left"
          },
          {
            "x": 364.45,
            "y": 156.68,
            "type": 2304,
            "name": "basic mouth right"
          },
          {
            "x": 360.32,
            "y": 127.97,
            "type": 2560,
            "name": "basic nose tip"
          },
          {
            "x": 349.55,
            "y": 151.44,
            "type": 2816,
            "name": "basic mouth center"
          },
          {
            "x": 349.55,
            "y": 151.44,
            "type": 3072,
            "name": "basic eyebrow left"
          },
          {
            "x": 349.55,
            "y": 151.44,
            "type": 3328,
            "name": "basic eyebrow left inner corner"
          },
          {
            "x": 349.55,
            "y": 151.44,
            "type": 3584,
            "name": "basic eyebrow left outer corner"
          },
          {
            "x": 349.55,
            "y": 151.44,
            "type": 3840,
            "name": "basic eyebrow right"
          },
          {
            "x": 349.55,
            "y": 151.44,
            "type": 4096,
            "name": "basic eyebrow right inner corner"
          },
          {
            "x": 349.55,
            "y": 151.44,
            "type": 4352,
            "name": "basic eyebrow right outer corner"
          },
          {
            "x": 349.55,
            "y": 151.44,
            "type": 4608,
            "name": "basic chin bottom"
          },
          {
            "x": 349.55,
            "y": 151.44,
            "type": 4864,
            "name": "basic chin left"
          },
          {
            "x": 349.55,
            "y": 151.44,
            "type": 5120,
            "name": "basic chin right"
          },
          {
            "x": 346.75,
            "y": 126.85,
            "type": 5376,
            "name": "basic nose left"
          },
          {
            "x": 368.53,
            "y": 134.42,
            "type": 5632,
            "name": "basic nose right"
          }
        ],
        "user_points": null,
        "tags": [
          {
            "name": "5oclock shadow",
            "value": "yes",
            "confidence": 0.35
          },
          {
            "name": "age",
            "value": "34",
            "confidence": 0.6
          },
          {
            "name": "arched eyebrows",
            "value": "no",
            "confidence": 0.22
          },
          {
            "name": "attractive",
            "value": "no",
            "confidence": 0.62
          },
          {
            "name": "bags under eyes",
            "value": "no",
            "confidence": 0.52
          },
          {
            "name": "bald",
            "value": "no",
            "confidence": 0.75
          },
          {
            "name": "bangs",
            "value": "no",
            "confidence": 1.0
          },
          {
            "name": "beard",
            "value": "yes",
            "confidence": 0.21
          },
          {
            "name": "big lips",
            "value": "no",
            "confidence": 0.07
          },
          {
            "name": "big nose",
            "value": "yes",
            "confidence": 0.12
          },
          {
            "name": "black hair",
            "value": "yes",
            "confidence": 1.0
          },
          {
            "name": "blond hair",
            "value": "no",
            "confidence": 1.0
          },
          {
            "name": "blurry",
            "value": "no",
            "confidence": 0.51
          },
          {
            "name": "brown hair",
            "value": "no",
            "confidence": 1.0
          },
          {
            "name": "bushy eyebrows",
            "value": "yes",
            "confidence": 0.71
          },
          {
            "name": "chubby",
            "value": "no",
            "confidence": 0.19
          },
          {
            "name": "double chin",
            "value": "no",
            "confidence": 0.59
          },
          {
            "name": "expression",
            "value": "neutral",
            "confidence": 1.0
          },
          {
            "name": "gender",
            "value": "male",
            "confidence": 1.0
          },
          {
            "name": "glasses",
            "value": "no",
            "confidence": 1.0
          },
          {
            "name": "goatee",
            "value": "no",
            "confidence": 0.14
          },
          {
            "name": "gray hair",
            "value": "no",
            "confidence": 1.0
          },
          {
            "name": "heavy makeup",
            "value": "no",
            "confidence": 1.0
          },
          {
            "name": "high cheekbones",
            "value": "no",
            "confidence": 1.0
          },
          {
            "name": "mouth open",
            "value": "no",
            "confidence": 0.86
          },
          {
            "name": "mustache",
            "value": "yes",
            "confidence": 0.04
          },
          {
            "name": "narrow eyes",
            "value": "no",
            "confidence": 0.69
          },
          {
            "name": "oval face",
            "value": "yes",
            "confidence": 0.02
          },
          {
            "name": "pale skin",
            "value": "no",
            "confidence": 0.47
          },
          {
            "name": "pitch",
            "value": "-8.34",
            "confidence": 1.0
          },
          {
            "name": "pointy nose",
            "value": "no",
            "confidence": 0.78
          },
          {
            "name": "race",
            "value": "asian",
            "confidence": 1.0
          },
          {
            "name": "receding hairline",
            "value": "no",
            "confidence": 0.37
          },
          {
            "name": "rosy cheeks",
            "value": "no",
            "confidence": 1.0
          },
          {
            "name": "sideburns",
            "value": "no",
            "confidence": 0.31
          },
          {
            "name": "straight hair",
            "value": "yes",
            "confidence": 0.11
          },
          {
            "name": "wavy hair",
            "value": "no",
            "confidence": 0.71
          },
          {
            "name": "wearing earrings",
            "value": "no",
            "confidence": 0.66
          },
          {
            "name": "wearing hat",
            "value": "no",
            "confidence": 0.38
          },
          {
            "name": "wearing lipstick",
            "value": "no",
            "confidence": 0.97
          },
          {
            "name": "wearing necklace",
            "value": "no",
            "confidence": 0.8
          },
          {
            "name": "wearing necktie",
            "value": "no",
            "confidence": 0.13
          },
          {
            "name": "yaw",
            "value": "-5.07",
            "confidence": 1.0
          },
          {
            "name": "young",
            "value": "yes",
            "confidence": 0.5
          }
        ],
        "person_id": "",
        "appearance_id": 0,
        "start": "00:00:00",
        "duration": "00:00:00"
      },
      {
        "face_uuid": "c55d54e3-1531-11e9-99c4-0cc47a6c4dbd",
        "media_uuid": "701cd3b5-c512-4891-82b2-2fe9ca2b519e",
        "x": 628.0,
        "y": 115.5,
        "width": 93.55,
        "height": 128.87,
        "angle": -11.7328,
        "detection_score": 1.0,
        "points": [
          {
            "x": 598.38,
            "y": 92.64,
            "type": 512,
            "name": "basic eye left"
          },
          {
            "x": 645.3,
            "y": 102.39,
            "type": 768,
            "name": "basic eye right"
          },
          {
            "x": 588.97,
            "y": 90.83,
            "type": 1024,
            "name": "basic eye left outer"
          },
          {
            "x": 655.88,
            "y": 104.8,
            "type": 1280,
            "name": "basic eye right outer"
          },
          {
            "x": 607.33,
            "y": 95.71,
            "type": 1536,
            "name": "basic eye left inner"
          },
          {
            "x": 634.49,
            "y": 101.32,
            "type": 1792,
            "name": "basic eye right inner"
          },
          {
            "x": 592.87,
            "y": 149.41,
            "type": 2048,
            "name": "basic mouth left"
          },
          {
            "x": 627.48,
            "y": 156.08,
            "type": 2304,
            "name": "basic mouth right"
          },
          {
            "x": 608.33,
            "y": 127.59,
            "type": 2560,
            "name": "basic nose tip"
          },
          {
            "x": 609.6,
            "y": 152.8,
            "type": 2816,
            "name": "basic mouth center"
          },
          {
            "x": 609.6,
            "y": 152.8,
            "type": 3072,
            "name": "basic eyebrow left"
          },
          {
            "x": 609.6,
            "y": 152.8,
            "type": 3328,
            "name": "basic eyebrow left inner corner"
          },
          {
            "x": 609.6,
            "y": 152.8,
            "type": 3584,
            "name": "basic eyebrow left outer corner"
          },
          {
            "x": 609.6,
            "y": 152.8,
            "type": 3840,
            "name": "basic eyebrow right"
          },
          {
            "x": 609.6,
            "y": 152.8,
            "type": 4096,
            "name": "basic eyebrow right inner corner"
          },
          {
            "x": 609.6,
            "y": 152.8,
            "type": 4352,
            "name": "basic eyebrow right outer corner"
          },
          {
            "x": 609.6,
            "y": 152.8,
            "type": 4608,
            "name": "basic chin bottom"
          },
          {
            "x": 609.6,
            "y": 152.8,
            "type": 4864,
            "name": "basic chin left"
          },
          {
            "x": 609.6,
            "y": 152.8,
            "type": 5120,
            "name": "basic chin right"
          },
          {
            "x": 599.19,
            "y": 129.34,
            "type": 5376,
            "name": "basic nose left"
          },
          {
            "x": 622.6,
            "y": 134.1,
            "type": 5632,
            "name": "basic nose right"
          }
        ],
        "user_points": null,
        "tags": [
          {
            "name": "5oclock shadow",
            "value": "no",
            "confidence": 0.72
          },
          {
            "name": "age",
            "value": "25",
            "confidence": 0.6
          },
          {
            "name": "arched eyebrows",
            "value": "no",
            "confidence": 1.0
          },
          {
            "name": "attractive",
            "value": "yes",
            "confidence": 0.34
          },
          {
            "name": "bags under eyes",
            "value": "no",
            "confidence": 0.74
          },
          {
            "name": "bald",
            "value": "no",
            "confidence": 1.0
          },
          {
            "name": "bangs",
            "value": "yes",
            "confidence": 0.46
          },
          {
            "name": "beard",
            "value": "no",
            "confidence": 1.0
          },
          {
            "name": "big lips",
            "value": "no",
            "confidence": 0.61
          },
          {
            "name": "big nose",
            "value": "no",
            "confidence": 0.82
          },
          {
            "name": "black hair",
            "value": "no",
            "confidence": 0.36
          },
          {
            "name": "blond hair",
            "value": "no",
            "confidence": 1.0
          },
          {
            "name": "blurry",
            "value": "no",
            "confidence": 0.56
          },
          {
            "name": "brown hair",
            "value": "yes",
            "confidence": 0.56
          },
          {
            "name": "bushy eyebrows",
            "value": "no",
            "confidence": 0.22
          },
          {
            "name": "chubby",
            "value": "no",
            "confidence": 1.0
          },
          {
            "name": "double chin",
            "value": "no",
            "confidence": 1.0
          },
          {
            "name": "expression",
            "value": "neutral",
            "confidence": 0.86
          },
          {
            "name": "gender",
            "value": "male",
            "confidence": 0.54
          },
          {
            "name": "glasses",
            "value": "no",
            "confidence": 1.0
          },
          {
            "name": "goatee",
            "value": "no",
            "confidence": 1.0
          },
          {
            "name": "gray hair",
            "value": "no",
            "confidence": 0.99
          },
          {
            "name": "heavy makeup",
            "value": "no",
            "confidence": 0.77
          },
          {
            "name": "high cheekbones",
            "value": "no",
            "confidence": 0.98
          },
          {
            "name": "mouth open",
            "value": "no",
            "confidence": 0.97
          },
          {
            "name": "mustache",
            "value": "no",
            "confidence": 1.0
          },
          {
            "name": "narrow eyes",
            "value": "no",
            "confidence": 0.33
          },
          {
            "name": "oval face",
            "value": "yes",
            "confidence": 0.22
          },
          {
            "name": "pale skin",
            "value": "yes",
            "confidence": 0.98
          },
          {
            "name": "pitch",
            "value": "-8.45",
            "confidence": 1.0
          },
          {
            "name": "pointy nose",
            "value": "no",
            "confidence": 0.56
          },
          {
            "name": "race",
            "value": "asian",
            "confidence": 1.0
          },
          {
            "name": "receding hairline",
            "value": "no",
            "confidence": 1.0
          },
          {
            "name": "rosy cheeks",
            "value": "no",
            "confidence": 1.0
          },
          {
            "name": "sideburns",
            "value": "no",
            "confidence": 1.0
          },
          {
            "name": "straight hair",
            "value": "yes",
            "confidence": 0.3
          },
          {
            "name": "wavy hair",
            "value": "no",
            "confidence": 0.3
          },
          {
            "name": "wearing earrings",
            "value": "no",
            "confidence": 1.0
          },
          {
            "name": "wearing hat",
            "value": "no",
            "confidence": 0.68
          },
          {
            "name": "wearing lipstick",
            "value": "no",
            "confidence": 0.72
          },
          {
            "name": "wearing necklace",
            "value": "no",
            "confidence": 1.0
          },
          {
            "name": "wearing necktie",
            "value": "no",
            "confidence": 0.08
          },
          {
            "name": "yaw",
            "value": "11.88",
            "confidence": 1.0
          },
          {
            "name": "young",
            "value": "yes",
            "confidence": 0.9
          }
        ],
        "person_id": "",
        "appearance_id": 0,
        "start": "00:00:00",
        "duration": "00:00:00"
      }
    ],
    "tags": null,
    "original_filename": "https://raw.githubusercontent.com/sarkrui/Hairstyle60k/master/Dataset/Aaron_Kwok/IMG_6.jpg",
    "duration": "00:00:00"
  },
  "recognize": null
}