{
  "media": {
    "media_uuid": "01dc7fb2-359c-4c74-a1f0-34f8c054adc7",
    "checksum": "297c00d469ced506a061f87d0c6ef2763f20914483333ac6149e66609db7d0eb",
    "faces": [
      {
        "face_uuid": "d1b7cd09-1531-11e9-99c4-0cc47a6c4dbd",
        "media_uuid": "01dc7fb2-359c-4c74-a1f0-34f8c054adc7",
        "x": 297.5,
        "y": 145.0,
        "width": 133.03,
        "height": 166.53,
        "angle": -4.627,
        "detection_score": 1.0,
        "points": [
          {
            "x": 280.09,
            "y": 114.82,
            "type": 512,
            "name": "basic eye left"
          },
          {
            "x": 351.8,
            "y": 120.62,
            "type": 768,
            "name": "basic eye right"
          },
          {
            "x": 264.22,
            "y": 113.76,
            "type": 1024,
            "name": "basic eye left outer"
          },
          {
            "x": 365.46,
            "y": 121.73,
            "type": 1280,
            "name": "basic eye right outer"
          },
          {
            "x": 295.43,
            "y": 118.13,
            "type": 1536,
            "name": "basic eye left inner"
          },
          {
            "x": 338.02,
            "y": 121.71,
            "type": 1792,
            "name": "basic eye right inner"
          },
          {
            "x": 291.16,
            "y": 194.16,
            "type": 2048,
            "name": "basic mouth left"
          },
          {
            "x": 344.96,
            "y": 196.95,
            "type": 2304,
            "name": "basic mouth right"
          },
          {
            "x": 328.27,
            "y": 164.82,
            "type": 2560,
            "name": "basic nose tip"
          },
          {
            "x": 319.12,
            "y": 196.23,
            "type": 2816,
            "name": "basic mouth center"
          },
          {
            "x": 319.12,
            "y": 196.23,
            "type": 3072,
            "name": "basic eyebrow left"
          },
          {
            "x": 319.12,
            "y": 196.23,
            "type": 3328,
            "name": "basic eyebrow left inner corner"
          },
          {
            "x": 319.12,
            "y": 196.23,
            "type": 3584,
            "name": "basic eyebrow left outer corner"
          },
          {
            "x": 319.12,
            "y": 196.23,
            "type": 3840,
            "name": "basic eyebrow right"
          },
          {
            "x": 319.12,
            "y": 196.23,
            "type": 4096,
            "name": "basic eyebrow right inner corner"
          },
          {
            "x": 319.12,
            "y": 196.23,
            "type": 4352,
            "name": "basic eyebrow right outer corner"
          },
          {
            "x": 319.12,
            "y": 196.23,
            "type": 4608,
            "name": "basic chin bottom"
          },
          {
            "x": 319.12,
            "y": 196.23,
            "type": 4864,
            "name": "basic chin left"
          },
          {
            "x": 319.12,
            "y": 196.23,
            "type": 5120,
            "name": "basic chin right"
          },
          {
            "x": 305.12,
            "y": 168.49,
            "type": 5376,
            "name": "basic nose left"
          },
          {
            "x": 340.19,
            "y": 169.82,
            "type": 5632,
            "name": "basic nose right"
          }
        ],
        "user_points": null,
        "tags": [
          {
            "name": "5oclock shadow",
            "value": "no",
            "confidence": 0.95
          },
          {
            "name": "age",
            "value": "14",
            "confidence": 0.6
          },
          {
            "name": "arched eyebrows",
            "value": "no",
            "confidence": 1.0
          },
          {
            "name": "attractive",
            "value": "yes",
            "confidence": 0.03
          },
          {
            "name": "bags under eyes",
            "value": "no",
            "confidence": 0.88
          },
          {
            "name": "bald",
            "value": "no",
            "confidence": 0.94
          },
          {
            "name": "bangs",
            "value": "yes",
            "confidence": 0.31
          },
          {
            "name": "beard",
            "value": "no",
            "confidence": 1.0
          },
          {
            "name": "big lips",
            "value": "no",
            "confidence": 0.36
          },
          {
            "name": "big nose",
            "value": "no",
            "confidence": 0.64
          },
          {
            "name": "black hair",
            "value": "yes",
            "confidence": 0.3
          },
          {
            "name": "blond hair",
            "value": "no",
            "confidence": 1.0
          },
          {
            "name": "blurry",
            "value": "no",
            "confidence": 0.25
          },
          {
            "name": "brown hair",
            "value": "no",
            "confidence": 0.31
          },
          {
            "name": "bushy eyebrows",
            "value": "no",
            "confidence": 0.47
          },
          {
            "name": "chubby",
            "value": "no",
            "confidence": 0.93
          },
          {
            "name": "double chin",
            "value": "no",
            "confidence": 1.0
          },
          {
            "name": "expression",
            "value": "neutral",
            "confidence": 0.76
          },
          {
            "name": "gender",
            "value": "male",
            "confidence": 0.15
          },
          {
            "name": "glasses",
            "value": "no",
            "confidence": 1.0
          },
          {
            "name": "goatee",
            "value": "no",
            "confidence": 1.0
          },
          {
            "name": "gray hair",
            "value": "no",
            "confidence": 1.0
          },
          {
            "name": "heavy makeup",
            "value": "no",
            "confidence": 0.7
          },
          {
            "name": "high cheekbones",
            "value": "no",
            "confidence": 0.75
          },
          {
            "name": "mouth open",
            "value": "no",
            "confidence": 0.82
          },
          {
            "name": "mustache",
            "value": "no",
            "confidence": 1.0
          },
          {
            "name": "narrow eyes",
            "value": "no",
            "confidence": 0.53
          },
          {
            "name": "oval face",
            "value": "yes",
            "confidence": 0.12
          },
          {
            "name": "pale skin",
            "value": "yes",
            "confidence": 0.81
          },
          {
            "name": "pitch",
            "value": "-6.3",
            "confidence": 1.0
          },
          {
            "name": "pointy nose",
            "value": "no",
            "confidence": 0.57
          },
          {
            "name": "race",
            "value": "asian",
            "confidence": 0.98
          },
          {
            "name": "receding hairline",
            "value": "no",
            "confidence": 0.99
          },
          {
            "name": "rosy cheeks",
            "value": "no",
            "confidence": 1.0
          },
          {
            "name": "sideburns",
            "value": "no",
            "confidence": 1.0
          },
          {
            "name": "straight hair",
            "value": "yes",
            "confidence": 0.3
          },
          {
            "name": "wavy hair",
            "value": "no",
            "confidence": 0.66
          },
          {
            "name": "wearing earrings",
            "value": "no",
            "confidence": 0.69
          },
          {
            "name": "wearing hat",
            "value": "no",
            "confidence": 0.03
          },
          {
            "name": "wearing lipstick",
            "value": "no",
            "confidence": 0.59
          },
          {
            "name": "wearing necklace",
            "value": "no",
            "confidence": 0.77
          },
          {
            "name": "wearing necktie",
            "value": "no",
            "confidence": 0.59
          },
          {
            "name": "yaw",
            "value": "-32.33",
            "confidence": 1.0
          },
          {
            "name": "young",
            "value": "yes",
            "confidence": 0.87
          }
        ],
        "person_id": "",
        "appearance_id": 0,
        "start": "00:00:00",
        "duration": "00:00:00"
      }
    ],
    "tags": null,
    "original_filename": "https://raw.githubusercontent.com/sarkrui/Hairstyle60k/master/Dataset/Aaron_Kwok/IMG_16.jpg",
    "duration": "00:00:00"
  },
  "recognize": null
}