{
  "media": {
    "media_uuid": "f3cc11cb-2de6-4c51-bde1-b96fe0b5c5a5",
    "checksum": "d7fdd2a1962de2f05b03e9faf72122d44e126c8bb32c892efe51e211699fcce1",
    "faces": [
      {
        "face_uuid": "ccd4d96a-1531-11e9-99c4-0cc47a6c4dbd",
        "media_uuid": "f3cc11cb-2de6-4c51-bde1-b96fe0b5c5a5",
        "x": 101.0,
        "y": 119.5,
        "width": 80.02,
        "height": 109.56,
        "angle": 2.2891,
        "detection_score": 1.0,
        "points": [
          {
            "x": 76.13,
            "y": 109.71,
            "type": 512,
            "name": "basic eye left"
          },
          {
            "x": 114.78,
            "y": 108.16,
            "type": 768,
            "name": "basic eye right"
          },
          {
            "x": 68.02,
            "y": 110.0,
            "type": 1024,
            "name": "basic eye left outer"
          },
          {
            "x": 123.35,
            "y": 107.82,
            "type": 1280,
            "name": "basic eye right outer"
          },
          {
            "x": 84.22,
            "y": 110.03,
            "type": 1536,
            "name": "basic eye left inner"
          },
          {
            "x": 106.29,
            "y": 109.13,
            "type": 1792,
            "name": "basic eye right inner"
          },
          {
            "x": 82.24,
            "y": 149.18,
            "type": 2048,
            "name": "basic mouth left"
          },
          {
            "x": 115.0,
            "y": 147.43,
            "type": 2304,
            "name": "basic mouth right"
          },
          {
            "x": 94.57,
            "y": 135.69,
            "type": 2560,
            "name": "basic nose tip"
          },
          {
            "x": 98.43,
            "y": 149.28,
            "type": 2816,
            "name": "basic mouth center"
          },
          {
            "x": 98.43,
            "y": 149.28,
            "type": 3072,
            "name": "basic eyebrow left"
          },
          {
            "x": 98.43,
            "y": 149.28,
            "type": 3328,
            "name": "basic eyebrow left inner corner"
          },
          {
            "x": 98.43,
            "y": 149.28,
            "type": 3584,
            "name": "basic eyebrow left outer corner"
          },
          {
            "x": 98.43,
            "y": 149.28,
            "type": 3840,
            "name": "basic eyebrow right"
          },
          {
            "x": 98.43,
            "y": 149.28,
            "type": 4096,
            "name": "basic eyebrow right inner corner"
          },
          {
            "x": 98.43,
            "y": 149.28,
            "type": 4352,
            "name": "basic eyebrow right outer corner"
          },
          {
            "x": 98.43,
            "y": 149.28,
            "type": 4608,
            "name": "basic chin bottom"
          },
          {
            "x": 98.43,
            "y": 149.28,
            "type": 4864,
            "name": "basic chin left"
          },
          {
            "x": 98.43,
            "y": 149.28,
            "type": 5120,
            "name": "basic chin right"
          },
          {
            "x": 85.61,
            "y": 135.46,
            "type": 5376,
            "name": "basic nose left"
          },
          {
            "x": 105.99,
            "y": 134.48,
            "type": 5632,
            "name": "basic nose right"
          }
        ],
        "user_points": null,
        "tags": [
          {
            "name": "5oclock shadow",
            "value": "yes",
            "confidence": 0.48
          },
          {
            "name": "age",
            "value": "27",
            "confidence": 0.6
          },
          {
            "name": "arched eyebrows",
            "value": "no",
            "confidence": 0.63
          },
          {
            "name": "attractive",
            "value": "no",
            "confidence": 0.08
          },
          {
            "name": "bags under eyes",
            "value": "yes",
            "confidence": 0.42
          },
          {
            "name": "bald",
            "value": "no",
            "confidence": 0.84
          },
          {
            "name": "bangs",
            "value": "no",
            "confidence": 0.95
          },
          {
            "name": "beard",
            "value": "yes",
            "confidence": 0.01
          },
          {
            "name": "big lips",
            "value": "no",
            "confidence": 0.4
          },
          {
            "name": "big nose",
            "value": "yes",
            "confidence": 0.4
          },
          {
            "name": "black hair",
            "value": "yes",
            "confidence": 1.0
          },
          {
            "name": "blond hair",
            "value": "no",
            "confidence": 1.0
          },
          {
            "name": "blurry",
            "value": "no",
            "confidence": 0.88
          },
          {
            "name": "brown hair",
            "value": "no",
            "confidence": 1.0
          },
          {
            "name": "bushy eyebrows",
            "value": "yes",
            "confidence": 0.95
          },
          {
            "name": "chubby",
            "value": "no",
            "confidence": 0.18
          },
          {
            "name": "double chin",
            "value": "no",
            "confidence": 0.12
          },
          {
            "name": "expression",
            "value": "smile",
            "confidence": 0.94
          },
          {
            "name": "gender",
            "value": "male",
            "confidence": 1.0
          },
          {
            "name": "glasses",
            "value": "no",
            "confidence": 1.0
          },
          {
            "name": "goatee",
            "value": "no",
            "confidence": 0.49
          },
          {
            "name": "gray hair",
            "value": "no",
            "confidence": 1.0
          },
          {
            "name": "heavy makeup",
            "value": "no",
            "confidence": 1.0
          },
          {
            "name": "high cheekbones",
            "value": "yes",
            "confidence": 0.53
          },
          {
            "name": "mouth open",
            "value": "no",
            "confidence": 0.19
          },
          {
            "name": "mustache",
            "value": "no",
            "confidence": 0.29
          },
          {
            "name": "narrow eyes",
            "value": "no",
            "confidence": 0.46
          },
          {
            "name": "oval face",
            "value": "yes",
            "confidence": 0.35
          },
          {
            "name": "pale skin",
            "value": "no",
            "confidence": 0.92
          },
          {
            "name": "pitch",
            "value": "-9.47",
            "confidence": 1.0
          },
          {
            "name": "pointy nose",
            "value": "no",
            "confidence": 0.47
          },
          {
            "name": "race",
            "value": "white",
            "confidence": 1.0
          },
          {
            "name": "receding hairline",
            "value": "no",
            "confidence": 0.58
          },
          {
            "name": "rosy cheeks",
            "value": "no",
            "confidence": 0.72
          },
          {
            "name": "sideburns",
            "value": "no",
            "confidence": 0.55
          },
          {
            "name": "straight hair",
            "value": "yes",
            "confidence": 0.97
          },
          {
            "name": "wavy hair",
            "value": "no",
            "confidence": 1.0
          },
          {
            "name": "wearing earrings",
            "value": "no",
            "confidence": 0.93
          },
          {
            "name": "wearing hat",
            "value": "no",
            "confidence": 0.93
          },
          {
            "name": "wearing lipstick",
            "value": "no",
            "confidence": 1.0
          },
          {
            "name": "wearing necklace",
            "value": "no",
            "confidence": 1.0
          },
          {
            "name": "wearing necktie",
            "value": "yes",
            "confidence": 0.49
          },
          {
            "name": "yaw",
            "value": "7.12",
            "confidence": 1.0
          },
          {
            "name": "young",
            "value": "yes",
            "confidence": 0.34
          }
        ],
        "person_id": "",
        "appearance_id": 0,
        "start": "00:00:00",
        "duration": "00:00:00"
      }
    ],
    "tags": null,
    "original_filename": "https://raw.githubusercontent.com/sarkrui/Hairstyle60k/master/Dataset/Aaron_Kwok/IMG_11.jpg",
    "duration": "00:00:00"
  },
  "recognize": null
}