{
  "media": {
    "media_uuid": "8d0a3043-3a49-45e1-b1ac-b3cb9e67db08",
    "checksum": "13d5c2212974eaf464a71573a06a94cdc421c75cc00537058b49d30a9757e772",
    "faces": [
      {
        "face_uuid": "d6770372-1531-11e9-99c4-0cc47a6c4dbd",
        "media_uuid": "8d0a3043-3a49-45e1-b1ac-b3cb9e67db08",
        "x": 187.0,
        "y": 222.0,
        "width": 165.77,
        "height": 226.74,
        "angle": -7.2073,
        "detection_score": 1.0,
        "points": [
          {
            "x": 141.49,
            "y": 196.82,
            "type": 512,
            "name": "basic eye left"
          },
          {
            "x": 221.74,
            "y": 206.96,
            "type": 768,
            "name": "basic eye right"
          },
          {
            "x": 124.37,
            "y": 194.5,
            "type": 1024,
            "name": "basic eye left outer"
          },
          {
            "x": 239.43,
            "y": 209.07,
            "type": 1280,
            "name": "basic eye right outer"
          },
          {
            "x": 158.34,
            "y": 200.47,
            "type": 1536,
            "name": "basic eye left inner"
          },
          {
            "x": 204.01,
            "y": 206.21,
            "type": 1792,
            "name": "basic eye right inner"
          },
          {
            "x": 143.88,
            "y": 284.12,
            "type": 2048,
            "name": "basic mouth left"
          },
          {
            "x": 209.19,
            "y": 290.13,
            "type": 2304,
            "name": "basic mouth right"
          },
          {
            "x": 172.54,
            "y": 260.64,
            "type": 2560,
            "name": "basic nose tip"
          },
          {
            "x": 176.06,
            "y": 288.86,
            "type": 2816,
            "name": "basic mouth center"
          },
          {
            "x": 176.06,
            "y": 288.86,
            "type": 3072,
            "name": "basic eyebrow left"
          },
          {
            "x": 176.06,
            "y": 288.86,
            "type": 3328,
            "name": "basic eyebrow left inner corner"
          },
          {
            "x": 176.06,
            "y": 288.86,
            "type": 3584,
            "name": "basic eyebrow left outer corner"
          },
          {
            "x": 176.06,
            "y": 288.86,
            "type": 3840,
            "name": "basic eyebrow right"
          },
          {
            "x": 176.06,
            "y": 288.86,
            "type": 4096,
            "name": "basic eyebrow right inner corner"
          },
          {
            "x": 176.06,
            "y": 288.86,
            "type": 4352,
            "name": "basic eyebrow right outer corner"
          },
          {
            "x": 176.06,
            "y": 288.86,
            "type": 4608,
            "name": "basic chin bottom"
          },
          {
            "x": 176.06,
            "y": 288.86,
            "type": 4864,
            "name": "basic chin left"
          },
          {
            "x": 176.06,
            "y": 288.86,
            "type": 5120,
            "name": "basic chin right"
          },
          {
            "x": 153.79,
            "y": 254.91,
            "type": 5376,
            "name": "basic nose left"
          },
          {
            "x": 196.16,
            "y": 259.61,
            "type": 5632,
            "name": "basic nose right"
          }
        ],
        "user_points": null,
        "tags": [
          {
            "name": "5oclock shadow",
            "value": "yes",
            "confidence": 0.53
          },
          {
            "name": "age",
            "value": "19",
            "confidence": 0.6
          },
          {
            "name": "arched eyebrows",
            "value": "no",
            "confidence": 0.54
          },
          {
            "name": "attractive",
            "value": "no",
            "confidence": 0.06
          },
          {
            "name": "bags under eyes",
            "value": "yes",
            "confidence": 0.37
          },
          {
            "name": "bald",
            "value": "no",
            "confidence": 0.83
          },
          {
            "name": "bangs",
            "value": "no",
            "confidence": 0.61
          },
          {
            "name": "beard",
            "value": "yes",
            "confidence": 0.37
          },
          {
            "name": "big lips",
            "value": "yes",
            "confidence": 0.12
          },
          {
            "name": "big nose",
            "value": "yes",
            "confidence": 0.45
          },
          {
            "name": "black hair",
            "value": "yes",
            "confidence": 0.21
          },
          {
            "name": "blond hair",
            "value": "no",
            "confidence": 0.98
          },
          {
            "name": "blurry",
            "value": "no",
            "confidence": 1.0
          },
          {
            "name": "brown hair",
            "value": "no",
            "confidence": 0.52
          },
          {
            "name": "bushy eyebrows",
            "value": "yes",
            "confidence": 0.88
          },
          {
            "name": "chubby",
            "value": "no",
            "confidence": 0.65
          },
          {
            "name": "double chin",
            "value": "no",
            "confidence": 0.76
          },
          {
            "name": "expression",
            "value": "neutral",
            "confidence": 0.74
          },
          {
            "name": "gender",
            "value": "male",
            "confidence": 0.93
          },
          {
            "name": "glasses",
            "value": "no",
            "confidence": 1.0
          },
          {
            "name": "goatee",
            "value": "no",
            "confidence": 0.11
          },
          {
            "name": "gray hair",
            "value": "no",
            "confidence": 0.88
          },
          {
            "name": "heavy makeup",
            "value": "no",
            "confidence": 0.96
          },
          {
            "name": "high cheekbones",
            "value": "no",
            "confidence": 0.93
          },
          {
            "name": "mouth open",
            "value": "no",
            "confidence": 0.7
          },
          {
            "name": "mustache",
            "value": "yes",
            "confidence": 0.06
          },
          {
            "name": "narrow eyes",
            "value": "no",
            "confidence": 0.76
          },
          {
            "name": "oval face",
            "value": "no",
            "confidence": 0.44
          },
          {
            "name": "pale skin",
            "value": "yes",
            "confidence": 0.46
          },
          {
            "name": "pitch",
            "value": "-8.94",
            "confidence": 1.0
          },
          {
            "name": "pointy nose",
            "value": "no",
            "confidence": 0.09
          },
          {
            "name": "race",
            "value": "white",
            "confidence": 0.98
          },
          {
            "name": "receding hairline",
            "value": "no",
            "confidence": 0.73
          },
          {
            "name": "rosy cheeks",
            "value": "no",
            "confidence": 1.0
          },
          {
            "name": "sideburns",
            "value": "no",
            "confidence": 0.1
          },
          {
            "name": "straight hair",
            "value": "no",
            "confidence": 0.19
          },
          {
            "name": "wavy hair",
            "value": "no",
            "confidence": 0.35
          },
          {
            "name": "wearing earrings",
            "value": "no",
            "confidence": 0.92
          },
          {
            "name": "wearing hat",
            "value": "no",
            "confidence": 0.31
          },
          {
            "name": "wearing lipstick",
            "value": "no",
            "confidence": 0.94
          },
          {
            "name": "wearing necklace",
            "value": "no",
            "confidence": 0.88
          },
          {
            "name": "wearing necktie",
            "value": "yes",
            "confidence": 0.02
          },
          {
            "name": "yaw",
            "value": "3.44",
            "confidence": 1.0
          },
          {
            "name": "young",
            "value": "yes",
            "confidence": 0.42
          }
        ],
        "person_id": "",
        "appearance_id": 0,
        "start": "00:00:00",
        "duration": "00:00:00"
      }
    ],
    "tags": null,
    "original_filename": "https://raw.githubusercontent.com/sarkrui/Hairstyle60k/master/Dataset/Aaron_Kwok/IMG_20.jpg",
    "duration": "00:00:00"
  },
  "recognize": null
}