{
  "media": {
    "media_uuid": "50065e9e-79de-49e7-a04d-ae4e7b0b17ee",
    "checksum": "47208defa9a310fbb5644b2cb17fdb443e27e9bc470a15d58eb9387e5012ce9c",
    "faces": [
      {
        "face_uuid": "bcc2cd46-1531-11e9-99c4-0cc47a6c4dbd",
        "media_uuid": "50065e9e-79de-49e7-a04d-ae4e7b0b17ee",
        "x": 297.0,
        "y": 133.0,
        "width": 110.91,
        "height": 164.45,
        "angle": -4.9327,
        "detection_score": 1.0,
        "points": [
          {
            "x": 287.92,
            "y": 110.83,
            "type": 512,
            "name": "basic eye left"
          },
          {
            "x": 340.76,
            "y": 115.39,
            "type": 768,
            "name": "basic eye right"
          },
          {
            "x": 275.39,
            "y": 110.15,
            "type": 1024,
            "name": "basic eye left outer"
          },
          {
            "x": 351.22,
            "y": 116.61,
            "type": 1280,
            "name": "basic eye right outer"
          },
          {
            "x": 300.06,
            "y": 112.06,
            "type": 1536,
            "name": "basic eye left inner"
          },
          {
            "x": 330.41,
            "y": 114.73,
            "type": 1792,
            "name": "basic eye right inner"
          },
          {
            "x": 294.67,
            "y": 181.4,
            "type": 2048,
            "name": "basic mouth left"
          },
          {
            "x": 341.25,
            "y": 183.81,
            "type": 2304,
            "name": "basic mouth right"
          },
          {
            "x": 329.9,
            "y": 148.24,
            "type": 2560,
            "name": "basic nose tip"
          },
          {
            "x": 319.06,
            "y": 182.3,
            "type": 2816,
            "name": "basic mouth center"
          },
          {
            "x": 319.06,
            "y": 182.3,
            "type": 3072,
            "name": "basic eyebrow left"
          },
          {
            "x": 319.06,
            "y": 182.3,
            "type": 3328,
            "name": "basic eyebrow left inner corner"
          },
          {
            "x": 319.06,
            "y": 182.3,
            "type": 3584,
            "name": "basic eyebrow left outer corner"
          },
          {
            "x": 319.06,
            "y": 182.3,
            "type": 3840,
            "name": "basic eyebrow right"
          },
          {
            "x": 319.06,
            "y": 182.3,
            "type": 4096,
            "name": "basic eyebrow right inner corner"
          },
          {
            "x": 319.06,
            "y": 182.3,
            "type": 4352,
            "name": "basic eyebrow right outer corner"
          },
          {
            "x": 319.06,
            "y": 182.3,
            "type": 4608,
            "name": "basic chin bottom"
          },
          {
            "x": 319.06,
            "y": 182.3,
            "type": 4864,
            "name": "basic chin left"
          },
          {
            "x": 319.06,
            "y": 182.3,
            "type": 5120,
            "name": "basic chin right"
          },
          {
            "x": 309.24,
            "y": 152.1,
            "type": 5376,
            "name": "basic nose left"
          },
          {
            "x": 339.15,
            "y": 154.09,
            "type": 5632,
            "name": "basic nose right"
          }
        ],
        "user_points": null,
        "tags": [
          {
            "name": "5oclock shadow",
            "value": "no",
            "confidence": 0.34
          },
          {
            "name": "age",
            "value": "17",
            "confidence": 0.6
          },
          {
            "name": "arched eyebrows",
            "value": "no",
            "confidence": 0.82
          },
          {
            "name": "attractive",
            "value": "no",
            "confidence": 0.69
          },
          {
            "name": "bags under eyes",
            "value": "no",
            "confidence": 0.76
          },
          {
            "name": "bald",
            "value": "no",
            "confidence": 0.7
          },
          {
            "name": "bangs",
            "value": "no",
            "confidence": 0.88
          },
          {
            "name": "beard",
            "value": "no",
            "confidence": 0.84
          },
          {
            "name": "big lips",
            "value": "no",
            "confidence": 0.72
          },
          {
            "name": "big nose",
            "value": "no",
            "confidence": 0.5
          },
          {
            "name": "black hair",
            "value": "yes",
            "confidence": 0.57
          },
          {
            "name": "blond hair",
            "value": "no",
            "confidence": 1.0
          },
          {
            "name": "blurry",
            "value": "no",
            "confidence": 0.45
          },
          {
            "name": "brown hair",
            "value": "no",
            "confidence": 0.7
          },
          {
            "name": "bushy eyebrows",
            "value": "yes",
            "confidence": 0.34
          },
          {
            "name": "chubby",
            "value": "no",
            "confidence": 0.43
          },
          {
            "name": "double chin",
            "value": "no",
            "confidence": 0.66
          },
          {
            "name": "expression",
            "value": "neutral",
            "confidence": 0.78
          },
          {
            "name": "gender",
            "value": "male",
            "confidence": 0.83
          },
          {
            "name": "glasses",
            "value": "no",
            "confidence": 1.0
          },
          {
            "name": "goatee",
            "value": "no",
            "confidence": 1.0
          },
          {
            "name": "gray hair",
            "value": "no",
            "confidence": 0.78
          },
          {
            "name": "heavy makeup",
            "value": "no",
            "confidence": 0.87
          },
          {
            "name": "high cheekbones",
            "value": "no",
            "confidence": 0.77
          },
          {
            "name": "mouth open",
            "value": "no",
            "confidence": 0.13
          },
          {
            "name": "mustache",
            "value": "no",
            "confidence": 0.96
          },
          {
            "name": "narrow eyes",
            "value": "no",
            "confidence": 0.76
          },
          {
            "name": "oval face",
            "value": "yes",
            "confidence": 0.3
          },
          {
            "name": "pale skin",
            "value": "no",
            "confidence": 0.27
          },
          {
            "name": "pitch",
            "value": "-6.42",
            "confidence": 1.0
          },
          {
            "name": "pointy nose",
            "value": "no",
            "confidence": 0.54
          },
          {
            "name": "race",
            "value": "asian",
            "confidence": 0.61
          },
          {
            "name": "receding hairline",
            "value": "no",
            "confidence": 0.45
          },
          {
            "name": "rosy cheeks",
            "value": "no",
            "confidence": 0.92
          },
          {
            "name": "sideburns",
            "value": "no",
            "confidence": 1.0
          },
          {
            "name": "straight hair",
            "value": "yes",
            "confidence": 0.37
          },
          {
            "name": "wavy hair",
            "value": "no",
            "confidence": 1.0
          },
          {
            "name": "wearing earrings",
            "value": "no",
            "confidence": 0.74
          },
          {
            "name": "wearing hat",
            "value": "no",
            "confidence": 0.4
          },
          {
            "name": "wearing lipstick",
            "value": "no",
            "confidence": 0.89
          },
          {
            "name": "wearing necklace",
            "value": "no",
            "confidence": 1.0
          },
          {
            "name": "wearing necktie",
            "value": "no",
            "confidence": 0.03
          },
          {
            "name": "yaw",
            "value": "-49.12",
            "confidence": 1.0
          },
          {
            "name": "young",
            "value": "yes",
            "confidence": 0.44
          }
        ],
        "person_id": "",
        "appearance_id": 0,
        "start": "00:00:00",
        "duration": "00:00:00"
      }
    ],
    "tags": null,
    "original_filename": "https://raw.githubusercontent.com/sarkrui/Hairstyle60k/master/Dataset/Aaron_Kwok/IMG_1.jpg",
    "duration": "00:00:00"
  },
  "recognize": null
}