{
  "media": {
    "media_uuid": "f46e1f7c-a6af-461b-831d-a182371a6b57",
    "checksum": "569c280ef8f2f0f8a5b95f5897196cd2441bf44877e007df73cefb19e119d96e",
    "faces": [
      {
        "face_uuid": "cb19c67f-1531-11e9-99c4-0cc47a6c4dbd",
        "media_uuid": "f46e1f7c-a6af-461b-831d-a182371a6b57",
        "x": 79.5,
        "y": 88.5,
        "width": 69.62,
        "height": 86.78,
        "angle": 8.188,
        "detection_score": 1.0,
        "points": [
          {
            "x": 54.98,
            "y": 82.68,
            "type": 512,
            "name": "basic eye left"
          },
          {
            "x": 85.52,
            "y": 78.29,
            "type": 768,
            "name": "basic eye right"
          },
          {
            "x": 48.65,
            "y": 83.65,
            "type": 1024,
            "name": "basic eye left outer"
          },
          {
            "x": 92.54,
            "y": 77.41,
            "type": 1280,
            "name": "basic eye right outer"
          },
          {
            "x": 61.25,
            "y": 82.24,
            "type": 1536,
            "name": "basic eye left inner"
          },
          {
            "x": 78.68,
            "y": 79.69,
            "type": 1792,
            "name": "basic eye right inner"
          },
          {
            "x": 64.8,
            "y": 116.36,
            "type": 2048,
            "name": "basic mouth left"
          },
          {
            "x": 88.16,
            "y": 112.89,
            "type": 2304,
            "name": "basic mouth right"
          },
          {
            "x": 69.5,
            "y": 101.99,
            "type": 2560,
            "name": "basic nose tip"
          },
          {
            "x": 76.15,
            "y": 114.99,
            "type": 2816,
            "name": "basic mouth center"
          },
          {
            "x": 76.15,
            "y": 114.99,
            "type": 3072,
            "name": "basic eyebrow left"
          },
          {
            "x": 76.15,
            "y": 114.99,
            "type": 3328,
            "name": "basic eyebrow left inner corner"
          },
          {
            "x": 76.15,
            "y": 114.99,
            "type": 3584,
            "name": "basic eyebrow left outer corner"
          },
          {
            "x": 76.15,
            "y": 114.99,
            "type": 3840,
            "name": "basic eyebrow right"
          },
          {
            "x": 76.15,
            "y": 114.99,
            "type": 4096,
            "name": "basic eyebrow right inner corner"
          },
          {
            "x": 76.15,
            "y": 114.99,
            "type": 4352,
            "name": "basic eyebrow right outer corner"
          },
          {
            "x": 76.15,
            "y": 114.99,
            "type": 4608,
            "name": "basic chin bottom"
          },
          {
            "x": 76.15,
            "y": 114.99,
            "type": 4864,
            "name": "basic chin left"
          },
          {
            "x": 76.15,
            "y": 114.99,
            "type": 5120,
            "name": "basic chin right"
          },
          {
            "x": 63.85,
            "y": 103.44,
            "type": 5376,
            "name": "basic nose left"
          },
          {
            "x": 79.49,
            "y": 101.17,
            "type": 5632,
            "name": "basic nose right"
          }
        ],
        "user_points": null,
        "tags": [
          {
            "name": "5oclock shadow",
            "value": "no",
            "confidence": 0.35
          },
          {
            "name": "age",
            "value": "15",
            "confidence": 0.6
          },
          {
            "name": "arched eyebrows",
            "value": "no",
            "confidence": 0.96
          },
          {
            "name": "attractive",
            "value": "no",
            "confidence": 0.13
          },
          {
            "name": "bags under eyes",
            "value": "no",
            "confidence": 1.0
          },
          {
            "name": "bald",
            "value": "no",
            "confidence": 1.0
          },
          {
            "name": "bangs",
            "value": "yes",
            "confidence": 0.07
          },
          {
            "name": "beard",
            "value": "no",
            "confidence": 0.8
          },
          {
            "name": "big lips",
            "value": "no",
            "confidence": 0.45
          },
          {
            "name": "big nose",
            "value": "no",
            "confidence": 0.61
          },
          {
            "name": "black hair",
            "value": "yes",
            "confidence": 0.69
          },
          {
            "name": "blond hair",
            "value": "no",
            "confidence": 1.0
          },
          {
            "name": "blurry",
            "value": "no",
            "confidence": 0.55
          },
          {
            "name": "brown hair",
            "value": "no",
            "confidence": 0.87
          },
          {
            "name": "bushy eyebrows",
            "value": "no",
            "confidence": 0.0
          },
          {
            "name": "chubby",
            "value": "no",
            "confidence": 0.87
          },
          {
            "name": "double chin",
            "value": "no",
            "confidence": 0.99
          },
          {
            "name": "expression",
            "value": "neutral",
            "confidence": 0.92
          },
          {
            "name": "gender",
            "value": "male",
            "confidence": 0.63
          },
          {
            "name": "glasses",
            "value": "no",
            "confidence": 1.0
          },
          {
            "name": "goatee",
            "value": "no",
            "confidence": 1.0
          },
          {
            "name": "gray hair",
            "value": "no",
            "confidence": 1.0
          },
          {
            "name": "heavy makeup",
            "value": "no",
            "confidence": 0.82
          },
          {
            "name": "high cheekbones",
            "value": "no",
            "confidence": 1.0
          },
          {
            "name": "mouth open",
            "value": "no",
            "confidence": 0.11
          },
          {
            "name": "mustache",
            "value": "no",
            "confidence": 0.98
          },
          {
            "name": "narrow eyes",
            "value": "no",
            "confidence": 0.75
          },
          {
            "name": "oval face",
            "value": "yes",
            "confidence": 0.05
          },
          {
            "name": "pale skin",
            "value": "yes",
            "confidence": 0.39
          },
          {
            "name": "pitch",
            "value": "-8.77",
            "confidence": 1.0
          },
          {
            "name": "pointy nose",
            "value": "no",
            "confidence": 0.38
          },
          {
            "name": "race",
            "value": "asian",
            "confidence": 0.87
          },
          {
            "name": "receding hairline",
            "value": "no",
            "confidence": 1.0
          },
          {
            "name": "rosy cheeks",
            "value": "no",
            "confidence": 0.98
          },
          {
            "name": "sideburns",
            "value": "no",
            "confidence": 1.0
          },
          {
            "name": "straight hair",
            "value": "yes",
            "confidence": 0.35
          },
          {
            "name": "wavy hair",
            "value": "no",
            "confidence": 0.74
          },
          {
            "name": "wearing earrings",
            "value": "no",
            "confidence": 0.8
          },
          {
            "name": "wearing hat",
            "value": "yes",
            "confidence": 0.03
          },
          {
            "name": "wearing lipstick",
            "value": "no",
            "confidence": 0.76
          },
          {
            "name": "wearing necklace",
            "value": "no",
            "confidence": 0.88
          },
          {
            "name": "wearing necktie",
            "value": "no",
            "confidence": 0.21
          },
          {
            "name": "yaw",
            "value": "18.27",
            "confidence": 1.0
          },
          {
            "name": "young",
            "value": "yes",
            "confidence": 0.82
          }
        ],
        "person_id": "",
        "appearance_id": 0,
        "start": "00:00:00",
        "duration": "00:00:00"
      }
    ],
    "tags": null,
    "original_filename": "https://raw.githubusercontent.com/sarkrui/Hairstyle60k/master/Dataset/Aaron_Kwok/IMG_10.jpg",
    "duration": "00:00:00"
  },
  "recognize": null
}