{
  "media": {
    "media_uuid": "76445548-6ae2-4d10-bc70-70d78fa299dd",
    "checksum": "15c72734297143b555c1c9da21b20251b30c4f444d510f9575b924474f2cb3ba",
    "faces": [
      {
        "face_uuid": "91dfa5ff-1532-11e9-99c4-0cc47a6c4dbd",
        "media_uuid": "76445548-6ae2-4d10-bc70-70d78fa299dd",
        "x": 299.51,
        "y": 433.08,
        "width": 227.08,
        "height": 292.12,
        "angle": 2.1415,
        "detection_score": 1.0,
        "points": [
          {
            "x": 252.39,
            "y": 401.7,
            "type": 512,
            "name": "basic eye left"
          },
          {
            "x": 367.45,
            "y": 397.4,
            "type": 768,
            "name": "basic eye right"
          },
          {
            "x": 227.67,
            "y": 403.11,
            "type": 1024,
            "name": "basic eye left outer"
          },
          {
            "x": 391.38,
            "y": 396.94,
            "type": 1280,
            "name": "basic eye right outer"
          },
          {
            "x": 276.47,
            "y": 402.16,
            "type": 1536,
            "name": "basic eye left inner"
          },
          {
            "x": 344.15,
            "y": 399.69,
            "type": 1792,
            "name": "basic eye right inner"
          },
          {
            "x": 259.33,
            "y": 501.95,
            "type": 2048,
            "name": "basic mouth left"
          },
          {
            "x": 366.07,
            "y": 495.52,
            "type": 2304,
            "name": "basic mouth right"
          },
          {
            "x": 315.65,
            "y": 464.1,
            "type": 2560,
            "name": "basic nose tip"
          },
          {
            "x": 313.4,
            "y": 502.38,
            "type": 2816,
            "name": "basic mouth center"
          },
          {
            "x": 313.4,
            "y": 502.38,
            "type": 3072,
            "name": "basic eyebrow left"
          },
          {
            "x": 313.4,
            "y": 502.38,
            "type": 3328,
            "name": "basic eyebrow left inner corner"
          },
          {
            "x": 313.4,
            "y": 502.38,
            "type": 3584,
            "name": "basic eyebrow left outer corner"
          },
          {
            "x": 313.4,
            "y": 502.38,
            "type": 3840,
            "name": "basic eyebrow right"
          },
          {
            "x": 313.4,
            "y": 502.38,
            "type": 4096,
            "name": "basic eyebrow right inner corner"
          },
          {
            "x": 313.4,
            "y": 502.38,
            "type": 4352,
            "name": "basic eyebrow right outer corner"
          },
          {
            "x": 313.4,
            "y": 502.38,
            "type": 4608,
            "name": "basic chin bottom"
          },
          {
            "x": 313.4,
            "y": 502.38,
            "type": 4864,
            "name": "basic chin left"
          },
          {
            "x": 313.4,
            "y": 502.38,
            "type": 5120,
            "name": "basic chin right"
          },
          {
            "x": 282.93,
            "y": 464.66,
            "type": 5376,
            "name": "basic nose left"
          },
          {
            "x": 344.24,
            "y": 461.51,
            "type": 5632,
            "name": "basic nose right"
          }
        ],
        "user_points": null,
        "tags": [
          {
            "name": "5oclock shadow",
            "value": "no",
            "confidence": 0.59
          },
          {
            "name": "age",
            "value": "13",
            "confidence": 0.6
          },
          {
            "name": "arched eyebrows",
            "value": "no",
            "confidence": 0.66
          },
          {
            "name": "attractive",
            "value": "no",
            "confidence": 0.21
          },
          {
            "name": "bags under eyes",
            "value": "yes",
            "confidence": 0.08
          },
          {
            "name": "bald",
            "value": "no",
            "confidence": 0.72
          },
          {
            "name": "bangs",
            "value": "no",
            "confidence": 0.2
          },
          {
            "name": "beard",
            "value": "no",
            "confidence": 0.45
          },
          {
            "name": "big lips",
            "value": "yes",
            "confidence": 0.1
          },
          {
            "name": "big nose",
            "value": "yes",
            "confidence": 0.02
          },
          {
            "name": "black hair",
            "value": "yes",
            "confidence": 0.8
          },
          {
            "name": "blond hair",
            "value": "no",
            "confidence": 0.86
          },
          {
            "name": "blurry",
            "value": "no",
            "confidence": 0.2
          },
          {
            "name": "brown hair",
            "value": "no",
            "confidence": 0.86
          },
          {
            "name": "bushy eyebrows",
            "value": "no",
            "confidence": 0.06
          },
          {
            "name": "chubby",
            "value": "no",
            "confidence": 0.87
          },
          {
            "name": "double chin",
            "value": "no",
            "confidence": 0.92
          },
          {
            "name": "expression",
            "value": "smile",
            "confidence": 0.17
          },
          {
            "name": "gender",
            "value": "male",
            "confidence": 0.08
          },
          {
            "name": "glasses",
            "value": "no",
            "confidence": 1.0
          },
          {
            "name": "goatee",
            "value": "no",
            "confidence": 0.75
          },
          {
            "name": "gray hair",
            "value": "no",
            "confidence": 1.0
          },
          {
            "name": "heavy makeup",
            "value": "no",
            "confidence": 0.84
          },
          {
            "name": "high cheekbones",
            "value": "yes",
            "confidence": 0.1
          },
          {
            "name": "mouth open",
            "value": "yes",
            "confidence": 0.16
          },
          {
            "name": "mustache",
            "value": "no",
            "confidence": 0.66
          },
          {
            "name": "narrow eyes",
            "value": "yes",
            "confidence": 0.04
          },
          {
            "name": "oval face",
            "value": "no",
            "confidence": 0.33
          },
          {
            "name": "pale skin",
            "value": "yes",
            "confidence": 0.61
          },
          {
            "name": "pitch",
            "value": "-8.95",
            "confidence": 1.0
          },
          {
            "name": "pointy nose",
            "value": "no",
            "confidence": 0.34
          },
          {
            "name": "race",
            "value": "white",
            "confidence": 0.99
          },
          {
            "name": "receding hairline",
            "value": "no",
            "confidence": 0.43
          },
          {
            "name": "rosy cheeks",
            "value": "no",
            "confidence": 1.0
          },
          {
            "name": "sideburns",
            "value": "no",
            "confidence": 0.86
          },
          {
            "name": "straight hair",
            "value": "yes",
            "confidence": 0.31
          },
          {
            "name": "wavy hair",
            "value": "no",
            "confidence": 0.69
          },
          {
            "name": "wearing earrings",
            "value": "no",
            "confidence": 0.76
          },
          {
            "name": "wearing hat",
            "value": "no",
            "confidence": 0.65
          },
          {
            "name": "wearing lipstick",
            "value": "no",
            "confidence": 0.58
          },
          {
            "name": "wearing necklace",
            "value": "no",
            "confidence": 0.68
          },
          {
            "name": "wearing necktie",
            "value": "no",
            "confidence": 0.61
          },
          {
            "name": "yaw",
            "value": "-3.75",
            "confidence": 1.0
          },
          {
            "name": "young",
            "value": "yes",
            "confidence": 0.77
          }
        ],
        "person_id": "",
        "appearance_id": 0,
        "start": "00:00:00",
        "duration": "00:00:00"
      }
    ],
    "tags": null,
    "original_filename": "https://raw.githubusercontent.com/sarkrui/Hairstyle60k/master/Dataset/Afro/IMG_10.jpg",
    "duration": "00:00:00"
  },
  "recognize": null
}