{
  "media": {
    "media_uuid": "51fa86da-e8a9-4ade-ac2f-5be38a644132",
    "checksum": "353d3a618bfac18cc1818436d724d4001f5b1dcfb47698749b8c36a91b11aebe",
    "faces": [
      {
        "face_uuid": "92b8d6db-1532-11e9-99c4-0cc47a6c4dbd",
        "media_uuid": "51fa86da-e8a9-4ade-ac2f-5be38a644132",
        "x": 301.46,
        "y": 312.57,
        "width": 182.65,
        "height": 243.89,
        "angle": 0.797,
        "detection_score": 1.0,
        "points": [
          {
            "x": 254.47,
            "y": 285.52,
            "type": 512,
            "name": "basic eye left"
          },
          {
            "x": 348.11,
            "y": 284.22,
            "type": 768,
            "name": "basic eye right"
          },
          {
            "x": 234.94,
            "y": 287.0,
            "type": 1024,
            "name": "basic eye left outer"
          },
          {
            "x": 367.48,
            "y": 285.12,
            "type": 1280,
            "name": "basic eye right outer"
          },
          {
            "x": 274.0,
            "y": 286.2,
            "type": 1536,
            "name": "basic eye left inner"
          },
          {
            "x": 328.85,
            "y": 285.48,
            "type": 1792,
            "name": "basic eye right inner"
          },
          {
            "x": 262.66,
            "y": 380.5,
            "type": 2048,
            "name": "basic mouth left"
          },
          {
            "x": 342.4,
            "y": 380.46,
            "type": 2304,
            "name": "basic mouth right"
          },
          {
            "x": 303.52,
            "y": 331.21,
            "type": 2560,
            "name": "basic nose tip"
          },
          {
            "x": 302.64,
            "y": 380.89,
            "type": 2816,
            "name": "basic mouth center"
          },
          {
            "x": 302.64,
            "y": 380.89,
            "type": 3072,
            "name": "basic eyebrow left"
          },
          {
            "x": 302.64,
            "y": 380.89,
            "type": 3328,
            "name": "basic eyebrow left inner corner"
          },
          {
            "x": 302.64,
            "y": 380.89,
            "type": 3584,
            "name": "basic eyebrow left outer corner"
          },
          {
            "x": 302.64,
            "y": 380.89,
            "type": 3840,
            "name": "basic eyebrow right"
          },
          {
            "x": 302.64,
            "y": 380.89,
            "type": 4096,
            "name": "basic eyebrow right inner corner"
          },
          {
            "x": 302.64,
            "y": 380.89,
            "type": 4352,
            "name": "basic eyebrow right outer corner"
          },
          {
            "x": 302.64,
            "y": 380.89,
            "type": 4608,
            "name": "basic chin bottom"
          },
          {
            "x": 302.64,
            "y": 380.89,
            "type": 4864,
            "name": "basic chin left"
          },
          {
            "x": 302.64,
            "y": 380.89,
            "type": 5120,
            "name": "basic chin right"
          },
          {
            "x": 278.79,
            "y": 339.95,
            "type": 5376,
            "name": "basic nose left"
          },
          {
            "x": 327.32,
            "y": 339.67,
            "type": 5632,
            "name": "basic nose right"
          }
        ],
        "user_points": null,
        "tags": [
          {
            "name": "5oclock shadow",
            "value": "yes",
            "confidence": 0.48
          },
          {
            "name": "age",
            "value": "20",
            "confidence": 0.6
          },
          {
            "name": "arched eyebrows",
            "value": "no",
            "confidence": 0.46
          },
          {
            "name": "attractive",
            "value": "no",
            "confidence": 0.68
          },
          {
            "name": "bags under eyes",
            "value": "yes",
            "confidence": 0.38
          },
          {
            "name": "bald",
            "value": "no",
            "confidence": 0.54
          },
          {
            "name": "bangs",
            "value": "no",
            "confidence": 0.63
          },
          {
            "name": "beard",
            "value": "yes",
            "confidence": 0.98
          },
          {
            "name": "big lips",
            "value": "yes",
            "confidence": 0.32
          },
          {
            "name": "big nose",
            "value": "yes",
            "confidence": 0.65
          },
          {
            "name": "black hair",
            "value": "yes",
            "confidence": 1.0
          },
          {
            "name": "blond hair",
            "value": "no",
            "confidence": 1.0
          },
          {
            "name": "blurry",
            "value": "no",
            "confidence": 0.64
          },
          {
            "name": "brown hair",
            "value": "no",
            "confidence": 0.92
          },
          {
            "name": "bushy eyebrows",
            "value": "yes",
            "confidence": 1.0
          },
          {
            "name": "chubby",
            "value": "yes",
            "confidence": 0.12
          },
          {
            "name": "double chin",
            "value": "no",
            "confidence": 0.41
          },
          {
            "name": "expression",
            "value": "neutral",
            "confidence": 0.9
          },
          {
            "name": "gender",
            "value": "male",
            "confidence": 1.0
          },
          {
            "name": "glasses",
            "value": "no",
            "confidence": 1.0
          },
          {
            "name": "goatee",
            "value": "yes",
            "confidence": 0.88
          },
          {
            "name": "gray hair",
            "value": "no",
            "confidence": 1.0
          },
          {
            "name": "heavy makeup",
            "value": "no",
            "confidence": 1.0
          },
          {
            "name": "high cheekbones",
            "value": "no",
            "confidence": 0.49
          },
          {
            "name": "mouth open",
            "value": "no",
            "confidence": 0.76
          },
          {
            "name": "mustache",
            "value": "yes",
            "confidence": 0.87
          },
          {
            "name": "narrow eyes",
            "value": "no",
            "confidence": 0.45
          },
          {
            "name": "oval face",
            "value": "yes",
            "confidence": 0.17
          },
          {
            "name": "pale skin",
            "value": "no",
            "confidence": 1.0
          },
          {
            "name": "pitch",
            "value": "-9.83",
            "confidence": 1.0
          },
          {
            "name": "pointy nose",
            "value": "no",
            "confidence": 1.0
          },
          {
            "name": "race",
            "value": "black",
            "confidence": 1.0
          },
          {
            "name": "receding hairline",
            "value": "no",
            "confidence": 0.61
          },
          {
            "name": "rosy cheeks",
            "value": "no",
            "confidence": 1.0
          },
          {
            "name": "sideburns",
            "value": "yes",
            "confidence": 0.77
          },
          {
            "name": "straight hair",
            "value": "yes",
            "confidence": 0.05
          },
          {
            "name": "wavy hair",
            "value": "no",
            "confidence": 0.68
          },
          {
            "name": "wearing earrings",
            "value": "no",
            "confidence": 0.75
          },
          {
            "name": "wearing hat",
            "value": "no",
            "confidence": 0.33
          },
          {
            "name": "wearing lipstick",
            "value": "no",
            "confidence": 1.0
          },
          {
            "name": "wearing necklace",
            "value": "no",
            "confidence": 0.78
          },
          {
            "name": "wearing necktie",
            "value": "no",
            "confidence": 0.16
          },
          {
            "name": "yaw",
            "value": "-2.41",
            "confidence": 1.0
          },
          {
            "name": "young",
            "value": "yes",
            "confidence": 0.46
          }
        ],
        "person_id": "",
        "appearance_id": 0,
        "start": "00:00:00",
        "duration": "00:00:00"
      }
    ],
    "tags": null,
    "original_filename": "https://raw.githubusercontent.com/sarkrui/Hairstyle60k/master/Dataset/Afro/IMG_11.jpg",
    "duration": "00:00:00"
  },
  "recognize": null
}