{
  "media": {
    "media_uuid": "557967cc-4c24-41a5-98fe-1f135aa62978",
    "checksum": "f3e0b1af3f104010500fce32665cfcaa7763890cbc77daeb6a57c7e84017b950",
    "faces": [
      {
        "face_uuid": "8f72538a-1532-11e9-99c4-0cc47a6c4dbd",
        "media_uuid": "557967cc-4c24-41a5-98fe-1f135aa62978",
        "x": 230.5,
        "y": 237.0,
        "width": 105.55,
        "height": 135.03,
        "angle": -1.6552,
        "detection_score": 1.0,
        "points": [
          {
            "x": 202.13,
            "y": 223.41,
            "type": 512,
            "name": "basic eye left"
          },
          {
            "x": 254.5,
            "y": 224.92,
            "type": 768,
            "name": "basic eye right"
          },
          {
            "x": 191.26,
            "y": 224.1,
            "type": 1024,
            "name": "basic eye left outer"
          },
          {
            "x": 265.27,
            "y": 226.22,
            "type": 1280,
            "name": "basic eye right outer"
          },
          {
            "x": 212.84,
            "y": 223.64,
            "type": 1536,
            "name": "basic eye left inner"
          },
          {
            "x": 243.85,
            "y": 224.55,
            "type": 1792,
            "name": "basic eye right inner"
          },
          {
            "x": 206.29,
            "y": 272.16,
            "type": 2048,
            "name": "basic mouth left"
          },
          {
            "x": 251.16,
            "y": 272.64,
            "type": 2304,
            "name": "basic mouth right"
          },
          {
            "x": 228.65,
            "y": 243.38,
            "type": 2560,
            "name": "basic nose tip"
          },
          {
            "x": 228.77,
            "y": 272.27,
            "type": 2816,
            "name": "basic mouth center"
          },
          {
            "x": 228.77,
            "y": 272.27,
            "type": 3072,
            "name": "basic eyebrow left"
          },
          {
            "x": 228.77,
            "y": 272.27,
            "type": 3328,
            "name": "basic eyebrow left inner corner"
          },
          {
            "x": 228.77,
            "y": 272.27,
            "type": 3584,
            "name": "basic eyebrow left outer corner"
          },
          {
            "x": 228.77,
            "y": 272.27,
            "type": 3840,
            "name": "basic eyebrow right"
          },
          {
            "x": 228.77,
            "y": 272.27,
            "type": 4096,
            "name": "basic eyebrow right inner corner"
          },
          {
            "x": 228.77,
            "y": 272.27,
            "type": 4352,
            "name": "basic eyebrow right outer corner"
          },
          {
            "x": 228.77,
            "y": 272.27,
            "type": 4608,
            "name": "basic chin bottom"
          },
          {
            "x": 228.77,
            "y": 272.27,
            "type": 4864,
            "name": "basic chin left"
          },
          {
            "x": 228.77,
            "y": 272.27,
            "type": 5120,
            "name": "basic chin right"
          },
          {
            "x": 214.79,
            "y": 248.66,
            "type": 5376,
            "name": "basic nose left"
          },
          {
            "x": 242.11,
            "y": 249.06,
            "type": 5632,
            "name": "basic nose right"
          }
        ],
        "user_points": null,
        "tags": [
          {
            "name": "5oclock shadow",
            "value": "yes",
            "confidence": 0.1
          },
          {
            "name": "age",
            "value": "30",
            "confidence": 0.6
          },
          {
            "name": "arched eyebrows",
            "value": "no",
            "confidence": 0.32
          },
          {
            "name": "attractive",
            "value": "no",
            "confidence": 1.0
          },
          {
            "name": "bags under eyes",
            "value": "no",
            "confidence": 0.0
          },
          {
            "name": "bald",
            "value": "no",
            "confidence": 0.25
          },
          {
            "name": "bangs",
            "value": "no",
            "confidence": 0.62
          },
          {
            "name": "beard",
            "value": "yes",
            "confidence": 0.89
          },
          {
            "name": "big lips",
            "value": "yes",
            "confidence": 0.55
          },
          {
            "name": "big nose",
            "value": "yes",
            "confidence": 0.77
          },
          {
            "name": "black hair",
            "value": "yes",
            "confidence": 1.0
          },
          {
            "name": "blond hair",
            "value": "no",
            "confidence": 1.0
          },
          {
            "name": "blurry",
            "value": "no",
            "confidence": 0.12
          },
          {
            "name": "brown hair",
            "value": "no",
            "confidence": 1.0
          },
          {
            "name": "bushy eyebrows",
            "value": "yes",
            "confidence": 0.45
          },
          {
            "name": "chubby",
            "value": "yes",
            "confidence": 0.5
          },
          {
            "name": "double chin",
            "value": "yes",
            "confidence": 0.09
          },
          {
            "name": "expression",
            "value": "neutral",
            "confidence": 0.83
          },
          {
            "name": "gender",
            "value": "male",
            "confidence": 0.9
          },
          {
            "name": "glasses",
            "value": "no",
            "confidence": 0.97
          },
          {
            "name": "goatee",
            "value": "yes",
            "confidence": 0.84
          },
          {
            "name": "gray hair",
            "value": "no",
            "confidence": 0.87
          },
          {
            "name": "heavy makeup",
            "value": "no",
            "confidence": 0.95
          },
          {
            "name": "high cheekbones",
            "value": "no",
            "confidence": 0.52
          },
          {
            "name": "mouth open",
            "value": "no",
            "confidence": 0.03
          },
          {
            "name": "mustache",
            "value": "yes",
            "confidence": 0.87
          },
          {
            "name": "narrow eyes",
            "value": "yes",
            "confidence": 0.01
          },
          {
            "name": "oval face",
            "value": "no",
            "confidence": 0.05
          },
          {
            "name": "pale skin",
            "value": "no",
            "confidence": 0.93
          },
          {
            "name": "pitch",
            "value": "-9.17",
            "confidence": 1.0
          },
          {
            "name": "pointy nose",
            "value": "no",
            "confidence": 1.0
          },
          {
            "name": "race",
            "value": "black",
            "confidence": 0.52
          },
          {
            "name": "receding hairline",
            "value": "yes",
            "confidence": 0.0
          },
          {
            "name": "rosy cheeks",
            "value": "no",
            "confidence": 1.0
          },
          {
            "name": "sideburns",
            "value": "yes",
            "confidence": 0.59
          },
          {
            "name": "straight hair",
            "value": "no",
            "confidence": 0.58
          },
          {
            "name": "wavy hair",
            "value": "no",
            "confidence": 0.16
          },
          {
            "name": "wearing earrings",
            "value": "no",
            "confidence": 0.52
          },
          {
            "name": "wearing hat",
            "value": "no",
            "confidence": 0.36
          },
          {
            "name": "wearing lipstick",
            "value": "no",
            "confidence": 0.97
          },
          {
            "name": "wearing necklace",
            "value": "no",
            "confidence": 0.5
          },
          {
            "name": "wearing necktie",
            "value": "no",
            "confidence": 0.35
          },
          {
            "name": "yaw",
            "value": "3.61",
            "confidence": 1.0
          },
          {
            "name": "young",
            "value": "no",
            "confidence": 0.05
          }
        ],
        "person_id": "",
        "appearance_id": 0,
        "start": "00:00:00",
        "duration": "00:00:00"
      }
    ],
    "tags": null,
    "original_filename": "https://raw.githubusercontent.com/sarkrui/Hairstyle60k/master/Dataset/Afro/IMG_7.jpg",
    "duration": "00:00:00"
  },
  "recognize": null
}