{
  "media": {
    "media_uuid": "3c3077f5-abba-480b-afbe-8ac531dd30b9",
    "checksum": "3bb28445b44e8733150995ba435a0b263f4daf3317d7d9ad303633e7b1316065",
    "faces": [
      {
        "face_uuid": "9bb8d80e-1532-11e9-99c4-0cc47a6c4dbd",
        "media_uuid": "3c3077f5-abba-480b-afbe-8ac531dd30b9",
        "x": 786.35,
        "y": 323.89,
        "width": 142.54,
        "height": 192.26,
        "angle": 10.2931,
        "detection_score": 1.0,
        "points": [
          {
            "x": 756.46,
            "y": 300.94,
            "type": 512,
            "name": "basic eye left"
          },
          {
            "x": 832.06,
            "y": 287.21,
            "type": 768,
            "name": "basic eye right"
          },
          {
            "x": 739.53,
            "y": 304.15,
            "type": 1024,
            "name": "basic eye left outer"
          },
          {
            "x": 847.22,
            "y": 284.52,
            "type": 1280,
            "name": "basic eye right outer"
          },
          {
            "x": 773.5,
            "y": 299.61,
            "type": 1536,
            "name": "basic eye left inner"
          },
          {
            "x": 817.21,
            "y": 291.7,
            "type": 1792,
            "name": "basic eye right inner"
          },
          {
            "x": 787.42,
            "y": 394.92,
            "type": 2048,
            "name": "basic mouth left"
          },
          {
            "x": 848.73,
            "y": 383.74,
            "type": 2304,
            "name": "basic mouth right"
          },
          {
            "x": 817.85,
            "y": 345.88,
            "type": 2560,
            "name": "basic nose tip"
          },
          {
            "x": 819.37,
            "y": 389.29,
            "type": 2816,
            "name": "basic mouth center"
          },
          {
            "x": 819.37,
            "y": 389.29,
            "type": 3072,
            "name": "basic eyebrow left"
          },
          {
            "x": 819.37,
            "y": 389.29,
            "type": 3328,
            "name": "basic eyebrow left inner corner"
          },
          {
            "x": 819.37,
            "y": 389.29,
            "type": 3584,
            "name": "basic eyebrow left outer corner"
          },
          {
            "x": 819.37,
            "y": 389.29,
            "type": 3840,
            "name": "basic eyebrow right"
          },
          {
            "x": 819.37,
            "y": 389.29,
            "type": 4096,
            "name": "basic eyebrow right inner corner"
          },
          {
            "x": 819.37,
            "y": 389.29,
            "type": 4352,
            "name": "basic eyebrow right outer corner"
          },
          {
            "x": 819.37,
            "y": 389.29,
            "type": 4608,
            "name": "basic chin bottom"
          },
          {
            "x": 819.37,
            "y": 389.29,
            "type": 4864,
            "name": "basic chin left"
          },
          {
            "x": 819.37,
            "y": 389.29,
            "type": 5120,
            "name": "basic chin right"
          },
          {
            "x": 793.62,
            "y": 354.53,
            "type": 5376,
            "name": "basic nose left"
          },
          {
            "x": 832.17,
            "y": 347.38,
            "type": 5632,
            "name": "basic nose right"
          }
        ],
        "user_points": null,
        "tags": [
          {
            "name": "5oclock shadow",
            "value": "no",
            "confidence": 0.44
          },
          {
            "name": "age",
            "value": "19",
            "confidence": 0.6
          },
          {
            "name": "arched eyebrows",
            "value": "no",
            "confidence": 1.0
          },
          {
            "name": "attractive",
            "value": "no",
            "confidence": 0.51
          },
          {
            "name": "bags under eyes",
            "value": "no",
            "confidence": 0.46
          },
          {
            "name": "bald",
            "value": "no",
            "confidence": 0.8
          },
          {
            "name": "bangs",
            "value": "yes",
            "confidence": 1.0
          },
          {
            "name": "beard",
            "value": "no",
            "confidence": 0.01
          },
          {
            "name": "big lips",
            "value": "yes",
            "confidence": 0.08
          },
          {
            "name": "big nose",
            "value": "yes",
            "confidence": 0.22
          },
          {
            "name": "black hair",
            "value": "yes",
            "confidence": 0.15
          },
          {
            "name": "blond hair",
            "value": "no",
            "confidence": 1.0
          },
          {
            "name": "blurry",
            "value": "no",
            "confidence": 0.51
          },
          {
            "name": "brown hair",
            "value": "yes",
            "confidence": 0.02
          },
          {
            "name": "bushy eyebrows",
            "value": "no",
            "confidence": 0.43
          },
          {
            "name": "chubby",
            "value": "no",
            "confidence": 0.31
          },
          {
            "name": "double chin",
            "value": "no",
            "confidence": 0.7
          },
          {
            "name": "expression",
            "value": "neutral",
            "confidence": 0.78
          },
          {
            "name": "gender",
            "value": "male",
            "confidence": 0.41
          },
          {
            "name": "glasses",
            "value": "no",
            "confidence": 1.0
          },
          {
            "name": "goatee",
            "value": "no",
            "confidence": 0.11
          },
          {
            "name": "gray hair",
            "value": "no",
            "confidence": 0.89
          },
          {
            "name": "heavy makeup",
            "value": "no",
            "confidence": 0.56
          },
          {
            "name": "high cheekbones",
            "value": "no",
            "confidence": 0.73
          },
          {
            "name": "mouth open",
            "value": "no",
            "confidence": 0.75
          },
          {
            "name": "mustache",
            "value": "no",
            "confidence": 0.02
          },
          {
            "name": "narrow eyes",
            "value": "no",
            "confidence": 0.59
          },
          {
            "name": "oval face",
            "value": "no",
            "confidence": 0.07
          },
          {
            "name": "pale skin",
            "value": "yes",
            "confidence": 0.26
          },
          {
            "name": "pitch",
            "value": "-5.21",
            "confidence": 1.0
          },
          {
            "name": "pointy nose",
            "value": "no",
            "confidence": 0.71
          },
          {
            "name": "race",
            "value": "asian",
            "confidence": 0.75
          },
          {
            "name": "receding hairline",
            "value": "no",
            "confidence": 1.0
          },
          {
            "name": "rosy cheeks",
            "value": "no",
            "confidence": 0.95
          },
          {
            "name": "sideburns",
            "value": "no",
            "confidence": 0.15
          },
          {
            "name": "straight hair",
            "value": "no",
            "confidence": 0.2
          },
          {
            "name": "wavy hair",
            "value": "yes",
            "confidence": 0.08
          },
          {
            "name": "wearing earrings",
            "value": "no",
            "confidence": 0.83
          },
          {
            "name": "wearing hat",
            "value": "no",
            "confidence": 0.51
          },
          {
            "name": "wearing lipstick",
            "value": "no",
            "confidence": 0.46
          },
          {
            "name": "wearing necklace",
            "value": "no",
            "confidence": 0.42
          },
          {
            "name": "wearing necktie",
            "value": "no",
            "confidence": 0.59
          },
          {
            "name": "yaw",
            "value": "-60.01",
            "confidence": 1.0
          },
          {
            "name": "young",
            "value": "yes",
            "confidence": 0.18
          }
        ],
        "person_id": "",
        "appearance_id": 0,
        "start": "00:00:00",
        "duration": "00:00:00"
      },
      {
        "face_uuid": "9be5c69a-1532-11e9-99c4-0cc47a6c4dbd",
        "media_uuid": "3c3077f5-abba-480b-afbe-8ac531dd30b9",
        "x": 718.8,
        "y": 766.43,
        "width": 185.02,
        "height": 223.02,
        "angle": 15.7365,
        "detection_score": 1.0,
        "points": [
          {
            "x": 658.55,
            "y": 755.69,
            "type": 512,
            "name": "basic eye left"
          },
          {
            "x": 745.6,
            "y": 731.16,
            "type": 768,
            "name": "basic eye right"
          },
          {
            "x": 641.19,
            "y": 761.29,
            "type": 1024,
            "name": "basic eye left outer"
          },
          {
            "x": 764.88,
            "y": 726.49,
            "type": 1280,
            "name": "basic eye right outer"
          },
          {
            "x": 676.21,
            "y": 752.33,
            "type": 1536,
            "name": "basic eye left inner"
          },
          {
            "x": 726.95,
            "y": 738.04,
            "type": 1792,
            "name": "basic eye right inner"
          },
          {
            "x": 691.56,
            "y": 848.63,
            "type": 2048,
            "name": "basic mouth left"
          },
          {
            "x": 756.87,
            "y": 831.26,
            "type": 2304,
            "name": "basic mouth right"
          },
          {
            "x": 706.57,
            "y": 797.66,
            "type": 2560,
            "name": "basic nose tip"
          },
          {
            "x": 723.5,
            "y": 840.31,
            "type": 2816,
            "name": "basic mouth center"
          },
          {
            "x": 723.5,
            "y": 840.31,
            "type": 3072,
            "name": "basic eyebrow left"
          },
          {
            "x": 723.5,
            "y": 840.31,
            "type": 3328,
            "name": "basic eyebrow left inner corner"
          },
          {
            "x": 723.5,
            "y": 840.31,
            "type": 3584,
            "name": "basic eyebrow left outer corner"
          },
          {
            "x": 723.5,
            "y": 840.31,
            "type": 3840,
            "name": "basic eyebrow right"
          },
          {
            "x": 723.5,
            "y": 840.31,
            "type": 4096,
            "name": "basic eyebrow right inner corner"
          },
          {
            "x": 723.5,
            "y": 840.31,
            "type": 4352,
            "name": "basic eyebrow right outer corner"
          },
          {
            "x": 723.5,
            "y": 840.31,
            "type": 4608,
            "name": "basic chin bottom"
          },
          {
            "x": 723.5,
            "y": 840.31,
            "type": 4864,
            "name": "basic chin left"
          },
          {
            "x": 723.5,
            "y": 840.31,
            "type": 5120,
            "name": "basic chin right"
          },
          {
            "x": 689.52,
            "y": 807.58,
            "type": 5376,
            "name": "basic nose left"
          },
          {
            "x": 733.67,
            "y": 795.44,
            "type": 5632,
            "name": "basic nose right"
          }
        ],
        "user_points": null,
        "tags": [
          {
            "name": "5oclock shadow",
            "value": "no",
            "confidence": 1.0
          },
          {
            "name": "age",
            "value": "19",
            "confidence": 0.6
          },
          {
            "name": "arched eyebrows",
            "value": "no",
            "confidence": 0.16
          },
          {
            "name": "attractive",
            "value": "no",
            "confidence": 0.9
          },
          {
            "name": "bags under eyes",
            "value": "yes",
            "confidence": 0.11
          },
          {
            "name": "bald",
            "value": "no",
            "confidence": 0.78
          },
          {
            "name": "bangs",
            "value": "yes",
            "confidence": 0.66
          },
          {
            "name": "beard",
            "value": "no",
            "confidence": 0.94
          },
          {
            "name": "big lips",
            "value": "yes",
            "confidence": 0.18
          },
          {
            "name": "big nose",
            "value": "yes",
            "confidence": 0.05
          },
          {
            "name": "black hair",
            "value": "no",
            "confidence": 0.49
          },
          {
            "name": "blond hair",
            "value": "no",
            "confidence": 0.95
          },
          {
            "name": "blurry",
            "value": "no",
            "confidence": 0.14
          },
          {
            "name": "brown hair",
            "value": "yes",
            "confidence": 0.56
          },
          {
            "name": "bushy eyebrows",
            "value": "no",
            "confidence": 1.0
          },
          {
            "name": "chubby",
            "value": "no",
            "confidence": 0.03
          },
          {
            "name": "double chin",
            "value": "no",
            "confidence": 0.38
          },
          {
            "name": "expression",
            "value": "neutral",
            "confidence": 0.97
          },
          {
            "name": "gender",
            "value": "female",
            "confidence": 0.86
          },
          {
            "name": "glasses",
            "value": "no",
            "confidence": 1.0
          },
          {
            "name": "goatee",
            "value": "no",
            "confidence": 0.88
          },
          {
            "name": "gray hair",
            "value": "no",
            "confidence": 0.56
          },
          {
            "name": "heavy makeup",
            "value": "no",
            "confidence": 0.3
          },
          {
            "name": "high cheekbones",
            "value": "no",
            "confidence": 0.4
          },
          {
            "name": "mouth open",
            "value": "no",
            "confidence": 0.68
          },
          {
            "name": "mustache",
            "value": "no",
            "confidence": 0.78
          },
          {
            "name": "narrow eyes",
            "value": "no",
            "confidence": 0.16
          },
          {
            "name": "oval face",
            "value": "no",
            "confidence": 0.08
          },
          {
            "name": "pale skin",
            "value": "no",
            "confidence": 0.39
          },
          {
            "name": "pitch",
            "value": "-8.43",
            "confidence": 1.0
          },
          {
            "name": "pointy nose",
            "value": "no",
            "confidence": 1.0
          },
          {
            "name": "race",
            "value": "black",
            "confidence": 1.0
          },
          {
            "name": "receding hairline",
            "value": "no",
            "confidence": 0.44
          },
          {
            "name": "rosy cheeks",
            "value": "no",
            "confidence": 1.0
          },
          {
            "name": "sideburns",
            "value": "no",
            "confidence": 0.96
          },
          {
            "name": "straight hair",
            "value": "no",
            "confidence": 0.59
          },
          {
            "name": "wavy hair",
            "value": "yes",
            "confidence": 0.5
          },
          {
            "name": "wearing earrings",
            "value": "yes",
            "confidence": 0.06
          },
          {
            "name": "wearing hat",
            "value": "no",
            "confidence": 0.79
          },
          {
            "name": "wearing lipstick",
            "value": "yes",
            "confidence": 0.19
          },
          {
            "name": "wearing necklace",
            "value": "yes",
            "confidence": 0.12
          },
          {
            "name": "wearing necktie",
            "value": "no",
            "confidence": 0.94
          },
          {
            "name": "yaw",
            "value": "9.93",
            "confidence": 1.0
          },
          {
            "name": "young",
            "value": "no",
            "confidence": 0.26
          }
        ],
        "person_id": "",
        "appearance_id": 0,
        "start": "00:00:00",
        "duration": "00:00:00"
      },
      {
        "face_uuid": "9c06f4fc-1532-11e9-99c4-0cc47a6c4dbd",
        "media_uuid": "3c3077f5-abba-480b-afbe-8ac531dd30b9",
        "x": 283.19,
        "y": 239.89,
        "width": 167.19,
        "height": 213.53,
        "angle": -16.9768,
        "detection_score": 0.99,
        "points": [
          {
            "x": 275.04,
            "y": 208.66,
            "type": 512,
            "name": "basic eye left"
          },
          {
            "x": 349.34,
            "y": 231.35,
            "type": 768,
            "name": "basic eye right"
          },
          {
            "x": 257.74,
            "y": 203.16,
            "type": 1024,
            "name": "basic eye left outer"
          },
          {
            "x": 364.72,
            "y": 235.77,
            "type": 1280,
            "name": "basic eye right outer"
          },
          {
            "x": 291.64,
            "y": 215.16,
            "type": 1536,
            "name": "basic eye left inner"
          },
          {
            "x": 334.03,
            "y": 228.13,
            "type": 1792,
            "name": "basic eye right inner"
          },
          {
            "x": 254.61,
            "y": 294.64,
            "type": 2048,
            "name": "basic mouth left"
          },
          {
            "x": 317.55,
            "y": 311.63,
            "type": 2304,
            "name": "basic mouth right"
          },
          {
            "x": 307.46,
            "y": 280.12,
            "type": 2560,
            "name": "basic nose tip"
          },
          {
            "x": 287.14,
            "y": 304.91,
            "type": 2816,
            "name": "basic mouth center"
          },
          {
            "x": 287.14,
            "y": 304.91,
            "type": 3072,
            "name": "basic eyebrow left"
          },
          {
            "x": 287.14,
            "y": 304.91,
            "type": 3328,
            "name": "basic eyebrow left inner corner"
          },
          {
            "x": 287.14,
            "y": 304.91,
            "type": 3584,
            "name": "basic eyebrow left outer corner"
          },
          {
            "x": 287.14,
            "y": 304.91,
            "type": 3840,
            "name": "basic eyebrow right"
          },
          {
            "x": 287.14,
            "y": 304.91,
            "type": 4096,
            "name": "basic eyebrow right inner corner"
          },
          {
            "x": 287.14,
            "y": 304.91,
            "type": 4352,
            "name": "basic eyebrow right outer corner"
          },
          {
            "x": 287.14,
            "y": 304.91,
            "type": 4608,
            "name": "basic chin bottom"
          },
          {
            "x": 287.14,
            "y": 304.91,
            "type": 4864,
            "name": "basic chin left"
          },
          {
            "x": 287.14,
            "y": 304.91,
            "type": 5120,
            "name": "basic chin right"
          },
          {
            "x": 281.68,
            "y": 271.54,
            "type": 5376,
            "name": "basic nose left"
          },
          {
            "x": 321.3,
            "y": 283.11,
            "type": 5632,
            "name": "basic nose right"
          }
        ],
        "user_points": null,
        "tags": [
          {
            "name": "5oclock shadow",
            "value": "no",
            "confidence": 0.43
          },
          {
            "name": "age",
            "value": "31",
            "confidence": 0.6
          },
          {
            "name": "arched eyebrows",
            "value": "no",
            "confidence": 0.72
          },
          {
            "name": "attractive",
            "value": "no",
            "confidence": 0.52
          },
          {
            "name": "bags under eyes",
            "value": "no",
            "confidence": 0.74
          },
          {
            "name": "bald",
            "value": "no",
            "confidence": 0.82
          },
          {
            "name": "bangs",
            "value": "no",
            "confidence": 0.01
          },
          {
            "name": "beard",
            "value": "no",
            "confidence": 0.55
          },
          {
            "name": "big lips",
            "value": "yes",
            "confidence": 0.04
          },
          {
            "name": "big nose",
            "value": "no",
            "confidence": 0.08
          },
          {
            "name": "black hair",
            "value": "yes",
            "confidence": 0.31
          },
          {
            "name": "blond hair",
            "value": "no",
            "confidence": 1.0
          },
          {
            "name": "blurry",
            "value": "no",
            "confidence": 0.42
          },
          {
            "name": "brown hair",
            "value": "no",
            "confidence": 0.73
          },
          {
            "name": "bushy eyebrows",
            "value": "yes",
            "confidence": 0.11
          },
          {
            "name": "chubby",
            "value": "no",
            "confidence": 0.64
          },
          {
            "name": "double chin",
            "value": "no",
            "confidence": 0.87
          },
          {
            "name": "expression",
            "value": "neutral",
            "confidence": 0.84
          },
          {
            "name": "gender",
            "value": "male",
            "confidence": 0.05
          },
          {
            "name": "glasses",
            "value": "no",
            "confidence": 1.0
          },
          {
            "name": "goatee",
            "value": "no",
            "confidence": 0.79
          },
          {
            "name": "gray hair",
            "value": "no",
            "confidence": 1.0
          },
          {
            "name": "heavy makeup",
            "value": "no",
            "confidence": 0.56
          },
          {
            "name": "high cheekbones",
            "value": "no",
            "confidence": 0.69
          },
          {
            "name": "mouth open",
            "value": "no",
            "confidence": 0.85
          },
          {
            "name": "mustache",
            "value": "no",
            "confidence": 0.7
          },
          {
            "name": "narrow eyes",
            "value": "no",
            "confidence": 1.0
          },
          {
            "name": "oval face",
            "value": "no",
            "confidence": 0.0
          },
          {
            "name": "pale skin",
            "value": "no",
            "confidence": 0.37
          },
          {
            "name": "pitch",
            "value": "-7.93",
            "confidence": 1.0
          },
          {
            "name": "pointy nose",
            "value": "no",
            "confidence": 0.42
          },
          {
            "name": "race",
            "value": "black",
            "confidence": 0.5
          },
          {
            "name": "receding hairline",
            "value": "no",
            "confidence": 1.0
          },
          {
            "name": "rosy cheeks",
            "value": "no",
            "confidence": 0.71
          },
          {
            "name": "sideburns",
            "value": "no",
            "confidence": 0.96
          },
          {
            "name": "straight hair",
            "value": "no",
            "confidence": 0.45
          },
          {
            "name": "wavy hair",
            "value": "no",
            "confidence": 0.6
          },
          {
            "name": "wearing earrings",
            "value": "no",
            "confidence": 0.4
          },
          {
            "name": "wearing hat",
            "value": "yes",
            "confidence": 1.0
          },
          {
            "name": "wearing lipstick",
            "value": "no",
            "confidence": 0.43
          },
          {
            "name": "wearing necklace",
            "value": "no",
            "confidence": 0.29
          },
          {
            "name": "wearing necktie",
            "value": "no",
            "confidence": 1.0
          },
          {
            "name": "yaw",
            "value": "-4.33",
            "confidence": 1.0
          },
          {
            "name": "young",
            "value": "yes",
            "confidence": 0.76
          }
        ],
        "person_id": "",
        "appearance_id": 0,
        "start": "00:00:00",
        "duration": "00:00:00"
      }
    ],
    "tags": null,
    "original_filename": "https://raw.githubusercontent.com/sarkrui/Hairstyle60k/master/Dataset/Afro/IMG_20.jpg",
    "duration": "00:00:00"
  },
  "recognize": null
}