{
  "media": {
    "media_uuid": "d6fa58fa-60a1-4371-a6dd-db8de02949c2",
    "checksum": "bf144a137060dd0bdd514a9c8524d28b90bf69c1c2698df751312d4f83d89623",
    "faces": [
      {
        "face_uuid": "8e8a03cd-1532-11e9-99c4-0cc47a6c4dbd",
        "media_uuid": "d6fa58fa-60a1-4371-a6dd-db8de02949c2",
        "x": 472.1,
        "y": 496.01,
        "width": 209.64,
        "height": 258.4,
        "angle": 1.5054,
        "detection_score": 1.0,
        "points": [
          {
            "x": 424.53,
            "y": 450.65,
            "type": 512,
            "name": "basic eye left"
          },
          {
            "x": 528.06,
            "y": 447.93,
            "type": 768,
            "name": "basic eye right"
          },
          {
            "x": 402.36,
            "y": 451.72,
            "type": 1024,
            "name": "basic eye left outer"
          },
          {
            "x": 549.16,
            "y": 447.82,
            "type": 1280,
            "name": "basic eye right outer"
          },
          {
            "x": 446.66,
            "y": 452.46,
            "type": 1536,
            "name": "basic eye left inner"
          },
          {
            "x": 507.07,
            "y": 450.88,
            "type": 1792,
            "name": "basic eye right inner"
          },
          {
            "x": 432.33,
            "y": 561.38,
            "type": 2048,
            "name": "basic mouth left"
          },
          {
            "x": 526.68,
            "y": 558.8,
            "type": 2304,
            "name": "basic mouth right"
          },
          {
            "x": 484.41,
            "y": 512.14,
            "type": 2560,
            "name": "basic nose tip"
          },
          {
            "x": 480.15,
            "y": 561.61,
            "type": 2816,
            "name": "basic mouth center"
          },
          {
            "x": 480.15,
            "y": 561.61,
            "type": 3072,
            "name": "basic eyebrow left"
          },
          {
            "x": 480.15,
            "y": 561.61,
            "type": 3328,
            "name": "basic eyebrow left inner corner"
          },
          {
            "x": 480.15,
            "y": 561.61,
            "type": 3584,
            "name": "basic eyebrow left outer corner"
          },
          {
            "x": 480.15,
            "y": 561.61,
            "type": 3840,
            "name": "basic eyebrow right"
          },
          {
            "x": 480.15,
            "y": 561.61,
            "type": 4096,
            "name": "basic eyebrow right inner corner"
          },
          {
            "x": 480.15,
            "y": 561.61,
            "type": 4352,
            "name": "basic eyebrow right outer corner"
          },
          {
            "x": 480.15,
            "y": 561.61,
            "type": 4608,
            "name": "basic chin bottom"
          },
          {
            "x": 480.15,
            "y": 561.61,
            "type": 4864,
            "name": "basic chin left"
          },
          {
            "x": 480.15,
            "y": 561.61,
            "type": 5120,
            "name": "basic chin right"
          },
          {
            "x": 454.66,
            "y": 520.91,
            "type": 5376,
            "name": "basic nose left"
          },
          {
            "x": 509.15,
            "y": 519.53,
            "type": 5632,
            "name": "basic nose right"
          }
        ],
        "user_points": null,
        "tags": [
          {
            "name": "5oclock shadow",
            "value": "yes",
            "confidence": 0.63
          },
          {
            "name": "age",
            "value": "18",
            "confidence": 0.6
          },
          {
            "name": "arched eyebrows",
            "value": "no",
            "confidence": 0.93
          },
          {
            "name": "attractive",
            "value": "no",
            "confidence": 0.87
          },
          {
            "name": "bags under eyes",
            "value": "no",
            "confidence": 0.55
          },
          {
            "name": "bald",
            "value": "no",
            "confidence": 0.43
          },
          {
            "name": "bangs",
            "value": "yes",
            "confidence": 0.15
          },
          {
            "name": "beard",
            "value": "yes",
            "confidence": 1.0
          },
          {
            "name": "big lips",
            "value": "no",
            "confidence": 0.03
          },
          {
            "name": "big nose",
            "value": "yes",
            "confidence": 0.59
          },
          {
            "name": "black hair",
            "value": "yes",
            "confidence": 0.36
          },
          {
            "name": "blond hair",
            "value": "no",
            "confidence": 1.0
          },
          {
            "name": "blurry",
            "value": "yes",
            "confidence": 0.01
          },
          {
            "name": "brown hair",
            "value": "no",
            "confidence": 0.76
          },
          {
            "name": "bushy eyebrows",
            "value": "no",
            "confidence": 0.18
          },
          {
            "name": "chubby",
            "value": "yes",
            "confidence": 0.19
          },
          {
            "name": "double chin",
            "value": "no",
            "confidence": 0.25
          },
          {
            "name": "expression",
            "value": "neutral",
            "confidence": 0.77
          },
          {
            "name": "gender",
            "value": "male",
            "confidence": 1.0
          },
          {
            "name": "glasses",
            "value": "yes",
            "confidence": 1.0
          },
          {
            "name": "goatee",
            "value": "yes",
            "confidence": 1.0
          },
          {
            "name": "gray hair",
            "value": "no",
            "confidence": 0.87
          },
          {
            "name": "heavy makeup",
            "value": "no",
            "confidence": 1.0
          },
          {
            "name": "high cheekbones",
            "value": "no",
            "confidence": 0.9
          },
          {
            "name": "mouth open",
            "value": "no",
            "confidence": 0.62
          },
          {
            "name": "mustache",
            "value": "yes",
            "confidence": 1.0
          },
          {
            "name": "narrow eyes",
            "value": "no",
            "confidence": 0.66
          },
          {
            "name": "oval face",
            "value": "no",
            "confidence": 0.11
          },
          {
            "name": "pale skin",
            "value": "no",
            "confidence": 0.69
          },
          {
            "name": "pitch",
            "value": "-9.38",
            "confidence": 1.0
          },
          {
            "name": "pointy nose",
            "value": "no",
            "confidence": 0.69
          },
          {
            "name": "race",
            "value": "mideast",
            "confidence": 0.57
          },
          {
            "name": "receding hairline",
            "value": "no",
            "confidence": 0.84
          },
          {
            "name": "rosy cheeks",
            "value": "no",
            "confidence": 0.87
          },
          {
            "name": "sideburns",
            "value": "yes",
            "confidence": 1.0
          },
          {
            "name": "straight hair",
            "value": "no",
            "confidence": 0.76
          },
          {
            "name": "wavy hair",
            "value": "no",
            "confidence": 0.11
          },
          {
            "name": "wearing earrings",
            "value": "no",
            "confidence": 0.79
          },
          {
            "name": "wearing hat",
            "value": "yes",
            "confidence": 0.39
          },
          {
            "name": "wearing lipstick",
            "value": "no",
            "confidence": 1.0
          },
          {
            "name": "wearing necklace",
            "value": "no",
            "confidence": 0.44
          },
          {
            "name": "wearing necktie",
            "value": "no",
            "confidence": 0.6
          },
          {
            "name": "yaw",
            "value": "-3.09",
            "confidence": 1.0
          },
          {
            "name": "young",
            "value": "no",
            "confidence": 0.12
          }
        ],
        "person_id": "",
        "appearance_id": 0,
        "start": "00:00:00",
        "duration": "00:00:00"
      }
    ],
    "tags": null,
    "original_filename": "https://raw.githubusercontent.com/sarkrui/Hairstyle60k/master/Dataset/Afro/IMG_6.jpg",
    "duration": "00:00:00"
  },
  "recognize": null
}