{
  "media": {
    "media_uuid": "722f769b-856a-4691-8bb5-f877cc6bed66",
    "checksum": "9b3255405ebbe0d20e888adf0b3845166e97e0f688f7f31e32fb36454556d15e",
    "faces": [
      {
        "face_uuid": "98170f58-1532-11e9-99c4-0cc47a6c4dbd",
        "media_uuid": "722f769b-856a-4691-8bb5-f877cc6bed66",
        "x": 237.93,
        "y": 217.4,
        "width": 114.32,
        "height": 165.46,
        "angle": 5.1802,
        "detection_score": 1.0,
        "points": [
          {
            "x": 191.28,
            "y": 206.05,
            "type": 512,
            "name": "basic eye left"
          },
          {
            "x": 247.39,
            "y": 200.96,
            "type": 768,
            "name": "basic eye right"
          },
          {
            "x": 179.89,
            "y": 207.42,
            "type": 1024,
            "name": "basic eye left outer"
          },
          {
            "x": 260.42,
            "y": 200.26,
            "type": 1280,
            "name": "basic eye right outer"
          },
          {
            "x": 202.38,
            "y": 205.18,
            "type": 1536,
            "name": "basic eye left inner"
          },
          {
            "x": 234.68,
            "y": 202.23,
            "type": 1792,
            "name": "basic eye right inner"
          },
          {
            "x": 199.14,
            "y": 262.65,
            "type": 2048,
            "name": "basic mouth left"
          },
          {
            "x": 246.33,
            "y": 260.28,
            "type": 2304,
            "name": "basic mouth right"
          },
          {
            "x": 213.26,
            "y": 237.85,
            "type": 2560,
            "name": "basic nose tip"
          },
          {
            "x": 221.95,
            "y": 262.24,
            "type": 2816,
            "name": "basic mouth center"
          },
          {
            "x": 221.95,
            "y": 262.24,
            "type": 3072,
            "name": "basic eyebrow left"
          },
          {
            "x": 221.95,
            "y": 262.24,
            "type": 3328,
            "name": "basic eyebrow left inner corner"
          },
          {
            "x": 221.95,
            "y": 262.24,
            "type": 3584,
            "name": "basic eyebrow left outer corner"
          },
          {
            "x": 221.95,
            "y": 262.24,
            "type": 3840,
            "name": "basic eyebrow right"
          },
          {
            "x": 221.95,
            "y": 262.24,
            "type": 4096,
            "name": "basic eyebrow right inner corner"
          },
          {
            "x": 221.95,
            "y": 262.24,
            "type": 4352,
            "name": "basic eyebrow right outer corner"
          },
          {
            "x": 221.95,
            "y": 262.24,
            "type": 4608,
            "name": "basic chin bottom"
          },
          {
            "x": 221.95,
            "y": 262.24,
            "type": 4864,
            "name": "basic chin left"
          },
          {
            "x": 221.95,
            "y": 262.24,
            "type": 5120,
            "name": "basic chin right"
          },
          {
            "x": 202.44,
            "y": 240.36,
            "type": 5376,
            "name": "basic nose left"
          },
          {
            "x": 232.42,
            "y": 238.52,
            "type": 5632,
            "name": "basic nose right"
          }
        ],
        "user_points": null,
        "tags": [
          {
            "name": "5oclock shadow",
            "value": "yes",
            "confidence": 0.37
          },
          {
            "name": "age",
            "value": "34",
            "confidence": 0.6
          },
          {
            "name": "arched eyebrows",
            "value": "no",
            "confidence": 0.72
          },
          {
            "name": "attractive",
            "value": "no",
            "confidence": 0.01
          },
          {
            "name": "bags under eyes",
            "value": "yes",
            "confidence": 0.35
          },
          {
            "name": "bald",
            "value": "no",
            "confidence": 0.66
          },
          {
            "name": "bangs",
            "value": "no",
            "confidence": 0.55
          },
          {
            "name": "beard",
            "value": "yes",
            "confidence": 0.85
          },
          {
            "name": "big lips",
            "value": "no",
            "confidence": 0.25
          },
          {
            "name": "big nose",
            "value": "yes",
            "confidence": 0.46
          },
          {
            "name": "black hair",
            "value": "yes",
            "confidence": 1.0
          },
          {
            "name": "blond hair",
            "value": "no",
            "confidence": 0.97
          },
          {
            "name": "blurry",
            "value": "no",
            "confidence": 0.45
          },
          {
            "name": "brown hair",
            "value": "no",
            "confidence": 0.99
          },
          {
            "name": "bushy eyebrows",
            "value": "yes",
            "confidence": 0.65
          },
          {
            "name": "chubby",
            "value": "yes",
            "confidence": 0.08
          },
          {
            "name": "double chin",
            "value": "no",
            "confidence": 0.17
          },
          {
            "name": "expression",
            "value": "smile",
            "confidence": 0.37
          },
          {
            "name": "gender",
            "value": "male",
            "confidence": 0.94
          },
          {
            "name": "glasses",
            "value": "no",
            "confidence": 1.0
          },
          {
            "name": "goatee",
            "value": "yes",
            "confidence": 0.66
          },
          {
            "name": "gray hair",
            "value": "no",
            "confidence": 1.0
          },
          {
            "name": "heavy makeup",
            "value": "no",
            "confidence": 1.0
          },
          {
            "name": "high cheekbones",
            "value": "yes",
            "confidence": 0.12
          },
          {
            "name": "mouth open",
            "value": "no",
            "confidence": 0.99
          },
          {
            "name": "mustache",
            "value": "yes",
            "confidence": 0.64
          },
          {
            "name": "narrow eyes",
            "value": "no",
            "confidence": 0.53
          },
          {
            "name": "oval face",
            "value": "yes",
            "confidence": 0.57
          },
          {
            "name": "pale skin",
            "value": "no",
            "confidence": 0.7
          },
          {
            "name": "pitch",
            "value": "-8.78",
            "confidence": 1.0
          },
          {
            "name": "pointy nose",
            "value": "no",
            "confidence": 0.89
          },
          {
            "name": "race",
            "value": "black",
            "confidence": 1.0
          },
          {
            "name": "receding hairline",
            "value": "no",
            "confidence": 0.55
          },
          {
            "name": "rosy cheeks",
            "value": "no",
            "confidence": 1.0
          },
          {
            "name": "sideburns",
            "value": "yes",
            "confidence": 0.61
          },
          {
            "name": "straight hair",
            "value": "no",
            "confidence": 0.0
          },
          {
            "name": "wavy hair",
            "value": "no",
            "confidence": 0.11
          },
          {
            "name": "wearing earrings",
            "value": "no",
            "confidence": 0.99
          },
          {
            "name": "wearing hat",
            "value": "no",
            "confidence": 1.0
          },
          {
            "name": "wearing lipstick",
            "value": "no",
            "confidence": 0.95
          },
          {
            "name": "wearing necklace",
            "value": "no",
            "confidence": 0.9
          },
          {
            "name": "wearing necktie",
            "value": "yes",
            "confidence": 0.14
          },
          {
            "name": "yaw",
            "value": "9.56",
            "confidence": 1.0
          },
          {
            "name": "young",
            "value": "yes",
            "confidence": 0.22
          }
        ],
        "person_id": "",
        "appearance_id": 0,
        "start": "00:00:00",
        "duration": "00:00:00"
      }
    ],
    "tags": null,
    "original_filename": "https://raw.githubusercontent.com/sarkrui/Hairstyle60k/master/Dataset/Afro/IMG_16.jpg",
    "duration": "00:00:00"
  },
  "recognize": null
}