{
  "media": {
    "media_uuid": "4938ea10-2c80-42c4-a045-3585a469e040",
    "checksum": "25c0940bb72d9681ea165099777aa7dfd6c3198749ed741f9020596d05bbb194",
    "faces": [
      {
        "face_uuid": "4bc7db0f-1534-11e9-99c4-0cc47a6c4dbd",
        "media_uuid": "4938ea10-2c80-42c4-a045-3585a469e040",
        "x": 232.0,
        "y": 254.0,
        "width": 232.75,
        "height": 324.32,
        "angle": -3.5746,
        "detection_score": 1.0,
        "points": [
          {
            "x": 185.88,
            "y": 213.82,
            "type": 512,
            "name": "basic eye left"
          },
          {
            "x": 302.73,
            "y": 221.12,
            "type": 768,
            "name": "basic eye right"
          },
          {
            "x": 160.48,
            "y": 212.99,
            "type": 1024,
            "name": "basic eye left outer"
          },
          {
            "x": 326.57,
            "y": 223.28,
            "type": 1280,
            "name": "basic eye right outer"
          },
          {
            "x": 211.11,
            "y": 217.0,
            "type": 1536,
            "name": "basic eye left inner"
          },
          {
            "x": 278.91,
            "y": 221.35,
            "type": 1792,
            "name": "basic eye right inner"
          },
          {
            "x": 188.62,
            "y": 335.22,
            "type": 2048,
            "name": "basic mouth left"
          },
          {
            "x": 289.33,
            "y": 341.66,
            "type": 2304,
            "name": "basic mouth right"
          },
          {
            "x": 248.55,
            "y": 287.75,
            "type": 2560,
            "name": "basic nose tip"
          },
          {
            "x": 239.7,
            "y": 340.3,
            "type": 2816,
            "name": "basic mouth center"
          },
          {
            "x": 239.7,
            "y": 340.3,
            "type": 3072,
            "name": "basic eyebrow left"
          },
          {
            "x": 239.7,
            "y": 340.3,
            "type": 3328,
            "name": "basic eyebrow left inner corner"
          },
          {
            "x": 239.7,
            "y": 340.3,
            "type": 3584,
            "name": "basic eyebrow left outer corner"
          },
          {
            "x": 239.7,
            "y": 340.3,
            "type": 3840,
            "name": "basic eyebrow right"
          },
          {
            "x": 239.7,
            "y": 340.3,
            "type": 4096,
            "name": "basic eyebrow right inner corner"
          },
          {
            "x": 239.7,
            "y": 340.3,
            "type": 4352,
            "name": "basic eyebrow right outer corner"
          },
          {
            "x": 239.7,
            "y": 340.3,
            "type": 4608,
            "name": "basic chin bottom"
          },
          {
            "x": 239.7,
            "y": 340.3,
            "type": 4864,
            "name": "basic chin left"
          },
          {
            "x": 239.7,
            "y": 340.3,
            "type": 5120,
            "name": "basic chin right"
          },
          {
            "x": 213.74,
            "y": 292.05,
            "type": 5376,
            "name": "basic nose left"
          },
          {
            "x": 275.94,
            "y": 295.84,
            "type": 5632,
            "name": "basic nose right"
          }
        ],
        "user_points": null,
        "tags": [
          {
            "name": "5oclock shadow",
            "value": "yes",
            "confidence": 0.34
          },
          {
            "name": "age",
            "value": "39",
            "confidence": 0.6
          },
          {
            "name": "arched eyebrows",
            "value": "no",
            "confidence": 0.4
          },
          {
            "name": "attractive",
            "value": "no",
            "confidence": 0.33
          },
          {
            "name": "bags under eyes",
            "value": "yes",
            "confidence": 0.24
          },
          {
            "name": "bald",
            "value": "yes",
            "confidence": 0.51
          },
          {
            "name": "bangs",
            "value": "no",
            "confidence": 0.95
          },
          {
            "name": "beard",
            "value": "yes",
            "confidence": 0.62
          },
          {
            "name": "big lips",
            "value": "yes",
            "confidence": 0.07
          },
          {
            "name": "big nose",
            "value": "yes",
            "confidence": 0.66
          },
          {
            "name": "black hair",
            "value": "no",
            "confidence": 0.18
          },
          {
            "name": "blond hair",
            "value": "no",
            "confidence": 0.99
          },
          {
            "name": "blurry",
            "value": "no",
            "confidence": 1.0
          },
          {
            "name": "brown hair",
            "value": "no",
            "confidence": 1.0
          },
          {
            "name": "bushy eyebrows",
            "value": "yes",
            "confidence": 0.45
          },
          {
            "name": "chubby",
            "value": "yes",
            "confidence": 0.17
          },
          {
            "name": "double chin",
            "value": "no",
            "confidence": 0.0
          },
          {
            "name": "expression",
            "value": "neutral",
            "confidence": 0.25
          },
          {
            "name": "gender",
            "value": "male",
            "confidence": 1.0
          },
          {
            "name": "glasses",
            "value": "no",
            "confidence": 1.0
          },
          {
            "name": "goatee",
            "value": "yes",
            "confidence": 0.34
          },
          {
            "name": "gray hair",
            "value": "no",
            "confidence": 0.16
          },
          {
            "name": "heavy makeup",
            "value": "no",
            "confidence": 1.0
          },
          {
            "name": "high cheekbones",
            "value": "no",
            "confidence": 0.35
          },
          {
            "name": "mouth open",
            "value": "no",
            "confidence": 1.0
          },
          {
            "name": "mustache",
            "value": "yes",
            "confidence": 0.32
          },
          {
            "name": "narrow eyes",
            "value": "no",
            "confidence": 1.0
          },
          {
            "name": "oval face",
            "value": "yes",
            "confidence": 0.78
          },
          {
            "name": "pale skin",
            "value": "no",
            "confidence": 0.27
          },
          {
            "name": "pitch",
            "value": "-9.17",
            "confidence": 1.0
          },
          {
            "name": "pointy nose",
            "value": "no",
            "confidence": 0.45
          },
          {
            "name": "race",
            "value": "white",
            "confidence": 1.0
          },
          {
            "name": "receding hairline",
            "value": "yes",
            "confidence": 0.63
          },
          {
            "name": "rosy cheeks",
            "value": "no",
            "confidence": 0.96
          },
          {
            "name": "sideburns",
            "value": "yes",
            "confidence": 0.09
          },
          {
            "name": "straight hair",
            "value": "no",
            "confidence": 0.54
          },
          {
            "name": "wavy hair",
            "value": "no",
            "confidence": 1.0
          },
          {
            "name": "wearing earrings",
            "value": "no",
            "confidence": 0.67
          },
          {
            "name": "wearing hat",
            "value": "no",
            "confidence": 0.3
          },
          {
            "name": "wearing lipstick",
            "value": "no",
            "confidence": 0.98
          },
          {
            "name": "wearing necklace",
            "value": "no",
            "confidence": 1.0
          },
          {
            "name": "wearing necktie",
            "value": "yes",
            "confidence": 0.46
          },
          {
            "name": "yaw",
            "value": "-0.61",
            "confidence": 1.0
          },
          {
            "name": "young",
            "value": "yes",
            "confidence": 0.01
          }
        ],
        "person_id": "",
        "appearance_id": 0,
        "start": "00:00:00",
        "duration": "00:00:00"
      }
    ],
    "tags": null,
    "original_filename": "https://raw.githubusercontent.com/sarkrui/Hairstyle60k/master/Dataset/Bald/IMG_14.jpg",
    "duration": "00:00:00"
  },
  "recognize": null
}