{
  "media": {
    "media_uuid": "8c796a29-eea4-44e0-a822-94be91280ec6",
    "checksum": "781d5751bd52ae16e9bb3b466313e1a3fb6493a7af7013aac7c10abb49baeb65",
    "faces": [
      {
        "face_uuid": "578ec7e0-1534-11e9-99c4-0cc47a6c4dbd",
        "media_uuid": "8c796a29-eea4-44e0-a822-94be91280ec6",
        "x": 392.84,
        "y": 659.63,
        "width": 464.88,
        "height": 661.75,
        "angle": 1.3935,
        "detection_score": 1.0,
        "points": [
          {
            "x": 170.51,
            "y": 587.3,
            "type": 512,
            "name": "basic eye left"
          },
          {
            "x": 415.0,
            "y": 581.35,
            "type": 768,
            "name": "basic eye right"
          },
          {
            "x": 123.79,
            "y": 590.74,
            "type": 1024,
            "name": "basic eye left outer"
          },
          {
            "x": 472.12,
            "y": 583.66,
            "type": 1280,
            "name": "basic eye right outer"
          },
          {
            "x": 216.94,
            "y": 586.57,
            "type": 1536,
            "name": "basic eye left inner"
          },
          {
            "x": 360.21,
            "y": 582.5,
            "type": 1792,
            "name": "basic eye right inner"
          },
          {
            "x": 189.49,
            "y": 834.12,
            "type": 2048,
            "name": "basic mouth left"
          },
          {
            "x": 404.14,
            "y": 842.25,
            "type": 2304,
            "name": "basic mouth right"
          },
          {
            "x": 237.85,
            "y": 717.85,
            "type": 2560,
            "name": "basic nose tip"
          },
          {
            "x": 291.66,
            "y": 839.87,
            "type": 2816,
            "name": "basic mouth center"
          },
          {
            "x": 291.66,
            "y": 839.87,
            "type": 3072,
            "name": "basic eyebrow left"
          },
          {
            "x": 291.66,
            "y": 839.87,
            "type": 3328,
            "name": "basic eyebrow left inner corner"
          },
          {
            "x": 291.66,
            "y": 839.87,
            "type": 3584,
            "name": "basic eyebrow left outer corner"
          },
          {
            "x": 291.66,
            "y": 839.87,
            "type": 3840,
            "name": "basic eyebrow right"
          },
          {
            "x": 291.66,
            "y": 839.87,
            "type": 4096,
            "name": "basic eyebrow right inner corner"
          },
          {
            "x": 291.66,
            "y": 839.87,
            "type": 4352,
            "name": "basic eyebrow right outer corner"
          },
          {
            "x": 291.66,
            "y": 839.87,
            "type": 4608,
            "name": "basic chin bottom"
          },
          {
            "x": 291.66,
            "y": 839.87,
            "type": 4864,
            "name": "basic chin left"
          },
          {
            "x": 291.66,
            "y": 839.87,
            "type": 5120,
            "name": "basic chin right"
          },
          {
            "x": 199.54,
            "y": 735.31,
            "type": 5376,
            "name": "basic nose left"
          },
          {
            "x": 331.09,
            "y": 738.14,
            "type": 5632,
            "name": "basic nose right"
          }
        ],
        "user_points": null,
        "tags": [
          {
            "name": "5oclock shadow",
            "value": "yes",
            "confidence": 0.03
          },
          {
            "name": "age",
            "value": "32",
            "confidence": 0.6
          },
          {
            "name": "arched eyebrows",
            "value": "no",
            "confidence": 0.98
          },
          {
            "name": "attractive",
            "value": "no",
            "confidence": 0.59
          },
          {
            "name": "bags under eyes",
            "value": "yes",
            "confidence": 0.53
          },
          {
            "name": "bald",
            "value": "no",
            "confidence": 0.09
          },
          {
            "name": "bangs",
            "value": "no",
            "confidence": 0.64
          },
          {
            "name": "beard",
            "value": "no",
            "confidence": 0.23
          },
          {
            "name": "big lips",
            "value": "no",
            "confidence": 0.71
          },
          {
            "name": "big nose",
            "value": "yes",
            "confidence": 0.23
          },
          {
            "name": "black hair",
            "value": "no",
            "confidence": 0.57
          },
          {
            "name": "blond hair",
            "value": "no",
            "confidence": 0.77
          },
          {
            "name": "blurry",
            "value": "no",
            "confidence": 0.06
          },
          {
            "name": "brown hair",
            "value": "no",
            "confidence": 0.53
          },
          {
            "name": "bushy eyebrows",
            "value": "no",
            "confidence": 0.66
          },
          {
            "name": "chubby",
            "value": "no",
            "confidence": 0.1
          },
          {
            "name": "double chin",
            "value": "yes",
            "confidence": 0.1
          },
          {
            "name": "expression",
            "value": "smile",
            "confidence": 0.83
          },
          {
            "name": "gender",
            "value": "male",
            "confidence": 0.93
          },
          {
            "name": "glasses",
            "value": "no",
            "confidence": 1.0
          },
          {
            "name": "goatee",
            "value": "no",
            "confidence": 0.65
          },
          {
            "name": "gray hair",
            "value": "yes",
            "confidence": 0.04
          },
          {
            "name": "heavy makeup",
            "value": "no",
            "confidence": 1.0
          },
          {
            "name": "high cheekbones",
            "value": "yes",
            "confidence": 0.5
          },
          {
            "name": "mouth open",
            "value": "yes",
            "confidence": 1.0
          },
          {
            "name": "mustache",
            "value": "no",
            "confidence": 0.52
          },
          {
            "name": "narrow eyes",
            "value": "yes",
            "confidence": 0.38
          },
          {
            "name": "oval face",
            "value": "no",
            "confidence": 0.29
          },
          {
            "name": "pale skin",
            "value": "no",
            "confidence": 0.43
          },
          {
            "name": "pitch",
            "value": "-6.19",
            "confidence": 1.0
          },
          {
            "name": "pointy nose",
            "value": "no",
            "confidence": 0.17
          },
          {
            "name": "race",
            "value": "white",
            "confidence": 0.99
          },
          {
            "name": "receding hairline",
            "value": "no",
            "confidence": 0.05
          },
          {
            "name": "rosy cheeks",
            "value": "no",
            "confidence": 0.88
          },
          {
            "name": "sideburns",
            "value": "no",
            "confidence": 0.73
          },
          {
            "name": "straight hair",
            "value": "yes",
            "confidence": 0.1
          },
          {
            "name": "wavy hair",
            "value": "no",
            "confidence": 0.95
          },
          {
            "name": "wearing earrings",
            "value": "no",
            "confidence": 0.99
          },
          {
            "name": "wearing hat",
            "value": "no",
            "confidence": 0.46
          },
          {
            "name": "wearing lipstick",
            "value": "no",
            "confidence": 0.97
          },
          {
            "name": "wearing necklace",
            "value": "no",
            "confidence": 1.0
          },
          {
            "name": "wearing necktie",
            "value": "yes",
            "confidence": 0.25
          },
          {
            "name": "yaw",
            "value": "44.42",
            "confidence": 1.0
          },
          {
            "name": "young",
            "value": "no",
            "confidence": 0.39
          }
        ],
        "person_id": "",
        "appearance_id": 0,
        "start": "00:00:00",
        "duration": "00:00:00"
      }
    ],
    "tags": null,
    "original_filename": "https://raw.githubusercontent.com/sarkrui/Hairstyle60k/master/Dataset/Bald/IMG_22.jpg",
    "duration": "00:00:00"
  },
  "recognize": null
}