{
  "media": {
    "media_uuid": "dadec34e-54e7-4d2b-9918-600912973047",
    "checksum": "fc2c923b0546cbba6155a02e93a97d0e53d4056d2607cda1ce24d098abfc4507",
    "faces": [
      {
        "face_uuid": "48bece90-1534-11e9-99c4-0cc47a6c4dbd",
        "media_uuid": "dadec34e-54e7-4d2b-9918-600912973047",
        "x": 398.35,
        "y": 138.8,
        "width": 198.06,
        "height": 247.57,
        "angle": 2.3544,
        "detection_score": 1.0,
        "points": [
          {
            "x": 334.9,
            "y": 117.75,
            "type": 512,
            "name": "basic eye left"
          },
          {
            "x": 422.67,
            "y": 114.14,
            "type": 768,
            "name": "basic eye right"
          },
          {
            "x": 316.87,
            "y": 118.85,
            "type": 1024,
            "name": "basic eye left outer"
          },
          {
            "x": 442.18,
            "y": 113.86,
            "type": 1280,
            "name": "basic eye right outer"
          },
          {
            "x": 352.85,
            "y": 117.84,
            "type": 1536,
            "name": "basic eye left inner"
          },
          {
            "x": 403.37,
            "y": 115.67,
            "type": 1792,
            "name": "basic eye right inner"
          },
          {
            "x": 345.7,
            "y": 204.65,
            "type": 2048,
            "name": "basic mouth left"
          },
          {
            "x": 421.92,
            "y": 200.2,
            "type": 2304,
            "name": "basic mouth right"
          },
          {
            "x": 372.42,
            "y": 169.6,
            "type": 2560,
            "name": "basic nose tip"
          },
          {
            "x": 383.0,
            "y": 203.99,
            "type": 2816,
            "name": "basic mouth center"
          },
          {
            "x": 383.0,
            "y": 203.99,
            "type": 3072,
            "name": "basic eyebrow left"
          },
          {
            "x": 383.0,
            "y": 203.99,
            "type": 3328,
            "name": "basic eyebrow left inner corner"
          },
          {
            "x": 383.0,
            "y": 203.99,
            "type": 3584,
            "name": "basic eyebrow left outer corner"
          },
          {
            "x": 383.0,
            "y": 203.99,
            "type": 3840,
            "name": "basic eyebrow right"
          },
          {
            "x": 383.0,
            "y": 203.99,
            "type": 4096,
            "name": "basic eyebrow right inner corner"
          },
          {
            "x": 383.0,
            "y": 203.99,
            "type": 4352,
            "name": "basic eyebrow right outer corner"
          },
          {
            "x": 383.0,
            "y": 203.99,
            "type": 4608,
            "name": "basic chin bottom"
          },
          {
            "x": 383.0,
            "y": 203.99,
            "type": 4864,
            "name": "basic chin left"
          },
          {
            "x": 383.0,
            "y": 203.99,
            "type": 5120,
            "name": "basic chin right"
          },
          {
            "x": 353.22,
            "y": 172.36,
            "type": 5376,
            "name": "basic nose left"
          },
          {
            "x": 400.3,
            "y": 169.98,
            "type": 5632,
            "name": "basic nose right"
          }
        ],
        "user_points": null,
        "tags": [
          {
            "name": "5oclock shadow",
            "value": "yes",
            "confidence": 0.01
          },
          {
            "name": "age",
            "value": "45",
            "confidence": 0.6
          },
          {
            "name": "arched eyebrows",
            "value": "no",
            "confidence": 0.96
          },
          {
            "name": "attractive",
            "value": "no",
            "confidence": 0.84
          },
          {
            "name": "bags under eyes",
            "value": "yes",
            "confidence": 0.31
          },
          {
            "name": "bald",
            "value": "yes",
            "confidence": 1.0
          },
          {
            "name": "bangs",
            "value": "no",
            "confidence": 1.0
          },
          {
            "name": "beard",
            "value": "yes",
            "confidence": 0.98
          },
          {
            "name": "big lips",
            "value": "no",
            "confidence": 0.5
          },
          {
            "name": "big nose",
            "value": "yes",
            "confidence": 0.95
          },
          {
            "name": "black hair",
            "value": "no",
            "confidence": 1.0
          },
          {
            "name": "blond hair",
            "value": "no",
            "confidence": 0.92
          },
          {
            "name": "blurry",
            "value": "no",
            "confidence": 0.14
          },
          {
            "name": "brown hair",
            "value": "no",
            "confidence": 1.0
          },
          {
            "name": "bushy eyebrows",
            "value": "no",
            "confidence": 0.62
          },
          {
            "name": "chubby",
            "value": "yes",
            "confidence": 1.0
          },
          {
            "name": "double chin",
            "value": "yes",
            "confidence": 0.9
          },
          {
            "name": "expression",
            "value": "smile",
            "confidence": 0.27
          },
          {
            "name": "gender",
            "value": "male",
            "confidence": 1.0
          },
          {
            "name": "glasses",
            "value": "yes",
            "confidence": 1.0
          },
          {
            "name": "goatee",
            "value": "yes",
            "confidence": 0.88
          },
          {
            "name": "gray hair",
            "value": "yes",
            "confidence": 0.8
          },
          {
            "name": "heavy makeup",
            "value": "no",
            "confidence": 1.0
          },
          {
            "name": "high cheekbones",
            "value": "no",
            "confidence": 0.16
          },
          {
            "name": "mouth open",
            "value": "no",
            "confidence": 0.67
          },
          {
            "name": "mustache",
            "value": "yes",
            "confidence": 0.98
          },
          {
            "name": "narrow eyes",
            "value": "no",
            "confidence": 0.16
          },
          {
            "name": "oval face",
            "value": "yes",
            "confidence": 0.13
          },
          {
            "name": "pale skin",
            "value": "no",
            "confidence": 0.39
          },
          {
            "name": "pitch",
            "value": "-8.31",
            "confidence": 1.0
          },
          {
            "name": "pointy nose",
            "value": "no",
            "confidence": 0.66
          },
          {
            "name": "race",
            "value": "white",
            "confidence": 1.0
          },
          {
            "name": "receding hairline",
            "value": "yes",
            "confidence": 0.72
          },
          {
            "name": "rosy cheeks",
            "value": "no",
            "confidence": 0.89
          },
          {
            "name": "sideburns",
            "value": "yes",
            "confidence": 0.81
          },
          {
            "name": "straight hair",
            "value": "no",
            "confidence": 0.95
          },
          {
            "name": "wavy hair",
            "value": "no",
            "confidence": 0.84
          },
          {
            "name": "wearing earrings",
            "value": "no",
            "confidence": 0.94
          },
          {
            "name": "wearing hat",
            "value": "yes",
            "confidence": 0.11
          },
          {
            "name": "wearing lipstick",
            "value": "no",
            "confidence": 1.0
          },
          {
            "name": "wearing necklace",
            "value": "no",
            "confidence": 1.0
          },
          {
            "name": "wearing necktie",
            "value": "yes",
            "confidence": 0.58
          },
          {
            "name": "yaw",
            "value": "11.62",
            "confidence": 1.0
          },
          {
            "name": "young",
            "value": "no",
            "confidence": 1.0
          }
        ],
        "person_id": "",
        "appearance_id": 0,
        "start": "00:00:00",
        "duration": "00:00:00"
      }
    ],
    "tags": null,
    "original_filename": "https://raw.githubusercontent.com/sarkrui/Hairstyle60k/master/Dataset/Bald/IMG_12.jpg",
    "duration": "00:00:00"
  },
  "recognize": null
}