{
  "media": {
    "media_uuid": "f50dd771-d1c6-43ef-a85f-6ac3e5dead9a",
    "checksum": "689926fbe620c8ccc16b9f952e2cae47089da96e2270c5702e98fc3f176de2dc",
    "faces": [
      {
        "face_uuid": "37447fee-1534-11e9-99c4-0cc47a6c4dbd",
        "media_uuid": "f50dd771-d1c6-43ef-a85f-6ac3e5dead9a",
        "x": 316.5,
        "y": 202.5,
        "width": 171.68,
        "height": 254.16,
        "angle": -5.1622,
        "detection_score": 1.0,
        "points": [
          {
            "x": 297.9,
            "y": 180.69,
            "type": 512,
            "name": "basic eye left"
          },
          {
            "x": 380.62,
            "y": 188.16,
            "type": 768,
            "name": "basic eye right"
          },
          {
            "x": 278.42,
            "y": 179.28,
            "type": 1024,
            "name": "basic eye left outer"
          },
          {
            "x": 397.47,
            "y": 189.84,
            "type": 1280,
            "name": "basic eye right outer"
          },
          {
            "x": 316.99,
            "y": 182.69,
            "type": 1536,
            "name": "basic eye left inner"
          },
          {
            "x": 364.08,
            "y": 187.12,
            "type": 1792,
            "name": "basic eye right inner"
          },
          {
            "x": 294.78,
            "y": 269.91,
            "type": 2048,
            "name": "basic mouth left"
          },
          {
            "x": 364.46,
            "y": 275.58,
            "type": 2304,
            "name": "basic mouth right"
          },
          {
            "x": 349.21,
            "y": 239.05,
            "type": 2560,
            "name": "basic nose tip"
          },
          {
            "x": 330.96,
            "y": 273.88,
            "type": 2816,
            "name": "basic mouth center"
          },
          {
            "x": 330.96,
            "y": 273.88,
            "type": 3072,
            "name": "basic eyebrow left"
          },
          {
            "x": 330.96,
            "y": 273.88,
            "type": 3328,
            "name": "basic eyebrow left inner corner"
          },
          {
            "x": 330.96,
            "y": 273.88,
            "type": 3584,
            "name": "basic eyebrow left outer corner"
          },
          {
            "x": 330.96,
            "y": 273.88,
            "type": 3840,
            "name": "basic eyebrow right"
          },
          {
            "x": 330.96,
            "y": 273.88,
            "type": 4096,
            "name": "basic eyebrow right inner corner"
          },
          {
            "x": 330.96,
            "y": 273.88,
            "type": 4352,
            "name": "basic eyebrow right outer corner"
          },
          {
            "x": 330.96,
            "y": 273.88,
            "type": 4608,
            "name": "basic chin bottom"
          },
          {
            "x": 330.96,
            "y": 273.88,
            "type": 4864,
            "name": "basic chin left"
          },
          {
            "x": 330.96,
            "y": 273.88,
            "type": 5120,
            "name": "basic chin right"
          },
          {
            "x": 319.45,
            "y": 238.11,
            "type": 5376,
            "name": "basic nose left"
          },
          {
            "x": 363.38,
            "y": 241.55,
            "type": 5632,
            "name": "basic nose right"
          }
        ],
        "user_points": null,
        "tags": [
          {
            "name": "5oclock shadow",
            "value": "no",
            "confidence": 0.98
          },
          {
            "name": "age",
            "value": "44",
            "confidence": 0.6
          },
          {
            "name": "arched eyebrows",
            "value": "yes",
            "confidence": 0.63
          },
          {
            "name": "attractive",
            "value": "yes",
            "confidence": 0.07
          },
          {
            "name": "bags under eyes",
            "value": "no",
            "confidence": 0.29
          },
          {
            "name": "bald",
            "value": "no",
            "confidence": 0.14
          },
          {
            "name": "bangs",
            "value": "no",
            "confidence": 0.98
          },
          {
            "name": "beard",
            "value": "no",
            "confidence": 1.0
          },
          {
            "name": "big lips",
            "value": "yes",
            "confidence": 0.14
          },
          {
            "name": "big nose",
            "value": "yes",
            "confidence": 0.13
          },
          {
            "name": "black hair",
            "value": "no",
            "confidence": 0.46
          },
          {
            "name": "blond hair",
            "value": "no",
            "confidence": 0.07
          },
          {
            "name": "blurry",
            "value": "no",
            "confidence": 1.0
          },
          {
            "name": "brown hair",
            "value": "no",
            "confidence": 0.76
          },
          {
            "name": "bushy eyebrows",
            "value": "no",
            "confidence": 0.65
          },
          {
            "name": "chubby",
            "value": "no",
            "confidence": 0.32
          },
          {
            "name": "double chin",
            "value": "no",
            "confidence": 0.28
          },
          {
            "name": "expression",
            "value": "smile",
            "confidence": 0.53
          },
          {
            "name": "gender",
            "value": "female",
            "confidence": 0.81
          },
          {
            "name": "glasses",
            "value": "no",
            "confidence": 1.0
          },
          {
            "name": "goatee",
            "value": "no",
            "confidence": 0.96
          },
          {
            "name": "gray hair",
            "value": "no",
            "confidence": 0.12
          },
          {
            "name": "heavy makeup",
            "value": "yes",
            "confidence": 0.84
          },
          {
            "name": "high cheekbones",
            "value": "yes",
            "confidence": 0.75
          },
          {
            "name": "mouth open",
            "value": "no",
            "confidence": 1.0
          },
          {
            "name": "mustache",
            "value": "no",
            "confidence": 0.9
          },
          {
            "name": "narrow eyes",
            "value": "no",
            "confidence": 0.88
          },
          {
            "name": "oval face",
            "value": "yes",
            "confidence": 0.12
          },
          {
            "name": "pale skin",
            "value": "no",
            "confidence": 0.25
          },
          {
            "name": "pitch",
            "value": "-7.45",
            "confidence": 1.0
          },
          {
            "name": "pointy nose",
            "value": "yes",
            "confidence": 0.38
          },
          {
            "name": "race",
            "value": "white",
            "confidence": 1.0
          },
          {
            "name": "receding hairline",
            "value": "yes",
            "confidence": 0.86
          },
          {
            "name": "rosy cheeks",
            "value": "yes",
            "confidence": 0.42
          },
          {
            "name": "sideburns",
            "value": "no",
            "confidence": 1.0
          },
          {
            "name": "straight hair",
            "value": "no",
            "confidence": 0.05
          },
          {
            "name": "wavy hair",
            "value": "no",
            "confidence": 0.77
          },
          {
            "name": "wearing earrings",
            "value": "yes",
            "confidence": 0.9
          },
          {
            "name": "wearing hat",
            "value": "no",
            "confidence": 0.82
          },
          {
            "name": "wearing lipstick",
            "value": "yes",
            "confidence": 0.92
          },
          {
            "name": "wearing necklace",
            "value": "yes",
            "confidence": 0.05
          },
          {
            "name": "wearing necktie",
            "value": "no",
            "confidence": 0.68
          },
          {
            "name": "yaw",
            "value": "-10.51",
            "confidence": 1.0
          },
          {
            "name": "young",
            "value": "yes",
            "confidence": 0.02
          }
        ],
        "person_id": "",
        "appearance_id": 0,
        "start": "00:00:00",
        "duration": "00:00:00"
      }
    ],
    "tags": null,
    "original_filename": "https://raw.githubusercontent.com/sarkrui/Hairstyle60k/master/Dataset/Bald/IMG_1.jpg",
    "duration": "00:00:00"
  },
  "recognize": null
}