{
  "media": {
    "media_uuid": "fce7ea76-1d5c-4f85-8cc8-10f91f830533",
    "checksum": "89ea127a31122371901cd68b0a582ca219140b12c3241c9c0403350a007daa1b",
    "faces": [
      {
        "face_uuid": "520800c0-1534-11e9-99c4-0cc47a6c4dbd",
        "media_uuid": "fce7ea76-1d5c-4f85-8cc8-10f91f830533",
        "x": 534.86,
        "y": 413.13,
        "width": 398.02,
        "height": 578.77,
        "angle": 1.0601,
        "detection_score": 1.0,
        "points": [
          {
            "x": 443.03,
            "y": 359.39,
            "type": 512,
            "name": "basic eye left"
          },
          {
            "x": 626.23,
            "y": 356.0,
            "type": 768,
            "name": "basic eye right"
          },
          {
            "x": 401.21,
            "y": 361.49,
            "type": 1024,
            "name": "basic eye left outer"
          },
          {
            "x": 665.75,
            "y": 356.35,
            "type": 1280,
            "name": "basic eye right outer"
          },
          {
            "x": 484.62,
            "y": 357.99,
            "type": 1536,
            "name": "basic eye left inner"
          },
          {
            "x": 587.39,
            "y": 356.34,
            "type": 1792,
            "name": "basic eye right inner"
          },
          {
            "x": 471.28,
            "y": 570.81,
            "type": 2048,
            "name": "basic mouth left"
          },
          {
            "x": 607.51,
            "y": 568.75,
            "type": 2304,
            "name": "basic mouth right"
          },
          {
            "x": 549.23,
            "y": 470.05,
            "type": 2560,
            "name": "basic nose tip"
          },
          {
            "x": 540.36,
            "y": 568.98,
            "type": 2816,
            "name": "basic mouth center"
          },
          {
            "x": 540.36,
            "y": 568.98,
            "type": 3072,
            "name": "basic eyebrow left"
          },
          {
            "x": 540.36,
            "y": 568.98,
            "type": 3328,
            "name": "basic eyebrow left inner corner"
          },
          {
            "x": 540.36,
            "y": 568.98,
            "type": 3584,
            "name": "basic eyebrow left outer corner"
          },
          {
            "x": 540.36,
            "y": 568.98,
            "type": 3840,
            "name": "basic eyebrow right"
          },
          {
            "x": 540.36,
            "y": 568.98,
            "type": 4096,
            "name": "basic eyebrow right inner corner"
          },
          {
            "x": 540.36,
            "y": 568.98,
            "type": 4352,
            "name": "basic eyebrow right outer corner"
          },
          {
            "x": 540.36,
            "y": 568.98,
            "type": 4608,
            "name": "basic chin bottom"
          },
          {
            "x": 540.36,
            "y": 568.98,
            "type": 4864,
            "name": "basic chin left"
          },
          {
            "x": 540.36,
            "y": 568.98,
            "type": 5120,
            "name": "basic chin right"
          },
          {
            "x": 495.05,
            "y": 474.4,
            "type": 5376,
            "name": "basic nose left"
          },
          {
            "x": 591.77,
            "y": 473.18,
            "type": 5632,
            "name": "basic nose right"
          }
        ],
        "user_points": null,
        "tags": [
          {
            "name": "5oclock shadow",
            "value": "yes",
            "confidence": 0.48
          },
          {
            "name": "age",
            "value": "48",
            "confidence": 0.6
          },
          {
            "name": "arched eyebrows",
            "value": "no",
            "confidence": 0.26
          },
          {
            "name": "attractive",
            "value": "no",
            "confidence": 0.49
          },
          {
            "name": "bags under eyes",
            "value": "no",
            "confidence": 0.06
          },
          {
            "name": "bald",
            "value": "yes",
            "confidence": 0.62
          },
          {
            "name": "bangs",
            "value": "no",
            "confidence": 1.0
          },
          {
            "name": "beard",
            "value": "yes",
            "confidence": 1.0
          },
          {
            "name": "big lips",
            "value": "no",
            "confidence": 0.17
          },
          {
            "name": "big nose",
            "value": "yes",
            "confidence": 0.44
          },
          {
            "name": "black hair",
            "value": "no",
            "confidence": 0.53
          },
          {
            "name": "blond hair",
            "value": "no",
            "confidence": 0.89
          },
          {
            "name": "blurry",
            "value": "no",
            "confidence": 1.0
          },
          {
            "name": "brown hair",
            "value": "no",
            "confidence": 0.91
          },
          {
            "name": "bushy eyebrows",
            "value": "yes",
            "confidence": 0.74
          },
          {
            "name": "chubby",
            "value": "yes",
            "confidence": 0.21
          },
          {
            "name": "double chin",
            "value": "no",
            "confidence": 0.1
          },
          {
            "name": "expression",
            "value": "neutral",
            "confidence": 1.0
          },
          {
            "name": "gender",
            "value": "male",
            "confidence": 0.98
          },
          {
            "name": "glasses",
            "value": "no",
            "confidence": 1.0
          },
          {
            "name": "goatee",
            "value": "yes",
            "confidence": 0.98
          },
          {
            "name": "gray hair",
            "value": "no",
            "confidence": 0.02
          },
          {
            "name": "heavy makeup",
            "value": "no",
            "confidence": 0.94
          },
          {
            "name": "high cheekbones",
            "value": "no",
            "confidence": 1.0
          },
          {
            "name": "mouth open",
            "value": "no",
            "confidence": 0.77
          },
          {
            "name": "mustache",
            "value": "yes",
            "confidence": 0.88
          },
          {
            "name": "narrow eyes",
            "value": "no",
            "confidence": 1.0
          },
          {
            "name": "oval face",
            "value": "yes",
            "confidence": 0.47
          },
          {
            "name": "pale skin",
            "value": "no",
            "confidence": 0.5
          },
          {
            "name": "pitch",
            "value": "-8.47",
            "confidence": 1.0
          },
          {
            "name": "pointy nose",
            "value": "no",
            "confidence": 0.24
          },
          {
            "name": "race",
            "value": "white",
            "confidence": 1.0
          },
          {
            "name": "receding hairline",
            "value": "yes",
            "confidence": 0.52
          },
          {
            "name": "rosy cheeks",
            "value": "no",
            "confidence": 0.82
          },
          {
            "name": "sideburns",
            "value": "yes",
            "confidence": 0.79
          },
          {
            "name": "straight hair",
            "value": "no",
            "confidence": 0.63
          },
          {
            "name": "wavy hair",
            "value": "no",
            "confidence": 1.0
          },
          {
            "name": "wearing earrings",
            "value": "no",
            "confidence": 0.58
          },
          {
            "name": "wearing hat",
            "value": "no",
            "confidence": 0.23
          },
          {
            "name": "wearing lipstick",
            "value": "no",
            "confidence": 0.93
          },
          {
            "name": "wearing necklace",
            "value": "no",
            "confidence": 1.0
          },
          {
            "name": "wearing necktie",
            "value": "yes",
            "confidence": 0.39
          },
          {
            "name": "yaw",
            "value": "-4.75",
            "confidence": 1.0
          },
          {
            "name": "young",
            "value": "no",
            "confidence": 0.24
          }
        ],
        "person_id": "",
        "appearance_id": 0,
        "start": "00:00:00",
        "duration": "00:00:00"
      }
    ],
    "tags": null,
    "original_filename": "https://raw.githubusercontent.com/sarkrui/Hairstyle60k/master/Dataset/Bald/IMG_19.jpg",
    "duration": "00:00:00"
  },
  "recognize": null
}