{
  "media": {
    "media_uuid": "c3fbb42a-6718-48d3-85b5-6d5c9af217a7",
    "checksum": "25ce22b2275803f33072f26c37b476e0b0bb9767737332a6fa60df67abaa6b09",
    "faces": [
      {
        "face_uuid": "50816ec4-1534-11e9-99c4-0cc47a6c4dbd",
        "media_uuid": "c3fbb42a-6718-48d3-85b5-6d5c9af217a7",
        "x": 454.12,
        "y": 592.88,
        "width": 541.42,
        "height": 765.78,
        "angle": 2.6857,
        "detection_score": 1.0,
        "points": [
          {
            "x": 316.25,
            "y": 523.8,
            "type": 512,
            "name": "basic eye left"
          },
          {
            "x": 578.54,
            "y": 511.5,
            "type": 768,
            "name": "basic eye right"
          },
          {
            "x": 256.74,
            "y": 527.21,
            "type": 1024,
            "name": "basic eye left outer"
          },
          {
            "x": 633.88,
            "y": 509.12,
            "type": 1280,
            "name": "basic eye right outer"
          },
          {
            "x": 375.97,
            "y": 523.2,
            "type": 1536,
            "name": "basic eye left inner"
          },
          {
            "x": 524.04,
            "y": 516.63,
            "type": 1792,
            "name": "basic eye right inner"
          },
          {
            "x": 352.29,
            "y": 809.97,
            "type": 2048,
            "name": "basic mouth left"
          },
          {
            "x": 563.07,
            "y": 803.07,
            "type": 2304,
            "name": "basic mouth right"
          },
          {
            "x": 476.32,
            "y": 696.63,
            "type": 2560,
            "name": "basic nose tip"
          },
          {
            "x": 459.39,
            "y": 809.47,
            "type": 2816,
            "name": "basic mouth center"
          },
          {
            "x": 459.39,
            "y": 809.47,
            "type": 3072,
            "name": "basic eyebrow left"
          },
          {
            "x": 459.39,
            "y": 809.47,
            "type": 3328,
            "name": "basic eyebrow left inner corner"
          },
          {
            "x": 459.39,
            "y": 809.47,
            "type": 3584,
            "name": "basic eyebrow left outer corner"
          },
          {
            "x": 459.39,
            "y": 809.47,
            "type": 3840,
            "name": "basic eyebrow right"
          },
          {
            "x": 459.39,
            "y": 809.47,
            "type": 4096,
            "name": "basic eyebrow right inner corner"
          },
          {
            "x": 459.39,
            "y": 809.47,
            "type": 4352,
            "name": "basic eyebrow right outer corner"
          },
          {
            "x": 459.39,
            "y": 809.47,
            "type": 4608,
            "name": "basic chin bottom"
          },
          {
            "x": 459.39,
            "y": 809.47,
            "type": 4864,
            "name": "basic chin left"
          },
          {
            "x": 459.39,
            "y": 809.47,
            "type": 5120,
            "name": "basic chin right"
          },
          {
            "x": 395.56,
            "y": 696.34,
            "type": 5376,
            "name": "basic nose left"
          },
          {
            "x": 534.96,
            "y": 690.96,
            "type": 5632,
            "name": "basic nose right"
          }
        ],
        "user_points": null,
        "tags": [
          {
            "name": "5oclock shadow",
            "value": "yes",
            "confidence": 0.04
          },
          {
            "name": "age",
            "value": "46",
            "confidence": 0.6
          },
          {
            "name": "arched eyebrows",
            "value": "no",
            "confidence": 1.0
          },
          {
            "name": "attractive",
            "value": "no",
            "confidence": 0.75
          },
          {
            "name": "bags under eyes",
            "value": "yes",
            "confidence": 0.59
          },
          {
            "name": "bald",
            "value": "yes",
            "confidence": 0.81
          },
          {
            "name": "bangs",
            "value": "no",
            "confidence": 1.0
          },
          {
            "name": "beard",
            "value": "yes",
            "confidence": 0.15
          },
          {
            "name": "big lips",
            "value": "no",
            "confidence": 0.82
          },
          {
            "name": "big nose",
            "value": "yes",
            "confidence": 0.54
          },
          {
            "name": "black hair",
            "value": "no",
            "confidence": 1.0
          },
          {
            "name": "blond hair",
            "value": "no",
            "confidence": 0.49
          },
          {
            "name": "blurry",
            "value": "no",
            "confidence": 0.81
          },
          {
            "name": "brown hair",
            "value": "no",
            "confidence": 0.92
          },
          {
            "name": "bushy eyebrows",
            "value": "no",
            "confidence": 0.94
          },
          {
            "name": "chubby",
            "value": "yes",
            "confidence": 0.42
          },
          {
            "name": "double chin",
            "value": "yes",
            "confidence": 0.3
          },
          {
            "name": "expression",
            "value": "neutral",
            "confidence": 1.0
          },
          {
            "name": "gender",
            "value": "male",
            "confidence": 1.0
          },
          {
            "name": "glasses",
            "value": "no",
            "confidence": 1.0
          },
          {
            "name": "goatee",
            "value": "no",
            "confidence": 0.16
          },
          {
            "name": "gray hair",
            "value": "yes",
            "confidence": 0.95
          },
          {
            "name": "heavy makeup",
            "value": "no",
            "confidence": 0.96
          },
          {
            "name": "high cheekbones",
            "value": "no",
            "confidence": 1.0
          },
          {
            "name": "mouth open",
            "value": "no",
            "confidence": 0.83
          },
          {
            "name": "mustache",
            "value": "yes",
            "confidence": 0.05
          },
          {
            "name": "narrow eyes",
            "value": "no",
            "confidence": 0.81
          },
          {
            "name": "oval face",
            "value": "no",
            "confidence": 0.14
          },
          {
            "name": "pale skin",
            "value": "no",
            "confidence": 0.23
          },
          {
            "name": "pitch",
            "value": "-8.47",
            "confidence": 1.0
          },
          {
            "name": "pointy nose",
            "value": "no",
            "confidence": 0.31
          },
          {
            "name": "race",
            "value": "white",
            "confidence": 1.0
          },
          {
            "name": "receding hairline",
            "value": "yes",
            "confidence": 0.85
          },
          {
            "name": "rosy cheeks",
            "value": "no",
            "confidence": 0.92
          },
          {
            "name": "sideburns",
            "value": "no",
            "confidence": 0.19
          },
          {
            "name": "straight hair",
            "value": "no",
            "confidence": 0.05
          },
          {
            "name": "wavy hair",
            "value": "no",
            "confidence": 1.0
          },
          {
            "name": "wearing earrings",
            "value": "no",
            "confidence": 1.0
          },
          {
            "name": "wearing hat",
            "value": "no",
            "confidence": 0.66
          },
          {
            "name": "wearing lipstick",
            "value": "no",
            "confidence": 0.97
          },
          {
            "name": "wearing necklace",
            "value": "no",
            "confidence": 1.0
          },
          {
            "name": "wearing necktie",
            "value": "yes",
            "confidence": 0.88
          },
          {
            "name": "yaw",
            "value": "-2.03",
            "confidence": 1.0
          },
          {
            "name": "young",
            "value": "no",
            "confidence": 0.93
          }
        ],
        "person_id": "",
        "appearance_id": 0,
        "start": "00:00:00",
        "duration": "00:00:00"
      }
    ],
    "tags": null,
    "original_filename": "https://raw.githubusercontent.com/sarkrui/Hairstyle60k/master/Dataset/Bald/IMG_18.jpg",
    "duration": "00:00:00"
  },
  "recognize": null
}