{
  "media": {
    "media_uuid": "c1025499-aa34-48ac-be07-7c1f864d87d6",
    "checksum": "202ed4c27e46910d00af3d78215a28d774764742234ebc486747437ac75bbd95",
    "faces": [
      {
        "face_uuid": "6ff77126-153f-11e9-99c4-0cc47a6c4dbd",
        "media_uuid": "c1025499-aa34-48ac-be07-7c1f864d87d6",
        "x": 210.0,
        "y": 278.0,
        "width": 136.37,
        "height": 203.6,
        "angle": -8.1987,
        "detection_score": 1.0,
        "points": [
          {
            "x": 172.65,
            "y": 261.69,
            "type": 512,
            "name": "basic eye left"
          },
          {
            "x": 246.98,
            "y": 272.4,
            "type": 768,
            "name": "basic eye right"
          },
          {
            "x": 156.89,
            "y": 259.42,
            "type": 1024,
            "name": "basic eye left outer"
          },
          {
            "x": 262.51,
            "y": 274.6,
            "type": 1280,
            "name": "basic eye right outer"
          },
          {
            "x": 188.08,
            "y": 265.57,
            "type": 1536,
            "name": "basic eye left inner"
          },
          {
            "x": 231.45,
            "y": 271.82,
            "type": 1792,
            "name": "basic eye right inner"
          },
          {
            "x": 169.55,
            "y": 331.01,
            "type": 2048,
            "name": "basic mouth left"
          },
          {
            "x": 234.59,
            "y": 340.07,
            "type": 2304,
            "name": "basic mouth right"
          },
          {
            "x": 205.12,
            "y": 315.11,
            "type": 2560,
            "name": "basic nose tip"
          },
          {
            "x": 201.78,
            "y": 338.09,
            "type": 2816,
            "name": "basic mouth center"
          },
          {
            "x": 201.78,
            "y": 338.09,
            "type": 3072,
            "name": "basic eyebrow left"
          },
          {
            "x": 201.78,
            "y": 338.09,
            "type": 3328,
            "name": "basic eyebrow left inner corner"
          },
          {
            "x": 201.78,
            "y": 338.09,
            "type": 3584,
            "name": "basic eyebrow left outer corner"
          },
          {
            "x": 201.78,
            "y": 338.09,
            "type": 3840,
            "name": "basic eyebrow right"
          },
          {
            "x": 201.78,
            "y": 338.09,
            "type": 4096,
            "name": "basic eyebrow right inner corner"
          },
          {
            "x": 201.78,
            "y": 338.09,
            "type": 4352,
            "name": "basic eyebrow right outer corner"
          },
          {
            "x": 201.78,
            "y": 338.09,
            "type": 4608,
            "name": "basic chin bottom"
          },
          {
            "x": 201.78,
            "y": 338.09,
            "type": 4864,
            "name": "basic chin left"
          },
          {
            "x": 201.78,
            "y": 338.09,
            "type": 5120,
            "name": "basic chin right"
          },
          {
            "x": 185.87,
            "y": 312.02,
            "type": 5376,
            "name": "basic nose left"
          },
          {
            "x": 223.55,
            "y": 317.22,
            "type": 5632,
            "name": "basic nose right"
          }
        ],
        "user_points": null,
        "tags": [
          {
            "name": "5oclock shadow",
            "value": "no",
            "confidence": 1.0
          },
          {
            "name": "age",
            "value": "15",
            "confidence": 0.6
          },
          {
            "name": "arched eyebrows",
            "value": "yes",
            "confidence": 0.42
          },
          {
            "name": "attractive",
            "value": "yes",
            "confidence": 0.61
          },
          {
            "name": "bags under eyes",
            "value": "no",
            "confidence": 0.08
          },
          {
            "name": "bald",
            "value": "no",
            "confidence": 0.73
          },
          {
            "name": "bangs",
            "value": "yes",
            "confidence": 0.6
          },
          {
            "name": "beard",
            "value": "no",
            "confidence": 1.0
          },
          {
            "name": "big lips",
            "value": "yes",
            "confidence": 0.34
          },
          {
            "name": "big nose",
            "value": "yes",
            "confidence": 0.07
          },
          {
            "name": "black hair",
            "value": "yes",
            "confidence": 0.37
          },
          {
            "name": "blond hair",
            "value": "no",
            "confidence": 0.76
          },
          {
            "name": "blurry",
            "value": "no",
            "confidence": 1.0
          },
          {
            "name": "brown hair",
            "value": "no",
            "confidence": 0.82
          },
          {
            "name": "bushy eyebrows",
            "value": "no",
            "confidence": 0.53
          },
          {
            "name": "chubby",
            "value": "no",
            "confidence": 0.44
          },
          {
            "name": "double chin",
            "value": "no",
            "confidence": 0.39
          },
          {
            "name": "expression",
            "value": "smile",
            "confidence": 0.96
          },
          {
            "name": "gender",
            "value": "female",
            "confidence": 0.95
          },
          {
            "name": "glasses",
            "value": "no",
            "confidence": 1.0
          },
          {
            "name": "goatee",
            "value": "no",
            "confidence": 1.0
          },
          {
            "name": "gray hair",
            "value": "no",
            "confidence": 0.78
          },
          {
            "name": "heavy makeup",
            "value": "yes",
            "confidence": 0.83
          },
          {
            "name": "high cheekbones",
            "value": "yes",
            "confidence": 0.92
          },
          {
            "name": "mouth open",
            "value": "no",
            "confidence": 0.76
          },
          {
            "name": "mustache",
            "value": "no",
            "confidence": 1.0
          },
          {
            "name": "narrow eyes",
            "value": "no",
            "confidence": 0.31
          },
          {
            "name": "oval face",
            "value": "yes",
            "confidence": 0.19
          },
          {
            "name": "pale skin",
            "value": "yes",
            "confidence": 0.61
          },
          {
            "name": "pitch",
            "value": "-7.02",
            "confidence": 1.0
          },
          {
            "name": "pointy nose",
            "value": "no",
            "confidence": 0.26
          },
          {
            "name": "race",
            "value": "white",
            "confidence": 0.96
          },
          {
            "name": "receding hairline",
            "value": "no",
            "confidence": 0.6
          },
          {
            "name": "rosy cheeks",
            "value": "yes",
            "confidence": 0.01
          },
          {
            "name": "sideburns",
            "value": "no",
            "confidence": 1.0
          },
          {
            "name": "straight hair",
            "value": "no",
            "confidence": 0.13
          },
          {
            "name": "wavy hair",
            "value": "no",
            "confidence": 0.25
          },
          {
            "name": "wearing earrings",
            "value": "yes",
            "confidence": 0.42
          },
          {
            "name": "wearing hat",
            "value": "no",
            "confidence": 0.41
          },
          {
            "name": "wearing lipstick",
            "value": "yes",
            "confidence": 0.97
          },
          {
            "name": "wearing necklace",
            "value": "yes",
            "confidence": 0.04
          },
          {
            "name": "wearing necktie",
            "value": "no",
            "confidence": 0.67
          },
          {
            "name": "yaw",
            "value": "7.06",
            "confidence": 1.0
          },
          {
            "name": "young",
            "value": "yes",
            "confidence": 0.24
          }
        ],
        "person_id": "",
        "appearance_id": 0,
        "start": "00:00:00",
        "duration": "00:00:00"
      }
    ],
    "tags": null,
    "original_filename": "https://raw.githubusercontent.com/sarkrui/Hairstyle60k/master/Dataset/Beehive/IMG_9.jpg",
    "duration": "00:00:00"
  },
  "recognize": null
}