{
  "media": {
    "media_uuid": "2d771e32-835e-4036-9cfe-a75e8d5f2b6b",
    "checksum": "9a98e72257bc658140a74216d140a4be297d9db01793bfd464d8ff09496e8ff2",
    "faces": [
      {
        "face_uuid": "7e72f892-153f-11e9-99c4-0cc47a6c4dbd",
        "media_uuid": "2d771e32-835e-4036-9cfe-a75e8d5f2b6b",
        "x": 129.5,
        "y": 301.5,
        "width": 170.92,
        "height": 289.32,
        "angle": -4.6745,
        "detection_score": 1.0,
        "points": [
          {
            "x": 95.77,
            "y": 274.87,
            "type": 512,
            "name": "basic eye left"
          },
          {
            "x": 197.57,
            "y": 283.2,
            "type": 768,
            "name": "basic eye right"
          },
          {
            "x": 75.01,
            "y": 273.72,
            "type": 1024,
            "name": "basic eye left outer"
          },
          {
            "x": 219.28,
            "y": 285.61,
            "type": 1280,
            "name": "basic eye right outer"
          },
          {
            "x": 115.51,
            "y": 278.09,
            "type": 1536,
            "name": "basic eye left inner"
          },
          {
            "x": 175.76,
            "y": 282.96,
            "type": 1792,
            "name": "basic eye right inner"
          },
          {
            "x": 69.16,
            "y": 382.98,
            "type": 2048,
            "name": "basic mouth left"
          },
          {
            "x": 157.45,
            "y": 401.81,
            "type": 2304,
            "name": "basic mouth right"
          },
          {
            "x": 127.97,
            "y": 333.06,
            "type": 2560,
            "name": "basic nose tip"
          },
          {
            "x": 112.36,
            "y": 392.78,
            "type": 2816,
            "name": "basic mouth center"
          },
          {
            "x": 112.36,
            "y": 392.78,
            "type": 3072,
            "name": "basic eyebrow left"
          },
          {
            "x": 112.36,
            "y": 392.78,
            "type": 3328,
            "name": "basic eyebrow left inner corner"
          },
          {
            "x": 112.36,
            "y": 392.78,
            "type": 3584,
            "name": "basic eyebrow left outer corner"
          },
          {
            "x": 112.36,
            "y": 392.78,
            "type": 3840,
            "name": "basic eyebrow right"
          },
          {
            "x": 112.36,
            "y": 392.78,
            "type": 4096,
            "name": "basic eyebrow right inner corner"
          },
          {
            "x": 112.36,
            "y": 392.78,
            "type": 4352,
            "name": "basic eyebrow right outer corner"
          },
          {
            "x": 112.36,
            "y": 392.78,
            "type": 4608,
            "name": "basic chin bottom"
          },
          {
            "x": 112.36,
            "y": 392.78,
            "type": 4864,
            "name": "basic chin left"
          },
          {
            "x": 112.36,
            "y": 392.78,
            "type": 5120,
            "name": "basic chin right"
          },
          {
            "x": 102.11,
            "y": 339.49,
            "type": 5376,
            "name": "basic nose left"
          },
          {
            "x": 157.28,
            "y": 347.67,
            "type": 5632,
            "name": "basic nose right"
          }
        ],
        "user_points": null,
        "tags": [
          {
            "name": "5oclock shadow",
            "value": "no",
            "confidence": 0.94
          },
          {
            "name": "age",
            "value": "23",
            "confidence": 0.6
          },
          {
            "name": "arched eyebrows",
            "value": "no",
            "confidence": 0.77
          },
          {
            "name": "attractive",
            "value": "yes",
            "confidence": 0.14
          },
          {
            "name": "bags under eyes",
            "value": "no",
            "confidence": 1.0
          },
          {
            "name": "bald",
            "value": "no",
            "confidence": 1.0
          },
          {
            "name": "bangs",
            "value": "yes",
            "confidence": 0.32
          },
          {
            "name": "beard",
            "value": "no",
            "confidence": 1.0
          },
          {
            "name": "big lips",
            "value": "no",
            "confidence": 0.23
          },
          {
            "name": "big nose",
            "value": "no",
            "confidence": 1.0
          },
          {
            "name": "black hair",
            "value": "no",
            "confidence": 0.52
          },
          {
            "name": "blond hair",
            "value": "no",
            "confidence": 0.9
          },
          {
            "name": "blurry",
            "value": "no",
            "confidence": 0.07
          },
          {
            "name": "brown hair",
            "value": "yes",
            "confidence": 0.5
          },
          {
            "name": "bushy eyebrows",
            "value": "no",
            "confidence": 0.62
          },
          {
            "name": "chubby",
            "value": "no",
            "confidence": 1.0
          },
          {
            "name": "double chin",
            "value": "no",
            "confidence": 1.0
          },
          {
            "name": "expression",
            "value": "neutral",
            "confidence": 0.71
          },
          {
            "name": "gender",
            "value": "female",
            "confidence": 0.25
          },
          {
            "name": "glasses",
            "value": "no",
            "confidence": 1.0
          },
          {
            "name": "goatee",
            "value": "no",
            "confidence": 1.0
          },
          {
            "name": "gray hair",
            "value": "no",
            "confidence": 1.0
          },
          {
            "name": "heavy makeup",
            "value": "no",
            "confidence": 0.5
          },
          {
            "name": "high cheekbones",
            "value": "no",
            "confidence": 0.9
          },
          {
            "name": "mouth open",
            "value": "no",
            "confidence": 0.77
          },
          {
            "name": "mustache",
            "value": "no",
            "confidence": 1.0
          },
          {
            "name": "narrow eyes",
            "value": "no",
            "confidence": 0.18
          },
          {
            "name": "oval face",
            "value": "no",
            "confidence": 0.06
          },
          {
            "name": "pale skin",
            "value": "yes",
            "confidence": 0.71
          },
          {
            "name": "pitch",
            "value": "-4.86",
            "confidence": 1.0
          },
          {
            "name": "pointy nose",
            "value": "no",
            "confidence": 0.33
          },
          {
            "name": "race",
            "value": "asian",
            "confidence": 0.99
          },
          {
            "name": "receding hairline",
            "value": "no",
            "confidence": 0.98
          },
          {
            "name": "rosy cheeks",
            "value": "no",
            "confidence": 1.0
          },
          {
            "name": "sideburns",
            "value": "no",
            "confidence": 1.0
          },
          {
            "name": "straight hair",
            "value": "no",
            "confidence": 0.18
          },
          {
            "name": "wavy hair",
            "value": "no",
            "confidence": 0.07
          },
          {
            "name": "wearing earrings",
            "value": "no",
            "confidence": 0.48
          },
          {
            "name": "wearing hat",
            "value": "no",
            "confidence": 0.55
          },
          {
            "name": "wearing lipstick",
            "value": "no",
            "confidence": 0.39
          },
          {
            "name": "wearing necklace",
            "value": "no",
            "confidence": 0.6
          },
          {
            "name": "wearing necktie",
            "value": "no",
            "confidence": 0.84
          },
          {
            "name": "yaw",
            "value": "56.82",
            "confidence": 1.0
          },
          {
            "name": "young",
            "value": "yes",
            "confidence": 1.0
          }
        ],
        "person_id": "",
        "appearance_id": 0,
        "start": "00:00:00",
        "duration": "00:00:00"
      }
    ],
    "tags": null,
    "original_filename": "https://raw.githubusercontent.com/sarkrui/Hairstyle60k/master/Dataset/Beehive/IMG_22.jpg",
    "duration": "00:00:00"
  },
  "recognize": null
}