{
  "media": {
    "media_uuid": "f9b72108-d849-42c4-beeb-97ae3540a3ae",
    "checksum": "3a3167fb92752e08a5886f4b0fb090ded566caa720b843c4bbb0cd0630f13c82",
    "faces": [
      {
        "face_uuid": "79e08d5e-153f-11e9-99c4-0cc47a6c4dbd",
        "media_uuid": "f9b72108-d849-42c4-beeb-97ae3540a3ae",
        "x": 250.5,
        "y": 149.0,
        "width": 92.59,
        "height": 126.0,
        "angle": 7.5576,
        "detection_score": 1.0,
        "points": [
          {
            "x": 221.57,
            "y": 141.45,
            "type": 512,
            "name": "basic eye left"
          },
          {
            "x": 268.68,
            "y": 135.2,
            "type": 768,
            "name": "basic eye right"
          },
          {
            "x": 211.65,
            "y": 142.83,
            "type": 1024,
            "name": "basic eye left outer"
          },
          {
            "x": 278.95,
            "y": 133.9,
            "type": 1280,
            "name": "basic eye right outer"
          },
          {
            "x": 231.42,
            "y": 141.29,
            "type": 1536,
            "name": "basic eye left inner"
          },
          {
            "x": 258.73,
            "y": 137.65,
            "type": 1792,
            "name": "basic eye right inner"
          },
          {
            "x": 234.37,
            "y": 189.19,
            "type": 2048,
            "name": "basic mouth left"
          },
          {
            "x": 267.36,
            "y": 185.7,
            "type": 2304,
            "name": "basic mouth right"
          },
          {
            "x": 247.21,
            "y": 169.85,
            "type": 2560,
            "name": "basic nose tip"
          },
          {
            "x": 250.76,
            "y": 188.14,
            "type": 2816,
            "name": "basic mouth center"
          },
          {
            "x": 250.76,
            "y": 188.14,
            "type": 3072,
            "name": "basic eyebrow left"
          },
          {
            "x": 250.76,
            "y": 188.14,
            "type": 3328,
            "name": "basic eyebrow left inner corner"
          },
          {
            "x": 250.76,
            "y": 188.14,
            "type": 3584,
            "name": "basic eyebrow left outer corner"
          },
          {
            "x": 250.76,
            "y": 188.14,
            "type": 3840,
            "name": "basic eyebrow right"
          },
          {
            "x": 250.76,
            "y": 188.14,
            "type": 4096,
            "name": "basic eyebrow right inner corner"
          },
          {
            "x": 250.76,
            "y": 188.14,
            "type": 4352,
            "name": "basic eyebrow right outer corner"
          },
          {
            "x": 250.76,
            "y": 188.14,
            "type": 4608,
            "name": "basic chin bottom"
          },
          {
            "x": 250.76,
            "y": 188.14,
            "type": 4864,
            "name": "basic chin left"
          },
          {
            "x": 250.76,
            "y": 188.14,
            "type": 5120,
            "name": "basic chin right"
          },
          {
            "x": 236.99,
            "y": 171.47,
            "type": 5376,
            "name": "basic nose left"
          },
          {
            "x": 259.37,
            "y": 168.81,
            "type": 5632,
            "name": "basic nose right"
          }
        ],
        "user_points": null,
        "tags": [
          {
            "name": "5oclock shadow",
            "value": "no",
            "confidence": 1.0
          },
          {
            "name": "age",
            "value": "13",
            "confidence": 0.6
          },
          {
            "name": "arched eyebrows",
            "value": "yes",
            "confidence": 0.43
          },
          {
            "name": "attractive",
            "value": "yes",
            "confidence": 0.92
          },
          {
            "name": "bags under eyes",
            "value": "no",
            "confidence": 1.0
          },
          {
            "name": "bald",
            "value": "no",
            "confidence": 0.51
          },
          {
            "name": "bangs",
            "value": "no",
            "confidence": 1.0
          },
          {
            "name": "beard",
            "value": "no",
            "confidence": 1.0
          },
          {
            "name": "big lips",
            "value": "no",
            "confidence": 0.08
          },
          {
            "name": "big nose",
            "value": "no",
            "confidence": 0.96
          },
          {
            "name": "black hair",
            "value": "no",
            "confidence": 0.3
          },
          {
            "name": "blond hair",
            "value": "no",
            "confidence": 0.63
          },
          {
            "name": "blurry",
            "value": "no",
            "confidence": 1.0
          },
          {
            "name": "brown hair",
            "value": "no",
            "confidence": 0.04
          },
          {
            "name": "bushy eyebrows",
            "value": "no",
            "confidence": 0.12
          },
          {
            "name": "chubby",
            "value": "no",
            "confidence": 0.87
          },
          {
            "name": "double chin",
            "value": "no",
            "confidence": 1.0
          },
          {
            "name": "expression",
            "value": "neutral",
            "confidence": 1.0
          },
          {
            "name": "gender",
            "value": "female",
            "confidence": 0.99
          },
          {
            "name": "glasses",
            "value": "no",
            "confidence": 1.0
          },
          {
            "name": "goatee",
            "value": "no",
            "confidence": 0.99
          },
          {
            "name": "gray hair",
            "value": "no",
            "confidence": 0.82
          },
          {
            "name": "heavy makeup",
            "value": "yes",
            "confidence": 0.92
          },
          {
            "name": "high cheekbones",
            "value": "no",
            "confidence": 0.89
          },
          {
            "name": "mouth open",
            "value": "no",
            "confidence": 0.58
          },
          {
            "name": "mustache",
            "value": "no",
            "confidence": 1.0
          },
          {
            "name": "narrow eyes",
            "value": "no",
            "confidence": 1.0
          },
          {
            "name": "oval face",
            "value": "yes",
            "confidence": 0.7
          },
          {
            "name": "pale skin",
            "value": "yes",
            "confidence": 0.37
          },
          {
            "name": "pitch",
            "value": "-8.74",
            "confidence": 1.0
          },
          {
            "name": "pointy nose",
            "value": "yes",
            "confidence": 0.11
          },
          {
            "name": "race",
            "value": "white",
            "confidence": 1.0
          },
          {
            "name": "receding hairline",
            "value": "yes",
            "confidence": 0.15
          },
          {
            "name": "rosy cheeks",
            "value": "no",
            "confidence": 0.69
          },
          {
            "name": "sideburns",
            "value": "no",
            "confidence": 1.0
          },
          {
            "name": "straight hair",
            "value": "yes",
            "confidence": 0.31
          },
          {
            "name": "wavy hair",
            "value": "no",
            "confidence": 0.59
          },
          {
            "name": "wearing earrings",
            "value": "no",
            "confidence": 0.08
          },
          {
            "name": "wearing hat",
            "value": "no",
            "confidence": 1.0
          },
          {
            "name": "wearing lipstick",
            "value": "yes",
            "confidence": 0.91
          },
          {
            "name": "wearing necklace",
            "value": "no",
            "confidence": 0.44
          },
          {
            "name": "wearing necktie",
            "value": "no",
            "confidence": 0.7
          },
          {
            "name": "yaw",
            "value": "1.92",
            "confidence": 1.0
          },
          {
            "name": "young",
            "value": "yes",
            "confidence": 1.0
          }
        ],
        "person_id": "",
        "appearance_id": 0,
        "start": "00:00:00",
        "duration": "00:00:00"
      }
    ],
    "tags": null,
    "original_filename": "https://raw.githubusercontent.com/sarkrui/Hairstyle60k/master/Dataset/Beehive/IMG_19.jpg",
    "duration": "00:00:00"
  },
  "recognize": null
}