{
  "media": {
    "media_uuid": "b49fad76-f60f-448f-81d7-2b677529f388",
    "checksum": "a6becbe4b4cd0fd146b623e3fb79ecb491df43201c3177eb3cd11649ff962162",
    "faces": [
      {
        "face_uuid": "7f9016a0-153f-11e9-99c4-0cc47a6c4dbd",
        "media_uuid": "b49fad76-f60f-448f-81d7-2b677529f388",
        "x": 117.5,
        "y": 158.0,
        "width": 88.83,
        "height": 120.35,
        "angle": 1.5278,
        "detection_score": 1.0,
        "points": [
          {
            "x": 88.56,
            "y": 141.4,
            "type": 512,
            "name": "basic eye left"
          },
          {
            "x": 134.46,
            "y": 140.17,
            "type": 768,
            "name": "basic eye right"
          },
          {
            "x": 79.68,
            "y": 141.96,
            "type": 1024,
            "name": "basic eye left outer"
          },
          {
            "x": 145.01,
            "y": 140.41,
            "type": 1280,
            "name": "basic eye right outer"
          },
          {
            "x": 97.12,
            "y": 141.78,
            "type": 1536,
            "name": "basic eye left inner"
          },
          {
            "x": 124.17,
            "y": 141.01,
            "type": 1792,
            "name": "basic eye right inner"
          },
          {
            "x": 85.27,
            "y": 190.0,
            "type": 2048,
            "name": "basic mouth left"
          },
          {
            "x": 117.24,
            "y": 193.52,
            "type": 2304,
            "name": "basic mouth right"
          },
          {
            "x": 99.3,
            "y": 168.92,
            "type": 2560,
            "name": "basic nose tip"
          },
          {
            "x": 100.49,
            "y": 192.0,
            "type": 2816,
            "name": "basic mouth center"
          },
          {
            "x": 100.49,
            "y": 192.0,
            "type": 3072,
            "name": "basic eyebrow left"
          },
          {
            "x": 100.49,
            "y": 192.0,
            "type": 3328,
            "name": "basic eyebrow left inner corner"
          },
          {
            "x": 100.49,
            "y": 192.0,
            "type": 3584,
            "name": "basic eyebrow left outer corner"
          },
          {
            "x": 100.49,
            "y": 192.0,
            "type": 3840,
            "name": "basic eyebrow right"
          },
          {
            "x": 100.49,
            "y": 192.0,
            "type": 4096,
            "name": "basic eyebrow right inner corner"
          },
          {
            "x": 100.49,
            "y": 192.0,
            "type": 4352,
            "name": "basic eyebrow right outer corner"
          },
          {
            "x": 100.49,
            "y": 192.0,
            "type": 4608,
            "name": "basic chin bottom"
          },
          {
            "x": 100.49,
            "y": 192.0,
            "type": 4864,
            "name": "basic chin left"
          },
          {
            "x": 100.49,
            "y": 192.0,
            "type": 5120,
            "name": "basic chin right"
          },
          {
            "x": 92.2,
            "y": 172.69,
            "type": 5376,
            "name": "basic nose left"
          },
          {
            "x": 114.42,
            "y": 173.0,
            "type": 5632,
            "name": "basic nose right"
          }
        ],
        "user_points": null,
        "tags": [
          {
            "name": "5oclock shadow",
            "value": "no",
            "confidence": 1.0
          },
          {
            "name": "age",
            "value": "42",
            "confidence": 0.6
          },
          {
            "name": "arched eyebrows",
            "value": "no",
            "confidence": 1.0
          },
          {
            "name": "attractive",
            "value": "no",
            "confidence": 0.54
          },
          {
            "name": "bags under eyes",
            "value": "no",
            "confidence": 0.82
          },
          {
            "name": "bald",
            "value": "no",
            "confidence": 0.79
          },
          {
            "name": "bangs",
            "value": "yes",
            "confidence": 0.25
          },
          {
            "name": "beard",
            "value": "no",
            "confidence": 1.0
          },
          {
            "name": "big lips",
            "value": "no",
            "confidence": 0.51
          },
          {
            "name": "big nose",
            "value": "no",
            "confidence": 0.83
          },
          {
            "name": "black hair",
            "value": "no",
            "confidence": 0.9
          },
          {
            "name": "blond hair",
            "value": "yes",
            "confidence": 0.24
          },
          {
            "name": "blurry",
            "value": "yes",
            "confidence": 0.37
          },
          {
            "name": "brown hair",
            "value": "no",
            "confidence": 0.13
          },
          {
            "name": "bushy eyebrows",
            "value": "no",
            "confidence": 1.0
          },
          {
            "name": "chubby",
            "value": "no",
            "confidence": 0.73
          },
          {
            "name": "double chin",
            "value": "no",
            "confidence": 0.9
          },
          {
            "name": "expression",
            "value": "neutral",
            "confidence": 0.94
          },
          {
            "name": "gender",
            "value": "female",
            "confidence": 0.24
          },
          {
            "name": "glasses",
            "value": "no",
            "confidence": 1.0
          },
          {
            "name": "goatee",
            "value": "no",
            "confidence": 1.0
          },
          {
            "name": "gray hair",
            "value": "no",
            "confidence": 0.28
          },
          {
            "name": "heavy makeup",
            "value": "no",
            "confidence": 0.75
          },
          {
            "name": "high cheekbones",
            "value": "no",
            "confidence": 0.86
          },
          {
            "name": "mouth open",
            "value": "no",
            "confidence": 0.63
          },
          {
            "name": "mustache",
            "value": "no",
            "confidence": 1.0
          },
          {
            "name": "narrow eyes",
            "value": "yes",
            "confidence": 0.09
          },
          {
            "name": "oval face",
            "value": "no",
            "confidence": 0.21
          },
          {
            "name": "pale skin",
            "value": "yes",
            "confidence": 0.69
          },
          {
            "name": "pitch",
            "value": "-5.55",
            "confidence": 1.0
          },
          {
            "name": "pointy nose",
            "value": "no",
            "confidence": 0.46
          },
          {
            "name": "race",
            "value": "asian",
            "confidence": 1.0
          },
          {
            "name": "receding hairline",
            "value": "no",
            "confidence": 0.73
          },
          {
            "name": "rosy cheeks",
            "value": "no",
            "confidence": 1.0
          },
          {
            "name": "sideburns",
            "value": "no",
            "confidence": 1.0
          },
          {
            "name": "straight hair",
            "value": "yes",
            "confidence": 0.14
          },
          {
            "name": "wavy hair",
            "value": "no",
            "confidence": 0.25
          },
          {
            "name": "wearing earrings",
            "value": "no",
            "confidence": 0.61
          },
          {
            "name": "wearing hat",
            "value": "no",
            "confidence": 0.64
          },
          {
            "name": "wearing lipstick",
            "value": "no",
            "confidence": 0.53
          },
          {
            "name": "wearing necklace",
            "value": "no",
            "confidence": 0.58
          },
          {
            "name": "wearing necktie",
            "value": "no",
            "confidence": 0.67
          },
          {
            "name": "yaw",
            "value": "58.1",
            "confidence": 1.0
          },
          {
            "name": "young",
            "value": "no",
            "confidence": 0.03
          }
        ],
        "person_id": "",
        "appearance_id": 0,
        "start": "00:00:00",
        "duration": "00:00:00"
      },
      {
        "face_uuid": "7fbcf90e-153f-11e9-99c4-0cc47a6c4dbd",
        "media_uuid": "b49fad76-f60f-448f-81d7-2b677529f388",
        "x": 456.0,
        "y": 261.0,
        "width": 139.36,
        "height": 164.18,
        "angle": 8.3913,
        "detection_score": 1.0,
        "points": [
          {
            "x": 396.14,
            "y": 250.87,
            "type": 512,
            "name": "basic eye left"
          },
          {
            "x": 460.75,
            "y": 241.34,
            "type": 768,
            "name": "basic eye right"
          },
          {
            "x": 383.8,
            "y": 253.16,
            "type": 1024,
            "name": "basic eye left outer"
          },
          {
            "x": 475.41,
            "y": 240.02,
            "type": 1280,
            "name": "basic eye right outer"
          },
          {
            "x": 408.73,
            "y": 249.45,
            "type": 1536,
            "name": "basic eye left inner"
          },
          {
            "x": 446.63,
            "y": 243.67,
            "type": 1792,
            "name": "basic eye right inner"
          },
          {
            "x": 414.91,
            "y": 309.6,
            "type": 2048,
            "name": "basic mouth left"
          },
          {
            "x": 467.49,
            "y": 304.49,
            "type": 2304,
            "name": "basic mouth right"
          },
          {
            "x": 424.43,
            "y": 282.48,
            "type": 2560,
            "name": "basic nose tip"
          },
          {
            "x": 440.7,
            "y": 307.88,
            "type": 2816,
            "name": "basic mouth center"
          },
          {
            "x": 440.7,
            "y": 307.88,
            "type": 3072,
            "name": "basic eyebrow left"
          },
          {
            "x": 440.7,
            "y": 307.88,
            "type": 3328,
            "name": "basic eyebrow left inner corner"
          },
          {
            "x": 440.7,
            "y": 307.88,
            "type": 3584,
            "name": "basic eyebrow left outer corner"
          },
          {
            "x": 440.7,
            "y": 307.88,
            "type": 3840,
            "name": "basic eyebrow right"
          },
          {
            "x": 440.7,
            "y": 307.88,
            "type": 4096,
            "name": "basic eyebrow right inner corner"
          },
          {
            "x": 440.7,
            "y": 307.88,
            "type": 4352,
            "name": "basic eyebrow right outer corner"
          },
          {
            "x": 440.7,
            "y": 307.88,
            "type": 4608,
            "name": "basic chin bottom"
          },
          {
            "x": 440.7,
            "y": 307.88,
            "type": 4864,
            "name": "basic chin left"
          },
          {
            "x": 440.7,
            "y": 307.88,
            "type": 5120,
            "name": "basic chin right"
          },
          {
            "x": 413.07,
            "y": 288.84,
            "type": 5376,
            "name": "basic nose left"
          },
          {
            "x": 446.83,
            "y": 285.12,
            "type": 5632,
            "name": "basic nose right"
          }
        ],
        "user_points": null,
        "tags": [
          {
            "name": "5oclock shadow",
            "value": "no",
            "confidence": 1.0
          },
          {
            "name": "age",
            "value": "23",
            "confidence": 0.6
          },
          {
            "name": "arched eyebrows",
            "value": "yes",
            "confidence": 0.2
          },
          {
            "name": "attractive",
            "value": "yes",
            "confidence": 0.55
          },
          {
            "name": "bags under eyes",
            "value": "no",
            "confidence": 1.0
          },
          {
            "name": "bald",
            "value": "no",
            "confidence": 0.98
          },
          {
            "name": "bangs",
            "value": "no",
            "confidence": 0.43
          },
          {
            "name": "beard",
            "value": "no",
            "confidence": 1.0
          },
          {
            "name": "big lips",
            "value": "no",
            "confidence": 0.01
          },
          {
            "name": "big nose",
            "value": "no",
            "confidence": 1.0
          },
          {
            "name": "black hair",
            "value": "no",
            "confidence": 0.54
          },
          {
            "name": "blond hair",
            "value": "no",
            "confidence": 0.14
          },
          {
            "name": "blurry",
            "value": "no",
            "confidence": 0.44
          },
          {
            "name": "brown hair",
            "value": "yes",
            "confidence": 0.18
          },
          {
            "name": "bushy eyebrows",
            "value": "no",
            "confidence": 1.0
          },
          {
            "name": "chubby",
            "value": "no",
            "confidence": 1.0
          },
          {
            "name": "double chin",
            "value": "no",
            "confidence": 1.0
          },
          {
            "name": "expression",
            "value": "neutral",
            "confidence": 0.29
          },
          {
            "name": "gender",
            "value": "female",
            "confidence": 1.0
          },
          {
            "name": "glasses",
            "value": "no",
            "confidence": 1.0
          },
          {
            "name": "goatee",
            "value": "no",
            "confidence": 1.0
          },
          {
            "name": "gray hair",
            "value": "no",
            "confidence": 0.88
          },
          {
            "name": "heavy makeup",
            "value": "yes",
            "confidence": 0.56
          },
          {
            "name": "high cheekbones",
            "value": "no",
            "confidence": 0.14
          },
          {
            "name": "mouth open",
            "value": "no",
            "confidence": 0.77
          },
          {
            "name": "mustache",
            "value": "no",
            "confidence": 1.0
          },
          {
            "name": "narrow eyes",
            "value": "no",
            "confidence": 0.19
          },
          {
            "name": "oval face",
            "value": "no",
            "confidence": 0.04
          },
          {
            "name": "pale skin",
            "value": "yes",
            "confidence": 0.53
          },
          {
            "name": "pitch",
            "value": "-6.08",
            "confidence": 1.0
          },
          {
            "name": "pointy nose",
            "value": "yes",
            "confidence": 0.03
          },
          {
            "name": "race",
            "value": "asian",
            "confidence": 1.0
          },
          {
            "name": "receding hairline",
            "value": "no",
            "confidence": 0.61
          },
          {
            "name": "rosy cheeks",
            "value": "no",
            "confidence": 0.63
          },
          {
            "name": "sideburns",
            "value": "no",
            "confidence": 1.0
          },
          {
            "name": "straight hair",
            "value": "yes",
            "confidence": 0.32
          },
          {
            "name": "wavy hair",
            "value": "no",
            "confidence": 0.4
          },
          {
            "name": "wearing earrings",
            "value": "yes",
            "confidence": 0.37
          },
          {
            "name": "wearing hat",
            "value": "no",
            "confidence": 1.0
          },
          {
            "name": "wearing lipstick",
            "value": "yes",
            "confidence": 0.83
          },
          {
            "name": "wearing necklace",
            "value": "no",
            "confidence": 0.27
          },
          {
            "name": "wearing necktie",
            "value": "no",
            "confidence": 1.0
          },
          {
            "name": "yaw",
            "value": "49.96",
            "confidence": 1.0
          },
          {
            "name": "young",
            "value": "yes",
            "confidence": 0.56
          }
        ],
        "person_id": "",
        "appearance_id": 0,
        "start": "00:00:00",
        "duration": "00:00:00"
      }
    ],
    "tags": null,
    "original_filename": "https://raw.githubusercontent.com/sarkrui/Hairstyle60k/master/Dataset/Beehive/IMG_23.jpg",
    "duration": "00:00:00"
  },
  "recognize": null
}