{
  "media": {
    "media_uuid": "d17490d8-ce83-44d5-b6c0-9ae964d4be54",
    "checksum": "93579ddef61e0523527b112ea18475ab1a210cadaec71a7263387c98c653fdfe",
    "faces": [
      {
        "face_uuid": "69a8c0fa-153f-11e9-99c4-0cc47a6c4dbd",
        "media_uuid": "d17490d8-ce83-44d5-b6c0-9ae964d4be54",
        "x": 159.0,
        "y": 250.5,
        "width": 100.1,
        "height": 135.71,
        "angle": -2.9594,
        "detection_score": 1.0,
        "points": [
          {
            "x": 123.96,
            "y": 241.84,
            "type": 512,
            "name": "basic eye left"
          },
          {
            "x": 170.46,
            "y": 244.24,
            "type": 768,
            "name": "basic eye right"
          },
          {
            "x": 114.41,
            "y": 241.34,
            "type": 1024,
            "name": "basic eye left outer"
          },
          {
            "x": 181.19,
            "y": 244.96,
            "type": 1280,
            "name": "basic eye right outer"
          },
          {
            "x": 133.17,
            "y": 242.76,
            "type": 1536,
            "name": "basic eye left inner"
          },
          {
            "x": 159.77,
            "y": 244.05,
            "type": 1792,
            "name": "basic eye right inner"
          },
          {
            "x": 127.5,
            "y": 289.85,
            "type": 2048,
            "name": "basic mouth left"
          },
          {
            "x": 165.95,
            "y": 292.08,
            "type": 2304,
            "name": "basic mouth right"
          },
          {
            "x": 137.78,
            "y": 274.81,
            "type": 2560,
            "name": "basic nose tip"
          },
          {
            "x": 145.97,
            "y": 292.0,
            "type": 2816,
            "name": "basic mouth center"
          },
          {
            "x": 145.97,
            "y": 292.0,
            "type": 3072,
            "name": "basic eyebrow left"
          },
          {
            "x": 145.97,
            "y": 292.0,
            "type": 3328,
            "name": "basic eyebrow left inner corner"
          },
          {
            "x": 145.97,
            "y": 292.0,
            "type": 3584,
            "name": "basic eyebrow left outer corner"
          },
          {
            "x": 145.97,
            "y": 292.0,
            "type": 3840,
            "name": "basic eyebrow right"
          },
          {
            "x": 145.97,
            "y": 292.0,
            "type": 4096,
            "name": "basic eyebrow right inner corner"
          },
          {
            "x": 145.97,
            "y": 292.0,
            "type": 4352,
            "name": "basic eyebrow right outer corner"
          },
          {
            "x": 145.97,
            "y": 292.0,
            "type": 4608,
            "name": "basic chin bottom"
          },
          {
            "x": 145.97,
            "y": 292.0,
            "type": 4864,
            "name": "basic chin left"
          },
          {
            "x": 145.97,
            "y": 292.0,
            "type": 5120,
            "name": "basic chin right"
          },
          {
            "x": 129.56,
            "y": 274.42,
            "type": 5376,
            "name": "basic nose left"
          },
          {
            "x": 153.82,
            "y": 275.57,
            "type": 5632,
            "name": "basic nose right"
          }
        ],
        "user_points": null,
        "tags": [
          {
            "name": "5oclock shadow",
            "value": "no",
            "confidence": 0.94
          },
          {
            "name": "age",
            "value": "14",
            "confidence": 0.6
          },
          {
            "name": "arched eyebrows",
            "value": "no",
            "confidence": 0.42
          },
          {
            "name": "attractive",
            "value": "yes",
            "confidence": 0.98
          },
          {
            "name": "bags under eyes",
            "value": "no",
            "confidence": 0.01
          },
          {
            "name": "bald",
            "value": "no",
            "confidence": 1.0
          },
          {
            "name": "bangs",
            "value": "no",
            "confidence": 0.88
          },
          {
            "name": "beard",
            "value": "no",
            "confidence": 1.0
          },
          {
            "name": "big lips",
            "value": "no",
            "confidence": 0.29
          },
          {
            "name": "big nose",
            "value": "no",
            "confidence": 0.62
          },
          {
            "name": "black hair",
            "value": "yes",
            "confidence": 0.14
          },
          {
            "name": "blond hair",
            "value": "no",
            "confidence": 0.91
          },
          {
            "name": "blurry",
            "value": "no",
            "confidence": 0.87
          },
          {
            "name": "brown hair",
            "value": "yes",
            "confidence": 0.17
          },
          {
            "name": "bushy eyebrows",
            "value": "no",
            "confidence": 0.08
          },
          {
            "name": "chubby",
            "value": "no",
            "confidence": 1.0
          },
          {
            "name": "double chin",
            "value": "no",
            "confidence": 1.0
          },
          {
            "name": "expression",
            "value": "smile",
            "confidence": 1.0
          },
          {
            "name": "gender",
            "value": "female",
            "confidence": 0.9
          },
          {
            "name": "glasses",
            "value": "no",
            "confidence": 1.0
          },
          {
            "name": "goatee",
            "value": "no",
            "confidence": 1.0
          },
          {
            "name": "gray hair",
            "value": "no",
            "confidence": 1.0
          },
          {
            "name": "heavy makeup",
            "value": "no",
            "confidence": 0.06
          },
          {
            "name": "high cheekbones",
            "value": "yes",
            "confidence": 0.97
          },
          {
            "name": "mouth open",
            "value": "no",
            "confidence": 0.69
          },
          {
            "name": "mustache",
            "value": "no",
            "confidence": 1.0
          },
          {
            "name": "narrow eyes",
            "value": "no",
            "confidence": 0.68
          },
          {
            "name": "oval face",
            "value": "yes",
            "confidence": 0.72
          },
          {
            "name": "pale skin",
            "value": "no",
            "confidence": 0.22
          },
          {
            "name": "pitch",
            "value": "-6.95",
            "confidence": 1.0
          },
          {
            "name": "pointy nose",
            "value": "no",
            "confidence": 0.27
          },
          {
            "name": "race",
            "value": "white",
            "confidence": 1.0
          },
          {
            "name": "receding hairline",
            "value": "no",
            "confidence": 0.66
          },
          {
            "name": "rosy cheeks",
            "value": "no",
            "confidence": 0.59
          },
          {
            "name": "sideburns",
            "value": "no",
            "confidence": 1.0
          },
          {
            "name": "straight hair",
            "value": "yes",
            "confidence": 0.5
          },
          {
            "name": "wavy hair",
            "value": "no",
            "confidence": 0.63
          },
          {
            "name": "wearing earrings",
            "value": "yes",
            "confidence": 0.04
          },
          {
            "name": "wearing hat",
            "value": "no",
            "confidence": 1.0
          },
          {
            "name": "wearing lipstick",
            "value": "yes",
            "confidence": 0.42
          },
          {
            "name": "wearing necklace",
            "value": "no",
            "confidence": 0.39
          },
          {
            "name": "wearing necktie",
            "value": "no",
            "confidence": 0.93
          },
          {
            "name": "yaw",
            "value": "4.2",
            "confidence": 1.0
          },
          {
            "name": "young",
            "value": "yes",
            "confidence": 1.0
          }
        ],
        "person_id": "",
        "appearance_id": 0,
        "start": "00:00:00",
        "duration": "00:00:00"
      }
    ],
    "tags": null,
    "original_filename": "https://raw.githubusercontent.com/sarkrui/Hairstyle60k/master/Dataset/Beehive/IMG_3.jpg",
    "duration": "00:00:00"
  },
  "recognize": null
}