{
  "media": {
    "media_uuid": "873356a5-dd46-4dbe-9fb2-9e911fbe3839",
    "checksum": "fad6a757ece6b65d6848d5e603ab7fe24868b237ad37fdde06dd460482f17c55",
    "faces": [
      {
        "face_uuid": "75b7476e-153f-11e9-99c4-0cc47a6c4dbd",
        "media_uuid": "873356a5-dd46-4dbe-9fb2-9e911fbe3839",
        "x": 559.92,
        "y": 463.77,
        "width": 194.95,
        "height": 277.99,
        "angle": 31.433,
        "detection_score": 1.0,
        "points": [
          {
            "x": 475.04,
            "y": 472.03,
            "type": 512,
            "name": "basic eye left"
          },
          {
            "x": 574.35,
            "y": 411.33,
            "type": 768,
            "name": "basic eye right"
          },
          {
            "x": 455.57,
            "y": 485.04,
            "type": 1024,
            "name": "basic eye left outer"
          },
          {
            "x": 595.71,
            "y": 399.47,
            "type": 1280,
            "name": "basic eye right outer"
          },
          {
            "x": 495.83,
            "y": 461.65,
            "type": 1536,
            "name": "basic eye left inner"
          },
          {
            "x": 555.45,
            "y": 425.38,
            "type": 1792,
            "name": "basic eye right inner"
          },
          {
            "x": 513.63,
            "y": 577.49,
            "type": 2048,
            "name": "basic mouth left"
          },
          {
            "x": 596.79,
            "y": 539.45,
            "type": 2304,
            "name": "basic mouth right"
          },
          {
            "x": 536.62,
            "y": 501.22,
            "type": 2560,
            "name": "basic nose tip"
          },
          {
            "x": 555.24,
            "y": 558.91,
            "type": 2816,
            "name": "basic mouth center"
          },
          {
            "x": 555.24,
            "y": 558.91,
            "type": 3072,
            "name": "basic eyebrow left"
          },
          {
            "x": 555.24,
            "y": 558.91,
            "type": 3328,
            "name": "basic eyebrow left inner corner"
          },
          {
            "x": 555.24,
            "y": 558.91,
            "type": 3584,
            "name": "basic eyebrow left outer corner"
          },
          {
            "x": 555.24,
            "y": 558.91,
            "type": 3840,
            "name": "basic eyebrow right"
          },
          {
            "x": 555.24,
            "y": 558.91,
            "type": 4096,
            "name": "basic eyebrow right inner corner"
          },
          {
            "x": 555.24,
            "y": 558.91,
            "type": 4352,
            "name": "basic eyebrow right outer corner"
          },
          {
            "x": 555.24,
            "y": 558.91,
            "type": 4608,
            "name": "basic chin bottom"
          },
          {
            "x": 555.24,
            "y": 558.91,
            "type": 4864,
            "name": "basic chin left"
          },
          {
            "x": 555.24,
            "y": 558.91,
            "type": 5120,
            "name": "basic chin right"
          },
          {
            "x": 514.83,
            "y": 524.63,
            "type": 5376,
            "name": "basic nose left"
          },
          {
            "x": 568.96,
            "y": 497.76,
            "type": 5632,
            "name": "basic nose right"
          }
        ],
        "user_points": null,
        "tags": [
          {
            "name": "5oclock shadow",
            "value": "no",
            "confidence": 0.89
          },
          {
            "name": "age",
            "value": "15",
            "confidence": 0.6
          },
          {
            "name": "arched eyebrows",
            "value": "no",
            "confidence": 1.0
          },
          {
            "name": "attractive",
            "value": "no",
            "confidence": 0.36
          },
          {
            "name": "bags under eyes",
            "value": "no",
            "confidence": 0.82
          },
          {
            "name": "bald",
            "value": "no",
            "confidence": 0.75
          },
          {
            "name": "bangs",
            "value": "yes",
            "confidence": 0.3
          },
          {
            "name": "beard",
            "value": "no",
            "confidence": 0.89
          },
          {
            "name": "big lips",
            "value": "no",
            "confidence": 0.4
          },
          {
            "name": "big nose",
            "value": "no",
            "confidence": 0.66
          },
          {
            "name": "black hair",
            "value": "no",
            "confidence": 1.0
          },
          {
            "name": "blond hair",
            "value": "no",
            "confidence": 0.28
          },
          {
            "name": "blurry",
            "value": "yes",
            "confidence": 0.23
          },
          {
            "name": "brown hair",
            "value": "yes",
            "confidence": 0.25
          },
          {
            "name": "bushy eyebrows",
            "value": "no",
            "confidence": 1.0
          },
          {
            "name": "chubby",
            "value": "no",
            "confidence": 0.9
          },
          {
            "name": "double chin",
            "value": "no",
            "confidence": 1.0
          },
          {
            "name": "expression",
            "value": "neutral",
            "confidence": 0.42
          },
          {
            "name": "gender",
            "value": "female",
            "confidence": 0.01
          },
          {
            "name": "glasses",
            "value": "no",
            "confidence": 1.0
          },
          {
            "name": "goatee",
            "value": "no",
            "confidence": 1.0
          },
          {
            "name": "gray hair",
            "value": "no",
            "confidence": 0.58
          },
          {
            "name": "heavy makeup",
            "value": "no",
            "confidence": 0.84
          },
          {
            "name": "high cheekbones",
            "value": "no",
            "confidence": 0.75
          },
          {
            "name": "mouth open",
            "value": "yes",
            "confidence": 0.6
          },
          {
            "name": "mustache",
            "value": "no",
            "confidence": 1.0
          },
          {
            "name": "narrow eyes",
            "value": "no",
            "confidence": 0.03
          },
          {
            "name": "oval face",
            "value": "no",
            "confidence": 0.1
          },
          {
            "name": "pale skin",
            "value": "yes",
            "confidence": 0.59
          },
          {
            "name": "pitch",
            "value": "-5.48",
            "confidence": 1.0
          },
          {
            "name": "pointy nose",
            "value": "no",
            "confidence": 0.49
          },
          {
            "name": "race",
            "value": "white",
            "confidence": 0.46
          },
          {
            "name": "receding hairline",
            "value": "no",
            "confidence": 0.73
          },
          {
            "name": "rosy cheeks",
            "value": "no",
            "confidence": 1.0
          },
          {
            "name": "sideburns",
            "value": "no",
            "confidence": 1.0
          },
          {
            "name": "straight hair",
            "value": "no",
            "confidence": 0.32
          },
          {
            "name": "wavy hair",
            "value": "no",
            "confidence": 0.24
          },
          {
            "name": "wearing earrings",
            "value": "no",
            "confidence": 0.54
          },
          {
            "name": "wearing hat",
            "value": "no",
            "confidence": 0.07
          },
          {
            "name": "wearing lipstick",
            "value": "no",
            "confidence": 0.71
          },
          {
            "name": "wearing necklace",
            "value": "no",
            "confidence": 0.47
          },
          {
            "name": "wearing necktie",
            "value": "no",
            "confidence": 0.97
          },
          {
            "name": "yaw",
            "value": "54.68",
            "confidence": 1.0
          },
          {
            "name": "young",
            "value": "yes",
            "confidence": 0.43
          }
        ],
        "person_id": "",
        "appearance_id": 0,
        "start": "00:00:00",
        "duration": "00:00:00"
      }
    ],
    "tags": null,
    "original_filename": "https://raw.githubusercontent.com/sarkrui/Hairstyle60k/master/Dataset/Beehive/IMG_15.jpg",
    "duration": "00:00:00"
  },
  "recognize": null
}