{
  "media": {
    "media_uuid": "bfa7b877-b29b-4589-8aaa-6123613d6260",
    "checksum": "632ecc979027499464d43e7edfceeeb071970d0b3d9fe24a44798271beb1a2ba",
    "faces": [
      {
        "face_uuid": "74b2a995-153f-11e9-99c4-0cc47a6c4dbd",
        "media_uuid": "bfa7b877-b29b-4589-8aaa-6123613d6260",
        "x": 289.39,
        "y": 409.07,
        "width": 190.78,
        "height": 275.8,
        "angle": -2.8858,
        "detection_score": 0.99,
        "points": [
          {
            "x": 249.88,
            "y": 374.62,
            "type": 512,
            "name": "basic eye left"
          },
          {
            "x": 345.0,
            "y": 379.41,
            "type": 768,
            "name": "basic eye right"
          },
          {
            "x": 228.56,
            "y": 373.47,
            "type": 1024,
            "name": "basic eye left outer"
          },
          {
            "x": 365.81,
            "y": 380.36,
            "type": 1280,
            "name": "basic eye right outer"
          },
          {
            "x": 270.94,
            "y": 376.97,
            "type": 1536,
            "name": "basic eye left inner"
          },
          {
            "x": 324.45,
            "y": 379.69,
            "type": 1792,
            "name": "basic eye right inner"
          },
          {
            "x": 255.05,
            "y": 487.59,
            "type": 2048,
            "name": "basic mouth left"
          },
          {
            "x": 323.05,
            "y": 491.58,
            "type": 2304,
            "name": "basic mouth right"
          },
          {
            "x": 297.14,
            "y": 446.51,
            "type": 2560,
            "name": "basic nose tip"
          },
          {
            "x": 289.43,
            "y": 490.19,
            "type": 2816,
            "name": "basic mouth center"
          },
          {
            "x": 289.43,
            "y": 490.19,
            "type": 3072,
            "name": "basic eyebrow left"
          },
          {
            "x": 289.43,
            "y": 490.19,
            "type": 3328,
            "name": "basic eyebrow left inner corner"
          },
          {
            "x": 289.43,
            "y": 490.19,
            "type": 3584,
            "name": "basic eyebrow left outer corner"
          },
          {
            "x": 289.43,
            "y": 490.19,
            "type": 3840,
            "name": "basic eyebrow right"
          },
          {
            "x": 289.43,
            "y": 490.19,
            "type": 4096,
            "name": "basic eyebrow right inner corner"
          },
          {
            "x": 289.43,
            "y": 490.19,
            "type": 4352,
            "name": "basic eyebrow right outer corner"
          },
          {
            "x": 289.43,
            "y": 490.19,
            "type": 4608,
            "name": "basic chin bottom"
          },
          {
            "x": 289.43,
            "y": 490.19,
            "type": 4864,
            "name": "basic chin left"
          },
          {
            "x": 289.43,
            "y": 490.19,
            "type": 5120,
            "name": "basic chin right"
          },
          {
            "x": 270.96,
            "y": 444.51,
            "type": 5376,
            "name": "basic nose left"
          },
          {
            "x": 318.94,
            "y": 447.12,
            "type": 5632,
            "name": "basic nose right"
          }
        ],
        "user_points": null,
        "tags": [
          {
            "name": "5oclock shadow",
            "value": "yes",
            "confidence": 0.16
          },
          {
            "name": "age",
            "value": "39",
            "confidence": 0.6
          },
          {
            "name": "arched eyebrows",
            "value": "no",
            "confidence": 1.0
          },
          {
            "name": "attractive",
            "value": "no",
            "confidence": 0.85
          },
          {
            "name": "bags under eyes",
            "value": "no",
            "confidence": 0.08
          },
          {
            "name": "bald",
            "value": "no",
            "confidence": 0.56
          },
          {
            "name": "bangs",
            "value": "no",
            "confidence": 0.43
          },
          {
            "name": "beard",
            "value": "no",
            "confidence": 0.32
          },
          {
            "name": "big lips",
            "value": "no",
            "confidence": 0.83
          },
          {
            "name": "big nose",
            "value": "no",
            "confidence": 0.34
          },
          {
            "name": "black hair",
            "value": "no",
            "confidence": 1.0
          },
          {
            "name": "blond hair",
            "value": "no",
            "confidence": 0.56
          },
          {
            "name": "blurry",
            "value": "no",
            "confidence": 0.32
          },
          {
            "name": "brown hair",
            "value": "yes",
            "confidence": 0.63
          },
          {
            "name": "bushy eyebrows",
            "value": "no",
            "confidence": 0.91
          },
          {
            "name": "chubby",
            "value": "no",
            "confidence": 0.39
          },
          {
            "name": "double chin",
            "value": "no",
            "confidence": 0.55
          },
          {
            "name": "expression",
            "value": "neutral",
            "confidence": 1.0
          },
          {
            "name": "gender",
            "value": "male",
            "confidence": 1.0
          },
          {
            "name": "glasses",
            "value": "no",
            "confidence": 1.0
          },
          {
            "name": "goatee",
            "value": "no",
            "confidence": 0.78
          },
          {
            "name": "gray hair",
            "value": "no",
            "confidence": 0.2
          },
          {
            "name": "heavy makeup",
            "value": "no",
            "confidence": 0.92
          },
          {
            "name": "high cheekbones",
            "value": "no",
            "confidence": 0.84
          },
          {
            "name": "mouth open",
            "value": "no",
            "confidence": 0.69
          },
          {
            "name": "mustache",
            "value": "no",
            "confidence": 0.67
          },
          {
            "name": "narrow eyes",
            "value": "no",
            "confidence": 0.7
          },
          {
            "name": "oval face",
            "value": "yes",
            "confidence": 0.02
          },
          {
            "name": "pale skin",
            "value": "no",
            "confidence": 0.75
          },
          {
            "name": "pitch",
            "value": "-9.13",
            "confidence": 1.0
          },
          {
            "name": "pointy nose",
            "value": "no",
            "confidence": 0.49
          },
          {
            "name": "race",
            "value": "white",
            "confidence": 1.0
          },
          {
            "name": "receding hairline",
            "value": "no",
            "confidence": 0.14
          },
          {
            "name": "rosy cheeks",
            "value": "no",
            "confidence": 0.82
          },
          {
            "name": "sideburns",
            "value": "no",
            "confidence": 0.76
          },
          {
            "name": "straight hair",
            "value": "yes",
            "confidence": 0.31
          },
          {
            "name": "wavy hair",
            "value": "no",
            "confidence": 0.59
          },
          {
            "name": "wearing earrings",
            "value": "no",
            "confidence": 0.76
          },
          {
            "name": "wearing hat",
            "value": "no",
            "confidence": 1.0
          },
          {
            "name": "wearing lipstick",
            "value": "no",
            "confidence": 1.0
          },
          {
            "name": "wearing necklace",
            "value": "no",
            "confidence": 0.98
          },
          {
            "name": "wearing necktie",
            "value": "yes",
            "confidence": 0.16
          },
          {
            "name": "yaw",
            "value": "-1.91",
            "confidence": 1.0
          },
          {
            "name": "young",
            "value": "no",
            "confidence": 0.22
          }
        ],
        "person_id": "",
        "appearance_id": 0,
        "start": "00:00:00",
        "duration": "00:00:00"
      }
    ],
    "tags": null,
    "original_filename": "https://raw.githubusercontent.com/sarkrui/Hairstyle60k/master/Dataset/Beehive/IMG_14.jpg",
    "duration": "00:00:00"
  },
  "recognize": null
}