{
  "media": {
    "media_uuid": "e0ff7eae-49c4-4187-a433-0d3b4cc737ff",
    "checksum": "191f8f532d9875649dd0189bd280e8892c4588adb2bb565b2b33b64176cb94f6",
    "faces": [
      {
        "face_uuid": "950d9ba1-153f-11e9-99c4-0cc47a6c4dbd",
        "media_uuid": "e0ff7eae-49c4-4187-a433-0d3b4cc737ff",
        "x": 215.5,
        "y": 107.5,
        "width": 86.96,
        "height": 123.27,
        "angle": 6.0724,
        "detection_score": 1.0,
        "points": [
          {
            "x": 173.23,
            "y": 101.2,
            "type": 512,
            "name": "basic eye left"
          },
          {
            "x": 217.67,
            "y": 96.48,
            "type": 768,
            "name": "basic eye right"
          },
          {
            "x": 164.7,
            "y": 102.46,
            "type": 1024,
            "name": "basic eye left outer"
          },
          {
            "x": 228.29,
            "y": 95.77,
            "type": 1280,
            "name": "basic eye right outer"
          },
          {
            "x": 181.46,
            "y": 100.47,
            "type": 1536,
            "name": "basic eye left inner"
          },
          {
            "x": 207.46,
            "y": 97.7,
            "type": 1792,
            "name": "basic eye right inner"
          },
          {
            "x": 179.86,
            "y": 149.35,
            "type": 2048,
            "name": "basic mouth left"
          },
          {
            "x": 216.05,
            "y": 147.38,
            "type": 2304,
            "name": "basic mouth right"
          },
          {
            "x": 186.27,
            "y": 125.59,
            "type": 2560,
            "name": "basic nose tip"
          },
          {
            "x": 196.84,
            "y": 148.5,
            "type": 2816,
            "name": "basic mouth center"
          },
          {
            "x": 196.84,
            "y": 148.5,
            "type": 3072,
            "name": "basic eyebrow left"
          },
          {
            "x": 196.84,
            "y": 148.5,
            "type": 3328,
            "name": "basic eyebrow left inner corner"
          },
          {
            "x": 196.84,
            "y": 148.5,
            "type": 3584,
            "name": "basic eyebrow left outer corner"
          },
          {
            "x": 196.84,
            "y": 148.5,
            "type": 3840,
            "name": "basic eyebrow right"
          },
          {
            "x": 196.84,
            "y": 148.5,
            "type": 4096,
            "name": "basic eyebrow right inner corner"
          },
          {
            "x": 196.84,
            "y": 148.5,
            "type": 4352,
            "name": "basic eyebrow right outer corner"
          },
          {
            "x": 196.84,
            "y": 148.5,
            "type": 4608,
            "name": "basic chin bottom"
          },
          {
            "x": 196.84,
            "y": 148.5,
            "type": 4864,
            "name": "basic chin left"
          },
          {
            "x": 196.84,
            "y": 148.5,
            "type": 5120,
            "name": "basic chin right"
          },
          {
            "x": 179.81,
            "y": 129.58,
            "type": 5376,
            "name": "basic nose left"
          },
          {
            "x": 203.45,
            "y": 128.22,
            "type": 5632,
            "name": "basic nose right"
          }
        ],
        "user_points": null,
        "tags": [
          {
            "name": "5oclock shadow",
            "value": "no",
            "confidence": 1.0
          },
          {
            "name": "age",
            "value": "43",
            "confidence": 0.6
          },
          {
            "name": "arched eyebrows",
            "value": "yes",
            "confidence": 0.43
          },
          {
            "name": "attractive",
            "value": "yes",
            "confidence": 0.75
          },
          {
            "name": "bags under eyes",
            "value": "no",
            "confidence": 0.86
          },
          {
            "name": "bald",
            "value": "no",
            "confidence": 1.0
          },
          {
            "name": "bangs",
            "value": "no",
            "confidence": 0.52
          },
          {
            "name": "beard",
            "value": "no",
            "confidence": 1.0
          },
          {
            "name": "big lips",
            "value": "yes",
            "confidence": 0.2
          },
          {
            "name": "big nose",
            "value": "no",
            "confidence": 0.84
          },
          {
            "name": "black hair",
            "value": "yes",
            "confidence": 0.42
          },
          {
            "name": "blond hair",
            "value": "no",
            "confidence": 1.0
          },
          {
            "name": "blurry",
            "value": "no",
            "confidence": 0.93
          },
          {
            "name": "brown hair",
            "value": "no",
            "confidence": 0.31
          },
          {
            "name": "bushy eyebrows",
            "value": "yes",
            "confidence": 0.54
          },
          {
            "name": "chubby",
            "value": "no",
            "confidence": 0.93
          },
          {
            "name": "double chin",
            "value": "no",
            "confidence": 1.0
          },
          {
            "name": "expression",
            "value": "neutral",
            "confidence": 0.85
          },
          {
            "name": "gender",
            "value": "female",
            "confidence": 0.99
          },
          {
            "name": "glasses",
            "value": "no",
            "confidence": 1.0
          },
          {
            "name": "goatee",
            "value": "no",
            "confidence": 0.97
          },
          {
            "name": "gray hair",
            "value": "no",
            "confidence": 1.0
          },
          {
            "name": "heavy makeup",
            "value": "yes",
            "confidence": 0.91
          },
          {
            "name": "high cheekbones",
            "value": "no",
            "confidence": 0.65
          },
          {
            "name": "mouth open",
            "value": "no",
            "confidence": 0.3
          },
          {
            "name": "mustache",
            "value": "no",
            "confidence": 0.96
          },
          {
            "name": "narrow eyes",
            "value": "no",
            "confidence": 0.25
          },
          {
            "name": "oval face",
            "value": "yes",
            "confidence": 0.21
          },
          {
            "name": "pale skin",
            "value": "yes",
            "confidence": 0.6
          },
          {
            "name": "pitch",
            "value": "-6",
            "confidence": 1.0
          },
          {
            "name": "pointy nose",
            "value": "yes",
            "confidence": 0.09
          },
          {
            "name": "race",
            "value": "white",
            "confidence": 0.88
          },
          {
            "name": "receding hairline",
            "value": "no",
            "confidence": 0.76
          },
          {
            "name": "rosy cheeks",
            "value": "no",
            "confidence": 0.9
          },
          {
            "name": "sideburns",
            "value": "no",
            "confidence": 1.0
          },
          {
            "name": "straight hair",
            "value": "no",
            "confidence": 0.73
          },
          {
            "name": "wavy hair",
            "value": "yes",
            "confidence": 0.83
          },
          {
            "name": "wearing earrings",
            "value": "no",
            "confidence": 0.15
          },
          {
            "name": "wearing hat",
            "value": "no",
            "confidence": 0.84
          },
          {
            "name": "wearing lipstick",
            "value": "yes",
            "confidence": 0.92
          },
          {
            "name": "wearing necklace",
            "value": "no",
            "confidence": 0.29
          },
          {
            "name": "wearing necktie",
            "value": "no",
            "confidence": 1.0
          },
          {
            "name": "yaw",
            "value": "50.13",
            "confidence": 1.0
          },
          {
            "name": "young",
            "value": "yes",
            "confidence": 1.0
          }
        ],
        "person_id": "",
        "appearance_id": 0,
        "start": "00:00:00",
        "duration": "00:00:00"
      }
    ],
    "tags": null,
    "original_filename": "https://raw.githubusercontent.com/sarkrui/Hairstyle60k/master/Dataset/Bob/IMG_20.jpg",
    "duration": "00:00:00"
  },
  "recognize": null
}