{
  "media": {
    "media_uuid": "47375e89-6219-4207-876f-2f196f657923",
    "checksum": "a20bf166a0f59b37b7067b887d3c38db8f8b3b464aeb387708fa2c1d83bb0fa2",
    "faces": [
      {
        "face_uuid": "80ebde95-153f-11e9-99c4-0cc47a6c4dbd",
        "media_uuid": "47375e89-6219-4207-876f-2f196f657923",
        "x": 55.24,
        "y": 1597.62,
        "width": 116.07,
        "height": 167.65,
        "angle": -14.1579,
        "detection_score": 1.0,
        "points": [
          {
            "x": 46.61,
            "y": 1592.93,
            "type": 512,
            "name": "basic eye left"
          },
          {
            "x": 97.8,
            "y": 1605.84,
            "type": 768,
            "name": "basic eye right"
          },
          {
            "x": 34.1,
            "y": 1590.15,
            "type": 1024,
            "name": "basic eye left outer"
          },
          {
            "x": 107.86,
            "y": 1608.63,
            "type": 1280,
            "name": "basic eye right outer"
          },
          {
            "x": 58.66,
            "y": 1595.86,
            "type": 1536,
            "name": "basic eye left inner"
          },
          {
            "x": 87.94,
            "y": 1603.31,
            "type": 1792,
            "name": "basic eye right inner"
          },
          {
            "x": 34.78,
            "y": 1656.0,
            "type": 2048,
            "name": "basic mouth left"
          },
          {
            "x": 76.89,
            "y": 1666.28,
            "type": 2304,
            "name": "basic mouth right"
          },
          {
            "x": 75.32,
            "y": 1635.93,
            "type": 2560,
            "name": "basic nose tip"
          },
          {
            "x": 56.85,
            "y": 1661.38,
            "type": 2816,
            "name": "basic mouth center"
          },
          {
            "x": 56.85,
            "y": 1661.38,
            "type": 3072,
            "name": "basic eyebrow left"
          },
          {
            "x": 56.85,
            "y": 1661.38,
            "type": 3328,
            "name": "basic eyebrow left inner corner"
          },
          {
            "x": 56.85,
            "y": 1661.38,
            "type": 3584,
            "name": "basic eyebrow left outer corner"
          },
          {
            "x": 56.85,
            "y": 1661.38,
            "type": 3840,
            "name": "basic eyebrow right"
          },
          {
            "x": 56.85,
            "y": 1661.38,
            "type": 4096,
            "name": "basic eyebrow right inner corner"
          },
          {
            "x": 56.85,
            "y": 1661.38,
            "type": 4352,
            "name": "basic eyebrow right outer corner"
          },
          {
            "x": 56.85,
            "y": 1661.38,
            "type": 4608,
            "name": "basic chin bottom"
          },
          {
            "x": 56.85,
            "y": 1661.38,
            "type": 4864,
            "name": "basic chin left"
          },
          {
            "x": 56.85,
            "y": 1661.38,
            "type": 5120,
            "name": "basic chin right"
          },
          {
            "x": 55.46,
            "y": 1633.67,
            "type": 5376,
            "name": "basic nose left"
          },
          {
            "x": 83.17,
            "y": 1640.22,
            "type": 5632,
            "name": "basic nose right"
          }
        ],
        "user_points": null,
        "tags": [
          {
            "name": "5oclock shadow",
            "value": "no",
            "confidence": 0.26
          },
          {
            "name": "age",
            "value": "24",
            "confidence": 0.6
          },
          {
            "name": "arched eyebrows",
            "value": "no",
            "confidence": 0.81
          },
          {
            "name": "attractive",
            "value": "no",
            "confidence": 0.94
          },
          {
            "name": "bags under eyes",
            "value": "no",
            "confidence": 0.25
          },
          {
            "name": "bald",
            "value": "yes",
            "confidence": 0.83
          },
          {
            "name": "bangs",
            "value": "no",
            "confidence": 1.0
          },
          {
            "name": "beard",
            "value": "yes",
            "confidence": 0.6
          },
          {
            "name": "big lips",
            "value": "no",
            "confidence": 0.36
          },
          {
            "name": "big nose",
            "value": "yes",
            "confidence": 0.29
          },
          {
            "name": "black hair",
            "value": "no",
            "confidence": 0.29
          },
          {
            "name": "blond hair",
            "value": "no",
            "confidence": 1.0
          },
          {
            "name": "blurry",
            "value": "yes",
            "confidence": 0.03
          },
          {
            "name": "brown hair",
            "value": "no",
            "confidence": 0.93
          },
          {
            "name": "bushy eyebrows",
            "value": "no",
            "confidence": 0.58
          },
          {
            "name": "chubby",
            "value": "yes",
            "confidence": 0.46
          },
          {
            "name": "double chin",
            "value": "no",
            "confidence": 0.01
          },
          {
            "name": "expression",
            "value": "neutral",
            "confidence": 0.99
          },
          {
            "name": "gender",
            "value": "male",
            "confidence": 0.95
          },
          {
            "name": "glasses",
            "value": "no",
            "confidence": 1.0
          },
          {
            "name": "goatee",
            "value": "yes",
            "confidence": 0.49
          },
          {
            "name": "gray hair",
            "value": "yes",
            "confidence": 0.1
          },
          {
            "name": "heavy makeup",
            "value": "no",
            "confidence": 0.94
          },
          {
            "name": "high cheekbones",
            "value": "no",
            "confidence": 0.71
          },
          {
            "name": "mouth open",
            "value": "no",
            "confidence": 0.88
          },
          {
            "name": "mustache",
            "value": "yes",
            "confidence": 0.46
          },
          {
            "name": "narrow eyes",
            "value": "no",
            "confidence": 0.6
          },
          {
            "name": "oval face",
            "value": "yes",
            "confidence": 0.14
          },
          {
            "name": "pale skin",
            "value": "no",
            "confidence": 0.46
          },
          {
            "name": "pitch",
            "value": "-7.15",
            "confidence": 1.0
          },
          {
            "name": "pointy nose",
            "value": "no",
            "confidence": 0.79
          },
          {
            "name": "race",
            "value": "white",
            "confidence": 0.89
          },
          {
            "name": "receding hairline",
            "value": "yes",
            "confidence": 0.92
          },
          {
            "name": "rosy cheeks",
            "value": "no",
            "confidence": 1.0
          },
          {
            "name": "sideburns",
            "value": "yes",
            "confidence": 0.24
          },
          {
            "name": "straight hair",
            "value": "no",
            "confidence": 0.36
          },
          {
            "name": "wavy hair",
            "value": "no",
            "confidence": 1.0
          },
          {
            "name": "wearing earrings",
            "value": "no",
            "confidence": 0.69
          },
          {
            "name": "wearing hat",
            "value": "no",
            "confidence": 0.53
          },
          {
            "name": "wearing lipstick",
            "value": "no",
            "confidence": 1.0
          },
          {
            "name": "wearing necklace",
            "value": "no",
            "confidence": 1.0
          },
          {
            "name": "wearing necktie",
            "value": "yes",
            "confidence": 0.12
          },
          {
            "name": "yaw",
            "value": "0.5",
            "confidence": 1.0
          },
          {
            "name": "young",
            "value": "no",
            "confidence": 0.44
          }
        ],
        "person_id": "",
        "appearance_id": 0,
        "start": "00:00:00",
        "duration": "00:00:00"
      },
      {
        "face_uuid": "81357da3-153f-11e9-99c4-0cc47a6c4dbd",
        "media_uuid": "47375e89-6219-4207-876f-2f196f657923",
        "x": 1016.47,
        "y": 1341.29,
        "width": 109.91,
        "height": 156.4,
        "angle": -3.7222,
        "detection_score": 0.91,
        "points": [
          {
            "x": 987.91,
            "y": 1330.61,
            "type": 512,
            "name": "basic eye left"
          },
          {
            "x": 1047.45,
            "y": 1334.48,
            "type": 768,
            "name": "basic eye right"
          },
          {
            "x": 975.04,
            "y": 1329.86,
            "type": 1024,
            "name": "basic eye left outer"
          },
          {
            "x": 1060.05,
            "y": 1335.33,
            "type": 1280,
            "name": "basic eye right outer"
          },
          {
            "x": 1000.67,
            "y": 1331.98,
            "type": 1536,
            "name": "basic eye left inner"
          },
          {
            "x": 1034.91,
            "y": 1334.25,
            "type": 1792,
            "name": "basic eye right inner"
          },
          {
            "x": 987.64,
            "y": 1384.54,
            "type": 2048,
            "name": "basic mouth left"
          },
          {
            "x": 1043.11,
            "y": 1387.89,
            "type": 2304,
            "name": "basic mouth right"
          },
          {
            "x": 1016.49,
            "y": 1371.0,
            "type": 2560,
            "name": "basic nose tip"
          },
          {
            "x": 1015.25,
            "y": 1388.31,
            "type": 2816,
            "name": "basic mouth center"
          },
          {
            "x": 1015.25,
            "y": 1388.31,
            "type": 3072,
            "name": "basic eyebrow left"
          },
          {
            "x": 1015.25,
            "y": 1388.31,
            "type": 3328,
            "name": "basic eyebrow left inner corner"
          },
          {
            "x": 1015.25,
            "y": 1388.31,
            "type": 3584,
            "name": "basic eyebrow left outer corner"
          },
          {
            "x": 1015.25,
            "y": 1388.31,
            "type": 3840,
            "name": "basic eyebrow right"
          },
          {
            "x": 1015.25,
            "y": 1388.31,
            "type": 4096,
            "name": "basic eyebrow right inner corner"
          },
          {
            "x": 1015.25,
            "y": 1388.31,
            "type": 4352,
            "name": "basic eyebrow right outer corner"
          },
          {
            "x": 1015.25,
            "y": 1388.31,
            "type": 4608,
            "name": "basic chin bottom"
          },
          {
            "x": 1015.25,
            "y": 1388.31,
            "type": 4864,
            "name": "basic chin left"
          },
          {
            "x": 1015.25,
            "y": 1388.31,
            "type": 5120,
            "name": "basic chin right"
          },
          {
            "x": 999.91,
            "y": 1366.55,
            "type": 5376,
            "name": "basic nose left"
          },
          {
            "x": 1032.68,
            "y": 1368.53,
            "type": 5632,
            "name": "basic nose right"
          }
        ],
        "user_points": null,
        "tags": [
          {
            "name": "5oclock shadow",
            "value": "no",
            "confidence": 0.98
          },
          {
            "name": "age",
            "value": "39",
            "confidence": 0.6
          },
          {
            "name": "arched eyebrows",
            "value": "yes",
            "confidence": 1.0
          },
          {
            "name": "attractive",
            "value": "yes",
            "confidence": 0.65
          },
          {
            "name": "bags under eyes",
            "value": "no",
            "confidence": 0.02
          },
          {
            "name": "bald",
            "value": "no",
            "confidence": 0.75
          },
          {
            "name": "bangs",
            "value": "no",
            "confidence": 1.0
          },
          {
            "name": "beard",
            "value": "no",
            "confidence": 0.95
          },
          {
            "name": "big lips",
            "value": "yes",
            "confidence": 0.2
          },
          {
            "name": "big nose",
            "value": "yes",
            "confidence": 0.02
          },
          {
            "name": "black hair",
            "value": "no",
            "confidence": 1.0
          },
          {
            "name": "blond hair",
            "value": "yes",
            "confidence": 0.56
          },
          {
            "name": "blurry",
            "value": "no",
            "confidence": 0.97
          },
          {
            "name": "brown hair",
            "value": "no",
            "confidence": 0.04
          },
          {
            "name": "bushy eyebrows",
            "value": "no",
            "confidence": 1.0
          },
          {
            "name": "chubby",
            "value": "no",
            "confidence": 0.68
          },
          {
            "name": "double chin",
            "value": "no",
            "confidence": 0.58
          },
          {
            "name": "expression",
            "value": "smile",
            "confidence": 1.0
          },
          {
            "name": "gender",
            "value": "female",
            "confidence": 0.96
          },
          {
            "name": "glasses",
            "value": "no",
            "confidence": 1.0
          },
          {
            "name": "goatee",
            "value": "no",
            "confidence": 0.92
          },
          {
            "name": "gray hair",
            "value": "no",
            "confidence": 0.59
          },
          {
            "name": "heavy makeup",
            "value": "yes",
            "confidence": 0.93
          },
          {
            "name": "high cheekbones",
            "value": "yes",
            "confidence": 1.0
          },
          {
            "name": "mouth open",
            "value": "yes",
            "confidence": 0.98
          },
          {
            "name": "mustache",
            "value": "no",
            "confidence": 0.94
          },
          {
            "name": "narrow eyes",
            "value": "yes",
            "confidence": 0.09
          },
          {
            "name": "oval face",
            "value": "yes",
            "confidence": 0.43
          },
          {
            "name": "pale skin",
            "value": "no",
            "confidence": 0.27
          },
          {
            "name": "pitch",
            "value": "-8",
            "confidence": 1.0
          },
          {
            "name": "pointy nose",
            "value": "no",
            "confidence": 0.17
          },
          {
            "name": "race",
            "value": "white",
            "confidence": 0.82
          },
          {
            "name": "receding hairline",
            "value": "yes",
            "confidence": 0.19
          },
          {
            "name": "rosy cheeks",
            "value": "yes",
            "confidence": 0.37
          },
          {
            "name": "sideburns",
            "value": "no",
            "confidence": 0.97
          },
          {
            "name": "straight hair",
            "value": "no",
            "confidence": 0.5
          },
          {
            "name": "wavy hair",
            "value": "yes",
            "confidence": 0.37
          },
          {
            "name": "wearing earrings",
            "value": "yes",
            "confidence": 0.67
          },
          {
            "name": "wearing hat",
            "value": "no",
            "confidence": 1.0
          },
          {
            "name": "wearing lipstick",
            "value": "yes",
            "confidence": 1.0
          },
          {
            "name": "wearing necklace",
            "value": "yes",
            "confidence": 0.28
          },
          {
            "name": "wearing necktie",
            "value": "no",
            "confidence": 0.99
          },
          {
            "name": "yaw",
            "value": "-2.49",
            "confidence": 1.0
          },
          {
            "name": "young",
            "value": "yes",
            "confidence": 0.44
          }
        ],
        "person_id": "",
        "appearance_id": 0,
        "start": "00:00:00",
        "duration": "00:00:00"
      }
    ],
    "tags": null,
    "original_filename": "https://raw.githubusercontent.com/sarkrui/Hairstyle60k/master/Dataset/Bob/IMG_1.jpg",
    "duration": "00:00:00"
  },
  "recognize": null
}