{
  "media": {
    "media_uuid": "c0a0a5c3-5187-4406-a4da-b2c5e36c283f",
    "checksum": "fd788281f472cbaa5e99aab8025ee6957be526d526c15411d5c768ebb8d4309a",
    "faces": [
      {
        "face_uuid": "8b81747f-153f-11e9-99c4-0cc47a6c4dbd",
        "media_uuid": "c0a0a5c3-5187-4406-a4da-b2c5e36c283f",
        "x": 200.5,
        "y": 94.0,
        "width": 88.46,
        "height": 108.43,
        "angle": -3.6742,
        "detection_score": 1.0,
        "points": [
          {
            "x": 177.18,
            "y": 78.34,
            "type": 512,
            "name": "basic eye left"
          },
          {
            "x": 220.26,
            "y": 81.11,
            "type": 768,
            "name": "basic eye right"
          },
          {
            "x": 168.57,
            "y": 78.31,
            "type": 1024,
            "name": "basic eye left outer"
          },
          {
            "x": 229.5,
            "y": 82.26,
            "type": 1280,
            "name": "basic eye right outer"
          },
          {
            "x": 185.54,
            "y": 79.54,
            "type": 1536,
            "name": "basic eye left inner"
          },
          {
            "x": 211.06,
            "y": 81.16,
            "type": 1792,
            "name": "basic eye right inner"
          },
          {
            "x": 178.75,
            "y": 120.6,
            "type": 2048,
            "name": "basic mouth left"
          },
          {
            "x": 210.28,
            "y": 122.79,
            "type": 2304,
            "name": "basic mouth right"
          },
          {
            "x": 193.43,
            "y": 100.54,
            "type": 2560,
            "name": "basic nose tip"
          },
          {
            "x": 194.2,
            "y": 121.86,
            "type": 2816,
            "name": "basic mouth center"
          },
          {
            "x": 194.2,
            "y": 121.86,
            "type": 3072,
            "name": "basic eyebrow left"
          },
          {
            "x": 194.2,
            "y": 121.86,
            "type": 3328,
            "name": "basic eyebrow left inner corner"
          },
          {
            "x": 194.2,
            "y": 121.86,
            "type": 3584,
            "name": "basic eyebrow left outer corner"
          },
          {
            "x": 194.2,
            "y": 121.86,
            "type": 3840,
            "name": "basic eyebrow right"
          },
          {
            "x": 194.2,
            "y": 121.86,
            "type": 4096,
            "name": "basic eyebrow right inner corner"
          },
          {
            "x": 194.2,
            "y": 121.86,
            "type": 4352,
            "name": "basic eyebrow right outer corner"
          },
          {
            "x": 194.2,
            "y": 121.86,
            "type": 4608,
            "name": "basic chin bottom"
          },
          {
            "x": 194.2,
            "y": 121.86,
            "type": 4864,
            "name": "basic chin left"
          },
          {
            "x": 194.2,
            "y": 121.86,
            "type": 5120,
            "name": "basic chin right"
          },
          {
            "x": 184.28,
            "y": 103.44,
            "type": 5376,
            "name": "basic nose left"
          },
          {
            "x": 205.22,
            "y": 104.88,
            "type": 5632,
            "name": "basic nose right"
          }
        ],
        "user_points": null,
        "tags": [
          {
            "name": "5oclock shadow",
            "value": "no",
            "confidence": 1.0
          },
          {
            "name": "age",
            "value": "17",
            "confidence": 0.6
          },
          {
            "name": "arched eyebrows",
            "value": "no",
            "confidence": 0.43
          },
          {
            "name": "attractive",
            "value": "yes",
            "confidence": 0.78
          },
          {
            "name": "bags under eyes",
            "value": "no",
            "confidence": 0.54
          },
          {
            "name": "bald",
            "value": "no",
            "confidence": 1.0
          },
          {
            "name": "bangs",
            "value": "yes",
            "confidence": 0.87
          },
          {
            "name": "beard",
            "value": "no",
            "confidence": 1.0
          },
          {
            "name": "big lips",
            "value": "no",
            "confidence": 0.3
          },
          {
            "name": "big nose",
            "value": "no",
            "confidence": 0.98
          },
          {
            "name": "black hair",
            "value": "yes",
            "confidence": 0.06
          },
          {
            "name": "blond hair",
            "value": "no",
            "confidence": 0.99
          },
          {
            "name": "blurry",
            "value": "no",
            "confidence": 1.0
          },
          {
            "name": "brown hair",
            "value": "yes",
            "confidence": 0.15
          },
          {
            "name": "bushy eyebrows",
            "value": "no",
            "confidence": 0.24
          },
          {
            "name": "chubby",
            "value": "no",
            "confidence": 1.0
          },
          {
            "name": "double chin",
            "value": "no",
            "confidence": 1.0
          },
          {
            "name": "expression",
            "value": "smile",
            "confidence": 0.15
          },
          {
            "name": "gender",
            "value": "female",
            "confidence": 1.0
          },
          {
            "name": "glasses",
            "value": "no",
            "confidence": 1.0
          },
          {
            "name": "goatee",
            "value": "no",
            "confidence": 1.0
          },
          {
            "name": "gray hair",
            "value": "no",
            "confidence": 1.0
          },
          {
            "name": "heavy makeup",
            "value": "yes",
            "confidence": 0.42
          },
          {
            "name": "high cheekbones",
            "value": "no",
            "confidence": 0.05
          },
          {
            "name": "mouth open",
            "value": "yes",
            "confidence": 1.0
          },
          {
            "name": "mustache",
            "value": "no",
            "confidence": 1.0
          },
          {
            "name": "narrow eyes",
            "value": "no",
            "confidence": 0.02
          },
          {
            "name": "oval face",
            "value": "yes",
            "confidence": 0.79
          },
          {
            "name": "pale skin",
            "value": "yes",
            "confidence": 0.39
          },
          {
            "name": "pitch",
            "value": "-9.96",
            "confidence": 1.0
          },
          {
            "name": "pointy nose",
            "value": "no",
            "confidence": 0.76
          },
          {
            "name": "race",
            "value": "white",
            "confidence": 0.99
          },
          {
            "name": "receding hairline",
            "value": "no",
            "confidence": 1.0
          },
          {
            "name": "rosy cheeks",
            "value": "no",
            "confidence": 0.9
          },
          {
            "name": "sideburns",
            "value": "no",
            "confidence": 1.0
          },
          {
            "name": "straight hair",
            "value": "yes",
            "confidence": 0.92
          },
          {
            "name": "wavy hair",
            "value": "no",
            "confidence": 0.9
          },
          {
            "name": "wearing earrings",
            "value": "no",
            "confidence": 0.37
          },
          {
            "name": "wearing hat",
            "value": "no",
            "confidence": 0.54
          },
          {
            "name": "wearing lipstick",
            "value": "yes",
            "confidence": 0.73
          },
          {
            "name": "wearing necklace",
            "value": "no",
            "confidence": 0.25
          },
          {
            "name": "wearing necktie",
            "value": "no",
            "confidence": 0.83
          },
          {
            "name": "yaw",
            "value": "5.12",
            "confidence": 1.0
          },
          {
            "name": "young",
            "value": "yes",
            "confidence": 1.0
          }
        ],
        "person_id": "",
        "appearance_id": 0,
        "start": "00:00:00",
        "duration": "00:00:00"
      }
    ],
    "tags": null,
    "original_filename": "https://raw.githubusercontent.com/sarkrui/Hairstyle60k/master/Dataset/Bob/IMG_10.jpg",
    "duration": "00:00:00"
  },
  "recognize": null
}