{
  "media": {
    "media_uuid": "626cd516-152e-4df9-a428-73bff51240cb",
    "checksum": "aac9db865176bf65d90c37ff872b91530d8129f44f41a9746498b5ac60d6327c",
    "faces": [
      {
        "face_uuid": "6dd6bfa9-1534-11e9-99c4-0cc47a6c4dbd",
        "media_uuid": "626cd516-152e-4df9-a428-73bff51240cb",
        "x": 160.5,
        "y": 247.0,
        "width": 140.38,
        "height": 171.9,
        "angle": -13.1477,
        "detection_score": 1.0,
        "points": [
          {
            "x": 146.08,
            "y": 222.47,
            "type": 512,
            "name": "basic eye left"
          },
          {
            "x": 206.85,
            "y": 236.66,
            "type": 768,
            "name": "basic eye right"
          },
          {
            "x": 132.18,
            "y": 219.44,
            "type": 1024,
            "name": "basic eye left outer"
          },
          {
            "x": 218.82,
            "y": 239.59,
            "type": 1280,
            "name": "basic eye right outer"
          },
          {
            "x": 159.59,
            "y": 226.35,
            "type": 1536,
            "name": "basic eye left inner"
          },
          {
            "x": 194.91,
            "y": 234.68,
            "type": 1792,
            "name": "basic eye right inner"
          },
          {
            "x": 133.76,
            "y": 283.44,
            "type": 2048,
            "name": "basic mouth left"
          },
          {
            "x": 187.35,
            "y": 296.2,
            "type": 2304,
            "name": "basic mouth right"
          },
          {
            "x": 177.79,
            "y": 270.6,
            "type": 2560,
            "name": "basic nose tip"
          },
          {
            "x": 161.35,
            "y": 291.66,
            "type": 2816,
            "name": "basic mouth center"
          },
          {
            "x": 161.35,
            "y": 291.66,
            "type": 3072,
            "name": "basic eyebrow left"
          },
          {
            "x": 161.35,
            "y": 291.66,
            "type": 3328,
            "name": "basic eyebrow left inner corner"
          },
          {
            "x": 161.35,
            "y": 291.66,
            "type": 3584,
            "name": "basic eyebrow left outer corner"
          },
          {
            "x": 161.35,
            "y": 291.66,
            "type": 3840,
            "name": "basic eyebrow right"
          },
          {
            "x": 161.35,
            "y": 291.66,
            "type": 4096,
            "name": "basic eyebrow right inner corner"
          },
          {
            "x": 161.35,
            "y": 291.66,
            "type": 4352,
            "name": "basic eyebrow right outer corner"
          },
          {
            "x": 161.35,
            "y": 291.66,
            "type": 4608,
            "name": "basic chin bottom"
          },
          {
            "x": 161.35,
            "y": 291.66,
            "type": 4864,
            "name": "basic chin left"
          },
          {
            "x": 161.35,
            "y": 291.66,
            "type": 5120,
            "name": "basic chin right"
          },
          {
            "x": 156.18,
            "y": 266.81,
            "type": 5376,
            "name": "basic nose left"
          },
          {
            "x": 188.38,
            "y": 274.67,
            "type": 5632,
            "name": "basic nose right"
          }
        ],
        "user_points": null,
        "tags": [
          {
            "name": "5oclock shadow",
            "value": "yes",
            "confidence": 0.6
          },
          {
            "name": "age",
            "value": "18",
            "confidence": 0.6
          },
          {
            "name": "arched eyebrows",
            "value": "no",
            "confidence": 0.89
          },
          {
            "name": "attractive",
            "value": "no",
            "confidence": 0.93
          },
          {
            "name": "bags under eyes",
            "value": "yes",
            "confidence": 0.53
          },
          {
            "name": "bald",
            "value": "no",
            "confidence": 0.63
          },
          {
            "name": "bangs",
            "value": "no",
            "confidence": 0.35
          },
          {
            "name": "beard",
            "value": "yes",
            "confidence": 0.8
          },
          {
            "name": "big lips",
            "value": "no",
            "confidence": 0.38
          },
          {
            "name": "big nose",
            "value": "yes",
            "confidence": 0.41
          },
          {
            "name": "black hair",
            "value": "no",
            "confidence": 1.0
          },
          {
            "name": "blond hair",
            "value": "no",
            "confidence": 0.79
          },
          {
            "name": "blurry",
            "value": "yes",
            "confidence": 0.18
          },
          {
            "name": "brown hair",
            "value": "yes",
            "confidence": 0.95
          },
          {
            "name": "bushy eyebrows",
            "value": "no",
            "confidence": 0.31
          },
          {
            "name": "chubby",
            "value": "no",
            "confidence": 0.0
          },
          {
            "name": "double chin",
            "value": "yes",
            "confidence": 0.02
          },
          {
            "name": "expression",
            "value": "smile",
            "confidence": 0.44
          },
          {
            "name": "gender",
            "value": "male",
            "confidence": 0.86
          },
          {
            "name": "glasses",
            "value": "no",
            "confidence": 1.0
          },
          {
            "name": "goatee",
            "value": "yes",
            "confidence": 0.54
          },
          {
            "name": "gray hair",
            "value": "no",
            "confidence": 0.36
          },
          {
            "name": "heavy makeup",
            "value": "no",
            "confidence": 0.89
          },
          {
            "name": "high cheekbones",
            "value": "no",
            "confidence": 0.07
          },
          {
            "name": "mouth open",
            "value": "yes",
            "confidence": 0.19
          },
          {
            "name": "mustache",
            "value": "yes",
            "confidence": 0.49
          },
          {
            "name": "narrow eyes",
            "value": "yes",
            "confidence": 0.45
          },
          {
            "name": "oval face",
            "value": "no",
            "confidence": 0.58
          },
          {
            "name": "pale skin",
            "value": "no",
            "confidence": 1.0
          },
          {
            "name": "pitch",
            "value": "-8.49",
            "confidence": 1.0
          },
          {
            "name": "pointy nose",
            "value": "no",
            "confidence": 0.31
          },
          {
            "name": "race",
            "value": "white",
            "confidence": 1.0
          },
          {
            "name": "receding hairline",
            "value": "no",
            "confidence": 0.51
          },
          {
            "name": "rosy cheeks",
            "value": "no",
            "confidence": 0.83
          },
          {
            "name": "sideburns",
            "value": "yes",
            "confidence": 0.59
          },
          {
            "name": "straight hair",
            "value": "no",
            "confidence": 0.34
          },
          {
            "name": "wavy hair",
            "value": "yes",
            "confidence": 0.24
          },
          {
            "name": "wearing earrings",
            "value": "no",
            "confidence": 1.0
          },
          {
            "name": "wearing hat",
            "value": "no",
            "confidence": 0.68
          },
          {
            "name": "wearing lipstick",
            "value": "no",
            "confidence": 0.95
          },
          {
            "name": "wearing necklace",
            "value": "no",
            "confidence": 0.68
          },
          {
            "name": "wearing necktie",
            "value": "no",
            "confidence": 0.27
          },
          {
            "name": "yaw",
            "value": "-13.79",
            "confidence": 1.0
          },
          {
            "name": "young",
            "value": "no",
            "confidence": 0.42
          }
        ],
        "person_id": "",
        "appearance_id": 0,
        "start": "00:00:00",
        "duration": "00:00:00"
      }
    ],
    "tags": null,
    "original_filename": "https://raw.githubusercontent.com/sarkrui/Hairstyle60k/master/Dataset/Bouffant/IMG_12.jpg",
    "duration": "00:00:00"
  },
  "recognize": null
}