{
  "media": {
    "media_uuid": "b6ec257e-c082-482b-8227-9c0812d4c230",
    "checksum": "f994be5c11a4e11222a4fc0d0c07b8f6c19439024948627c58564a60e4bd58e2",
    "faces": [
      {
        "face_uuid": "7208cb18-1534-11e9-99c4-0cc47a6c4dbd",
        "media_uuid": "b6ec257e-c082-482b-8227-9c0812d4c230",
        "x": 348.03,
        "y": 337.2,
        "width": 191.81,
        "height": 262.64,
        "angle": 4.0563,
        "detection_score": 1.0,
        "points": [
          {
            "x": 285.18,
            "y": 315.13,
            "type": 512,
            "name": "basic eye left"
          },
          {
            "x": 377.75,
            "y": 308.57,
            "type": 768,
            "name": "basic eye right"
          },
          {
            "x": 265.86,
            "y": 316.53,
            "type": 1024,
            "name": "basic eye left outer"
          },
          {
            "x": 398.68,
            "y": 307.2,
            "type": 1280,
            "name": "basic eye right outer"
          },
          {
            "x": 304.23,
            "y": 315.54,
            "type": 1536,
            "name": "basic eye left inner"
          },
          {
            "x": 357.18,
            "y": 311.75,
            "type": 1792,
            "name": "basic eye right inner"
          },
          {
            "x": 311.77,
            "y": 421.84,
            "type": 2048,
            "name": "basic mouth left"
          },
          {
            "x": 374.45,
            "y": 416.78,
            "type": 2304,
            "name": "basic mouth right"
          },
          {
            "x": 327.39,
            "y": 377.41,
            "type": 2560,
            "name": "basic nose tip"
          },
          {
            "x": 342.17,
            "y": 420.0,
            "type": 2816,
            "name": "basic mouth center"
          },
          {
            "x": 342.17,
            "y": 420.0,
            "type": 3072,
            "name": "basic eyebrow left"
          },
          {
            "x": 342.17,
            "y": 420.0,
            "type": 3328,
            "name": "basic eyebrow left inner corner"
          },
          {
            "x": 342.17,
            "y": 420.0,
            "type": 3584,
            "name": "basic eyebrow left outer corner"
          },
          {
            "x": 342.17,
            "y": 420.0,
            "type": 3840,
            "name": "basic eyebrow right"
          },
          {
            "x": 342.17,
            "y": 420.0,
            "type": 4096,
            "name": "basic eyebrow right inner corner"
          },
          {
            "x": 342.17,
            "y": 420.0,
            "type": 4352,
            "name": "basic eyebrow right outer corner"
          },
          {
            "x": 342.17,
            "y": 420.0,
            "type": 4608,
            "name": "basic chin bottom"
          },
          {
            "x": 342.17,
            "y": 420.0,
            "type": 4864,
            "name": "basic chin left"
          },
          {
            "x": 342.17,
            "y": 420.0,
            "type": 5120,
            "name": "basic chin right"
          },
          {
            "x": 310.24,
            "y": 380.37,
            "type": 5376,
            "name": "basic nose left"
          },
          {
            "x": 355.03,
            "y": 377.07,
            "type": 5632,
            "name": "basic nose right"
          }
        ],
        "user_points": null,
        "tags": [
          {
            "name": "5oclock shadow",
            "value": "no",
            "confidence": 1.0
          },
          {
            "name": "age",
            "value": "20",
            "confidence": 0.6
          },
          {
            "name": "arched eyebrows",
            "value": "yes",
            "confidence": 0.15
          },
          {
            "name": "attractive",
            "value": "yes",
            "confidence": 1.0
          },
          {
            "name": "bags under eyes",
            "value": "no",
            "confidence": 1.0
          },
          {
            "name": "bald",
            "value": "no",
            "confidence": 0.92
          },
          {
            "name": "bangs",
            "value": "no",
            "confidence": 0.98
          },
          {
            "name": "beard",
            "value": "no",
            "confidence": 1.0
          },
          {
            "name": "big lips",
            "value": "yes",
            "confidence": 0.03
          },
          {
            "name": "big nose",
            "value": "no",
            "confidence": 1.0
          },
          {
            "name": "black hair",
            "value": "no",
            "confidence": 0.81
          },
          {
            "name": "blond hair",
            "value": "no",
            "confidence": 0.68
          },
          {
            "name": "blurry",
            "value": "no",
            "confidence": 1.0
          },
          {
            "name": "brown hair",
            "value": "yes",
            "confidence": 0.64
          },
          {
            "name": "bushy eyebrows",
            "value": "no",
            "confidence": 0.17
          },
          {
            "name": "chubby",
            "value": "no",
            "confidence": 1.0
          },
          {
            "name": "double chin",
            "value": "no",
            "confidence": 1.0
          },
          {
            "name": "expression",
            "value": "neutral",
            "confidence": 0.95
          },
          {
            "name": "gender",
            "value": "female",
            "confidence": 1.0
          },
          {
            "name": "glasses",
            "value": "no",
            "confidence": 1.0
          },
          {
            "name": "goatee",
            "value": "no",
            "confidence": 1.0
          },
          {
            "name": "gray hair",
            "value": "no",
            "confidence": 1.0
          },
          {
            "name": "heavy makeup",
            "value": "yes",
            "confidence": 0.89
          },
          {
            "name": "high cheekbones",
            "value": "no",
            "confidence": 1.0
          },
          {
            "name": "mouth open",
            "value": "no",
            "confidence": 0.7
          },
          {
            "name": "mustache",
            "value": "no",
            "confidence": 1.0
          },
          {
            "name": "narrow eyes",
            "value": "no",
            "confidence": 0.87
          },
          {
            "name": "oval face",
            "value": "yes",
            "confidence": 0.14
          },
          {
            "name": "pale skin",
            "value": "yes",
            "confidence": 0.63
          },
          {
            "name": "pitch",
            "value": "-8.47",
            "confidence": 1.0
          },
          {
            "name": "pointy nose",
            "value": "yes",
            "confidence": 0.47
          },
          {
            "name": "race",
            "value": "white",
            "confidence": 0.96
          },
          {
            "name": "receding hairline",
            "value": "no",
            "confidence": 0.74
          },
          {
            "name": "rosy cheeks",
            "value": "no",
            "confidence": 0.93
          },
          {
            "name": "sideburns",
            "value": "no",
            "confidence": 1.0
          },
          {
            "name": "straight hair",
            "value": "yes",
            "confidence": 0.05
          },
          {
            "name": "wavy hair",
            "value": "yes",
            "confidence": 0.15
          },
          {
            "name": "wearing earrings",
            "value": "no",
            "confidence": 0.86
          },
          {
            "name": "wearing hat",
            "value": "no",
            "confidence": 0.91
          },
          {
            "name": "wearing lipstick",
            "value": "yes",
            "confidence": 0.98
          },
          {
            "name": "wearing necklace",
            "value": "no",
            "confidence": 0.4
          },
          {
            "name": "wearing necktie",
            "value": "no",
            "confidence": 0.9
          },
          {
            "name": "yaw",
            "value": "20.76",
            "confidence": 1.0
          },
          {
            "name": "young",
            "value": "yes",
            "confidence": 1.0
          }
        ],
        "person_id": "",
        "appearance_id": 0,
        "start": "00:00:00",
        "duration": "00:00:00"
      }
    ],
    "tags": null,
    "original_filename": "https://raw.githubusercontent.com/sarkrui/Hairstyle60k/master/Dataset/Bouffant/IMG_15.jpg",
    "duration": "00:00:00"
  },
  "recognize": null
}