{
  "media": {
    "media_uuid": "f748dfc5-f10d-4425-ac9b-ad48cecb4fa3",
    "checksum": "200593677059f605980d085928681d5eb990c89d4d496e01616178417ffea4af",
    "faces": [
      {
        "face_uuid": "7d9969a0-1534-11e9-99c4-0cc47a6c4dbd",
        "media_uuid": "f748dfc5-f10d-4425-ac9b-ad48cecb4fa3",
        "x": 734.4,
        "y": 408.8,
        "width": 241.05,
        "height": 324.96,
        "angle": -8.6972,
        "detection_score": 1.0,
        "points": [
          {
            "x": 674.03,
            "y": 361.44,
            "type": 512,
            "name": "basic eye left"
          },
          {
            "x": 792.51,
            "y": 379.57,
            "type": 768,
            "name": "basic eye right"
          },
          {
            "x": 648.89,
            "y": 358.67,
            "type": 1024,
            "name": "basic eye left outer"
          },
          {
            "x": 817.09,
            "y": 384.34,
            "type": 1280,
            "name": "basic eye right outer"
          },
          {
            "x": 698.19,
            "y": 367.63,
            "type": 1536,
            "name": "basic eye left inner"
          },
          {
            "x": 767.96,
            "y": 378.33,
            "type": 1792,
            "name": "basic eye right inner"
          },
          {
            "x": 670.89,
            "y": 489.21,
            "type": 2048,
            "name": "basic mouth left"
          },
          {
            "x": 754.42,
            "y": 502.75,
            "type": 2304,
            "name": "basic mouth right"
          },
          {
            "x": 725.26,
            "y": 436.5,
            "type": 2560,
            "name": "basic nose tip"
          },
          {
            "x": 712.82,
            "y": 496.32,
            "type": 2816,
            "name": "basic mouth center"
          },
          {
            "x": 712.82,
            "y": 496.32,
            "type": 3072,
            "name": "basic eyebrow left"
          },
          {
            "x": 712.82,
            "y": 496.32,
            "type": 3328,
            "name": "basic eyebrow left inner corner"
          },
          {
            "x": 712.82,
            "y": 496.32,
            "type": 3584,
            "name": "basic eyebrow left outer corner"
          },
          {
            "x": 712.82,
            "y": 496.32,
            "type": 3840,
            "name": "basic eyebrow right"
          },
          {
            "x": 712.82,
            "y": 496.32,
            "type": 4096,
            "name": "basic eyebrow right inner corner"
          },
          {
            "x": 712.82,
            "y": 496.32,
            "type": 4352,
            "name": "basic eyebrow right outer corner"
          },
          {
            "x": 712.82,
            "y": 496.32,
            "type": 4608,
            "name": "basic chin bottom"
          },
          {
            "x": 712.82,
            "y": 496.32,
            "type": 4864,
            "name": "basic chin left"
          },
          {
            "x": 712.82,
            "y": 496.32,
            "type": 5120,
            "name": "basic chin right"
          },
          {
            "x": 694.92,
            "y": 441.16,
            "type": 5376,
            "name": "basic nose left"
          },
          {
            "x": 750.59,
            "y": 449.93,
            "type": 5632,
            "name": "basic nose right"
          }
        ],
        "user_points": null,
        "tags": [
          {
            "name": "5oclock shadow",
            "value": "no",
            "confidence": 1.0
          },
          {
            "name": "age",
            "value": "23",
            "confidence": 0.6
          },
          {
            "name": "arched eyebrows",
            "value": "yes",
            "confidence": 0.5
          },
          {
            "name": "attractive",
            "value": "yes",
            "confidence": 0.46
          },
          {
            "name": "bags under eyes",
            "value": "no",
            "confidence": 0.8
          },
          {
            "name": "bald",
            "value": "no",
            "confidence": 0.85
          },
          {
            "name": "bangs",
            "value": "no",
            "confidence": 1.0
          },
          {
            "name": "beard",
            "value": "no",
            "confidence": 0.97
          },
          {
            "name": "big lips",
            "value": "no",
            "confidence": 0.05
          },
          {
            "name": "big nose",
            "value": "no",
            "confidence": 0.91
          },
          {
            "name": "black hair",
            "value": "no",
            "confidence": 1.0
          },
          {
            "name": "blond hair",
            "value": "yes",
            "confidence": 0.46
          },
          {
            "name": "blurry",
            "value": "no",
            "confidence": 0.92
          },
          {
            "name": "brown hair",
            "value": "yes",
            "confidence": 0.02
          },
          {
            "name": "bushy eyebrows",
            "value": "no",
            "confidence": 0.46
          },
          {
            "name": "chubby",
            "value": "no",
            "confidence": 0.99
          },
          {
            "name": "double chin",
            "value": "no",
            "confidence": 1.0
          },
          {
            "name": "expression",
            "value": "neutral",
            "confidence": 1.0
          },
          {
            "name": "gender",
            "value": "female",
            "confidence": 0.9
          },
          {
            "name": "glasses",
            "value": "no",
            "confidence": 1.0
          },
          {
            "name": "goatee",
            "value": "no",
            "confidence": 0.92
          },
          {
            "name": "gray hair",
            "value": "no",
            "confidence": 0.73
          },
          {
            "name": "heavy makeup",
            "value": "yes",
            "confidence": 0.32
          },
          {
            "name": "high cheekbones",
            "value": "no",
            "confidence": 1.0
          },
          {
            "name": "mouth open",
            "value": "yes",
            "confidence": 0.2
          },
          {
            "name": "mustache",
            "value": "no",
            "confidence": 0.94
          },
          {
            "name": "narrow eyes",
            "value": "no",
            "confidence": 0.18
          },
          {
            "name": "oval face",
            "value": "yes",
            "confidence": 0.22
          },
          {
            "name": "pale skin",
            "value": "yes",
            "confidence": 0.34
          },
          {
            "name": "pitch",
            "value": "-9.35",
            "confidence": 1.0
          },
          {
            "name": "pointy nose",
            "value": "no",
            "confidence": 0.16
          },
          {
            "name": "race",
            "value": "asian",
            "confidence": 0.97
          },
          {
            "name": "receding hairline",
            "value": "no",
            "confidence": 0.23
          },
          {
            "name": "rosy cheeks",
            "value": "no",
            "confidence": 1.0
          },
          {
            "name": "sideburns",
            "value": "no",
            "confidence": 0.98
          },
          {
            "name": "straight hair",
            "value": "yes",
            "confidence": 0.08
          },
          {
            "name": "wavy hair",
            "value": "no",
            "confidence": 0.03
          },
          {
            "name": "wearing earrings",
            "value": "no",
            "confidence": 0.2
          },
          {
            "name": "wearing hat",
            "value": "no",
            "confidence": 1.0
          },
          {
            "name": "wearing lipstick",
            "value": "yes",
            "confidence": 0.63
          },
          {
            "name": "wearing necklace",
            "value": "no",
            "confidence": 0.26
          },
          {
            "name": "wearing necktie",
            "value": "no",
            "confidence": 0.88
          },
          {
            "name": "yaw",
            "value": "2.14",
            "confidence": 1.0
          },
          {
            "name": "young",
            "value": "yes",
            "confidence": 0.91
          }
        ],
        "person_id": "",
        "appearance_id": 0,
        "start": "00:00:00",
        "duration": "00:00:00"
      },
      {
        "face_uuid": "7deac8f2-1534-11e9-99c4-0cc47a6c4dbd",
        "media_uuid": "f748dfc5-f10d-4425-ac9b-ad48cecb4fa3",
        "x": 243.2,
        "y": 348.8,
        "width": 229.11,
        "height": 311.59,
        "angle": -1.2302,
        "detection_score": 0.99,
        "points": [
          {
            "x": 179.32,
            "y": 324.53,
            "type": 512,
            "name": "basic eye left"
          },
          {
            "x": 289.25,
            "y": 326.89,
            "type": 768,
            "name": "basic eye right"
          },
          {
            "x": 156.27,
            "y": 324.25,
            "type": 1024,
            "name": "basic eye left outer"
          },
          {
            "x": 313.35,
            "y": 327.69,
            "type": 1280,
            "name": "basic eye right outer"
          },
          {
            "x": 201.88,
            "y": 327.22,
            "type": 1536,
            "name": "basic eye left inner"
          },
          {
            "x": 265.43,
            "y": 328.52,
            "type": 1792,
            "name": "basic eye right inner"
          },
          {
            "x": 194.79,
            "y": 443.5,
            "type": 2048,
            "name": "basic mouth left"
          },
          {
            "x": 271.75,
            "y": 443.59,
            "type": 2304,
            "name": "basic mouth right"
          },
          {
            "x": 226.48,
            "y": 399.19,
            "type": 2560,
            "name": "basic nose tip"
          },
          {
            "x": 232.77,
            "y": 444.91,
            "type": 2816,
            "name": "basic mouth center"
          },
          {
            "x": 232.77,
            "y": 444.91,
            "type": 3072,
            "name": "basic eyebrow left"
          },
          {
            "x": 232.77,
            "y": 444.91,
            "type": 3328,
            "name": "basic eyebrow left inner corner"
          },
          {
            "x": 232.77,
            "y": 444.91,
            "type": 3584,
            "name": "basic eyebrow left outer corner"
          },
          {
            "x": 232.77,
            "y": 444.91,
            "type": 3840,
            "name": "basic eyebrow right"
          },
          {
            "x": 232.77,
            "y": 444.91,
            "type": 4096,
            "name": "basic eyebrow right inner corner"
          },
          {
            "x": 232.77,
            "y": 444.91,
            "type": 4352,
            "name": "basic eyebrow right outer corner"
          },
          {
            "x": 232.77,
            "y": 444.91,
            "type": 4608,
            "name": "basic chin bottom"
          },
          {
            "x": 232.77,
            "y": 444.91,
            "type": 4864,
            "name": "basic chin left"
          },
          {
            "x": 232.77,
            "y": 444.91,
            "type": 5120,
            "name": "basic chin right"
          },
          {
            "x": 203.23,
            "y": 399.7,
            "type": 5376,
            "name": "basic nose left"
          },
          {
            "x": 256.13,
            "y": 400.34,
            "type": 5632,
            "name": "basic nose right"
          }
        ],
        "user_points": null,
        "tags": [
          {
            "name": "5oclock shadow",
            "value": "no",
            "confidence": 1.0
          },
          {
            "name": "age",
            "value": "13",
            "confidence": 0.6
          },
          {
            "name": "arched eyebrows",
            "value": "yes",
            "confidence": 0.42
          },
          {
            "name": "attractive",
            "value": "yes",
            "confidence": 0.78
          },
          {
            "name": "bags under eyes",
            "value": "no",
            "confidence": 0.87
          },
          {
            "name": "bald",
            "value": "no",
            "confidence": 0.6
          },
          {
            "name": "bangs",
            "value": "no",
            "confidence": 1.0
          },
          {
            "name": "beard",
            "value": "no",
            "confidence": 1.0
          },
          {
            "name": "big lips",
            "value": "yes",
            "confidence": 0.18
          },
          {
            "name": "big nose",
            "value": "no",
            "confidence": 0.74
          },
          {
            "name": "black hair",
            "value": "no",
            "confidence": 0.74
          },
          {
            "name": "blond hair",
            "value": "no",
            "confidence": 0.66
          },
          {
            "name": "blurry",
            "value": "no",
            "confidence": 1.0
          },
          {
            "name": "brown hair",
            "value": "yes",
            "confidence": 0.33
          },
          {
            "name": "bushy eyebrows",
            "value": "no",
            "confidence": 0.24
          },
          {
            "name": "chubby",
            "value": "no",
            "confidence": 0.85
          },
          {
            "name": "double chin",
            "value": "no",
            "confidence": 1.0
          },
          {
            "name": "expression",
            "value": "neutral",
            "confidence": 1.0
          },
          {
            "name": "gender",
            "value": "female",
            "confidence": 1.0
          },
          {
            "name": "glasses",
            "value": "no",
            "confidence": 1.0
          },
          {
            "name": "goatee",
            "value": "no",
            "confidence": 1.0
          },
          {
            "name": "gray hair",
            "value": "no",
            "confidence": 0.79
          },
          {
            "name": "heavy makeup",
            "value": "yes",
            "confidence": 0.97
          },
          {
            "name": "high cheekbones",
            "value": "no",
            "confidence": 0.97
          },
          {
            "name": "mouth open",
            "value": "no",
            "confidence": 0.72
          },
          {
            "name": "mustache",
            "value": "no",
            "confidence": 0.99
          },
          {
            "name": "narrow eyes",
            "value": "no",
            "confidence": 0.91
          },
          {
            "name": "oval face",
            "value": "yes",
            "confidence": 0.26
          },
          {
            "name": "pale skin",
            "value": "yes",
            "confidence": 0.72
          },
          {
            "name": "pitch",
            "value": "-7.56",
            "confidence": 1.0
          },
          {
            "name": "pointy nose",
            "value": "yes",
            "confidence": 0.2
          },
          {
            "name": "race",
            "value": "white",
            "confidence": 1.0
          },
          {
            "name": "receding hairline",
            "value": "no",
            "confidence": 0.13
          },
          {
            "name": "rosy cheeks",
            "value": "no",
            "confidence": 0.8
          },
          {
            "name": "sideburns",
            "value": "no",
            "confidence": 1.0
          },
          {
            "name": "straight hair",
            "value": "no",
            "confidence": 0.27
          },
          {
            "name": "wavy hair",
            "value": "yes",
            "confidence": 0.24
          },
          {
            "name": "wearing earrings",
            "value": "no",
            "confidence": 0.53
          },
          {
            "name": "wearing hat",
            "value": "no",
            "confidence": 0.95
          },
          {
            "name": "wearing lipstick",
            "value": "yes",
            "confidence": 0.98
          },
          {
            "name": "wearing necklace",
            "value": "no",
            "confidence": 0.28
          },
          {
            "name": "wearing necktie",
            "value": "no",
            "confidence": 0.87
          },
          {
            "name": "yaw",
            "value": "14.71",
            "confidence": 1.0
          },
          {
            "name": "young",
            "value": "yes",
            "confidence": 0.92
          }
        ],
        "person_id": "",
        "appearance_id": 0,
        "start": "00:00:00",
        "duration": "00:00:00"
      }
    ],
    "tags": null,
    "original_filename": "https://raw.githubusercontent.com/sarkrui/Hairstyle60k/master/Dataset/Bouffant/IMG_23.jpg",
    "duration": "00:00:00"
  },
  "recognize": null
}