{
  "media": {
    "media_uuid": "ad11f105-b91e-446b-b249-e876c3134de9",
    "checksum": "11ff950a3c7bb536bde0f698e78c5f14c04bcb2b854df5e9e422db42b7a0d91e",
    "faces": [
      {
        "face_uuid": "8a05c05e-1534-11e9-99c4-0cc47a6c4dbd",
        "media_uuid": "ad11f105-b91e-446b-b249-e876c3134de9",
        "x": 277.5,
        "y": 262.5,
        "width": 224.91,
        "height": 299.56,
        "angle": -2.7318,
        "detection_score": 1.0,
        "points": [
          {
            "x": 241.02,
            "y": 224.49,
            "type": 512,
            "name": "basic eye left"
          },
          {
            "x": 353.73,
            "y": 229.87,
            "type": 768,
            "name": "basic eye right"
          },
          {
            "x": 214.93,
            "y": 223.89,
            "type": 1024,
            "name": "basic eye left outer"
          },
          {
            "x": 375.33,
            "y": 231.1,
            "type": 1280,
            "name": "basic eye right outer"
          },
          {
            "x": 266.59,
            "y": 228.08,
            "type": 1536,
            "name": "basic eye left inner"
          },
          {
            "x": 332.42,
            "y": 231.49,
            "type": 1792,
            "name": "basic eye right inner"
          },
          {
            "x": 263.48,
            "y": 349.76,
            "type": 2048,
            "name": "basic mouth left"
          },
          {
            "x": 346.88,
            "y": 347.09,
            "type": 2304,
            "name": "basic mouth right"
          },
          {
            "x": 330.41,
            "y": 304.26,
            "type": 2560,
            "name": "basic nose tip"
          },
          {
            "x": 307.56,
            "y": 349.68,
            "type": 2816,
            "name": "basic mouth center"
          },
          {
            "x": 307.56,
            "y": 349.68,
            "type": 3072,
            "name": "basic eyebrow left"
          },
          {
            "x": 307.56,
            "y": 349.68,
            "type": 3328,
            "name": "basic eyebrow left inner corner"
          },
          {
            "x": 307.56,
            "y": 349.68,
            "type": 3584,
            "name": "basic eyebrow left outer corner"
          },
          {
            "x": 307.56,
            "y": 349.68,
            "type": 3840,
            "name": "basic eyebrow right"
          },
          {
            "x": 307.56,
            "y": 349.68,
            "type": 4096,
            "name": "basic eyebrow right inner corner"
          },
          {
            "x": 307.56,
            "y": 349.68,
            "type": 4352,
            "name": "basic eyebrow right outer corner"
          },
          {
            "x": 307.56,
            "y": 349.68,
            "type": 4608,
            "name": "basic chin bottom"
          },
          {
            "x": 307.56,
            "y": 349.68,
            "type": 4864,
            "name": "basic chin left"
          },
          {
            "x": 307.56,
            "y": 349.68,
            "type": 5120,
            "name": "basic chin right"
          },
          {
            "x": 289.05,
            "y": 311.87,
            "type": 5376,
            "name": "basic nose left"
          },
          {
            "x": 344.82,
            "y": 312.87,
            "type": 5632,
            "name": "basic nose right"
          }
        ],
        "user_points": null,
        "tags": [
          {
            "name": "5oclock shadow",
            "value": "no",
            "confidence": 0.79
          },
          {
            "name": "age",
            "value": "39",
            "confidence": 0.6
          },
          {
            "name": "arched eyebrows",
            "value": "no",
            "confidence": 1.0
          },
          {
            "name": "attractive",
            "value": "no",
            "confidence": 0.2
          },
          {
            "name": "bags under eyes",
            "value": "no",
            "confidence": 0.62
          },
          {
            "name": "bald",
            "value": "no",
            "confidence": 0.95
          },
          {
            "name": "bangs",
            "value": "yes",
            "confidence": 1.0
          },
          {
            "name": "beard",
            "value": "no",
            "confidence": 1.0
          },
          {
            "name": "big lips",
            "value": "no",
            "confidence": 0.58
          },
          {
            "name": "big nose",
            "value": "no",
            "confidence": 0.65
          },
          {
            "name": "black hair",
            "value": "no",
            "confidence": 0.99
          },
          {
            "name": "blond hair",
            "value": "yes",
            "confidence": 0.42
          },
          {
            "name": "blurry",
            "value": "no",
            "confidence": 0.67
          },
          {
            "name": "brown hair",
            "value": "no",
            "confidence": 0.12
          },
          {
            "name": "bushy eyebrows",
            "value": "no",
            "confidence": 0.58
          },
          {
            "name": "chubby",
            "value": "no",
            "confidence": 0.8
          },
          {
            "name": "double chin",
            "value": "no",
            "confidence": 0.87
          },
          {
            "name": "expression",
            "value": "neutral",
            "confidence": 0.71
          },
          {
            "name": "gender",
            "value": "male",
            "confidence": 0.19
          },
          {
            "name": "glasses",
            "value": "no",
            "confidence": 1.0
          },
          {
            "name": "goatee",
            "value": "no",
            "confidence": 1.0
          },
          {
            "name": "gray hair",
            "value": "no",
            "confidence": 0.24
          },
          {
            "name": "heavy makeup",
            "value": "no",
            "confidence": 0.5
          },
          {
            "name": "high cheekbones",
            "value": "no",
            "confidence": 0.6
          },
          {
            "name": "mouth open",
            "value": "no",
            "confidence": 0.91
          },
          {
            "name": "mustache",
            "value": "no",
            "confidence": 1.0
          },
          {
            "name": "narrow eyes",
            "value": "no",
            "confidence": 0.48
          },
          {
            "name": "oval face",
            "value": "yes",
            "confidence": 0.13
          },
          {
            "name": "pale skin",
            "value": "yes",
            "confidence": 0.42
          },
          {
            "name": "pitch",
            "value": "-6.39",
            "confidence": 1.0
          },
          {
            "name": "pointy nose",
            "value": "no",
            "confidence": 0.46
          },
          {
            "name": "race",
            "value": "asian",
            "confidence": 0.99
          },
          {
            "name": "receding hairline",
            "value": "no",
            "confidence": 1.0
          },
          {
            "name": "rosy cheeks",
            "value": "no",
            "confidence": 0.88
          },
          {
            "name": "sideburns",
            "value": "no",
            "confidence": 1.0
          },
          {
            "name": "straight hair",
            "value": "yes",
            "confidence": 0.71
          },
          {
            "name": "wavy hair",
            "value": "no",
            "confidence": 0.71
          },
          {
            "name": "wearing earrings",
            "value": "no",
            "confidence": 0.62
          },
          {
            "name": "wearing hat",
            "value": "no",
            "confidence": 0.71
          },
          {
            "name": "wearing lipstick",
            "value": "no",
            "confidence": 0.42
          },
          {
            "name": "wearing necklace",
            "value": "no",
            "confidence": 0.6
          },
          {
            "name": "wearing necktie",
            "value": "no",
            "confidence": 0.25
          },
          {
            "name": "yaw",
            "value": "-42.4",
            "confidence": 1.0
          },
          {
            "name": "young",
            "value": "yes",
            "confidence": 0.22
          }
        ],
        "person_id": "",
        "appearance_id": 0,
        "start": "00:00:00",
        "duration": "00:00:00"
      }
    ],
    "tags": null,
    "original_filename": "https://raw.githubusercontent.com/sarkrui/Hairstyle60k/master/Dataset/Bowl_Cut/IMG_10.jpg",
    "duration": "00:00:00"
  },
  "recognize": null
}