{
  "media": {
    "media_uuid": "b365c9f3-7823-4370-a5e8-168f2856fa21",
    "checksum": "dd660c2b84fb1737d390a9bc67e9e429773ab04cb2ec8126cb0b20574d61ed0d",
    "faces": [
      {
        "face_uuid": "92b5a9c9-1534-11e9-99c4-0cc47a6c4dbd",
        "media_uuid": "b365c9f3-7823-4370-a5e8-168f2856fa21",
        "x": 303.07,
        "y": 338.44,
        "width": 226.48,
        "height": 293.75,
        "angle": 1.6461,
        "detection_score": 1.0,
        "points": [
          {
            "x": 240.73,
            "y": 296.39,
            "type": 512,
            "name": "basic eye left"
          },
          {
            "x": 361.43,
            "y": 292.92,
            "type": 768,
            "name": "basic eye right"
          },
          {
            "x": 215.43,
            "y": 297.26,
            "type": 1024,
            "name": "basic eye left outer"
          },
          {
            "x": 387.32,
            "y": 292.38,
            "type": 1280,
            "name": "basic eye right outer"
          },
          {
            "x": 265.75,
            "y": 298.6,
            "type": 1536,
            "name": "basic eye left inner"
          },
          {
            "x": 335.82,
            "y": 296.53,
            "type": 1792,
            "name": "basic eye right inner"
          },
          {
            "x": 260.57,
            "y": 425.13,
            "type": 2048,
            "name": "basic mouth left"
          },
          {
            "x": 344.99,
            "y": 423.01,
            "type": 2304,
            "name": "basic mouth right"
          },
          {
            "x": 299.22,
            "y": 375.65,
            "type": 2560,
            "name": "basic nose tip"
          },
          {
            "x": 302.46,
            "y": 425.17,
            "type": 2816,
            "name": "basic mouth center"
          },
          {
            "x": 302.46,
            "y": 425.17,
            "type": 3072,
            "name": "basic eyebrow left"
          },
          {
            "x": 302.46,
            "y": 425.17,
            "type": 3328,
            "name": "basic eyebrow left inner corner"
          },
          {
            "x": 302.46,
            "y": 425.17,
            "type": 3584,
            "name": "basic eyebrow left outer corner"
          },
          {
            "x": 302.46,
            "y": 425.17,
            "type": 3840,
            "name": "basic eyebrow right"
          },
          {
            "x": 302.46,
            "y": 425.17,
            "type": 4096,
            "name": "basic eyebrow right inner corner"
          },
          {
            "x": 302.46,
            "y": 425.17,
            "type": 4352,
            "name": "basic eyebrow right outer corner"
          },
          {
            "x": 302.46,
            "y": 425.17,
            "type": 4608,
            "name": "basic chin bottom"
          },
          {
            "x": 302.46,
            "y": 425.17,
            "type": 4864,
            "name": "basic chin left"
          },
          {
            "x": 302.46,
            "y": 425.17,
            "type": 5120,
            "name": "basic chin right"
          },
          {
            "x": 270.78,
            "y": 376.13,
            "type": 5376,
            "name": "basic nose left"
          },
          {
            "x": 331.22,
            "y": 374.3,
            "type": 5632,
            "name": "basic nose right"
          }
        ],
        "user_points": null,
        "tags": [
          {
            "name": "5oclock shadow",
            "value": "yes",
            "confidence": 0.04
          },
          {
            "name": "age",
            "value": "17",
            "confidence": 0.6
          },
          {
            "name": "arched eyebrows",
            "value": "no",
            "confidence": 0.78
          },
          {
            "name": "attractive",
            "value": "yes",
            "confidence": 0.03
          },
          {
            "name": "bags under eyes",
            "value": "yes",
            "confidence": 0.18
          },
          {
            "name": "bald",
            "value": "no",
            "confidence": 1.0
          },
          {
            "name": "bangs",
            "value": "yes",
            "confidence": 0.81
          },
          {
            "name": "beard",
            "value": "no",
            "confidence": 0.21
          },
          {
            "name": "big lips",
            "value": "no",
            "confidence": 0.38
          },
          {
            "name": "big nose",
            "value": "no",
            "confidence": 0.13
          },
          {
            "name": "black hair",
            "value": "no",
            "confidence": 0.88
          },
          {
            "name": "blond hair",
            "value": "no",
            "confidence": 0.88
          },
          {
            "name": "blurry",
            "value": "no",
            "confidence": 0.98
          },
          {
            "name": "brown hair",
            "value": "yes",
            "confidence": 0.95
          },
          {
            "name": "bushy eyebrows",
            "value": "yes",
            "confidence": 0.16
          },
          {
            "name": "chubby",
            "value": "no",
            "confidence": 1.0
          },
          {
            "name": "double chin",
            "value": "no",
            "confidence": 1.0
          },
          {
            "name": "expression",
            "value": "neutral",
            "confidence": 0.81
          },
          {
            "name": "gender",
            "value": "male",
            "confidence": 0.82
          },
          {
            "name": "glasses",
            "value": "no",
            "confidence": 1.0
          },
          {
            "name": "goatee",
            "value": "no",
            "confidence": 0.52
          },
          {
            "name": "gray hair",
            "value": "no",
            "confidence": 0.97
          },
          {
            "name": "heavy makeup",
            "value": "no",
            "confidence": 0.83
          },
          {
            "name": "high cheekbones",
            "value": "no",
            "confidence": 0.82
          },
          {
            "name": "mouth open",
            "value": "no",
            "confidence": 0.71
          },
          {
            "name": "mustache",
            "value": "no",
            "confidence": 0.5
          },
          {
            "name": "narrow eyes",
            "value": "no",
            "confidence": 0.23
          },
          {
            "name": "oval face",
            "value": "yes",
            "confidence": 0.06
          },
          {
            "name": "pale skin",
            "value": "yes",
            "confidence": 0.43
          },
          {
            "name": "pitch",
            "value": "-9.85",
            "confidence": 1.0
          },
          {
            "name": "pointy nose",
            "value": "no",
            "confidence": 0.68
          },
          {
            "name": "race",
            "value": "white",
            "confidence": 0.58
          },
          {
            "name": "receding hairline",
            "value": "no",
            "confidence": 1.0
          },
          {
            "name": "rosy cheeks",
            "value": "no",
            "confidence": 1.0
          },
          {
            "name": "sideburns",
            "value": "no",
            "confidence": 0.46
          },
          {
            "name": "straight hair",
            "value": "yes",
            "confidence": 0.46
          },
          {
            "name": "wavy hair",
            "value": "no",
            "confidence": 0.5
          },
          {
            "name": "wearing earrings",
            "value": "no",
            "confidence": 0.95
          },
          {
            "name": "wearing hat",
            "value": "no",
            "confidence": 0.63
          },
          {
            "name": "wearing lipstick",
            "value": "no",
            "confidence": 0.87
          },
          {
            "name": "wearing necklace",
            "value": "no",
            "confidence": 1.0
          },
          {
            "name": "wearing necktie",
            "value": "no",
            "confidence": 0.31
          },
          {
            "name": "yaw",
            "value": "7.75",
            "confidence": 1.0
          },
          {
            "name": "young",
            "value": "yes",
            "confidence": 0.82
          }
        ],
        "person_id": "",
        "appearance_id": 0,
        "start": "00:00:00",
        "duration": "00:00:00"
      }
    ],
    "tags": null,
    "original_filename": "https://raw.githubusercontent.com/sarkrui/Hairstyle60k/master/Dataset/Bowl_Cut/IMG_17.jpg",
    "duration": "00:00:00"
  },
  "recognize": null
}