{
  "media": {
    "media_uuid": "5e7c427e-8556-4a85-a3be-1a9d071c7316",
    "checksum": "8bcc93074d96e4f4ac12485ccb5165fada3b47b93bcd27a43c9f0f3714197fa5",
    "faces": [
      {
        "face_uuid": "83b10494-1534-11e9-99c4-0cc47a6c4dbd",
        "media_uuid": "5e7c427e-8556-4a85-a3be-1a9d071c7316",
        "x": 133.0,
        "y": 279.0,
        "width": 199.12,
        "height": 294.85,
        "angle": 7.9593,
        "detection_score": 1.0,
        "points": [
          {
            "x": 70.7,
            "y": 235.25,
            "type": 512,
            "name": "basic eye left"
          },
          {
            "x": 174.26,
            "y": 220.77,
            "type": 768,
            "name": "basic eye right"
          },
          {
            "x": 50.37,
            "y": 238.7,
            "type": 1024,
            "name": "basic eye left outer"
          },
          {
            "x": 198.27,
            "y": 218.51,
            "type": 1280,
            "name": "basic eye right outer"
          },
          {
            "x": 90.37,
            "y": 233.54,
            "type": 1536,
            "name": "basic eye left inner"
          },
          {
            "x": 150.9,
            "y": 224.85,
            "type": 1792,
            "name": "basic eye right inner"
          },
          {
            "x": 56.06,
            "y": 361.61,
            "type": 2048,
            "name": "basic mouth left"
          },
          {
            "x": 142.35,
            "y": 363.56,
            "type": 2304,
            "name": "basic mouth right"
          },
          {
            "x": 89.21,
            "y": 298.25,
            "type": 2560,
            "name": "basic nose tip"
          },
          {
            "x": 96.79,
            "y": 362.89,
            "type": 2816,
            "name": "basic mouth center"
          },
          {
            "x": 96.79,
            "y": 362.89,
            "type": 3072,
            "name": "basic eyebrow left"
          },
          {
            "x": 96.79,
            "y": 362.89,
            "type": 3328,
            "name": "basic eyebrow left inner corner"
          },
          {
            "x": 96.79,
            "y": 362.89,
            "type": 3584,
            "name": "basic eyebrow left outer corner"
          },
          {
            "x": 96.79,
            "y": 362.89,
            "type": 3840,
            "name": "basic eyebrow right"
          },
          {
            "x": 96.79,
            "y": 362.89,
            "type": 4096,
            "name": "basic eyebrow right inner corner"
          },
          {
            "x": 96.79,
            "y": 362.89,
            "type": 4352,
            "name": "basic eyebrow right outer corner"
          },
          {
            "x": 96.79,
            "y": 362.89,
            "type": 4608,
            "name": "basic chin bottom"
          },
          {
            "x": 96.79,
            "y": 362.89,
            "type": 4864,
            "name": "basic chin left"
          },
          {
            "x": 96.79,
            "y": 362.89,
            "type": 5120,
            "name": "basic chin right"
          },
          {
            "x": 71.9,
            "y": 308.44,
            "type": 5376,
            "name": "basic nose left"
          },
          {
            "x": 128.1,
            "y": 305.2,
            "type": 5632,
            "name": "basic nose right"
          }
        ],
        "user_points": null,
        "tags": [
          {
            "name": "5oclock shadow",
            "value": "no",
            "confidence": 0.68
          },
          {
            "name": "age",
            "value": "53",
            "confidence": 0.6
          },
          {
            "name": "arched eyebrows",
            "value": "no",
            "confidence": 0.97
          },
          {
            "name": "attractive",
            "value": "no",
            "confidence": 0.81
          },
          {
            "name": "bags under eyes",
            "value": "no",
            "confidence": 0.72
          },
          {
            "name": "bald",
            "value": "no",
            "confidence": 0.84
          },
          {
            "name": "bangs",
            "value": "no",
            "confidence": 0.04
          },
          {
            "name": "beard",
            "value": "no",
            "confidence": 1.0
          },
          {
            "name": "big lips",
            "value": "no",
            "confidence": 0.82
          },
          {
            "name": "big nose",
            "value": "no",
            "confidence": 0.65
          },
          {
            "name": "black hair",
            "value": "no",
            "confidence": 1.0
          },
          {
            "name": "blond hair",
            "value": "yes",
            "confidence": 0.56
          },
          {
            "name": "blurry",
            "value": "yes",
            "confidence": 0.03
          },
          {
            "name": "brown hair",
            "value": "no",
            "confidence": 0.93
          },
          {
            "name": "bushy eyebrows",
            "value": "no",
            "confidence": 0.51
          },
          {
            "name": "chubby",
            "value": "no",
            "confidence": 0.55
          },
          {
            "name": "double chin",
            "value": "no",
            "confidence": 0.67
          },
          {
            "name": "expression",
            "value": "neutral",
            "confidence": 0.73
          },
          {
            "name": "gender",
            "value": "male",
            "confidence": 0.21
          },
          {
            "name": "glasses",
            "value": "no",
            "confidence": 1.0
          },
          {
            "name": "goatee",
            "value": "no",
            "confidence": 1.0
          },
          {
            "name": "gray hair",
            "value": "yes",
            "confidence": 0.07
          },
          {
            "name": "heavy makeup",
            "value": "no",
            "confidence": 0.72
          },
          {
            "name": "high cheekbones",
            "value": "no",
            "confidence": 0.76
          },
          {
            "name": "mouth open",
            "value": "no",
            "confidence": 0.36
          },
          {
            "name": "mustache",
            "value": "no",
            "confidence": 1.0
          },
          {
            "name": "narrow eyes",
            "value": "yes",
            "confidence": 0.03
          },
          {
            "name": "oval face",
            "value": "no",
            "confidence": 0.21
          },
          {
            "name": "pale skin",
            "value": "yes",
            "confidence": 0.0
          },
          {
            "name": "pitch",
            "value": "-4.98",
            "confidence": 1.0
          },
          {
            "name": "pointy nose",
            "value": "no",
            "confidence": 0.34
          },
          {
            "name": "race",
            "value": "asian",
            "confidence": 1.0
          },
          {
            "name": "receding hairline",
            "value": "no",
            "confidence": 0.98
          },
          {
            "name": "rosy cheeks",
            "value": "no",
            "confidence": 0.79
          },
          {
            "name": "sideburns",
            "value": "no",
            "confidence": 1.0
          },
          {
            "name": "straight hair",
            "value": "no",
            "confidence": 0.01
          },
          {
            "name": "wavy hair",
            "value": "no",
            "confidence": 0.5
          },
          {
            "name": "wearing earrings",
            "value": "no",
            "confidence": 0.49
          },
          {
            "name": "wearing hat",
            "value": "yes",
            "confidence": 0.08
          },
          {
            "name": "wearing lipstick",
            "value": "no",
            "confidence": 0.7
          },
          {
            "name": "wearing necklace",
            "value": "no",
            "confidence": 0.47
          },
          {
            "name": "wearing necktie",
            "value": "no",
            "confidence": 0.55
          },
          {
            "name": "yaw",
            "value": "68.78",
            "confidence": 1.0
          },
          {
            "name": "young",
            "value": "no",
            "confidence": 0.05
          }
        ],
        "person_id": "",
        "appearance_id": 0,
        "start": "00:00:00",
        "duration": "00:00:00"
      }
    ],
    "tags": null,
    "original_filename": "https://raw.githubusercontent.com/sarkrui/Hairstyle60k/master/Dataset/Bowl_Cut/IMG_5.jpg",
    "duration": "00:00:00"
  },
  "recognize": null
}