{
  "media": {
    "media_uuid": "304b9b5f-a9d4-44c2-9f2a-e204ca1b3dac",
    "checksum": "c754b3427653530197e3b1729fb306d888ca96bafa7ed97a114e54f1eafc6164",
    "faces": [
      {
        "face_uuid": "8166b8d1-1534-11e9-99c4-0cc47a6c4dbd",
        "media_uuid": "304b9b5f-a9d4-44c2-9f2a-e204ca1b3dac",
        "x": 185.0,
        "y": 261.0,
        "width": 216.76,
        "height": 256.69,
        "angle": -9.4143,
        "detection_score": 1.0,
        "points": [
          {
            "x": 148.83,
            "y": 222.48,
            "type": 512,
            "name": "basic eye left"
          },
          {
            "x": 246.82,
            "y": 238.73,
            "type": 768,
            "name": "basic eye right"
          },
          {
            "x": 127.19,
            "y": 219.34,
            "type": 1024,
            "name": "basic eye left outer"
          },
          {
            "x": 266.95,
            "y": 242.45,
            "type": 1280,
            "name": "basic eye right outer"
          },
          {
            "x": 169.75,
            "y": 227.72,
            "type": 1536,
            "name": "basic eye left inner"
          },
          {
            "x": 226.76,
            "y": 237.26,
            "type": 1792,
            "name": "basic eye right inner"
          },
          {
            "x": 144.73,
            "y": 325.31,
            "type": 2048,
            "name": "basic mouth left"
          },
          {
            "x": 216.77,
            "y": 336.72,
            "type": 2304,
            "name": "basic mouth right"
          },
          {
            "x": 194.83,
            "y": 292.63,
            "type": 2560,
            "name": "basic nose tip"
          },
          {
            "x": 181.28,
            "y": 332.36,
            "type": 2816,
            "name": "basic mouth center"
          },
          {
            "x": 181.28,
            "y": 332.36,
            "type": 3072,
            "name": "basic eyebrow left"
          },
          {
            "x": 181.28,
            "y": 332.36,
            "type": 3328,
            "name": "basic eyebrow left inner corner"
          },
          {
            "x": 181.28,
            "y": 332.36,
            "type": 3584,
            "name": "basic eyebrow left outer corner"
          },
          {
            "x": 181.28,
            "y": 332.36,
            "type": 3840,
            "name": "basic eyebrow right"
          },
          {
            "x": 181.28,
            "y": 332.36,
            "type": 4096,
            "name": "basic eyebrow right inner corner"
          },
          {
            "x": 181.28,
            "y": 332.36,
            "type": 4352,
            "name": "basic eyebrow right outer corner"
          },
          {
            "x": 181.28,
            "y": 332.36,
            "type": 4608,
            "name": "basic chin bottom"
          },
          {
            "x": 181.28,
            "y": 332.36,
            "type": 4864,
            "name": "basic chin left"
          },
          {
            "x": 181.28,
            "y": 332.36,
            "type": 5120,
            "name": "basic chin right"
          },
          {
            "x": 166.7,
            "y": 291.08,
            "type": 5376,
            "name": "basic nose left"
          },
          {
            "x": 214.92,
            "y": 298.64,
            "type": 5632,
            "name": "basic nose right"
          }
        ],
        "user_points": null,
        "tags": [
          {
            "name": "5oclock shadow",
            "value": "no",
            "confidence": 0.26
          },
          {
            "name": "age",
            "value": "40",
            "confidence": 0.6
          },
          {
            "name": "arched eyebrows",
            "value": "no",
            "confidence": 0.77
          },
          {
            "name": "attractive",
            "value": "no",
            "confidence": 1.0
          },
          {
            "name": "bags under eyes",
            "value": "no",
            "confidence": 0.01
          },
          {
            "name": "bald",
            "value": "no",
            "confidence": 0.24
          },
          {
            "name": "bangs",
            "value": "yes",
            "confidence": 0.18
          },
          {
            "name": "beard",
            "value": "yes",
            "confidence": 0.08
          },
          {
            "name": "big lips",
            "value": "yes",
            "confidence": 0.07
          },
          {
            "name": "big nose",
            "value": "yes",
            "confidence": 0.55
          },
          {
            "name": "black hair",
            "value": "no",
            "confidence": 0.48
          },
          {
            "name": "blond hair",
            "value": "no",
            "confidence": 1.0
          },
          {
            "name": "blurry",
            "value": "no",
            "confidence": 0.47
          },
          {
            "name": "brown hair",
            "value": "no",
            "confidence": 0.22
          },
          {
            "name": "bushy eyebrows",
            "value": "no",
            "confidence": 0.32
          },
          {
            "name": "chubby",
            "value": "yes",
            "confidence": 0.39
          },
          {
            "name": "double chin",
            "value": "no",
            "confidence": 0.13
          },
          {
            "name": "expression",
            "value": "neutral",
            "confidence": 1.0
          },
          {
            "name": "gender",
            "value": "male",
            "confidence": 0.61
          },
          {
            "name": "glasses",
            "value": "no",
            "confidence": 1.0
          },
          {
            "name": "goatee",
            "value": "no",
            "confidence": 0.11
          },
          {
            "name": "gray hair",
            "value": "no",
            "confidence": 0.52
          },
          {
            "name": "heavy makeup",
            "value": "no",
            "confidence": 0.88
          },
          {
            "name": "high cheekbones",
            "value": "no",
            "confidence": 0.48
          },
          {
            "name": "mouth open",
            "value": "no",
            "confidence": 1.0
          },
          {
            "name": "mustache",
            "value": "yes",
            "confidence": 0.07
          },
          {
            "name": "narrow eyes",
            "value": "no",
            "confidence": 0.65
          },
          {
            "name": "oval face",
            "value": "yes",
            "confidence": 0.16
          },
          {
            "name": "pale skin",
            "value": "no",
            "confidence": 0.72
          },
          {
            "name": "pitch",
            "value": "-9.39",
            "confidence": 1.0
          },
          {
            "name": "pointy nose",
            "value": "no",
            "confidence": 1.0
          },
          {
            "name": "race",
            "value": "white",
            "confidence": 1.0
          },
          {
            "name": "receding hairline",
            "value": "no",
            "confidence": 0.54
          },
          {
            "name": "rosy cheeks",
            "value": "no",
            "confidence": 0.9
          },
          {
            "name": "sideburns",
            "value": "no",
            "confidence": 0.27
          },
          {
            "name": "straight hair",
            "value": "no",
            "confidence": 0.54
          },
          {
            "name": "wavy hair",
            "value": "no",
            "confidence": 0.74
          },
          {
            "name": "wearing earrings",
            "value": "no",
            "confidence": 0.36
          },
          {
            "name": "wearing hat",
            "value": "yes",
            "confidence": 0.44
          },
          {
            "name": "wearing lipstick",
            "value": "no",
            "confidence": 0.88
          },
          {
            "name": "wearing necklace",
            "value": "no",
            "confidence": 0.5
          },
          {
            "name": "wearing necktie",
            "value": "no",
            "confidence": 0.55
          },
          {
            "name": "yaw",
            "value": "-4.95",
            "confidence": 1.0
          },
          {
            "name": "young",
            "value": "no",
            "confidence": 0.1
          }
        ],
        "person_id": "",
        "appearance_id": 0,
        "start": "00:00:00",
        "duration": "00:00:00"
      }
    ],
    "tags": null,
    "original_filename": "https://raw.githubusercontent.com/sarkrui/Hairstyle60k/master/Dataset/Bowl_Cut/IMG_3.jpg",
    "duration": "00:00:00"
  },
  "recognize": null
}