{
  "media": {
    "media_uuid": "d08969aa-0c1a-44d0-a4f2-d9b2dad0e582",
    "checksum": "0abb78ddcacb10104ecaee7034c14da1ea86d3d740c4913b11041d304f50ce7e",
    "faces": [
      {
        "face_uuid": "91acd37d-1534-11e9-99c4-0cc47a6c4dbd",
        "media_uuid": "d08969aa-0c1a-44d0-a4f2-d9b2dad0e582",
        "x": 202.0,
        "y": 193.5,
        "width": 140.87,
        "height": 181.8,
        "angle": -0.1534,
        "detection_score": 1.0,
        "points": [
          {
            "x": 165.0,
            "y": 162.44,
            "type": 512,
            "name": "basic eye left"
          },
          {
            "x": 237.0,
            "y": 162.64,
            "type": 768,
            "name": "basic eye right"
          },
          {
            "x": 149.74,
            "y": 162.63,
            "type": 1024,
            "name": "basic eye left outer"
          },
          {
            "x": 252.21,
            "y": 162.92,
            "type": 1280,
            "name": "basic eye right outer"
          },
          {
            "x": 180.03,
            "y": 164.47,
            "type": 1536,
            "name": "basic eye left inner"
          },
          {
            "x": 221.87,
            "y": 164.57,
            "type": 1792,
            "name": "basic eye right inner"
          },
          {
            "x": 174.73,
            "y": 242.5,
            "type": 2048,
            "name": "basic mouth left"
          },
          {
            "x": 228.78,
            "y": 242.96,
            "type": 2304,
            "name": "basic mouth right"
          },
          {
            "x": 200.47,
            "y": 210.98,
            "type": 2560,
            "name": "basic nose tip"
          },
          {
            "x": 201.7,
            "y": 243.59,
            "type": 2816,
            "name": "basic mouth center"
          },
          {
            "x": 201.7,
            "y": 243.59,
            "type": 3072,
            "name": "basic eyebrow left"
          },
          {
            "x": 201.7,
            "y": 243.59,
            "type": 3328,
            "name": "basic eyebrow left inner corner"
          },
          {
            "x": 201.7,
            "y": 243.59,
            "type": 3584,
            "name": "basic eyebrow left outer corner"
          },
          {
            "x": 201.7,
            "y": 243.59,
            "type": 3840,
            "name": "basic eyebrow right"
          },
          {
            "x": 201.7,
            "y": 243.59,
            "type": 4096,
            "name": "basic eyebrow right inner corner"
          },
          {
            "x": 201.7,
            "y": 243.59,
            "type": 4352,
            "name": "basic eyebrow right outer corner"
          },
          {
            "x": 201.7,
            "y": 243.59,
            "type": 4608,
            "name": "basic chin bottom"
          },
          {
            "x": 201.7,
            "y": 243.59,
            "type": 4864,
            "name": "basic chin left"
          },
          {
            "x": 201.7,
            "y": 243.59,
            "type": 5120,
            "name": "basic chin right"
          },
          {
            "x": 183.52,
            "y": 213.54,
            "type": 5376,
            "name": "basic nose left"
          },
          {
            "x": 218.34,
            "y": 213.62,
            "type": 5632,
            "name": "basic nose right"
          }
        ],
        "user_points": null,
        "tags": [
          {
            "name": "5oclock shadow",
            "value": "no",
            "confidence": 1.0
          },
          {
            "name": "age",
            "value": "21",
            "confidence": 0.6
          },
          {
            "name": "arched eyebrows",
            "value": "no",
            "confidence": 0.26
          },
          {
            "name": "attractive",
            "value": "yes",
            "confidence": 0.88
          },
          {
            "name": "bags under eyes",
            "value": "no",
            "confidence": 1.0
          },
          {
            "name": "bald",
            "value": "no",
            "confidence": 0.8
          },
          {
            "name": "bangs",
            "value": "yes",
            "confidence": 0.96
          },
          {
            "name": "beard",
            "value": "no",
            "confidence": 0.97
          },
          {
            "name": "big lips",
            "value": "no",
            "confidence": 0.28
          },
          {
            "name": "big nose",
            "value": "no",
            "confidence": 1.0
          },
          {
            "name": "black hair",
            "value": "no",
            "confidence": 0.69
          },
          {
            "name": "blond hair",
            "value": "no",
            "confidence": 0.96
          },
          {
            "name": "blurry",
            "value": "no",
            "confidence": 1.0
          },
          {
            "name": "brown hair",
            "value": "yes",
            "confidence": 0.69
          },
          {
            "name": "bushy eyebrows",
            "value": "no",
            "confidence": 0.75
          },
          {
            "name": "chubby",
            "value": "no",
            "confidence": 1.0
          },
          {
            "name": "double chin",
            "value": "no",
            "confidence": 1.0
          },
          {
            "name": "expression",
            "value": "neutral",
            "confidence": 0.92
          },
          {
            "name": "gender",
            "value": "female",
            "confidence": 0.8
          },
          {
            "name": "glasses",
            "value": "no",
            "confidence": 1.0
          },
          {
            "name": "goatee",
            "value": "no",
            "confidence": 0.93
          },
          {
            "name": "gray hair",
            "value": "no",
            "confidence": 0.92
          },
          {
            "name": "heavy makeup",
            "value": "yes",
            "confidence": 0.58
          },
          {
            "name": "high cheekbones",
            "value": "no",
            "confidence": 0.93
          },
          {
            "name": "mouth open",
            "value": "no",
            "confidence": 0.96
          },
          {
            "name": "mustache",
            "value": "no",
            "confidence": 1.0
          },
          {
            "name": "narrow eyes",
            "value": "no",
            "confidence": 1.0
          },
          {
            "name": "oval face",
            "value": "yes",
            "confidence": 0.69
          },
          {
            "name": "pale skin",
            "value": "yes",
            "confidence": 0.48
          },
          {
            "name": "pitch",
            "value": "-9.79",
            "confidence": 1.0
          },
          {
            "name": "pointy nose",
            "value": "no",
            "confidence": 0.34
          },
          {
            "name": "race",
            "value": "white",
            "confidence": 1.0
          },
          {
            "name": "receding hairline",
            "value": "no",
            "confidence": 0.91
          },
          {
            "name": "rosy cheeks",
            "value": "no",
            "confidence": 0.75
          },
          {
            "name": "sideburns",
            "value": "no",
            "confidence": 0.99
          },
          {
            "name": "straight hair",
            "value": "yes",
            "confidence": 0.52
          },
          {
            "name": "wavy hair",
            "value": "no",
            "confidence": 0.73
          },
          {
            "name": "wearing earrings",
            "value": "no",
            "confidence": 0.16
          },
          {
            "name": "wearing hat",
            "value": "no",
            "confidence": 0.89
          },
          {
            "name": "wearing lipstick",
            "value": "yes",
            "confidence": 0.68
          },
          {
            "name": "wearing necklace",
            "value": "no",
            "confidence": 0.43
          },
          {
            "name": "wearing necktie",
            "value": "no",
            "confidence": 0.65
          },
          {
            "name": "yaw",
            "value": "-0.26",
            "confidence": 1.0
          },
          {
            "name": "young",
            "value": "yes",
            "confidence": 0.9
          }
        ],
        "person_id": "",
        "appearance_id": 0,
        "start": "00:00:00",
        "duration": "00:00:00"
      }
    ],
    "tags": null,
    "original_filename": "https://raw.githubusercontent.com/sarkrui/Hairstyle60k/master/Dataset/Bowl_Cut/IMG_16.jpg",
    "duration": "00:00:00"
  },
  "recognize": null
}