{
  "media": {
    "media_uuid": "14e29c7c-a285-44a8-b765-35ec5dad2fc3",
    "checksum": "4d5b3e90346abeac03677bb1f4f6f7b6b597d2becedd8c9ca2600d2793d05558",
    "faces": [
      {
        "face_uuid": "88d6ab9c-1534-11e9-99c4-0cc47a6c4dbd",
        "media_uuid": "14e29c7c-a285-44a8-b765-35ec5dad2fc3",
        "x": 240.5,
        "y": 241.5,
        "width": 203.22,
        "height": 260.46,
        "angle": 2.5769,
        "detection_score": 0.97,
        "points": [
          {
            "x": 194.67,
            "y": 202.8,
            "type": 512,
            "name": "basic eye left"
          },
          {
            "x": 297.38,
            "y": 198.17,
            "type": 768,
            "name": "basic eye right"
          },
          {
            "x": 172.03,
            "y": 203.14,
            "type": 1024,
            "name": "basic eye left outer"
          },
          {
            "x": 319.41,
            "y": 196.59,
            "type": 1280,
            "name": "basic eye right outer"
          },
          {
            "x": 217.06,
            "y": 203.9,
            "type": 1536,
            "name": "basic eye left inner"
          },
          {
            "x": 275.58,
            "y": 201.21,
            "type": 1792,
            "name": "basic eye right inner"
          },
          {
            "x": 203.63,
            "y": 305.94,
            "type": 2048,
            "name": "basic mouth left"
          },
          {
            "x": 293.13,
            "y": 304.64,
            "type": 2304,
            "name": "basic mouth right"
          },
          {
            "x": 252.61,
            "y": 279.4,
            "type": 2560,
            "name": "basic nose tip"
          },
          {
            "x": 248.73,
            "y": 308.52,
            "type": 2816,
            "name": "basic mouth center"
          },
          {
            "x": 248.73,
            "y": 308.52,
            "type": 3072,
            "name": "basic eyebrow left"
          },
          {
            "x": 248.73,
            "y": 308.52,
            "type": 3328,
            "name": "basic eyebrow left inner corner"
          },
          {
            "x": 248.73,
            "y": 308.52,
            "type": 3584,
            "name": "basic eyebrow left outer corner"
          },
          {
            "x": 248.73,
            "y": 308.52,
            "type": 3840,
            "name": "basic eyebrow right"
          },
          {
            "x": 248.73,
            "y": 308.52,
            "type": 4096,
            "name": "basic eyebrow right inner corner"
          },
          {
            "x": 248.73,
            "y": 308.52,
            "type": 4352,
            "name": "basic eyebrow right outer corner"
          },
          {
            "x": 248.73,
            "y": 308.52,
            "type": 4608,
            "name": "basic chin bottom"
          },
          {
            "x": 248.73,
            "y": 308.52,
            "type": 4864,
            "name": "basic chin left"
          },
          {
            "x": 248.73,
            "y": 308.52,
            "type": 5120,
            "name": "basic chin right"
          },
          {
            "x": 223.26,
            "y": 272.23,
            "type": 5376,
            "name": "basic nose left"
          },
          {
            "x": 278.28,
            "y": 270.56,
            "type": 5632,
            "name": "basic nose right"
          }
        ],
        "user_points": null,
        "tags": [
          {
            "name": "5oclock shadow",
            "value": "no",
            "confidence": 0.71
          },
          {
            "name": "age",
            "value": "15",
            "confidence": 0.6
          },
          {
            "name": "arched eyebrows",
            "value": "no",
            "confidence": 0.99
          },
          {
            "name": "attractive",
            "value": "no",
            "confidence": 0.12
          },
          {
            "name": "bags under eyes",
            "value": "no",
            "confidence": 0.22
          },
          {
            "name": "bald",
            "value": "no",
            "confidence": 0.74
          },
          {
            "name": "bangs",
            "value": "yes",
            "confidence": 0.66
          },
          {
            "name": "beard",
            "value": "no",
            "confidence": 0.67
          },
          {
            "name": "big lips",
            "value": "no",
            "confidence": 0.71
          },
          {
            "name": "big nose",
            "value": "no",
            "confidence": 0.38
          },
          {
            "name": "black hair",
            "value": "no",
            "confidence": 1.0
          },
          {
            "name": "blond hair",
            "value": "yes",
            "confidence": 0.36
          },
          {
            "name": "blurry",
            "value": "yes",
            "confidence": 0.02
          },
          {
            "name": "brown hair",
            "value": "no",
            "confidence": 0.41
          },
          {
            "name": "bushy eyebrows",
            "value": "no",
            "confidence": 0.67
          },
          {
            "name": "chubby",
            "value": "no",
            "confidence": 0.8
          },
          {
            "name": "double chin",
            "value": "no",
            "confidence": 0.84
          },
          {
            "name": "expression",
            "value": "smile",
            "confidence": 0.69
          },
          {
            "name": "gender",
            "value": "male",
            "confidence": 0.14
          },
          {
            "name": "glasses",
            "value": "no",
            "confidence": 1.0
          },
          {
            "name": "goatee",
            "value": "no",
            "confidence": 0.87
          },
          {
            "name": "gray hair",
            "value": "no",
            "confidence": 0.39
          },
          {
            "name": "heavy makeup",
            "value": "no",
            "confidence": 0.93
          },
          {
            "name": "high cheekbones",
            "value": "no",
            "confidence": 0.09
          },
          {
            "name": "mouth open",
            "value": "yes",
            "confidence": 0.93
          },
          {
            "name": "mustache",
            "value": "no",
            "confidence": 0.82
          },
          {
            "name": "narrow eyes",
            "value": "yes",
            "confidence": 0.09
          },
          {
            "name": "oval face",
            "value": "yes",
            "confidence": 0.31
          },
          {
            "name": "pale skin",
            "value": "yes",
            "confidence": 0.53
          },
          {
            "name": "pitch",
            "value": "-8.45",
            "confidence": 1.0
          },
          {
            "name": "pointy nose",
            "value": "no",
            "confidence": 0.91
          },
          {
            "name": "race",
            "value": "white",
            "confidence": 0.96
          },
          {
            "name": "receding hairline",
            "value": "no",
            "confidence": 1.0
          },
          {
            "name": "rosy cheeks",
            "value": "no",
            "confidence": 1.0
          },
          {
            "name": "sideburns",
            "value": "no",
            "confidence": 0.88
          },
          {
            "name": "straight hair",
            "value": "no",
            "confidence": 0.07
          },
          {
            "name": "wavy hair",
            "value": "no",
            "confidence": 0.53
          },
          {
            "name": "wearing earrings",
            "value": "no",
            "confidence": 0.84
          },
          {
            "name": "wearing hat",
            "value": "no",
            "confidence": 0.03
          },
          {
            "name": "wearing lipstick",
            "value": "no",
            "confidence": 0.78
          },
          {
            "name": "wearing necklace",
            "value": "no",
            "confidence": 0.61
          },
          {
            "name": "wearing necktie",
            "value": "no",
            "confidence": 0.75
          },
          {
            "name": "yaw",
            "value": "12.6",
            "confidence": 1.0
          },
          {
            "name": "young",
            "value": "yes",
            "confidence": 0.57
          }
        ],
        "person_id": "",
        "appearance_id": 0,
        "start": "00:00:00",
        "duration": "00:00:00"
      }
    ],
    "tags": null,
    "original_filename": "https://raw.githubusercontent.com/sarkrui/Hairstyle60k/master/Dataset/Bowl_Cut/IMG_9.jpg",
    "duration": "00:00:00"
  },
  "recognize": null
}