{
  "media": {
    "media_uuid": "baea2751-9711-4086-be75-9e65816b6da9",
    "checksum": "adb4b1e05bed9fbd2a0d9b8733251dd7bbb24e00f95d56091cb25a820e2585f4",
    "faces": [
      {
        "face_uuid": "8057396a-1534-11e9-99c4-0cc47a6c4dbd",
        "media_uuid": "baea2751-9711-4086-be75-9e65816b6da9",
        "x": 185.0,
        "y": 205.5,
        "width": 155.4,
        "height": 206.24,
        "angle": -13.9415,
        "detection_score": 1.0,
        "points": [
          {
            "x": 184.6,
            "y": 159.08,
            "type": 512,
            "name": "basic eye left"
          },
          {
            "x": 256.54,
            "y": 176.94,
            "type": 768,
            "name": "basic eye right"
          },
          {
            "x": 166.69,
            "y": 155.46,
            "type": 1024,
            "name": "basic eye left outer"
          },
          {
            "x": 270.22,
            "y": 180.84,
            "type": 1280,
            "name": "basic eye right outer"
          },
          {
            "x": 200.98,
            "y": 163.14,
            "type": 1536,
            "name": "basic eye left inner"
          },
          {
            "x": 243.19,
            "y": 173.75,
            "type": 1792,
            "name": "basic eye right inner"
          },
          {
            "x": 167.69,
            "y": 237.69,
            "type": 2048,
            "name": "basic mouth left"
          },
          {
            "x": 230.16,
            "y": 252.37,
            "type": 2304,
            "name": "basic mouth right"
          },
          {
            "x": 232.58,
            "y": 213.1,
            "type": 2560,
            "name": "basic nose tip"
          },
          {
            "x": 201.07,
            "y": 245.31,
            "type": 2816,
            "name": "basic mouth center"
          },
          {
            "x": 201.07,
            "y": 245.31,
            "type": 3072,
            "name": "basic eyebrow left"
          },
          {
            "x": 201.07,
            "y": 245.31,
            "type": 3328,
            "name": "basic eyebrow left inner corner"
          },
          {
            "x": 201.07,
            "y": 245.31,
            "type": 3584,
            "name": "basic eyebrow left outer corner"
          },
          {
            "x": 201.07,
            "y": 245.31,
            "type": 3840,
            "name": "basic eyebrow right"
          },
          {
            "x": 201.07,
            "y": 245.31,
            "type": 4096,
            "name": "basic eyebrow right inner corner"
          },
          {
            "x": 201.07,
            "y": 245.31,
            "type": 4352,
            "name": "basic eyebrow right outer corner"
          },
          {
            "x": 201.07,
            "y": 245.31,
            "type": 4608,
            "name": "basic chin bottom"
          },
          {
            "x": 201.07,
            "y": 245.31,
            "type": 4864,
            "name": "basic chin left"
          },
          {
            "x": 201.07,
            "y": 245.31,
            "type": 5120,
            "name": "basic chin right"
          },
          {
            "x": 200.52,
            "y": 212.67,
            "type": 5376,
            "name": "basic nose left"
          },
          {
            "x": 239.52,
            "y": 222.49,
            "type": 5632,
            "name": "basic nose right"
          }
        ],
        "user_points": null,
        "tags": [
          {
            "name": "5oclock shadow",
            "value": "no",
            "confidence": 0.02
          },
          {
            "name": "age",
            "value": "17",
            "confidence": 0.6
          },
          {
            "name": "arched eyebrows",
            "value": "no",
            "confidence": 1.0
          },
          {
            "name": "attractive",
            "value": "no",
            "confidence": 0.61
          },
          {
            "name": "bags under eyes",
            "value": "no",
            "confidence": 0.89
          },
          {
            "name": "bald",
            "value": "no",
            "confidence": 0.4
          },
          {
            "name": "bangs",
            "value": "no",
            "confidence": 0.57
          },
          {
            "name": "beard",
            "value": "no",
            "confidence": 0.1
          },
          {
            "name": "big lips",
            "value": "no",
            "confidence": 0.43
          },
          {
            "name": "big nose",
            "value": "no",
            "confidence": 0.31
          },
          {
            "name": "black hair",
            "value": "no",
            "confidence": 0.41
          },
          {
            "name": "blond hair",
            "value": "no",
            "confidence": 0.94
          },
          {
            "name": "blurry",
            "value": "no",
            "confidence": 0.38
          },
          {
            "name": "brown hair",
            "value": "no",
            "confidence": 0.77
          },
          {
            "name": "bushy eyebrows",
            "value": "no",
            "confidence": 0.22
          },
          {
            "name": "chubby",
            "value": "no",
            "confidence": 0.57
          },
          {
            "name": "double chin",
            "value": "no",
            "confidence": 0.92
          },
          {
            "name": "expression",
            "value": "neutral",
            "confidence": 1.0
          },
          {
            "name": "gender",
            "value": "male",
            "confidence": 0.81
          },
          {
            "name": "glasses",
            "value": "no",
            "confidence": 1.0
          },
          {
            "name": "goatee",
            "value": "no",
            "confidence": 0.49
          },
          {
            "name": "gray hair",
            "value": "no",
            "confidence": 0.82
          },
          {
            "name": "heavy makeup",
            "value": "no",
            "confidence": 0.88
          },
          {
            "name": "high cheekbones",
            "value": "no",
            "confidence": 0.92
          },
          {
            "name": "mouth open",
            "value": "no",
            "confidence": 0.44
          },
          {
            "name": "mustache",
            "value": "no",
            "confidence": 0.36
          },
          {
            "name": "narrow eyes",
            "value": "no",
            "confidence": 0.72
          },
          {
            "name": "oval face",
            "value": "no",
            "confidence": 0.06
          },
          {
            "name": "pale skin",
            "value": "yes",
            "confidence": 0.05
          },
          {
            "name": "pitch",
            "value": "-5.2",
            "confidence": 1.0
          },
          {
            "name": "pointy nose",
            "value": "no",
            "confidence": 0.6
          },
          {
            "name": "race",
            "value": "asian",
            "confidence": 1.0
          },
          {
            "name": "receding hairline",
            "value": "no",
            "confidence": 0.8
          },
          {
            "name": "rosy cheeks",
            "value": "no",
            "confidence": 0.97
          },
          {
            "name": "sideburns",
            "value": "no",
            "confidence": 0.62
          },
          {
            "name": "straight hair",
            "value": "no",
            "confidence": 0.43
          },
          {
            "name": "wavy hair",
            "value": "no",
            "confidence": 1.0
          },
          {
            "name": "wearing earrings",
            "value": "no",
            "confidence": 0.58
          },
          {
            "name": "wearing hat",
            "value": "yes",
            "confidence": 1.0
          },
          {
            "name": "wearing lipstick",
            "value": "no",
            "confidence": 0.95
          },
          {
            "name": "wearing necklace",
            "value": "no",
            "confidence": 0.86
          },
          {
            "name": "wearing necktie",
            "value": "no",
            "confidence": 0.55
          },
          {
            "name": "yaw",
            "value": "-67.46",
            "confidence": 1.0
          },
          {
            "name": "young",
            "value": "yes",
            "confidence": 0.59
          }
        ],
        "person_id": "",
        "appearance_id": 0,
        "start": "00:00:00",
        "duration": "00:00:00"
      }
    ],
    "tags": null,
    "original_filename": "https://raw.githubusercontent.com/sarkrui/Hairstyle60k/master/Dataset/Bowl_Cut/IMG_2.jpg",
    "duration": "00:00:00"
  },
  "recognize": null
}