{
  "media": {
    "media_uuid": "1d760a0f-fb90-451b-b672-799850745863",
    "checksum": "379c3b46d07eb5685735e4d94e08b3413fdc57f747ed53bb3ec599cbb0e8f28d",
    "faces": [
      {
        "face_uuid": "b66a4203-1534-11e9-99c4-0cc47a6c4dbd",
        "media_uuid": "1d760a0f-fb90-451b-b672-799850745863",
        "x": 255.47,
        "y": 309.39,
        "width": 183.58,
        "height": 256.43,
        "angle": -1.9222,
        "detection_score": 1.0,
        "points": [
          {
            "x": 214.37,
            "y": 294.25,
            "type": 512,
            "name": "basic eye left"
          },
          {
            "x": 304.46,
            "y": 297.27,
            "type": 768,
            "name": "basic eye right"
          },
          {
            "x": 194.76,
            "y": 293.2,
            "type": 1024,
            "name": "basic eye left outer"
          },
          {
            "x": 323.81,
            "y": 297.51,
            "type": 1280,
            "name": "basic eye right outer"
          },
          {
            "x": 233.8,
            "y": 297.11,
            "type": 1536,
            "name": "basic eye left inner"
          },
          {
            "x": 285.27,
            "y": 298.83,
            "type": 1792,
            "name": "basic eye right inner"
          },
          {
            "x": 217.91,
            "y": 388.23,
            "type": 2048,
            "name": "basic mouth left"
          },
          {
            "x": 290.7,
            "y": 392.32,
            "type": 2304,
            "name": "basic mouth right"
          },
          {
            "x": 258.3,
            "y": 363.28,
            "type": 2560,
            "name": "basic nose tip"
          },
          {
            "x": 254.42,
            "y": 392.77,
            "type": 2816,
            "name": "basic mouth center"
          },
          {
            "x": 254.42,
            "y": 392.77,
            "type": 3072,
            "name": "basic eyebrow left"
          },
          {
            "x": 254.42,
            "y": 392.77,
            "type": 3328,
            "name": "basic eyebrow left inner corner"
          },
          {
            "x": 254.42,
            "y": 392.77,
            "type": 3584,
            "name": "basic eyebrow left outer corner"
          },
          {
            "x": 254.42,
            "y": 392.77,
            "type": 3840,
            "name": "basic eyebrow right"
          },
          {
            "x": 254.42,
            "y": 392.77,
            "type": 4096,
            "name": "basic eyebrow right inner corner"
          },
          {
            "x": 254.42,
            "y": 392.77,
            "type": 4352,
            "name": "basic eyebrow right outer corner"
          },
          {
            "x": 254.42,
            "y": 392.77,
            "type": 4608,
            "name": "basic chin bottom"
          },
          {
            "x": 254.42,
            "y": 392.77,
            "type": 4864,
            "name": "basic chin left"
          },
          {
            "x": 254.42,
            "y": 392.77,
            "type": 5120,
            "name": "basic chin right"
          },
          {
            "x": 234.94,
            "y": 359.17,
            "type": 5376,
            "name": "basic nose left"
          },
          {
            "x": 280.53,
            "y": 361.4,
            "type": 5632,
            "name": "basic nose right"
          }
        ],
        "user_points": null,
        "tags": [
          {
            "name": "5oclock shadow",
            "value": "yes",
            "confidence": 0.73
          },
          {
            "name": "age",
            "value": "18",
            "confidence": 0.6
          },
          {
            "name": "arched eyebrows",
            "value": "no",
            "confidence": 0.15
          },
          {
            "name": "attractive",
            "value": "yes",
            "confidence": 0.34
          },
          {
            "name": "bags under eyes",
            "value": "yes",
            "confidence": 0.44
          },
          {
            "name": "bald",
            "value": "no",
            "confidence": 0.67
          },
          {
            "name": "bangs",
            "value": "no",
            "confidence": 0.86
          },
          {
            "name": "beard",
            "value": "yes",
            "confidence": 0.73
          },
          {
            "name": "big lips",
            "value": "yes",
            "confidence": 0.37
          },
          {
            "name": "big nose",
            "value": "yes",
            "confidence": 0.7
          },
          {
            "name": "black hair",
            "value": "yes",
            "confidence": 1.0
          },
          {
            "name": "blond hair",
            "value": "no",
            "confidence": 1.0
          },
          {
            "name": "blurry",
            "value": "no",
            "confidence": 1.0
          },
          {
            "name": "brown hair",
            "value": "no",
            "confidence": 0.87
          },
          {
            "name": "bushy eyebrows",
            "value": "yes",
            "confidence": 1.0
          },
          {
            "name": "chubby",
            "value": "no",
            "confidence": 0.61
          },
          {
            "name": "double chin",
            "value": "no",
            "confidence": 0.77
          },
          {
            "name": "expression",
            "value": "neutral",
            "confidence": 0.75
          },
          {
            "name": "gender",
            "value": "male",
            "confidence": 0.91
          },
          {
            "name": "glasses",
            "value": "no",
            "confidence": 1.0
          },
          {
            "name": "goatee",
            "value": "yes",
            "confidence": 0.36
          },
          {
            "name": "gray hair",
            "value": "no",
            "confidence": 1.0
          },
          {
            "name": "heavy makeup",
            "value": "no",
            "confidence": 0.98
          },
          {
            "name": "high cheekbones",
            "value": "no",
            "confidence": 0.76
          },
          {
            "name": "mouth open",
            "value": "no",
            "confidence": 0.95
          },
          {
            "name": "mustache",
            "value": "yes",
            "confidence": 0.31
          },
          {
            "name": "narrow eyes",
            "value": "no",
            "confidence": 1.0
          },
          {
            "name": "oval face",
            "value": "yes",
            "confidence": 0.01
          },
          {
            "name": "pale skin",
            "value": "no",
            "confidence": 0.24
          },
          {
            "name": "pitch",
            "value": "-7.45",
            "confidence": 1.0
          },
          {
            "name": "pointy nose",
            "value": "no",
            "confidence": 0.11
          },
          {
            "name": "race",
            "value": "asian",
            "confidence": 0.69
          },
          {
            "name": "receding hairline",
            "value": "no",
            "confidence": 0.11
          },
          {
            "name": "rosy cheeks",
            "value": "no",
            "confidence": 1.0
          },
          {
            "name": "sideburns",
            "value": "yes",
            "confidence": 0.32
          },
          {
            "name": "straight hair",
            "value": "yes",
            "confidence": 0.48
          },
          {
            "name": "wavy hair",
            "value": "no",
            "confidence": 0.84
          },
          {
            "name": "wearing earrings",
            "value": "no",
            "confidence": 0.8
          },
          {
            "name": "wearing hat",
            "value": "no",
            "confidence": 1.0
          },
          {
            "name": "wearing lipstick",
            "value": "no",
            "confidence": 0.93
          },
          {
            "name": "wearing necklace",
            "value": "no",
            "confidence": 0.76
          },
          {
            "name": "wearing necktie",
            "value": "yes",
            "confidence": 0.16
          },
          {
            "name": "yaw",
            "value": "5.53",
            "confidence": 1.0
          },
          {
            "name": "young",
            "value": "yes",
            "confidence": 0.9
          }
        ],
        "person_id": "",
        "appearance_id": 0,
        "start": "00:00:00",
        "duration": "00:00:00"
      }
    ],
    "tags": null,
    "original_filename": "https://raw.githubusercontent.com/sarkrui/Hairstyle60k/master/Dataset/Bun/IMG_22.jpg",
    "duration": "00:00:00"
  },
  "recognize": null
}