{
  "media": {
    "media_uuid": "1c7207da-a4ee-4476-aa99-39c800680120",
    "checksum": "a2b622f5bfb7372902348e20668d414d70b2f9c2efb6a99d7c9da8a196374702",
    "faces": [
      {
        "face_uuid": "a4671f5f-1534-11e9-99c4-0cc47a6c4dbd",
        "media_uuid": "1c7207da-a4ee-4476-aa99-39c800680120",
        "x": 268.0,
        "y": 190.5,
        "width": 105.55,
        "height": 156.41,
        "angle": -2.418,
        "detection_score": 1.0,
        "points": [
          {
            "x": 241.76,
            "y": 176.62,
            "type": 512,
            "name": "basic eye left"
          },
          {
            "x": 298.27,
            "y": 179.0,
            "type": 768,
            "name": "basic eye right"
          },
          {
            "x": 228.71,
            "y": 176.23,
            "type": 1024,
            "name": "basic eye left outer"
          },
          {
            "x": 309.58,
            "y": 179.48,
            "type": 1280,
            "name": "basic eye right outer"
          },
          {
            "x": 254.61,
            "y": 178.16,
            "type": 1536,
            "name": "basic eye left inner"
          },
          {
            "x": 287.15,
            "y": 179.63,
            "type": 1792,
            "name": "basic eye right inner"
          },
          {
            "x": 258.66,
            "y": 244.84,
            "type": 2048,
            "name": "basic mouth left"
          },
          {
            "x": 297.7,
            "y": 241.75,
            "type": 2304,
            "name": "basic mouth right"
          },
          {
            "x": 283.0,
            "y": 216.34,
            "type": 2560,
            "name": "basic nose tip"
          },
          {
            "x": 279.02,
            "y": 243.13,
            "type": 2816,
            "name": "basic mouth center"
          },
          {
            "x": 279.02,
            "y": 243.13,
            "type": 3072,
            "name": "basic eyebrow left"
          },
          {
            "x": 279.02,
            "y": 243.13,
            "type": 3328,
            "name": "basic eyebrow left inner corner"
          },
          {
            "x": 279.02,
            "y": 243.13,
            "type": 3584,
            "name": "basic eyebrow left outer corner"
          },
          {
            "x": 279.02,
            "y": 243.13,
            "type": 3840,
            "name": "basic eyebrow right"
          },
          {
            "x": 279.02,
            "y": 243.13,
            "type": 4096,
            "name": "basic eyebrow right inner corner"
          },
          {
            "x": 279.02,
            "y": 243.13,
            "type": 4352,
            "name": "basic eyebrow right outer corner"
          },
          {
            "x": 279.02,
            "y": 243.13,
            "type": 4608,
            "name": "basic chin bottom"
          },
          {
            "x": 279.02,
            "y": 243.13,
            "type": 4864,
            "name": "basic chin left"
          },
          {
            "x": 279.02,
            "y": 243.13,
            "type": 5120,
            "name": "basic chin right"
          },
          {
            "x": 264.42,
            "y": 220.41,
            "type": 5376,
            "name": "basic nose left"
          },
          {
            "x": 292.48,
            "y": 220.49,
            "type": 5632,
            "name": "basic nose right"
          }
        ],
        "user_points": null,
        "tags": [
          {
            "name": "5oclock shadow",
            "value": "no",
            "confidence": 0.96
          },
          {
            "name": "age",
            "value": "24",
            "confidence": 0.6
          },
          {
            "name": "arched eyebrows",
            "value": "no",
            "confidence": 1.0
          },
          {
            "name": "attractive",
            "value": "no",
            "confidence": 0.52
          },
          {
            "name": "bags under eyes",
            "value": "no",
            "confidence": 0.95
          },
          {
            "name": "bald",
            "value": "no",
            "confidence": 0.7
          },
          {
            "name": "bangs",
            "value": "no",
            "confidence": 0.81
          },
          {
            "name": "beard",
            "value": "no",
            "confidence": 1.0
          },
          {
            "name": "big lips",
            "value": "no",
            "confidence": 0.44
          },
          {
            "name": "big nose",
            "value": "no",
            "confidence": 0.73
          },
          {
            "name": "black hair",
            "value": "no",
            "confidence": 0.31
          },
          {
            "name": "blond hair",
            "value": "no",
            "confidence": 0.59
          },
          {
            "name": "blurry",
            "value": "yes",
            "confidence": 0.02
          },
          {
            "name": "brown hair",
            "value": "no",
            "confidence": 0.33
          },
          {
            "name": "bushy eyebrows",
            "value": "no",
            "confidence": 0.75
          },
          {
            "name": "chubby",
            "value": "no",
            "confidence": 0.83
          },
          {
            "name": "double chin",
            "value": "no",
            "confidence": 1.0
          },
          {
            "name": "expression",
            "value": "neutral",
            "confidence": 0.87
          },
          {
            "name": "gender",
            "value": "female",
            "confidence": 0.02
          },
          {
            "name": "glasses",
            "value": "no",
            "confidence": 1.0
          },
          {
            "name": "goatee",
            "value": "no",
            "confidence": 1.0
          },
          {
            "name": "gray hair",
            "value": "no",
            "confidence": 0.7
          },
          {
            "name": "heavy makeup",
            "value": "no",
            "confidence": 0.78
          },
          {
            "name": "high cheekbones",
            "value": "no",
            "confidence": 0.86
          },
          {
            "name": "mouth open",
            "value": "no",
            "confidence": 0.05
          },
          {
            "name": "mustache",
            "value": "no",
            "confidence": 1.0
          },
          {
            "name": "narrow eyes",
            "value": "no",
            "confidence": 0.31
          },
          {
            "name": "oval face",
            "value": "no",
            "confidence": 0.23
          },
          {
            "name": "pale skin",
            "value": "yes",
            "confidence": 0.64
          },
          {
            "name": "pitch",
            "value": "-5.54",
            "confidence": 1.0
          },
          {
            "name": "pointy nose",
            "value": "no",
            "confidence": 0.47
          },
          {
            "name": "race",
            "value": "asian",
            "confidence": 1.0
          },
          {
            "name": "receding hairline",
            "value": "no",
            "confidence": 0.45
          },
          {
            "name": "rosy cheeks",
            "value": "no",
            "confidence": 1.0
          },
          {
            "name": "sideburns",
            "value": "no",
            "confidence": 1.0
          },
          {
            "name": "straight hair",
            "value": "yes",
            "confidence": 0.07
          },
          {
            "name": "wavy hair",
            "value": "no",
            "confidence": 0.79
          },
          {
            "name": "wearing earrings",
            "value": "no",
            "confidence": 0.51
          },
          {
            "name": "wearing hat",
            "value": "yes",
            "confidence": 0.08
          },
          {
            "name": "wearing lipstick",
            "value": "no",
            "confidence": 0.63
          },
          {
            "name": "wearing necklace",
            "value": "no",
            "confidence": 0.76
          },
          {
            "name": "wearing necktie",
            "value": "no",
            "confidence": 0.69
          },
          {
            "name": "yaw",
            "value": "-44.43",
            "confidence": 1.0
          },
          {
            "name": "young",
            "value": "yes",
            "confidence": 0.48
          }
        ],
        "person_id": "",
        "appearance_id": 0,
        "start": "00:00:00",
        "duration": "00:00:00"
      }
    ],
    "tags": null,
    "original_filename": "https://raw.githubusercontent.com/sarkrui/Hairstyle60k/master/Dataset/Bun/IMG_8.jpg",
    "duration": "00:00:00"
  },
  "recognize": null
}