{
  "media": {
    "media_uuid": "fd4acc3c-694c-4296-86e3-2708482e8163",
    "checksum": "588374a3f8e0724f0c3adbe299932f969f1741b6be93d2bc22cd7f977eca03ce",
    "faces": [
      {
        "face_uuid": "9ed69f84-1534-11e9-99c4-0cc47a6c4dbd",
        "media_uuid": "fd4acc3c-694c-4296-86e3-2708482e8163",
        "x": 307.19,
        "y": 370.02,
        "width": 230.6,
        "height": 328.91,
        "angle": -0.0784,
        "detection_score": 1.0,
        "points": [
          {
            "x": 241.52,
            "y": 338.17,
            "type": 512,
            "name": "basic eye left"
          },
          {
            "x": 366.51,
            "y": 338.34,
            "type": 768,
            "name": "basic eye right"
          },
          {
            "x": 214.96,
            "y": 338.09,
            "type": 1024,
            "name": "basic eye left outer"
          },
          {
            "x": 392.79,
            "y": 338.28,
            "type": 1280,
            "name": "basic eye right outer"
          },
          {
            "x": 267.63,
            "y": 341.12,
            "type": 1536,
            "name": "basic eye left inner"
          },
          {
            "x": 340.81,
            "y": 341.25,
            "type": 1792,
            "name": "basic eye right inner"
          },
          {
            "x": 246.11,
            "y": 451.13,
            "type": 2048,
            "name": "basic mouth left"
          },
          {
            "x": 361.99,
            "y": 449.82,
            "type": 2304,
            "name": "basic mouth right"
          },
          {
            "x": 305.18,
            "y": 418.21,
            "type": 2560,
            "name": "basic nose tip"
          },
          {
            "x": 304.3,
            "y": 455.16,
            "type": 2816,
            "name": "basic mouth center"
          },
          {
            "x": 304.3,
            "y": 455.16,
            "type": 3072,
            "name": "basic eyebrow left"
          },
          {
            "x": 304.3,
            "y": 455.16,
            "type": 3328,
            "name": "basic eyebrow left inner corner"
          },
          {
            "x": 304.3,
            "y": 455.16,
            "type": 3584,
            "name": "basic eyebrow left outer corner"
          },
          {
            "x": 304.3,
            "y": 455.16,
            "type": 3840,
            "name": "basic eyebrow right"
          },
          {
            "x": 304.3,
            "y": 455.16,
            "type": 4096,
            "name": "basic eyebrow right inner corner"
          },
          {
            "x": 304.3,
            "y": 455.16,
            "type": 4352,
            "name": "basic eyebrow right outer corner"
          },
          {
            "x": 304.3,
            "y": 455.16,
            "type": 4608,
            "name": "basic chin bottom"
          },
          {
            "x": 304.3,
            "y": 455.16,
            "type": 4864,
            "name": "basic chin left"
          },
          {
            "x": 304.3,
            "y": 455.16,
            "type": 5120,
            "name": "basic chin right"
          },
          {
            "x": 272.57,
            "y": 417.6,
            "type": 5376,
            "name": "basic nose left"
          },
          {
            "x": 336.63,
            "y": 417.19,
            "type": 5632,
            "name": "basic nose right"
          }
        ],
        "user_points": null,
        "tags": [
          {
            "name": "5oclock shadow",
            "value": "no",
            "confidence": 1.0
          },
          {
            "name": "age",
            "value": "11",
            "confidence": 0.6
          },
          {
            "name": "arched eyebrows",
            "value": "no",
            "confidence": 0.09
          },
          {
            "name": "attractive",
            "value": "yes",
            "confidence": 0.79
          },
          {
            "name": "bags under eyes",
            "value": "no",
            "confidence": 0.68
          },
          {
            "name": "bald",
            "value": "no",
            "confidence": 0.87
          },
          {
            "name": "bangs",
            "value": "yes",
            "confidence": 0.96
          },
          {
            "name": "beard",
            "value": "no",
            "confidence": 1.0
          },
          {
            "name": "big lips",
            "value": "no",
            "confidence": 0.17
          },
          {
            "name": "big nose",
            "value": "no",
            "confidence": 0.61
          },
          {
            "name": "black hair",
            "value": "no",
            "confidence": 0.45
          },
          {
            "name": "blond hair",
            "value": "no",
            "confidence": 0.86
          },
          {
            "name": "blurry",
            "value": "no",
            "confidence": 1.0
          },
          {
            "name": "brown hair",
            "value": "yes",
            "confidence": 0.55
          },
          {
            "name": "bushy eyebrows",
            "value": "no",
            "confidence": 0.87
          },
          {
            "name": "chubby",
            "value": "no",
            "confidence": 0.57
          },
          {
            "name": "double chin",
            "value": "no",
            "confidence": 0.67
          },
          {
            "name": "expression",
            "value": "smile",
            "confidence": 0.86
          },
          {
            "name": "gender",
            "value": "female",
            "confidence": 1.0
          },
          {
            "name": "glasses",
            "value": "no",
            "confidence": 1.0
          },
          {
            "name": "goatee",
            "value": "no",
            "confidence": 1.0
          },
          {
            "name": "gray hair",
            "value": "no",
            "confidence": 0.92
          },
          {
            "name": "heavy makeup",
            "value": "yes",
            "confidence": 0.91
          },
          {
            "name": "high cheekbones",
            "value": "yes",
            "confidence": 0.72
          },
          {
            "name": "mouth open",
            "value": "yes",
            "confidence": 0.85
          },
          {
            "name": "mustache",
            "value": "no",
            "confidence": 1.0
          },
          {
            "name": "narrow eyes",
            "value": "no",
            "confidence": 0.31
          },
          {
            "name": "oval face",
            "value": "yes",
            "confidence": 1.0
          },
          {
            "name": "pale skin",
            "value": "yes",
            "confidence": 0.01
          },
          {
            "name": "pitch",
            "value": "-7.85",
            "confidence": 1.0
          },
          {
            "name": "pointy nose",
            "value": "no",
            "confidence": 0.69
          },
          {
            "name": "race",
            "value": "white",
            "confidence": 1.0
          },
          {
            "name": "receding hairline",
            "value": "no",
            "confidence": 1.0
          },
          {
            "name": "rosy cheeks",
            "value": "yes",
            "confidence": 0.05
          },
          {
            "name": "sideburns",
            "value": "no",
            "confidence": 1.0
          },
          {
            "name": "straight hair",
            "value": "yes",
            "confidence": 0.42
          },
          {
            "name": "wavy hair",
            "value": "no",
            "confidence": 0.44
          },
          {
            "name": "wearing earrings",
            "value": "yes",
            "confidence": 0.51
          },
          {
            "name": "wearing hat",
            "value": "no",
            "confidence": 1.0
          },
          {
            "name": "wearing lipstick",
            "value": "yes",
            "confidence": 1.0
          },
          {
            "name": "wearing necklace",
            "value": "yes",
            "confidence": 0.06
          },
          {
            "name": "wearing necktie",
            "value": "no",
            "confidence": 0.77
          },
          {
            "name": "yaw",
            "value": "-2.06",
            "confidence": 1.0
          },
          {
            "name": "young",
            "value": "yes",
            "confidence": 0.33
          }
        ],
        "person_id": "",
        "appearance_id": 0,
        "start": "00:00:00",
        "duration": "00:00:00"
      }
    ],
    "tags": null,
    "original_filename": "https://raw.githubusercontent.com/sarkrui/Hairstyle60k/master/Dataset/Bun/IMG_3.jpg",
    "duration": "00:00:00"
  },
  "recognize": null
}