{
  "media": {
    "media_uuid": "d979b98c-36a7-4f80-8612-d8d15397aaa9",
    "checksum": "c52c0b86097001eb5be16447180c00470a16fc94404dab83fb32ff713293eb40",
    "faces": [
      {
        "face_uuid": "24b85b47-1535-11e9-99c4-0cc47a6c4dbd",
        "media_uuid": "d979b98c-36a7-4f80-8612-d8d15397aaa9",
        "x": 174.5,
        "y": 191.5,
        "width": 201.24,
        "height": 281.35,
        "angle": 1.7687,
        "detection_score": 1.0,
        "points": [
          {
            "x": 100.87,
            "y": 161.56,
            "type": 512,
            "name": "basic eye left"
          },
          {
            "x": 198.34,
            "y": 158.55,
            "type": 768,
            "name": "basic eye right"
          },
          {
            "x": 81.17,
            "y": 162.5,
            "type": 1024,
            "name": "basic eye left outer"
          },
          {
            "x": 220.96,
            "y": 158.43,
            "type": 1280,
            "name": "basic eye right outer"
          },
          {
            "x": 120.3,
            "y": 161.74,
            "type": 1536,
            "name": "basic eye left inner"
          },
          {
            "x": 175.91,
            "y": 159.92,
            "type": 1792,
            "name": "basic eye right inner"
          },
          {
            "x": 107.82,
            "y": 271.19,
            "type": 2048,
            "name": "basic mouth left"
          },
          {
            "x": 188.87,
            "y": 270.51,
            "type": 2304,
            "name": "basic mouth right"
          },
          {
            "x": 134.68,
            "y": 224.18,
            "type": 2560,
            "name": "basic nose tip"
          },
          {
            "x": 147.0,
            "y": 271.65,
            "type": 2816,
            "name": "basic mouth center"
          },
          {
            "x": 147.0,
            "y": 271.65,
            "type": 3072,
            "name": "basic eyebrow left"
          },
          {
            "x": 147.0,
            "y": 271.65,
            "type": 3328,
            "name": "basic eyebrow left inner corner"
          },
          {
            "x": 147.0,
            "y": 271.65,
            "type": 3584,
            "name": "basic eyebrow left outer corner"
          },
          {
            "x": 147.0,
            "y": 271.65,
            "type": 3840,
            "name": "basic eyebrow right"
          },
          {
            "x": 147.0,
            "y": 271.65,
            "type": 4096,
            "name": "basic eyebrow right inner corner"
          },
          {
            "x": 147.0,
            "y": 271.65,
            "type": 4352,
            "name": "basic eyebrow right outer corner"
          },
          {
            "x": 147.0,
            "y": 271.65,
            "type": 4608,
            "name": "basic chin bottom"
          },
          {
            "x": 147.0,
            "y": 271.65,
            "type": 4864,
            "name": "basic chin left"
          },
          {
            "x": 147.0,
            "y": 271.65,
            "type": 5120,
            "name": "basic chin right"
          },
          {
            "x": 115.58,
            "y": 227.58,
            "type": 5376,
            "name": "basic nose left"
          },
          {
            "x": 168.17,
            "y": 226.81,
            "type": 5632,
            "name": "basic nose right"
          }
        ],
        "user_points": null,
        "tags": [
          {
            "name": "5oclock shadow",
            "value": "no",
            "confidence": 0.17
          },
          {
            "name": "age",
            "value": "53",
            "confidence": 0.6
          },
          {
            "name": "arched eyebrows",
            "value": "no",
            "confidence": 1.0
          },
          {
            "name": "attractive",
            "value": "no",
            "confidence": 1.0
          },
          {
            "name": "bags under eyes",
            "value": "yes",
            "confidence": 0.46
          },
          {
            "name": "bald",
            "value": "yes",
            "confidence": 0.75
          },
          {
            "name": "bangs",
            "value": "no",
            "confidence": 0.86
          },
          {
            "name": "beard",
            "value": "yes",
            "confidence": 0.53
          },
          {
            "name": "big lips",
            "value": "no",
            "confidence": 0.26
          },
          {
            "name": "big nose",
            "value": "yes",
            "confidence": 0.78
          },
          {
            "name": "black hair",
            "value": "no",
            "confidence": 0.73
          },
          {
            "name": "blond hair",
            "value": "no",
            "confidence": 0.97
          },
          {
            "name": "blurry",
            "value": "no",
            "confidence": 0.44
          },
          {
            "name": "brown hair",
            "value": "no",
            "confidence": 0.98
          },
          {
            "name": "bushy eyebrows",
            "value": "no",
            "confidence": 0.47
          },
          {
            "name": "chubby",
            "value": "yes",
            "confidence": 0.65
          },
          {
            "name": "double chin",
            "value": "yes",
            "confidence": 0.38
          },
          {
            "name": "expression",
            "value": "neutral",
            "confidence": 0.98
          },
          {
            "name": "gender",
            "value": "male",
            "confidence": 0.98
          },
          {
            "name": "glasses",
            "value": "no",
            "confidence": 1.0
          },
          {
            "name": "goatee",
            "value": "yes",
            "confidence": 0.29
          },
          {
            "name": "gray hair",
            "value": "yes",
            "confidence": 0.57
          },
          {
            "name": "heavy makeup",
            "value": "no",
            "confidence": 0.94
          },
          {
            "name": "high cheekbones",
            "value": "no",
            "confidence": 0.64
          },
          {
            "name": "mouth open",
            "value": "no",
            "confidence": 0.53
          },
          {
            "name": "mustache",
            "value": "yes",
            "confidence": 0.53
          },
          {
            "name": "narrow eyes",
            "value": "no",
            "confidence": 0.48
          },
          {
            "name": "oval face",
            "value": "no",
            "confidence": 0.23
          },
          {
            "name": "pale skin",
            "value": "no",
            "confidence": 0.11
          },
          {
            "name": "pitch",
            "value": "-8.69",
            "confidence": 1.0
          },
          {
            "name": "pointy nose",
            "value": "no",
            "confidence": 0.66
          },
          {
            "name": "race",
            "value": "white",
            "confidence": 1.0
          },
          {
            "name": "receding hairline",
            "value": "yes",
            "confidence": 0.39
          },
          {
            "name": "rosy cheeks",
            "value": "no",
            "confidence": 0.97
          },
          {
            "name": "sideburns",
            "value": "yes",
            "confidence": 0.17
          },
          {
            "name": "straight hair",
            "value": "no",
            "confidence": 0.77
          },
          {
            "name": "wavy hair",
            "value": "no",
            "confidence": 0.92
          },
          {
            "name": "wearing earrings",
            "value": "no",
            "confidence": 0.74
          },
          {
            "name": "wearing hat",
            "value": "yes",
            "confidence": 0.07
          },
          {
            "name": "wearing lipstick",
            "value": "no",
            "confidence": 0.99
          },
          {
            "name": "wearing necklace",
            "value": "no",
            "confidence": 0.95
          },
          {
            "name": "wearing necktie",
            "value": "yes",
            "confidence": 0.34
          },
          {
            "name": "yaw",
            "value": "17.23",
            "confidence": 1.0
          },
          {
            "name": "young",
            "value": "no",
            "confidence": 0.98
          }
        ],
        "person_id": "",
        "appearance_id": 0,
        "start": "00:00:00",
        "duration": "00:00:00"
      }
    ],
    "tags": null,
    "original_filename": "https://raw.githubusercontent.com/sarkrui/Hairstyle60k/master/Dataset/Caesar/IMG_7.jpg",
    "duration": "00:00:00"
  },
  "recognize": null
}