{
  "media": {
    "media_uuid": "d34c5be7-68d1-4af5-9747-d40f72f7cb0e",
    "checksum": "c1d22a0c75fb011cc0208da6ed576af3bcc934a4f53dce31b249f843483bdfb3",
    "faces": [
      {
        "face_uuid": "2be22c63-1535-11e9-99c4-0cc47a6c4dbd",
        "media_uuid": "d34c5be7-68d1-4af5-9747-d40f72f7cb0e",
        "x": 219.0,
        "y": 373.0,
        "width": 342.75,
        "height": 462.71,
        "angle": 0.2969,
        "detection_score": 1.0,
        "points": [
          {
            "x": 131.6,
            "y": 298.47,
            "type": 512,
            "name": "basic eye left"
          },
          {
            "x": 294.88,
            "y": 297.63,
            "type": 768,
            "name": "basic eye right"
          },
          {
            "x": 96.26,
            "y": 298.27,
            "type": 1024,
            "name": "basic eye left outer"
          },
          {
            "x": 331.31,
            "y": 297.32,
            "type": 1280,
            "name": "basic eye right outer"
          },
          {
            "x": 166.69,
            "y": 300.15,
            "type": 1536,
            "name": "basic eye left inner"
          },
          {
            "x": 258.65,
            "y": 299.47,
            "type": 1792,
            "name": "basic eye right inner"
          },
          {
            "x": 146.6,
            "y": 475.17,
            "type": 2048,
            "name": "basic mouth left"
          },
          {
            "x": 277.75,
            "y": 475.02,
            "type": 2304,
            "name": "basic mouth right"
          },
          {
            "x": 206.39,
            "y": 417.24,
            "type": 2560,
            "name": "basic nose tip"
          },
          {
            "x": 211.74,
            "y": 477.74,
            "type": 2816,
            "name": "basic mouth center"
          },
          {
            "x": 211.74,
            "y": 477.74,
            "type": 3072,
            "name": "basic eyebrow left"
          },
          {
            "x": 211.74,
            "y": 477.74,
            "type": 3328,
            "name": "basic eyebrow left inner corner"
          },
          {
            "x": 211.74,
            "y": 477.74,
            "type": 3584,
            "name": "basic eyebrow left outer corner"
          },
          {
            "x": 211.74,
            "y": 477.74,
            "type": 3840,
            "name": "basic eyebrow right"
          },
          {
            "x": 211.74,
            "y": 477.74,
            "type": 4096,
            "name": "basic eyebrow right inner corner"
          },
          {
            "x": 211.74,
            "y": 477.74,
            "type": 4352,
            "name": "basic eyebrow right outer corner"
          },
          {
            "x": 211.74,
            "y": 477.74,
            "type": 4608,
            "name": "basic chin bottom"
          },
          {
            "x": 211.74,
            "y": 477.74,
            "type": 4864,
            "name": "basic chin left"
          },
          {
            "x": 211.74,
            "y": 477.74,
            "type": 5120,
            "name": "basic chin right"
          },
          {
            "x": 165.65,
            "y": 410.95,
            "type": 5376,
            "name": "basic nose left"
          },
          {
            "x": 253.24,
            "y": 410.57,
            "type": 5632,
            "name": "basic nose right"
          }
        ],
        "user_points": null,
        "tags": [
          {
            "name": "5oclock shadow",
            "value": "no",
            "confidence": 0.31
          },
          {
            "name": "age",
            "value": "52",
            "confidence": 0.6
          },
          {
            "name": "arched eyebrows",
            "value": "no",
            "confidence": 1.0
          },
          {
            "name": "attractive",
            "value": "no",
            "confidence": 0.87
          },
          {
            "name": "bags under eyes",
            "value": "no",
            "confidence": 0.05
          },
          {
            "name": "bald",
            "value": "yes",
            "confidence": 0.26
          },
          {
            "name": "bangs",
            "value": "no",
            "confidence": 0.4
          },
          {
            "name": "beard",
            "value": "yes",
            "confidence": 0.56
          },
          {
            "name": "big lips",
            "value": "no",
            "confidence": 0.46
          },
          {
            "name": "big nose",
            "value": "yes",
            "confidence": 0.31
          },
          {
            "name": "black hair",
            "value": "no",
            "confidence": 0.96
          },
          {
            "name": "blond hair",
            "value": "no",
            "confidence": 0.71
          },
          {
            "name": "blurry",
            "value": "yes",
            "confidence": 0.07
          },
          {
            "name": "brown hair",
            "value": "no",
            "confidence": 0.56
          },
          {
            "name": "bushy eyebrows",
            "value": "no",
            "confidence": 0.77
          },
          {
            "name": "chubby",
            "value": "yes",
            "confidence": 0.16
          },
          {
            "name": "double chin",
            "value": "no",
            "confidence": 0.16
          },
          {
            "name": "expression",
            "value": "neutral",
            "confidence": 0.86
          },
          {
            "name": "gender",
            "value": "male",
            "confidence": 0.69
          },
          {
            "name": "glasses",
            "value": "no",
            "confidence": 1.0
          },
          {
            "name": "goatee",
            "value": "yes",
            "confidence": 0.4
          },
          {
            "name": "gray hair",
            "value": "yes",
            "confidence": 0.29
          },
          {
            "name": "heavy makeup",
            "value": "no",
            "confidence": 0.83
          },
          {
            "name": "high cheekbones",
            "value": "no",
            "confidence": 0.89
          },
          {
            "name": "mouth open",
            "value": "no",
            "confidence": 0.41
          },
          {
            "name": "mustache",
            "value": "yes",
            "confidence": 0.5
          },
          {
            "name": "narrow eyes",
            "value": "no",
            "confidence": 0.04
          },
          {
            "name": "oval face",
            "value": "no",
            "confidence": 0.44
          },
          {
            "name": "pale skin",
            "value": "yes",
            "confidence": 0.17
          },
          {
            "name": "pitch",
            "value": "-9.39",
            "confidence": 1.0
          },
          {
            "name": "pointy nose",
            "value": "no",
            "confidence": 0.51
          },
          {
            "name": "race",
            "value": "white",
            "confidence": 1.0
          },
          {
            "name": "receding hairline",
            "value": "no",
            "confidence": 0.21
          },
          {
            "name": "rosy cheeks",
            "value": "no",
            "confidence": 1.0
          },
          {
            "name": "sideburns",
            "value": "yes",
            "confidence": 0.36
          },
          {
            "name": "straight hair",
            "value": "no",
            "confidence": 0.85
          },
          {
            "name": "wavy hair",
            "value": "no",
            "confidence": 0.48
          },
          {
            "name": "wearing earrings",
            "value": "no",
            "confidence": 0.9
          },
          {
            "name": "wearing hat",
            "value": "yes",
            "confidence": 0.22
          },
          {
            "name": "wearing lipstick",
            "value": "no",
            "confidence": 0.82
          },
          {
            "name": "wearing necklace",
            "value": "no",
            "confidence": 0.92
          },
          {
            "name": "wearing necktie",
            "value": "no",
            "confidence": 0.3
          },
          {
            "name": "yaw",
            "value": "-0.28",
            "confidence": 1.0
          },
          {
            "name": "young",
            "value": "no",
            "confidence": 0.76
          }
        ],
        "person_id": "",
        "appearance_id": 0,
        "start": "00:00:00",
        "duration": "00:00:00"
      }
    ],
    "tags": null,
    "original_filename": "https://raw.githubusercontent.com/sarkrui/Hairstyle60k/master/Dataset/Caesar/IMG_13.jpg",
    "duration": "00:00:00"
  },
  "recognize": null
}