{
  "media": {
    "media_uuid": "3427cda9-f085-41d6-a74b-0d385945ca07",
    "checksum": "170b38823060c3bbc783dd5bab6eefb48209366d37564e4d90ab160c5ac8434d",
    "faces": [
      {
        "face_uuid": "23b7ef88-1535-11e9-99c4-0cc47a6c4dbd",
        "media_uuid": "3427cda9-f085-41d6-a74b-0d385945ca07",
        "x": 165.0,
        "y": 199.0,
        "width": 187.06,
        "height": 265.32,
        "angle": 1.9613,
        "detection_score": 1.0,
        "points": [
          {
            "x": 80.39,
            "y": 163.51,
            "type": 512,
            "name": "basic eye left"
          },
          {
            "x": 177.38,
            "y": 160.19,
            "type": 768,
            "name": "basic eye right"
          },
          {
            "x": 61.26,
            "y": 164.64,
            "type": 1024,
            "name": "basic eye left outer"
          },
          {
            "x": 200.09,
            "y": 160.07,
            "type": 1280,
            "name": "basic eye right outer"
          },
          {
            "x": 99.3,
            "y": 163.5,
            "type": 1536,
            "name": "basic eye left inner"
          },
          {
            "x": 155.41,
            "y": 161.54,
            "type": 1792,
            "name": "basic eye right inner"
          },
          {
            "x": 90.16,
            "y": 270.22,
            "type": 2048,
            "name": "basic mouth left"
          },
          {
            "x": 166.94,
            "y": 270.16,
            "type": 2304,
            "name": "basic mouth right"
          },
          {
            "x": 110.57,
            "y": 223.17,
            "type": 2560,
            "name": "basic nose tip"
          },
          {
            "x": 126.64,
            "y": 270.62,
            "type": 2816,
            "name": "basic mouth center"
          },
          {
            "x": 126.64,
            "y": 270.62,
            "type": 3072,
            "name": "basic eyebrow left"
          },
          {
            "x": 126.64,
            "y": 270.62,
            "type": 3328,
            "name": "basic eyebrow left inner corner"
          },
          {
            "x": 126.64,
            "y": 270.62,
            "type": 3584,
            "name": "basic eyebrow left outer corner"
          },
          {
            "x": 126.64,
            "y": 270.62,
            "type": 3840,
            "name": "basic eyebrow right"
          },
          {
            "x": 126.64,
            "y": 270.62,
            "type": 4096,
            "name": "basic eyebrow right inner corner"
          },
          {
            "x": 126.64,
            "y": 270.62,
            "type": 4352,
            "name": "basic eyebrow right outer corner"
          },
          {
            "x": 126.64,
            "y": 270.62,
            "type": 4608,
            "name": "basic chin bottom"
          },
          {
            "x": 126.64,
            "y": 270.62,
            "type": 4864,
            "name": "basic chin left"
          },
          {
            "x": 126.64,
            "y": 270.62,
            "type": 5120,
            "name": "basic chin right"
          },
          {
            "x": 93.66,
            "y": 228.29,
            "type": 5376,
            "name": "basic nose left"
          },
          {
            "x": 145.8,
            "y": 228.15,
            "type": 5632,
            "name": "basic nose right"
          }
        ],
        "user_points": null,
        "tags": [
          {
            "name": "5oclock shadow",
            "value": "no",
            "confidence": 0.15
          },
          {
            "name": "age",
            "value": "49",
            "confidence": 0.6
          },
          {
            "name": "arched eyebrows",
            "value": "no",
            "confidence": 0.65
          },
          {
            "name": "attractive",
            "value": "no",
            "confidence": 0.98
          },
          {
            "name": "bags under eyes",
            "value": "yes",
            "confidence": 0.37
          },
          {
            "name": "bald",
            "value": "yes",
            "confidence": 0.91
          },
          {
            "name": "bangs",
            "value": "no",
            "confidence": 0.99
          },
          {
            "name": "beard",
            "value": "yes",
            "confidence": 0.75
          },
          {
            "name": "big lips",
            "value": "yes",
            "confidence": 0.34
          },
          {
            "name": "big nose",
            "value": "yes",
            "confidence": 0.82
          },
          {
            "name": "black hair",
            "value": "no",
            "confidence": 0.6
          },
          {
            "name": "blond hair",
            "value": "no",
            "confidence": 0.92
          },
          {
            "name": "blurry",
            "value": "no",
            "confidence": 0.62
          },
          {
            "name": "brown hair",
            "value": "no",
            "confidence": 1.0
          },
          {
            "name": "bushy eyebrows",
            "value": "yes",
            "confidence": 0.01
          },
          {
            "name": "chubby",
            "value": "yes",
            "confidence": 0.61
          },
          {
            "name": "double chin",
            "value": "yes",
            "confidence": 0.32
          },
          {
            "name": "expression",
            "value": "neutral",
            "confidence": 0.95
          },
          {
            "name": "gender",
            "value": "male",
            "confidence": 0.9
          },
          {
            "name": "glasses",
            "value": "no",
            "confidence": 1.0
          },
          {
            "name": "goatee",
            "value": "yes",
            "confidence": 0.65
          },
          {
            "name": "gray hair",
            "value": "yes",
            "confidence": 0.35
          },
          {
            "name": "heavy makeup",
            "value": "no",
            "confidence": 0.94
          },
          {
            "name": "high cheekbones",
            "value": "no",
            "confidence": 0.54
          },
          {
            "name": "mouth open",
            "value": "no",
            "confidence": 0.05
          },
          {
            "name": "mustache",
            "value": "yes",
            "confidence": 0.74
          },
          {
            "name": "narrow eyes",
            "value": "no",
            "confidence": 0.53
          },
          {
            "name": "oval face",
            "value": "no",
            "confidence": 0.0
          },
          {
            "name": "pale skin",
            "value": "no",
            "confidence": 0.24
          },
          {
            "name": "pitch",
            "value": "-7.38",
            "confidence": 1.0
          },
          {
            "name": "pointy nose",
            "value": "no",
            "confidence": 0.67
          },
          {
            "name": "race",
            "value": "white",
            "confidence": 1.0
          },
          {
            "name": "receding hairline",
            "value": "yes",
            "confidence": 0.7
          },
          {
            "name": "rosy cheeks",
            "value": "no",
            "confidence": 1.0
          },
          {
            "name": "sideburns",
            "value": "yes",
            "confidence": 0.42
          },
          {
            "name": "straight hair",
            "value": "no",
            "confidence": 1.0
          },
          {
            "name": "wavy hair",
            "value": "no",
            "confidence": 0.89
          },
          {
            "name": "wearing earrings",
            "value": "no",
            "confidence": 0.48
          },
          {
            "name": "wearing hat",
            "value": "yes",
            "confidence": 0.12
          },
          {
            "name": "wearing lipstick",
            "value": "no",
            "confidence": 1.0
          },
          {
            "name": "wearing necklace",
            "value": "no",
            "confidence": 0.82
          },
          {
            "name": "wearing necktie",
            "value": "yes",
            "confidence": 0.16
          },
          {
            "name": "yaw",
            "value": "34.52",
            "confidence": 1.0
          },
          {
            "name": "young",
            "value": "no",
            "confidence": 0.62
          }
        ],
        "person_id": "",
        "appearance_id": 0,
        "start": "00:00:00",
        "duration": "00:00:00"
      }
    ],
    "tags": null,
    "original_filename": "https://raw.githubusercontent.com/sarkrui/Hairstyle60k/master/Dataset/Caesar/IMG_6.jpg",
    "duration": "00:00:00"
  },
  "recognize": null
}