{
  "media": {
    "media_uuid": "d4f291e3-bc0d-438c-b0b7-edcaf5fd31bf",
    "checksum": "44fe528ecf25bf6e6140c38232690f58c9d74fe7466fd043e4f302214cdb0ecc",
    "faces": [
      {
        "face_uuid": "340360fe-1535-11e9-99c4-0cc47a6c4dbd",
        "media_uuid": "d4f291e3-bc0d-438c-b0b7-edcaf5fd31bf",
        "x": 262.4,
        "y": 349.69,
        "width": 294.49,
        "height": 414.83,
        "angle": 0.7299,
        "detection_score": 1.0,
        "points": [
          {
            "x": 191.68,
            "y": 315.61,
            "type": 512,
            "name": "basic eye left"
          },
          {
            "x": 337.64,
            "y": 313.75,
            "type": 768,
            "name": "basic eye right"
          },
          {
            "x": 159.32,
            "y": 315.48,
            "type": 1024,
            "name": "basic eye left outer"
          },
          {
            "x": 368.82,
            "y": 312.74,
            "type": 1280,
            "name": "basic eye right outer"
          },
          {
            "x": 224.0,
            "y": 316.91,
            "type": 1536,
            "name": "basic eye left inner"
          },
          {
            "x": 306.95,
            "y": 315.91,
            "type": 1792,
            "name": "basic eye right inner"
          },
          {
            "x": 196.4,
            "y": 450.75,
            "type": 2048,
            "name": "basic mouth left"
          },
          {
            "x": 335.79,
            "y": 447.31,
            "type": 2304,
            "name": "basic mouth right"
          },
          {
            "x": 270.97,
            "y": 419.49,
            "type": 2560,
            "name": "basic nose tip"
          },
          {
            "x": 266.49,
            "y": 454.96,
            "type": 2816,
            "name": "basic mouth center"
          },
          {
            "x": 266.49,
            "y": 454.96,
            "type": 3072,
            "name": "basic eyebrow left"
          },
          {
            "x": 266.49,
            "y": 454.96,
            "type": 3328,
            "name": "basic eyebrow left inner corner"
          },
          {
            "x": 266.49,
            "y": 454.96,
            "type": 3584,
            "name": "basic eyebrow left outer corner"
          },
          {
            "x": 266.49,
            "y": 454.96,
            "type": 3840,
            "name": "basic eyebrow right"
          },
          {
            "x": 266.49,
            "y": 454.96,
            "type": 4096,
            "name": "basic eyebrow right inner corner"
          },
          {
            "x": 266.49,
            "y": 454.96,
            "type": 4352,
            "name": "basic eyebrow right outer corner"
          },
          {
            "x": 266.49,
            "y": 454.96,
            "type": 4608,
            "name": "basic chin bottom"
          },
          {
            "x": 266.49,
            "y": 454.96,
            "type": 4864,
            "name": "basic chin left"
          },
          {
            "x": 266.49,
            "y": 454.96,
            "type": 5120,
            "name": "basic chin right"
          },
          {
            "x": 227.21,
            "y": 408.13,
            "type": 5376,
            "name": "basic nose left"
          },
          {
            "x": 309.2,
            "y": 406.71,
            "type": 5632,
            "name": "basic nose right"
          }
        ],
        "user_points": null,
        "tags": [
          {
            "name": "5oclock shadow",
            "value": "no",
            "confidence": 0.63
          },
          {
            "name": "age",
            "value": "21",
            "confidence": 0.6
          },
          {
            "name": "arched eyebrows",
            "value": "no",
            "confidence": 0.29
          },
          {
            "name": "attractive",
            "value": "yes",
            "confidence": 0.21
          },
          {
            "name": "bags under eyes",
            "value": "yes",
            "confidence": 0.34
          },
          {
            "name": "bald",
            "value": "no",
            "confidence": 0.38
          },
          {
            "name": "bangs",
            "value": "no",
            "confidence": 0.72
          },
          {
            "name": "beard",
            "value": "no",
            "confidence": 0.89
          },
          {
            "name": "big lips",
            "value": "no",
            "confidence": 0.24
          },
          {
            "name": "big nose",
            "value": "yes",
            "confidence": 0.17
          },
          {
            "name": "black hair",
            "value": "no",
            "confidence": 0.85
          },
          {
            "name": "blond hair",
            "value": "yes",
            "confidence": 0.24
          },
          {
            "name": "blurry",
            "value": "no",
            "confidence": 1.0
          },
          {
            "name": "brown hair",
            "value": "no",
            "confidence": 0.39
          },
          {
            "name": "bushy eyebrows",
            "value": "no",
            "confidence": 0.88
          },
          {
            "name": "chubby",
            "value": "no",
            "confidence": 0.77
          },
          {
            "name": "double chin",
            "value": "no",
            "confidence": 0.39
          },
          {
            "name": "expression",
            "value": "smile",
            "confidence": 1.0
          },
          {
            "name": "gender",
            "value": "female",
            "confidence": 0.6
          },
          {
            "name": "glasses",
            "value": "no",
            "confidence": 1.0
          },
          {
            "name": "goatee",
            "value": "no",
            "confidence": 1.0
          },
          {
            "name": "gray hair",
            "value": "no",
            "confidence": 0.14
          },
          {
            "name": "heavy makeup",
            "value": "no",
            "confidence": 0.29
          },
          {
            "name": "high cheekbones",
            "value": "yes",
            "confidence": 1.0
          },
          {
            "name": "mouth open",
            "value": "yes",
            "confidence": 1.0
          },
          {
            "name": "mustache",
            "value": "no",
            "confidence": 1.0
          },
          {
            "name": "narrow eyes",
            "value": "no",
            "confidence": 0.93
          },
          {
            "name": "oval face",
            "value": "yes",
            "confidence": 0.47
          },
          {
            "name": "pale skin",
            "value": "no",
            "confidence": 0.3
          },
          {
            "name": "pitch",
            "value": "-8.62",
            "confidence": 1.0
          },
          {
            "name": "pointy nose",
            "value": "yes",
            "confidence": 0.09
          },
          {
            "name": "race",
            "value": "white",
            "confidence": 1.0
          },
          {
            "name": "receding hairline",
            "value": "yes",
            "confidence": 0.48
          },
          {
            "name": "rosy cheeks",
            "value": "no",
            "confidence": 0.19
          },
          {
            "name": "sideburns",
            "value": "no",
            "confidence": 1.0
          },
          {
            "name": "straight hair",
            "value": "yes",
            "confidence": 0.29
          },
          {
            "name": "wavy hair",
            "value": "no",
            "confidence": 0.89
          },
          {
            "name": "wearing earrings",
            "value": "yes",
            "confidence": 0.19
          },
          {
            "name": "wearing hat",
            "value": "no",
            "confidence": 1.0
          },
          {
            "name": "wearing lipstick",
            "value": "yes",
            "confidence": 0.16
          },
          {
            "name": "wearing necklace",
            "value": "no",
            "confidence": 0.12
          },
          {
            "name": "wearing necktie",
            "value": "no",
            "confidence": 0.6
          },
          {
            "name": "yaw",
            "value": "-0.83",
            "confidence": 1.0
          },
          {
            "name": "young",
            "value": "yes",
            "confidence": 0.07
          }
        ],
        "person_id": "",
        "appearance_id": 0,
        "start": "00:00:00",
        "duration": "00:00:00"
      }
    ],
    "tags": null,
    "original_filename": "https://raw.githubusercontent.com/sarkrui/Hairstyle60k/master/Dataset/Caesar/IMG_19.jpg",
    "duration": "00:00:00"
  },
  "recognize": null
}