{
  "media": {
    "media_uuid": "f14e2408-daff-4f66-ab3e-a642f0e224b3",
    "checksum": "322e3299a7fedb0d1a7795f87171998603b67334ee825dda5d5cf431c4a0f6f0",
    "faces": [
      {
        "face_uuid": "43de9825-1535-11e9-99c4-0cc47a6c4dbd",
        "media_uuid": "f14e2408-daff-4f66-ab3e-a642f0e224b3",
        "x": 75.0,
        "y": 109.0,
        "width": 78.31,
        "height": 105.06,
        "angle": -3.7766,
        "detection_score": 1.0,
        "points": [
          {
            "x": 64.05,
            "y": 100.49,
            "type": 512,
            "name": "basic eye left"
          },
          {
            "x": 101.38,
            "y": 102.95,
            "type": 768,
            "name": "basic eye right"
          },
          {
            "x": 55.36,
            "y": 99.87,
            "type": 1024,
            "name": "basic eye left outer"
          },
          {
            "x": 109.08,
            "y": 103.35,
            "type": 1280,
            "name": "basic eye right outer"
          },
          {
            "x": 72.72,
            "y": 101.7,
            "type": 1536,
            "name": "basic eye left inner"
          },
          {
            "x": 93.79,
            "y": 103.13,
            "type": 1792,
            "name": "basic eye right inner"
          },
          {
            "x": 65.03,
            "y": 145.39,
            "type": 2048,
            "name": "basic mouth left"
          },
          {
            "x": 94.87,
            "y": 146.6,
            "type": 2304,
            "name": "basic mouth right"
          },
          {
            "x": 86.96,
            "y": 131.41,
            "type": 2560,
            "name": "basic nose tip"
          },
          {
            "x": 80.46,
            "y": 146.67,
            "type": 2816,
            "name": "basic mouth center"
          },
          {
            "x": 80.46,
            "y": 146.67,
            "type": 3072,
            "name": "basic eyebrow left"
          },
          {
            "x": 80.46,
            "y": 146.67,
            "type": 3328,
            "name": "basic eyebrow left inner corner"
          },
          {
            "x": 80.46,
            "y": 146.67,
            "type": 3584,
            "name": "basic eyebrow left outer corner"
          },
          {
            "x": 80.46,
            "y": 146.67,
            "type": 3840,
            "name": "basic eyebrow right"
          },
          {
            "x": 80.46,
            "y": 146.67,
            "type": 4096,
            "name": "basic eyebrow right inner corner"
          },
          {
            "x": 80.46,
            "y": 146.67,
            "type": 4352,
            "name": "basic eyebrow right outer corner"
          },
          {
            "x": 80.46,
            "y": 146.67,
            "type": 4608,
            "name": "basic chin bottom"
          },
          {
            "x": 80.46,
            "y": 146.67,
            "type": 4864,
            "name": "basic chin left"
          },
          {
            "x": 80.46,
            "y": 146.67,
            "type": 5120,
            "name": "basic chin right"
          },
          {
            "x": 74.26,
            "y": 129.96,
            "type": 5376,
            "name": "basic nose left"
          },
          {
            "x": 93.83,
            "y": 130.92,
            "type": 5632,
            "name": "basic nose right"
          }
        ],
        "user_points": null,
        "tags": [
          {
            "name": "5oclock shadow",
            "value": "yes",
            "confidence": 0.31
          },
          {
            "name": "age",
            "value": "20",
            "confidence": 0.6
          },
          {
            "name": "arched eyebrows",
            "value": "no",
            "confidence": 0.88
          },
          {
            "name": "attractive",
            "value": "no",
            "confidence": 0.91
          },
          {
            "name": "bags under eyes",
            "value": "no",
            "confidence": 0.54
          },
          {
            "name": "bald",
            "value": "no",
            "confidence": 0.13
          },
          {
            "name": "bangs",
            "value": "no",
            "confidence": 1.0
          },
          {
            "name": "beard",
            "value": "yes",
            "confidence": 0.53
          },
          {
            "name": "big lips",
            "value": "no",
            "confidence": 0.67
          },
          {
            "name": "big nose",
            "value": "no",
            "confidence": 0.28
          },
          {
            "name": "black hair",
            "value": "no",
            "confidence": 0.61
          },
          {
            "name": "blond hair",
            "value": "no",
            "confidence": 0.99
          },
          {
            "name": "blurry",
            "value": "yes",
            "confidence": 0.26
          },
          {
            "name": "brown hair",
            "value": "no",
            "confidence": 0.13
          },
          {
            "name": "bushy eyebrows",
            "value": "no",
            "confidence": 0.45
          },
          {
            "name": "chubby",
            "value": "no",
            "confidence": 0.23
          },
          {
            "name": "double chin",
            "value": "no",
            "confidence": 0.6
          },
          {
            "name": "expression",
            "value": "neutral",
            "confidence": 1.0
          },
          {
            "name": "gender",
            "value": "male",
            "confidence": 0.99
          },
          {
            "name": "glasses",
            "value": "no",
            "confidence": 1.0
          },
          {
            "name": "goatee",
            "value": "yes",
            "confidence": 0.16
          },
          {
            "name": "gray hair",
            "value": "no",
            "confidence": 0.51
          },
          {
            "name": "heavy makeup",
            "value": "no",
            "confidence": 1.0
          },
          {
            "name": "high cheekbones",
            "value": "no",
            "confidence": 0.96
          },
          {
            "name": "mouth open",
            "value": "no",
            "confidence": 0.96
          },
          {
            "name": "mustache",
            "value": "yes",
            "confidence": 0.13
          },
          {
            "name": "narrow eyes",
            "value": "no",
            "confidence": 0.12
          },
          {
            "name": "oval face",
            "value": "no",
            "confidence": 0.14
          },
          {
            "name": "pale skin",
            "value": "no",
            "confidence": 0.71
          },
          {
            "name": "pitch",
            "value": "-8.42",
            "confidence": 1.0
          },
          {
            "name": "pointy nose",
            "value": "no",
            "confidence": 0.42
          },
          {
            "name": "race",
            "value": "hispanic",
            "confidence": 0.81
          },
          {
            "name": "receding hairline",
            "value": "yes",
            "confidence": 0.12
          },
          {
            "name": "rosy cheeks",
            "value": "no",
            "confidence": 1.0
          },
          {
            "name": "sideburns",
            "value": "yes",
            "confidence": 0.07
          },
          {
            "name": "straight hair",
            "value": "no",
            "confidence": 0.32
          },
          {
            "name": "wavy hair",
            "value": "no",
            "confidence": 0.85
          },
          {
            "name": "wearing earrings",
            "value": "no",
            "confidence": 0.69
          },
          {
            "name": "wearing hat",
            "value": "no",
            "confidence": 0.2
          },
          {
            "name": "wearing lipstick",
            "value": "no",
            "confidence": 1.0
          },
          {
            "name": "wearing necklace",
            "value": "no",
            "confidence": 1.0
          },
          {
            "name": "wearing necktie",
            "value": "no",
            "confidence": 0.34
          },
          {
            "name": "yaw",
            "value": "-10.36",
            "confidence": 1.0
          },
          {
            "name": "young",
            "value": "no",
            "confidence": 0.11
          }
        ],
        "person_id": "",
        "appearance_id": 0,
        "start": "00:00:00",
        "duration": "00:00:00"
      }
    ],
    "tags": null,
    "original_filename": "https://raw.githubusercontent.com/sarkrui/Hairstyle60k/master/Dataset/Chonmage/IMG_10.jpg",
    "duration": "00:00:00"
  },
  "recognize": null
}