{
  "media": {
    "media_uuid": "246fe2de-e8e0-429d-b056-d5b378fd83b9",
    "checksum": "058069deeacf80ad360867fa0f2c7109303b7551030db6456930c4f89cc39600",
    "faces": [
      {
        "face_uuid": "3eff4e37-1535-11e9-99c4-0cc47a6c4dbd",
        "media_uuid": "246fe2de-e8e0-429d-b056-d5b378fd83b9",
        "x": 114.5,
        "y": 96.0,
        "width": 73.64,
        "height": 112.85,
        "angle": 0.481,
        "detection_score": 1.0,
        "points": [
          {
            "x": 82.72,
            "y": 84.75,
            "type": 512,
            "name": "basic eye left"
          },
          {
            "x": 120.9,
            "y": 84.43,
            "type": 768,
            "name": "basic eye right"
          },
          {
            "x": 75.31,
            "y": 84.91,
            "type": 1024,
            "name": "basic eye left outer"
          },
          {
            "x": 130.15,
            "y": 84.6,
            "type": 1280,
            "name": "basic eye right outer"
          },
          {
            "x": 89.99,
            "y": 84.99,
            "type": 1536,
            "name": "basic eye left inner"
          },
          {
            "x": 111.73,
            "y": 84.73,
            "type": 1792,
            "name": "basic eye right inner"
          },
          {
            "x": 84.45,
            "y": 130.09,
            "type": 2048,
            "name": "basic mouth left"
          },
          {
            "x": 115.23,
            "y": 130.12,
            "type": 2304,
            "name": "basic mouth right"
          },
          {
            "x": 90.69,
            "y": 110.02,
            "type": 2560,
            "name": "basic nose tip"
          },
          {
            "x": 98.84,
            "y": 130.08,
            "type": 2816,
            "name": "basic mouth center"
          },
          {
            "x": 98.84,
            "y": 130.08,
            "type": 3072,
            "name": "basic eyebrow left"
          },
          {
            "x": 98.84,
            "y": 130.08,
            "type": 3328,
            "name": "basic eyebrow left inner corner"
          },
          {
            "x": 98.84,
            "y": 130.08,
            "type": 3584,
            "name": "basic eyebrow left outer corner"
          },
          {
            "x": 98.84,
            "y": 130.08,
            "type": 3840,
            "name": "basic eyebrow right"
          },
          {
            "x": 98.84,
            "y": 130.08,
            "type": 4096,
            "name": "basic eyebrow right inner corner"
          },
          {
            "x": 98.84,
            "y": 130.08,
            "type": 4352,
            "name": "basic eyebrow right outer corner"
          },
          {
            "x": 98.84,
            "y": 130.08,
            "type": 4608,
            "name": "basic chin bottom"
          },
          {
            "x": 98.84,
            "y": 130.08,
            "type": 4864,
            "name": "basic chin left"
          },
          {
            "x": 98.84,
            "y": 130.08,
            "type": 5120,
            "name": "basic chin right"
          },
          {
            "x": 85.68,
            "y": 112.59,
            "type": 5376,
            "name": "basic nose left"
          },
          {
            "x": 105.91,
            "y": 112.89,
            "type": 5632,
            "name": "basic nose right"
          }
        ],
        "user_points": null,
        "tags": [
          {
            "name": "5oclock shadow",
            "value": "no",
            "confidence": 0.28
          },
          {
            "name": "age",
            "value": "33",
            "confidence": 0.6
          },
          {
            "name": "arched eyebrows",
            "value": "yes",
            "confidence": 0.16
          },
          {
            "name": "attractive",
            "value": "no",
            "confidence": 0.38
          },
          {
            "name": "bags under eyes",
            "value": "no",
            "confidence": 0.59
          },
          {
            "name": "bald",
            "value": "no",
            "confidence": 0.35
          },
          {
            "name": "bangs",
            "value": "no",
            "confidence": 1.0
          },
          {
            "name": "beard",
            "value": "no",
            "confidence": 0.08
          },
          {
            "name": "big lips",
            "value": "yes",
            "confidence": 0.29
          },
          {
            "name": "big nose",
            "value": "no",
            "confidence": 0.17
          },
          {
            "name": "black hair",
            "value": "yes",
            "confidence": 0.09
          },
          {
            "name": "blond hair",
            "value": "no",
            "confidence": 0.98
          },
          {
            "name": "blurry",
            "value": "no",
            "confidence": 0.88
          },
          {
            "name": "brown hair",
            "value": "no",
            "confidence": 0.89
          },
          {
            "name": "bushy eyebrows",
            "value": "yes",
            "confidence": 0.78
          },
          {
            "name": "chubby",
            "value": "no",
            "confidence": 0.58
          },
          {
            "name": "double chin",
            "value": "no",
            "confidence": 0.86
          },
          {
            "name": "expression",
            "value": "neutral",
            "confidence": 0.92
          },
          {
            "name": "gender",
            "value": "male",
            "confidence": 0.02
          },
          {
            "name": "glasses",
            "value": "no",
            "confidence": 1.0
          },
          {
            "name": "goatee",
            "value": "no",
            "confidence": 0.18
          },
          {
            "name": "gray hair",
            "value": "no",
            "confidence": 0.89
          },
          {
            "name": "heavy makeup",
            "value": "no",
            "confidence": 0.4
          },
          {
            "name": "high cheekbones",
            "value": "no",
            "confidence": 0.71
          },
          {
            "name": "mouth open",
            "value": "no",
            "confidence": 0.74
          },
          {
            "name": "mustache",
            "value": "no",
            "confidence": 0.26
          },
          {
            "name": "narrow eyes",
            "value": "no",
            "confidence": 0.35
          },
          {
            "name": "oval face",
            "value": "no",
            "confidence": 0.24
          },
          {
            "name": "pale skin",
            "value": "no",
            "confidence": 0.24
          },
          {
            "name": "pitch",
            "value": "-7.57",
            "confidence": 1.0
          },
          {
            "name": "pointy nose",
            "value": "no",
            "confidence": 0.02
          },
          {
            "name": "race",
            "value": "mideast",
            "confidence": 0.92
          },
          {
            "name": "receding hairline",
            "value": "yes",
            "confidence": 0.21
          },
          {
            "name": "rosy cheeks",
            "value": "no",
            "confidence": 1.0
          },
          {
            "name": "sideburns",
            "value": "no",
            "confidence": 0.41
          },
          {
            "name": "straight hair",
            "value": "no",
            "confidence": 0.45
          },
          {
            "name": "wavy hair",
            "value": "no",
            "confidence": 0.87
          },
          {
            "name": "wearing earrings",
            "value": "yes",
            "confidence": 0.01
          },
          {
            "name": "wearing hat",
            "value": "yes",
            "confidence": 0.09
          },
          {
            "name": "wearing lipstick",
            "value": "no",
            "confidence": 0.35
          },
          {
            "name": "wearing necklace",
            "value": "no",
            "confidence": 0.52
          },
          {
            "name": "wearing necktie",
            "value": "no",
            "confidence": 0.69
          },
          {
            "name": "yaw",
            "value": "27.85",
            "confidence": 1.0
          },
          {
            "name": "young",
            "value": "yes",
            "confidence": 0.79
          }
        ],
        "person_id": "",
        "appearance_id": 0,
        "start": "00:00:00",
        "duration": "00:00:00"
      }
    ],
    "tags": null,
    "original_filename": "https://raw.githubusercontent.com/sarkrui/Hairstyle60k/master/Dataset/Chonmage/IMG_6.jpg",
    "duration": "00:00:00"
  },
  "recognize": null
}