{
  "media": {
    "media_uuid": "0885edb1-888f-489a-bdc9-226bc02ab2af",
    "checksum": "393f8164b69e9cd52f1da2146b23a79b61a03fd4985d6e33e7897b5289405b3a",
    "faces": [
      {
        "face_uuid": "39d32a13-1535-11e9-99c4-0cc47a6c4dbd",
        "media_uuid": "0885edb1-888f-489a-bdc9-226bc02ab2af",
        "x": 318.43,
        "y": 219.0,
        "width": 91.94,
        "height": 125.49,
        "angle": -0.7733,
        "detection_score": 1.0,
        "points": [
          {
            "x": 308.11,
            "y": 208.65,
            "type": 512,
            "name": "basic eye left"
          },
          {
            "x": 349.65,
            "y": 209.21,
            "type": 768,
            "name": "basic eye right"
          },
          {
            "x": 298.45,
            "y": 208.86,
            "type": 1024,
            "name": "basic eye left outer"
          },
          {
            "x": 358.39,
            "y": 209.62,
            "type": 1280,
            "name": "basic eye right outer"
          },
          {
            "x": 317.55,
            "y": 208.65,
            "type": 1536,
            "name": "basic eye left inner"
          },
          {
            "x": 341.1,
            "y": 209.02,
            "type": 1792,
            "name": "basic eye right inner"
          },
          {
            "x": 313.33,
            "y": 255.12,
            "type": 2048,
            "name": "basic mouth left"
          },
          {
            "x": 345.16,
            "y": 254.77,
            "type": 2304,
            "name": "basic mouth right"
          },
          {
            "x": 334.38,
            "y": 233.89,
            "type": 2560,
            "name": "basic nose tip"
          },
          {
            "x": 329.78,
            "y": 254.89,
            "type": 2816,
            "name": "basic mouth center"
          },
          {
            "x": 329.78,
            "y": 254.89,
            "type": 3072,
            "name": "basic eyebrow left"
          },
          {
            "x": 329.78,
            "y": 254.89,
            "type": 3328,
            "name": "basic eyebrow left inner corner"
          },
          {
            "x": 329.78,
            "y": 254.89,
            "type": 3584,
            "name": "basic eyebrow left outer corner"
          },
          {
            "x": 329.78,
            "y": 254.89,
            "type": 3840,
            "name": "basic eyebrow right"
          },
          {
            "x": 329.78,
            "y": 254.89,
            "type": 4096,
            "name": "basic eyebrow right inner corner"
          },
          {
            "x": 329.78,
            "y": 254.89,
            "type": 4352,
            "name": "basic eyebrow right outer corner"
          },
          {
            "x": 329.78,
            "y": 254.89,
            "type": 4608,
            "name": "basic chin bottom"
          },
          {
            "x": 329.78,
            "y": 254.89,
            "type": 4864,
            "name": "basic chin left"
          },
          {
            "x": 329.78,
            "y": 254.89,
            "type": 5120,
            "name": "basic chin right"
          },
          {
            "x": 320.83,
            "y": 235.33,
            "type": 5376,
            "name": "basic nose left"
          },
          {
            "x": 342.82,
            "y": 235.39,
            "type": 5632,
            "name": "basic nose right"
          }
        ],
        "user_points": null,
        "tags": [
          {
            "name": "5oclock shadow",
            "value": "no",
            "confidence": 0.4
          },
          {
            "name": "age",
            "value": "38",
            "confidence": 0.6
          },
          {
            "name": "arched eyebrows",
            "value": "no",
            "confidence": 0.67
          },
          {
            "name": "attractive",
            "value": "no",
            "confidence": 0.74
          },
          {
            "name": "bags under eyes",
            "value": "yes",
            "confidence": 0.4
          },
          {
            "name": "bald",
            "value": "yes",
            "confidence": 0.99
          },
          {
            "name": "bangs",
            "value": "no",
            "confidence": 0.93
          },
          {
            "name": "beard",
            "value": "yes",
            "confidence": 0.27
          },
          {
            "name": "big lips",
            "value": "no",
            "confidence": 0.12
          },
          {
            "name": "big nose",
            "value": "yes",
            "confidence": 0.55
          },
          {
            "name": "black hair",
            "value": "no",
            "confidence": 0.7
          },
          {
            "name": "blond hair",
            "value": "no",
            "confidence": 0.93
          },
          {
            "name": "blurry",
            "value": "no",
            "confidence": 0.84
          },
          {
            "name": "brown hair",
            "value": "no",
            "confidence": 1.0
          },
          {
            "name": "bushy eyebrows",
            "value": "no",
            "confidence": 0.29
          },
          {
            "name": "chubby",
            "value": "yes",
            "confidence": 0.41
          },
          {
            "name": "double chin",
            "value": "yes",
            "confidence": 0.12
          },
          {
            "name": "expression",
            "value": "neutral",
            "confidence": 1.0
          },
          {
            "name": "gender",
            "value": "male",
            "confidence": 0.88
          },
          {
            "name": "glasses",
            "value": "no",
            "confidence": 1.0
          },
          {
            "name": "goatee",
            "value": "yes",
            "confidence": 0.12
          },
          {
            "name": "gray hair",
            "value": "yes",
            "confidence": 0.49
          },
          {
            "name": "heavy makeup",
            "value": "no",
            "confidence": 0.99
          },
          {
            "name": "high cheekbones",
            "value": "no",
            "confidence": 0.7
          },
          {
            "name": "mouth open",
            "value": "no",
            "confidence": 0.69
          },
          {
            "name": "mustache",
            "value": "yes",
            "confidence": 0.29
          },
          {
            "name": "narrow eyes",
            "value": "no",
            "confidence": 0.96
          },
          {
            "name": "oval face",
            "value": "yes",
            "confidence": 0.15
          },
          {
            "name": "pale skin",
            "value": "yes",
            "confidence": 0.3
          },
          {
            "name": "pitch",
            "value": "-7.59",
            "confidence": 1.0
          },
          {
            "name": "pointy nose",
            "value": "no",
            "confidence": 0.66
          },
          {
            "name": "race",
            "value": "white",
            "confidence": 0.93
          },
          {
            "name": "receding hairline",
            "value": "yes",
            "confidence": 1.0
          },
          {
            "name": "rosy cheeks",
            "value": "no",
            "confidence": 1.0
          },
          {
            "name": "sideburns",
            "value": "no",
            "confidence": 0.08
          },
          {
            "name": "straight hair",
            "value": "no",
            "confidence": 0.7
          },
          {
            "name": "wavy hair",
            "value": "no",
            "confidence": 1.0
          },
          {
            "name": "wearing earrings",
            "value": "no",
            "confidence": 0.63
          },
          {
            "name": "wearing hat",
            "value": "no",
            "confidence": 0.47
          },
          {
            "name": "wearing lipstick",
            "value": "no",
            "confidence": 0.97
          },
          {
            "name": "wearing necklace",
            "value": "no",
            "confidence": 1.0
          },
          {
            "name": "wearing necktie",
            "value": "yes",
            "confidence": 0.51
          },
          {
            "name": "yaw",
            "value": "-29.63",
            "confidence": 1.0
          },
          {
            "name": "young",
            "value": "no",
            "confidence": 0.55
          }
        ],
        "person_id": "",
        "appearance_id": 0,
        "start": "00:00:00",
        "duration": "00:00:00"
      },
      {
        "face_uuid": "3a080655-1535-11e9-99c4-0cc47a6c4dbd",
        "media_uuid": "0885edb1-888f-489a-bdc9-226bc02ab2af",
        "x": 335.98,
        "y": 480.25,
        "width": 43.5,
        "height": 58.42,
        "angle": 24.3834,
        "detection_score": 0.85,
        "points": [
          {
            "x": 311.03,
            "y": 479.04,
            "type": 512,
            "name": "basic eye left"
          },
          {
            "x": 338.4,
            "y": 466.63,
            "type": 768,
            "name": "basic eye right"
          },
          {
            "x": 305.9,
            "y": 481.68,
            "type": 1024,
            "name": "basic eye left outer"
          },
          {
            "x": 344.52,
            "y": 464.28,
            "type": 1280,
            "name": "basic eye right outer"
          },
          {
            "x": 316.37,
            "y": 477.0,
            "type": 1536,
            "name": "basic eye left inner"
          },
          {
            "x": 332.77,
            "y": 469.57,
            "type": 1792,
            "name": "basic eye right inner"
          },
          {
            "x": 273.39,
            "y": 517.39,
            "type": 2048,
            "name": "basic mouth left"
          },
          {
            "x": 315.11,
            "y": 508.84,
            "type": 2304,
            "name": "basic mouth right"
          },
          {
            "x": 298.64,
            "y": 489.79,
            "type": 2560,
            "name": "basic nose tip"
          },
          {
            "x": 293.21,
            "y": 513.17,
            "type": 2816,
            "name": "basic mouth center"
          },
          {
            "x": 293.21,
            "y": 513.17,
            "type": 3072,
            "name": "basic eyebrow left"
          },
          {
            "x": 293.21,
            "y": 513.17,
            "type": 3328,
            "name": "basic eyebrow left inner corner"
          },
          {
            "x": 293.21,
            "y": 513.17,
            "type": 3584,
            "name": "basic eyebrow left outer corner"
          },
          {
            "x": 293.21,
            "y": 513.17,
            "type": 3840,
            "name": "basic eyebrow right"
          },
          {
            "x": 293.21,
            "y": 513.17,
            "type": 4096,
            "name": "basic eyebrow right inner corner"
          },
          {
            "x": 293.21,
            "y": 513.17,
            "type": 4352,
            "name": "basic eyebrow right outer corner"
          },
          {
            "x": 293.21,
            "y": 513.17,
            "type": 4608,
            "name": "basic chin bottom"
          },
          {
            "x": 293.21,
            "y": 513.17,
            "type": 4864,
            "name": "basic chin left"
          },
          {
            "x": 293.21,
            "y": 513.17,
            "type": 5120,
            "name": "basic chin right"
          },
          {
            "x": 292.31,
            "y": 495.8,
            "type": 5376,
            "name": "basic nose left"
          },
          {
            "x": 312.87,
            "y": 490.87,
            "type": 5632,
            "name": "basic nose right"
          }
        ],
        "user_points": null,
        "tags": [
          {
            "name": "5oclock shadow",
            "value": "no",
            "confidence": 0.48
          },
          {
            "name": "age",
            "value": "43",
            "confidence": 0.6
          },
          {
            "name": "arched eyebrows",
            "value": "no",
            "confidence": 1.0
          },
          {
            "name": "attractive",
            "value": "no",
            "confidence": 0.98
          },
          {
            "name": "bags under eyes",
            "value": "no",
            "confidence": 0.48
          },
          {
            "name": "bald",
            "value": "yes",
            "confidence": 0.24
          },
          {
            "name": "bangs",
            "value": "no",
            "confidence": 0.63
          },
          {
            "name": "beard",
            "value": "yes",
            "confidence": 0.3
          },
          {
            "name": "big lips",
            "value": "no",
            "confidence": 0.52
          },
          {
            "name": "big nose",
            "value": "no",
            "confidence": 0.14
          },
          {
            "name": "black hair",
            "value": "no",
            "confidence": 0.29
          },
          {
            "name": "blond hair",
            "value": "no",
            "confidence": 0.86
          },
          {
            "name": "blurry",
            "value": "yes",
            "confidence": 0.63
          },
          {
            "name": "brown hair",
            "value": "no",
            "confidence": 0.98
          },
          {
            "name": "bushy eyebrows",
            "value": "no",
            "confidence": 0.83
          },
          {
            "name": "chubby",
            "value": "no",
            "confidence": 0.01
          },
          {
            "name": "double chin",
            "value": "no",
            "confidence": 0.28
          },
          {
            "name": "expression",
            "value": "neutral",
            "confidence": 0.51
          },
          {
            "name": "gender",
            "value": "male",
            "confidence": 0.59
          },
          {
            "name": "glasses",
            "value": "no",
            "confidence": 1.0
          },
          {
            "name": "goatee",
            "value": "yes",
            "confidence": 0.11
          },
          {
            "name": "gray hair",
            "value": "no",
            "confidence": 0.19
          },
          {
            "name": "heavy makeup",
            "value": "no",
            "confidence": 0.9
          },
          {
            "name": "high cheekbones",
            "value": "no",
            "confidence": 0.34
          },
          {
            "name": "mouth open",
            "value": "yes",
            "confidence": 0.16
          },
          {
            "name": "mustache",
            "value": "yes",
            "confidence": 0.12
          },
          {
            "name": "narrow eyes",
            "value": "no",
            "confidence": 0.22
          },
          {
            "name": "oval face",
            "value": "yes",
            "confidence": 0.08
          },
          {
            "name": "pale skin",
            "value": "no",
            "confidence": 0.06
          },
          {
            "name": "pitch",
            "value": "-4.79",
            "confidence": 1.0
          },
          {
            "name": "pointy nose",
            "value": "no",
            "confidence": 0.65
          },
          {
            "name": "race",
            "value": "asian",
            "confidence": 0.96
          },
          {
            "name": "receding hairline",
            "value": "yes",
            "confidence": 0.14
          },
          {
            "name": "rosy cheeks",
            "value": "no",
            "confidence": 1.0
          },
          {
            "name": "sideburns",
            "value": "no",
            "confidence": 0.06
          },
          {
            "name": "straight hair",
            "value": "no",
            "confidence": 0.83
          },
          {
            "name": "wavy hair",
            "value": "no",
            "confidence": 0.73
          },
          {
            "name": "wearing earrings",
            "value": "no",
            "confidence": 0.72
          },
          {
            "name": "wearing hat",
            "value": "no",
            "confidence": 0.02
          },
          {
            "name": "wearing lipstick",
            "value": "no",
            "confidence": 0.93
          },
          {
            "name": "wearing necklace",
            "value": "no",
            "confidence": 1.0
          },
          {
            "name": "wearing necktie",
            "value": "no",
            "confidence": 0.48
          },
          {
            "name": "yaw",
            "value": "29.24",
            "confidence": 1.0
          },
          {
            "name": "young",
            "value": "no",
            "confidence": 0.32
          }
        ],
        "person_id": "",
        "appearance_id": 0,
        "start": "00:00:00",
        "duration": "00:00:00"
      }
    ],
    "tags": null,
    "original_filename": "https://raw.githubusercontent.com/sarkrui/Hairstyle60k/master/Dataset/Chonmage/IMG_1.jpg",
    "duration": "00:00:00"
  },
  "recognize": null
}