{
  "media": {
    "media_uuid": "81ec7bb0-5bda-4673-a978-627c5045ae94",
    "checksum": "72585b4eec6e5f44a15629a6379b1591eb8da1a058710cfe04c18210af6feaa3",
    "faces": [
      {
        "face_uuid": "51134b8a-1535-11e9-99c4-0cc47a6c4dbd",
        "media_uuid": "81ec7bb0-5bda-4673-a978-627c5045ae94",
        "x": 498.53,
        "y": 371.34,
        "width": 283.25,
        "height": 395.68,
        "angle": -1.0383,
        "detection_score": 1.0,
        "points": [
          {
            "x": 422.3,
            "y": 338.07,
            "type": 512,
            "name": "basic eye left"
          },
          {
            "x": 556.86,
            "y": 340.5,
            "type": 768,
            "name": "basic eye right"
          },
          {
            "x": 392.96,
            "y": 337.76,
            "type": 1024,
            "name": "basic eye left outer"
          },
          {
            "x": 585.96,
            "y": 341.18,
            "type": 1280,
            "name": "basic eye right outer"
          },
          {
            "x": 451.53,
            "y": 340.76,
            "type": 1536,
            "name": "basic eye left inner"
          },
          {
            "x": 527.91,
            "y": 342.2,
            "type": 1792,
            "name": "basic eye right inner"
          },
          {
            "x": 433.55,
            "y": 488.49,
            "type": 2048,
            "name": "basic mouth left"
          },
          {
            "x": 541.71,
            "y": 490.64,
            "type": 2304,
            "name": "basic mouth right"
          },
          {
            "x": 488.8,
            "y": 432.46,
            "type": 2560,
            "name": "basic nose tip"
          },
          {
            "x": 487.58,
            "y": 491.51,
            "type": 2816,
            "name": "basic mouth center"
          },
          {
            "x": 487.58,
            "y": 491.51,
            "type": 3072,
            "name": "basic eyebrow left"
          },
          {
            "x": 487.58,
            "y": 491.51,
            "type": 3328,
            "name": "basic eyebrow left inner corner"
          },
          {
            "x": 487.58,
            "y": 491.51,
            "type": 3584,
            "name": "basic eyebrow left outer corner"
          },
          {
            "x": 487.58,
            "y": 491.51,
            "type": 3840,
            "name": "basic eyebrow right"
          },
          {
            "x": 487.58,
            "y": 491.51,
            "type": 4096,
            "name": "basic eyebrow right inner corner"
          },
          {
            "x": 487.58,
            "y": 491.51,
            "type": 4352,
            "name": "basic eyebrow right outer corner"
          },
          {
            "x": 487.58,
            "y": 491.51,
            "type": 4608,
            "name": "basic chin bottom"
          },
          {
            "x": 487.58,
            "y": 491.51,
            "type": 4864,
            "name": "basic chin left"
          },
          {
            "x": 487.58,
            "y": 491.51,
            "type": 5120,
            "name": "basic chin right"
          },
          {
            "x": 453.92,
            "y": 432.84,
            "type": 5376,
            "name": "basic nose left"
          },
          {
            "x": 522.87,
            "y": 434.33,
            "type": 5632,
            "name": "basic nose right"
          }
        ],
        "user_points": null,
        "tags": [
          {
            "name": "5oclock shadow",
            "value": "no",
            "confidence": 0.16
          },
          {
            "name": "age",
            "value": "22",
            "confidence": 0.6
          },
          {
            "name": "arched eyebrows",
            "value": "no",
            "confidence": 0.39
          },
          {
            "name": "attractive",
            "value": "no",
            "confidence": 0.37
          },
          {
            "name": "bags under eyes",
            "value": "yes",
            "confidence": 0.05
          },
          {
            "name": "bald",
            "value": "yes",
            "confidence": 0.31
          },
          {
            "name": "bangs",
            "value": "no",
            "confidence": 0.92
          },
          {
            "name": "beard",
            "value": "no",
            "confidence": 0.17
          },
          {
            "name": "big lips",
            "value": "no",
            "confidence": 0.28
          },
          {
            "name": "big nose",
            "value": "yes",
            "confidence": 0.3
          },
          {
            "name": "black hair",
            "value": "no",
            "confidence": 0.29
          },
          {
            "name": "blond hair",
            "value": "no",
            "confidence": 1.0
          },
          {
            "name": "blurry",
            "value": "no",
            "confidence": 1.0
          },
          {
            "name": "brown hair",
            "value": "no",
            "confidence": 0.85
          },
          {
            "name": "bushy eyebrows",
            "value": "yes",
            "confidence": 0.08
          },
          {
            "name": "chubby",
            "value": "no",
            "confidence": 0.04
          },
          {
            "name": "double chin",
            "value": "no",
            "confidence": 0.28
          },
          {
            "name": "expression",
            "value": "neutral",
            "confidence": 0.78
          },
          {
            "name": "gender",
            "value": "male",
            "confidence": 0.77
          },
          {
            "name": "glasses",
            "value": "no",
            "confidence": 1.0
          },
          {
            "name": "goatee",
            "value": "no",
            "confidence": 0.55
          },
          {
            "name": "gray hair",
            "value": "no",
            "confidence": 0.18
          },
          {
            "name": "heavy makeup",
            "value": "no",
            "confidence": 1.0
          },
          {
            "name": "high cheekbones",
            "value": "no",
            "confidence": 0.85
          },
          {
            "name": "mouth open",
            "value": "no",
            "confidence": 0.99
          },
          {
            "name": "mustache",
            "value": "no",
            "confidence": 0.43
          },
          {
            "name": "narrow eyes",
            "value": "no",
            "confidence": 1.0
          },
          {
            "name": "oval face",
            "value": "yes",
            "confidence": 0.59
          },
          {
            "name": "pale skin",
            "value": "yes",
            "confidence": 0.0
          },
          {
            "name": "pitch",
            "value": "-9.24",
            "confidence": 1.0
          },
          {
            "name": "pointy nose",
            "value": "no",
            "confidence": 0.68
          },
          {
            "name": "race",
            "value": "white",
            "confidence": 1.0
          },
          {
            "name": "receding hairline",
            "value": "yes",
            "confidence": 0.68
          },
          {
            "name": "rosy cheeks",
            "value": "no",
            "confidence": 1.0
          },
          {
            "name": "sideburns",
            "value": "no",
            "confidence": 0.77
          },
          {
            "name": "straight hair",
            "value": "no",
            "confidence": 0.19
          },
          {
            "name": "wavy hair",
            "value": "no",
            "confidence": 1.0
          },
          {
            "name": "wearing earrings",
            "value": "no",
            "confidence": 0.49
          },
          {
            "name": "wearing hat",
            "value": "no",
            "confidence": 0.43
          },
          {
            "name": "wearing lipstick",
            "value": "no",
            "confidence": 0.94
          },
          {
            "name": "wearing necklace",
            "value": "no",
            "confidence": 1.0
          },
          {
            "name": "wearing necktie",
            "value": "yes",
            "confidence": 0.39
          },
          {
            "name": "yaw",
            "value": "5.17",
            "confidence": 1.0
          },
          {
            "name": "young",
            "value": "yes",
            "confidence": 0.17
          }
        ],
        "person_id": "",
        "appearance_id": 0,
        "start": "00:00:00",
        "duration": "00:00:00"
      }
    ],
    "tags": null,
    "original_filename": "https://raw.githubusercontent.com/sarkrui/Hairstyle60k/master/Dataset/Chonmage/IMG_20.jpg",
    "duration": "00:00:00"
  },
  "recognize": null
}