{
  "media": {
    "media_uuid": "fe43113f-efe3-42e0-84f8-6d1970a737a6",
    "checksum": "56cb2d323b439c66db2fda9c331e2796ed16098c4090613a0bc6489868f23ce1",
    "faces": [
      {
        "face_uuid": "405e594a-1535-11e9-99c4-0cc47a6c4dbd",
        "media_uuid": "fe43113f-efe3-42e0-84f8-6d1970a737a6",
        "x": 1141.09,
        "y": 1036.44,
        "width": 649.7,
        "height": 941.87,
        "angle": -3.5912,
        "detection_score": 1.0,
        "points": [
          {
            "x": 978.66,
            "y": 948.53,
            "type": 512,
            "name": "basic eye left"
          },
          {
            "x": 1308.76,
            "y": 969.24,
            "type": 768,
            "name": "basic eye right"
          },
          {
            "x": 905.84,
            "y": 945.04,
            "type": 1024,
            "name": "basic eye left outer"
          },
          {
            "x": 1377.78,
            "y": 974.31,
            "type": 1280,
            "name": "basic eye right outer"
          },
          {
            "x": 1050.51,
            "y": 959.7,
            "type": 1536,
            "name": "basic eye left inner"
          },
          {
            "x": 1240.5,
            "y": 971.83,
            "type": 1792,
            "name": "basic eye right inner"
          },
          {
            "x": 1019.19,
            "y": 1324.13,
            "type": 2048,
            "name": "basic mouth left"
          },
          {
            "x": 1247.25,
            "y": 1333.76,
            "type": 2304,
            "name": "basic mouth right"
          },
          {
            "x": 1157.4,
            "y": 1176.65,
            "type": 2560,
            "name": "basic nose tip"
          },
          {
            "x": 1135.03,
            "y": 1330.5,
            "type": 2816,
            "name": "basic mouth center"
          },
          {
            "x": 1135.03,
            "y": 1330.5,
            "type": 3072,
            "name": "basic eyebrow left"
          },
          {
            "x": 1135.03,
            "y": 1330.5,
            "type": 3328,
            "name": "basic eyebrow left inner corner"
          },
          {
            "x": 1135.03,
            "y": 1330.5,
            "type": 3584,
            "name": "basic eyebrow left outer corner"
          },
          {
            "x": 1135.03,
            "y": 1330.5,
            "type": 3840,
            "name": "basic eyebrow right"
          },
          {
            "x": 1135.03,
            "y": 1330.5,
            "type": 4096,
            "name": "basic eyebrow right inner corner"
          },
          {
            "x": 1135.03,
            "y": 1330.5,
            "type": 4352,
            "name": "basic eyebrow right outer corner"
          },
          {
            "x": 1135.03,
            "y": 1330.5,
            "type": 4608,
            "name": "basic chin bottom"
          },
          {
            "x": 1135.03,
            "y": 1330.5,
            "type": 4864,
            "name": "basic chin left"
          },
          {
            "x": 1135.03,
            "y": 1330.5,
            "type": 5120,
            "name": "basic chin right"
          },
          {
            "x": 1067.83,
            "y": 1185.78,
            "type": 5376,
            "name": "basic nose left"
          },
          {
            "x": 1225.24,
            "y": 1193.8,
            "type": 5632,
            "name": "basic nose right"
          }
        ],
        "user_points": null,
        "tags": [
          {
            "name": "5oclock shadow",
            "value": "yes",
            "confidence": 0.6
          },
          {
            "name": "age",
            "value": "35",
            "confidence": 0.6
          },
          {
            "name": "arched eyebrows",
            "value": "no",
            "confidence": 0.71
          },
          {
            "name": "attractive",
            "value": "no",
            "confidence": 0.47
          },
          {
            "name": "bags under eyes",
            "value": "no",
            "confidence": 0.71
          },
          {
            "name": "bald",
            "value": "no",
            "confidence": 0.33
          },
          {
            "name": "bangs",
            "value": "no",
            "confidence": 0.9
          },
          {
            "name": "beard",
            "value": "yes",
            "confidence": 1.0
          },
          {
            "name": "big lips",
            "value": "no",
            "confidence": 0.5
          },
          {
            "name": "big nose",
            "value": "no",
            "confidence": 0.04
          },
          {
            "name": "black hair",
            "value": "yes",
            "confidence": 0.34
          },
          {
            "name": "blond hair",
            "value": "no",
            "confidence": 0.96
          },
          {
            "name": "blurry",
            "value": "no",
            "confidence": 0.28
          },
          {
            "name": "brown hair",
            "value": "no",
            "confidence": 0.48
          },
          {
            "name": "bushy eyebrows",
            "value": "no",
            "confidence": 0.11
          },
          {
            "name": "chubby",
            "value": "no",
            "confidence": 0.21
          },
          {
            "name": "double chin",
            "value": "no",
            "confidence": 0.6
          },
          {
            "name": "expression",
            "value": "neutral",
            "confidence": 0.99
          },
          {
            "name": "gender",
            "value": "male",
            "confidence": 0.95
          },
          {
            "name": "glasses",
            "value": "no",
            "confidence": 1.0
          },
          {
            "name": "goatee",
            "value": "yes",
            "confidence": 0.96
          },
          {
            "name": "gray hair",
            "value": "no",
            "confidence": 0.83
          },
          {
            "name": "heavy makeup",
            "value": "no",
            "confidence": 1.0
          },
          {
            "name": "high cheekbones",
            "value": "no",
            "confidence": 1.0
          },
          {
            "name": "mouth open",
            "value": "no",
            "confidence": 0.9
          },
          {
            "name": "mustache",
            "value": "yes",
            "confidence": 0.78
          },
          {
            "name": "narrow eyes",
            "value": "no",
            "confidence": 1.0
          },
          {
            "name": "oval face",
            "value": "yes",
            "confidence": 0.21
          },
          {
            "name": "pale skin",
            "value": "no",
            "confidence": 0.73
          },
          {
            "name": "pitch",
            "value": "-7.68",
            "confidence": 1.0
          },
          {
            "name": "pointy nose",
            "value": "no",
            "confidence": 0.24
          },
          {
            "name": "race",
            "value": "white",
            "confidence": 1.0
          },
          {
            "name": "receding hairline",
            "value": "no",
            "confidence": 0.03
          },
          {
            "name": "rosy cheeks",
            "value": "no",
            "confidence": 0.87
          },
          {
            "name": "sideburns",
            "value": "yes",
            "confidence": 0.85
          },
          {
            "name": "straight hair",
            "value": "no",
            "confidence": 0.2
          },
          {
            "name": "wavy hair",
            "value": "no",
            "confidence": 0.31
          },
          {
            "name": "wearing earrings",
            "value": "no",
            "confidence": 0.78
          },
          {
            "name": "wearing hat",
            "value": "no",
            "confidence": 1.0
          },
          {
            "name": "wearing lipstick",
            "value": "no",
            "confidence": 0.99
          },
          {
            "name": "wearing necklace",
            "value": "no",
            "confidence": 0.77
          },
          {
            "name": "wearing necktie",
            "value": "no",
            "confidence": 0.18
          },
          {
            "name": "yaw",
            "value": "0.62",
            "confidence": 1.0
          },
          {
            "name": "young",
            "value": "no",
            "confidence": 0.03
          }
        ],
        "person_id": "",
        "appearance_id": 0,
        "start": "00:00:00",
        "duration": "00:00:00"
      }
    ],
    "tags": null,
    "original_filename": "https://raw.githubusercontent.com/sarkrui/Hairstyle60k/master/Dataset/Chonmage/IMG_7.jpg",
    "duration": "00:00:00"
  },
  "recognize": null
}