{
  "media": {
    "media_uuid": "3ca2b72f-b373-4a39-ab4d-21d495bad385",
    "checksum": "c9f98e0dd7116699c38b1f787f87cbed68f3609017012ee7f59eeeb5ce4a5347",
    "faces": [
      {
        "face_uuid": "4bdaed33-1535-11e9-99c4-0cc47a6c4dbd",
        "media_uuid": "3ca2b72f-b373-4a39-ab4d-21d495bad385",
        "x": 152.5,
        "y": 62.5,
        "width": 50.47,
        "height": 71.42,
        "angle": 1.571,
        "detection_score": 1.0,
        "points": [
          {
            "x": 136.0,
            "y": 55.69,
            "type": 512,
            "name": "basic eye left"
          },
          {
            "x": 159.65,
            "y": 55.04,
            "type": 768,
            "name": "basic eye right"
          },
          {
            "x": 131.1,
            "y": 55.85,
            "type": 1024,
            "name": "basic eye left outer"
          },
          {
            "x": 165.31,
            "y": 54.98,
            "type": 1280,
            "name": "basic eye right outer"
          },
          {
            "x": 140.84,
            "y": 55.58,
            "type": 1536,
            "name": "basic eye left inner"
          },
          {
            "x": 154.01,
            "y": 55.18,
            "type": 1792,
            "name": "basic eye right inner"
          },
          {
            "x": 138.96,
            "y": 82.12,
            "type": 2048,
            "name": "basic mouth left"
          },
          {
            "x": 158.4,
            "y": 81.91,
            "type": 2304,
            "name": "basic mouth right"
          },
          {
            "x": 143.99,
            "y": 71.77,
            "type": 2560,
            "name": "basic nose tip"
          },
          {
            "x": 148.31,
            "y": 82.23,
            "type": 2816,
            "name": "basic mouth center"
          },
          {
            "x": 148.31,
            "y": 82.23,
            "type": 3072,
            "name": "basic eyebrow left"
          },
          {
            "x": 148.31,
            "y": 82.23,
            "type": 3328,
            "name": "basic eyebrow left inner corner"
          },
          {
            "x": 148.31,
            "y": 82.23,
            "type": 3584,
            "name": "basic eyebrow left outer corner"
          },
          {
            "x": 148.31,
            "y": 82.23,
            "type": 3840,
            "name": "basic eyebrow right"
          },
          {
            "x": 148.31,
            "y": 82.23,
            "type": 4096,
            "name": "basic eyebrow right inner corner"
          },
          {
            "x": 148.31,
            "y": 82.23,
            "type": 4352,
            "name": "basic eyebrow right outer corner"
          },
          {
            "x": 148.31,
            "y": 82.23,
            "type": 4608,
            "name": "basic chin bottom"
          },
          {
            "x": 148.31,
            "y": 82.23,
            "type": 4864,
            "name": "basic chin left"
          },
          {
            "x": 148.31,
            "y": 82.23,
            "type": 5120,
            "name": "basic chin right"
          },
          {
            "x": 139.63,
            "y": 71.43,
            "type": 5376,
            "name": "basic nose left"
          },
          {
            "x": 152.63,
            "y": 71.23,
            "type": 5632,
            "name": "basic nose right"
          }
        ],
        "user_points": null,
        "tags": [
          {
            "name": "5oclock shadow",
            "value": "no",
            "confidence": 0.39
          },
          {
            "name": "age",
            "value": "43",
            "confidence": 0.6
          },
          {
            "name": "arched eyebrows",
            "value": "no",
            "confidence": 0.68
          },
          {
            "name": "attractive",
            "value": "no",
            "confidence": 0.87
          },
          {
            "name": "bags under eyes",
            "value": "yes",
            "confidence": 0.55
          },
          {
            "name": "bald",
            "value": "yes",
            "confidence": 0.48
          },
          {
            "name": "bangs",
            "value": "no",
            "confidence": 0.71
          },
          {
            "name": "beard",
            "value": "no",
            "confidence": 0.29
          },
          {
            "name": "big lips",
            "value": "no",
            "confidence": 0.57
          },
          {
            "name": "big nose",
            "value": "yes",
            "confidence": 0.45
          },
          {
            "name": "black hair",
            "value": "no",
            "confidence": 0.86
          },
          {
            "name": "blond hair",
            "value": "no",
            "confidence": 0.59
          },
          {
            "name": "blurry",
            "value": "no",
            "confidence": 0.62
          },
          {
            "name": "brown hair",
            "value": "no",
            "confidence": 0.83
          },
          {
            "name": "bushy eyebrows",
            "value": "no",
            "confidence": 0.27
          },
          {
            "name": "chubby",
            "value": "yes",
            "confidence": 0.18
          },
          {
            "name": "double chin",
            "value": "yes",
            "confidence": 0.01
          },
          {
            "name": "expression",
            "value": "neutral",
            "confidence": 1.0
          },
          {
            "name": "gender",
            "value": "male",
            "confidence": 1.0
          },
          {
            "name": "glasses",
            "value": "no",
            "confidence": 1.0
          },
          {
            "name": "goatee",
            "value": "no",
            "confidence": 0.54
          },
          {
            "name": "gray hair",
            "value": "yes",
            "confidence": 0.47
          },
          {
            "name": "heavy makeup",
            "value": "no",
            "confidence": 0.97
          },
          {
            "name": "high cheekbones",
            "value": "no",
            "confidence": 0.71
          },
          {
            "name": "mouth open",
            "value": "no",
            "confidence": 0.86
          },
          {
            "name": "mustache",
            "value": "no",
            "confidence": 0.35
          },
          {
            "name": "narrow eyes",
            "value": "no",
            "confidence": 0.38
          },
          {
            "name": "oval face",
            "value": "yes",
            "confidence": 0.12
          },
          {
            "name": "pale skin",
            "value": "no",
            "confidence": 0.04
          },
          {
            "name": "pitch",
            "value": "-9.02",
            "confidence": 1.0
          },
          {
            "name": "pointy nose",
            "value": "no",
            "confidence": 0.67
          },
          {
            "name": "race",
            "value": "asian",
            "confidence": 0.6
          },
          {
            "name": "receding hairline",
            "value": "yes",
            "confidence": 0.69
          },
          {
            "name": "rosy cheeks",
            "value": "no",
            "confidence": 1.0
          },
          {
            "name": "sideburns",
            "value": "no",
            "confidence": 0.67
          },
          {
            "name": "straight hair",
            "value": "no",
            "confidence": 0.19
          },
          {
            "name": "wavy hair",
            "value": "no",
            "confidence": 1.0
          },
          {
            "name": "wearing earrings",
            "value": "no",
            "confidence": 0.82
          },
          {
            "name": "wearing hat",
            "value": "no",
            "confidence": 0.66
          },
          {
            "name": "wearing lipstick",
            "value": "no",
            "confidence": 1.0
          },
          {
            "name": "wearing necklace",
            "value": "no",
            "confidence": 1.0
          },
          {
            "name": "wearing necktie",
            "value": "yes",
            "confidence": 0.41
          },
          {
            "name": "yaw",
            "value": "17.84",
            "confidence": 1.0
          },
          {
            "name": "young",
            "value": "no",
            "confidence": 0.37
          }
        ],
        "person_id": "",
        "appearance_id": 0,
        "start": "00:00:00",
        "duration": "00:00:00"
      }
    ],
    "tags": null,
    "original_filename": "https://raw.githubusercontent.com/sarkrui/Hairstyle60k/master/Dataset/Chonmage/IMG_16.jpg",
    "duration": "00:00:00"
  },
  "recognize": null
}