{
  "media": {
    "media_uuid": "d00e77c5-ee3d-446c-a24f-4a0eb61a2e88",
    "checksum": "1355f0508f04835b095339c6ec8717cfbc46064d0ade28dfb696d416e3c6999f",
    "faces": [
      {
        "face_uuid": "5ecc493c-1535-11e9-99c4-0cc47a6c4dbd",
        "media_uuid": "d00e77c5-ee3d-446c-a24f-4a0eb61a2e88",
        "x": 454.66,
        "y": 487.14,
        "width": 409.82,
        "height": 537.12,
        "angle": 3.5855,
        "detection_score": 1.0,
        "points": [
          {
            "x": 315.28,
            "y": 453.7,
            "type": 512,
            "name": "basic eye left"
          },
          {
            "x": 518.05,
            "y": 441.0,
            "type": 768,
            "name": "basic eye right"
          },
          {
            "x": 274.2,
            "y": 457.05,
            "type": 1024,
            "name": "basic eye left outer"
          },
          {
            "x": 560.72,
            "y": 439.15,
            "type": 1280,
            "name": "basic eye right outer"
          },
          {
            "x": 356.18,
            "y": 454.92,
            "type": 1536,
            "name": "basic eye left inner"
          },
          {
            "x": 476.08,
            "y": 447.38,
            "type": 1792,
            "name": "basic eye right inner"
          },
          {
            "x": 346.26,
            "y": 642.06,
            "type": 2048,
            "name": "basic mouth left"
          },
          {
            "x": 527.13,
            "y": 625.7,
            "type": 2304,
            "name": "basic mouth right"
          },
          {
            "x": 414.59,
            "y": 559.05,
            "type": 2560,
            "name": "basic nose tip"
          },
          {
            "x": 435.59,
            "y": 638.41,
            "type": 2816,
            "name": "basic mouth center"
          },
          {
            "x": 435.59,
            "y": 638.41,
            "type": 3072,
            "name": "basic eyebrow left"
          },
          {
            "x": 435.59,
            "y": 638.41,
            "type": 3328,
            "name": "basic eyebrow left inner corner"
          },
          {
            "x": 435.59,
            "y": 638.41,
            "type": 3584,
            "name": "basic eyebrow left outer corner"
          },
          {
            "x": 435.59,
            "y": 638.41,
            "type": 3840,
            "name": "basic eyebrow right"
          },
          {
            "x": 435.59,
            "y": 638.41,
            "type": 4096,
            "name": "basic eyebrow right inner corner"
          },
          {
            "x": 435.59,
            "y": 638.41,
            "type": 4352,
            "name": "basic eyebrow right outer corner"
          },
          {
            "x": 435.59,
            "y": 638.41,
            "type": 4608,
            "name": "basic chin bottom"
          },
          {
            "x": 435.59,
            "y": 638.41,
            "type": 4864,
            "name": "basic chin left"
          },
          {
            "x": 435.59,
            "y": 638.41,
            "type": 5120,
            "name": "basic chin right"
          },
          {
            "x": 366.69,
            "y": 573.36,
            "type": 5376,
            "name": "basic nose left"
          },
          {
            "x": 474.8,
            "y": 565.64,
            "type": 5632,
            "name": "basic nose right"
          }
        ],
        "user_points": null,
        "tags": [
          {
            "name": "5oclock shadow",
            "value": "no",
            "confidence": 0.14
          },
          {
            "name": "age",
            "value": "30",
            "confidence": 0.6
          },
          {
            "name": "arched eyebrows",
            "value": "no",
            "confidence": 0.5
          },
          {
            "name": "attractive",
            "value": "no",
            "confidence": 0.96
          },
          {
            "name": "bags under eyes",
            "value": "no",
            "confidence": 0.33
          },
          {
            "name": "bald",
            "value": "no",
            "confidence": 0.15
          },
          {
            "name": "bangs",
            "value": "no",
            "confidence": 0.85
          },
          {
            "name": "beard",
            "value": "yes",
            "confidence": 0.01
          },
          {
            "name": "big lips",
            "value": "yes",
            "confidence": 0.08
          },
          {
            "name": "big nose",
            "value": "yes",
            "confidence": 0.97
          },
          {
            "name": "black hair",
            "value": "yes",
            "confidence": 0.52
          },
          {
            "name": "blond hair",
            "value": "no",
            "confidence": 1.0
          },
          {
            "name": "blurry",
            "value": "no",
            "confidence": 0.29
          },
          {
            "name": "brown hair",
            "value": "no",
            "confidence": 0.6
          },
          {
            "name": "bushy eyebrows",
            "value": "yes",
            "confidence": 0.12
          },
          {
            "name": "chubby",
            "value": "yes",
            "confidence": 0.9
          },
          {
            "name": "double chin",
            "value": "yes",
            "confidence": 0.84
          },
          {
            "name": "expression",
            "value": "smile",
            "confidence": 0.83
          },
          {
            "name": "gender",
            "value": "male",
            "confidence": 0.89
          },
          {
            "name": "glasses",
            "value": "yes",
            "confidence": 1.0
          },
          {
            "name": "goatee",
            "value": "no",
            "confidence": 0.24
          },
          {
            "name": "gray hair",
            "value": "no",
            "confidence": 0.36
          },
          {
            "name": "heavy makeup",
            "value": "no",
            "confidence": 0.86
          },
          {
            "name": "high cheekbones",
            "value": "yes",
            "confidence": 0.38
          },
          {
            "name": "mouth open",
            "value": "no",
            "confidence": 0.42
          },
          {
            "name": "mustache",
            "value": "yes",
            "confidence": 0.18
          },
          {
            "name": "narrow eyes",
            "value": "no",
            "confidence": 0.47
          },
          {
            "name": "oval face",
            "value": "yes",
            "confidence": 0.17
          },
          {
            "name": "pale skin",
            "value": "no",
            "confidence": 0.61
          },
          {
            "name": "pitch",
            "value": "-7.89",
            "confidence": 1.0
          },
          {
            "name": "pointy nose",
            "value": "no",
            "confidence": 0.99
          },
          {
            "name": "race",
            "value": "indian",
            "confidence": 0.89
          },
          {
            "name": "receding hairline",
            "value": "no",
            "confidence": 0.07
          },
          {
            "name": "rosy cheeks",
            "value": "no",
            "confidence": 0.87
          },
          {
            "name": "sideburns",
            "value": "no",
            "confidence": 0.46
          },
          {
            "name": "straight hair",
            "value": "yes",
            "confidence": 0.07
          },
          {
            "name": "wavy hair",
            "value": "no",
            "confidence": 0.51
          },
          {
            "name": "wearing earrings",
            "value": "no",
            "confidence": 0.59
          },
          {
            "name": "wearing hat",
            "value": "no",
            "confidence": 0.32
          },
          {
            "name": "wearing lipstick",
            "value": "no",
            "confidence": 0.83
          },
          {
            "name": "wearing necklace",
            "value": "no",
            "confidence": 0.52
          },
          {
            "name": "wearing necktie",
            "value": "yes",
            "confidence": 0.28
          },
          {
            "name": "yaw",
            "value": "-6.12",
            "confidence": 1.0
          },
          {
            "name": "young",
            "value": "no",
            "confidence": 0.5
          }
        ],
        "person_id": "",
        "appearance_id": 0,
        "start": "00:00:00",
        "duration": "00:00:00"
      }
    ],
    "tags": null,
    "original_filename": "https://raw.githubusercontent.com/sarkrui/Hairstyle60k/master/Dataset/Comb_Over/IMG_7.jpg",
    "duration": "00:00:00"
  },
  "recognize": null
}