{
  "media": {
    "media_uuid": "a11ee1e7-e981-4604-93b1-d499892c0def",
    "checksum": "67caa4f3d8a67fc708fe4d918ba209a65e9b4016aeb9716b9cb3789d0c2f884c",
    "faces": [
      {
        "face_uuid": "6b3fc40e-1535-11e9-99c4-0cc47a6c4dbd",
        "media_uuid": "a11ee1e7-e981-4604-93b1-d499892c0def",
        "x": 884.96,
        "y": 1047.23,
        "width": 584.54,
        "height": 763.84,
        "angle": -3.4497,
        "detection_score": 1.0,
        "points": [
          {
            "x": 750.9,
            "y": 938.13,
            "type": 512,
            "name": "basic eye left"
          },
          {
            "x": 1022.97,
            "y": 954.53,
            "type": 768,
            "name": "basic eye right"
          },
          {
            "x": 689.69,
            "y": 934.25,
            "type": 1024,
            "name": "basic eye left outer"
          },
          {
            "x": 1083.03,
            "y": 957.81,
            "type": 1280,
            "name": "basic eye right outer"
          },
          {
            "x": 811.5,
            "y": 944.25,
            "type": 1536,
            "name": "basic eye left inner"
          },
          {
            "x": 963.35,
            "y": 953.54,
            "type": 1792,
            "name": "basic eye right inner"
          },
          {
            "x": 767.48,
            "y": 1245.29,
            "type": 2048,
            "name": "basic mouth left"
          },
          {
            "x": 977.81,
            "y": 1256.85,
            "type": 2304,
            "name": "basic mouth right"
          },
          {
            "x": 882.44,
            "y": 1145.49,
            "type": 2560,
            "name": "basic nose tip"
          },
          {
            "x": 872.84,
            "y": 1253.95,
            "type": 2816,
            "name": "basic mouth center"
          },
          {
            "x": 872.84,
            "y": 1253.95,
            "type": 3072,
            "name": "basic eyebrow left"
          },
          {
            "x": 872.84,
            "y": 1253.95,
            "type": 3328,
            "name": "basic eyebrow left inner corner"
          },
          {
            "x": 872.84,
            "y": 1253.95,
            "type": 3584,
            "name": "basic eyebrow left outer corner"
          },
          {
            "x": 872.84,
            "y": 1253.95,
            "type": 3840,
            "name": "basic eyebrow right"
          },
          {
            "x": 872.84,
            "y": 1253.95,
            "type": 4096,
            "name": "basic eyebrow right inner corner"
          },
          {
            "x": 872.84,
            "y": 1253.95,
            "type": 4352,
            "name": "basic eyebrow right outer corner"
          },
          {
            "x": 872.84,
            "y": 1253.95,
            "type": 4608,
            "name": "basic chin bottom"
          },
          {
            "x": 872.84,
            "y": 1253.95,
            "type": 4864,
            "name": "basic chin left"
          },
          {
            "x": 872.84,
            "y": 1253.95,
            "type": 5120,
            "name": "basic chin right"
          },
          {
            "x": 807.19,
            "y": 1128.22,
            "type": 5376,
            "name": "basic nose left"
          },
          {
            "x": 953.1,
            "y": 1136.36,
            "type": 5632,
            "name": "basic nose right"
          }
        ],
        "user_points": null,
        "tags": [
          {
            "name": "5oclock shadow",
            "value": "no",
            "confidence": 0.24
          },
          {
            "name": "age",
            "value": "39",
            "confidence": 0.6
          },
          {
            "name": "arched eyebrows",
            "value": "no",
            "confidence": 1.0
          },
          {
            "name": "attractive",
            "value": "no",
            "confidence": 0.94
          },
          {
            "name": "bags under eyes",
            "value": "yes",
            "confidence": 0.83
          },
          {
            "name": "bald",
            "value": "no",
            "confidence": 0.08
          },
          {
            "name": "bangs",
            "value": "no",
            "confidence": 0.16
          },
          {
            "name": "beard",
            "value": "no",
            "confidence": 0.39
          },
          {
            "name": "big lips",
            "value": "no",
            "confidence": 0.79
          },
          {
            "name": "big nose",
            "value": "yes",
            "confidence": 0.52
          },
          {
            "name": "black hair",
            "value": "no",
            "confidence": 1.0
          },
          {
            "name": "blond hair",
            "value": "yes",
            "confidence": 0.33
          },
          {
            "name": "blurry",
            "value": "no",
            "confidence": 0.35
          },
          {
            "name": "brown hair",
            "value": "no",
            "confidence": 0.88
          },
          {
            "name": "bushy eyebrows",
            "value": "no",
            "confidence": 0.85
          },
          {
            "name": "chubby",
            "value": "yes",
            "confidence": 0.13
          },
          {
            "name": "double chin",
            "value": "yes",
            "confidence": 0.15
          },
          {
            "name": "expression",
            "value": "neutral",
            "confidence": 0.95
          },
          {
            "name": "gender",
            "value": "male",
            "confidence": 0.95
          },
          {
            "name": "glasses",
            "value": "no",
            "confidence": 1.0
          },
          {
            "name": "goatee",
            "value": "no",
            "confidence": 0.77
          },
          {
            "name": "gray hair",
            "value": "yes",
            "confidence": 0.82
          },
          {
            "name": "heavy makeup",
            "value": "no",
            "confidence": 0.96
          },
          {
            "name": "high cheekbones",
            "value": "no",
            "confidence": 0.72
          },
          {
            "name": "mouth open",
            "value": "no",
            "confidence": 1.0
          },
          {
            "name": "mustache",
            "value": "no",
            "confidence": 0.5
          },
          {
            "name": "narrow eyes",
            "value": "yes",
            "confidence": 0.09
          },
          {
            "name": "oval face",
            "value": "no",
            "confidence": 0.42
          },
          {
            "name": "pale skin",
            "value": "no",
            "confidence": 0.13
          },
          {
            "name": "pitch",
            "value": "-9.54",
            "confidence": 1.0
          },
          {
            "name": "pointy nose",
            "value": "no",
            "confidence": 0.57
          },
          {
            "name": "race",
            "value": "white",
            "confidence": 1.0
          },
          {
            "name": "receding hairline",
            "value": "no",
            "confidence": 0.17
          },
          {
            "name": "rosy cheeks",
            "value": "no",
            "confidence": 0.95
          },
          {
            "name": "sideburns",
            "value": "no",
            "confidence": 0.71
          },
          {
            "name": "straight hair",
            "value": "no",
            "confidence": 0.35
          },
          {
            "name": "wavy hair",
            "value": "no",
            "confidence": 0.27
          },
          {
            "name": "wearing earrings",
            "value": "no",
            "confidence": 0.86
          },
          {
            "name": "wearing hat",
            "value": "no",
            "confidence": 0.32
          },
          {
            "name": "wearing lipstick",
            "value": "no",
            "confidence": 0.98
          },
          {
            "name": "wearing necklace",
            "value": "no",
            "confidence": 0.76
          },
          {
            "name": "wearing necktie",
            "value": "yes",
            "confidence": 0.24
          },
          {
            "name": "yaw",
            "value": "-4.27",
            "confidence": 1.0
          },
          {
            "name": "young",
            "value": "no",
            "confidence": 0.88
          }
        ],
        "person_id": "",
        "appearance_id": 0,
        "start": "00:00:00",
        "duration": "00:00:00"
      }
    ],
    "tags": null,
    "original_filename": "https://raw.githubusercontent.com/sarkrui/Hairstyle60k/master/Dataset/Comb_Over/IMG_18.jpg",
    "duration": "00:00:00"
  },
  "recognize": null
}