{
  "media": {
    "media_uuid": "d8effcac-3838-42f5-b403-092a1d71b3ad",
    "checksum": "e36cb6d31ccb8e59625ba15ac5f467ba27d598a89a94edf3ce75a536a6b09c64",
    "faces": [
      {
        "face_uuid": "67706a60-1535-11e9-99c4-0cc47a6c4dbd",
        "media_uuid": "d8effcac-3838-42f5-b403-092a1d71b3ad",
        "x": 283.1,
        "y": 438.37,
        "width": 346.77,
        "height": 454.26,
        "angle": -8.3573,
        "detection_score": 1.0,
        "points": [
          {
            "x": 162.37,
            "y": 382.61,
            "type": 512,
            "name": "basic eye left"
          },
          {
            "x": 324.4,
            "y": 406.41,
            "type": 768,
            "name": "basic eye right"
          },
          {
            "x": 129.81,
            "y": 378.21,
            "type": 1024,
            "name": "basic eye left outer"
          },
          {
            "x": 360.79,
            "y": 412.73,
            "type": 1280,
            "name": "basic eye right outer"
          },
          {
            "x": 194.1,
            "y": 389.97,
            "type": 1536,
            "name": "basic eye left inner"
          },
          {
            "x": 287.8,
            "y": 403.38,
            "type": 1792,
            "name": "basic eye right inner"
          },
          {
            "x": 148.45,
            "y": 562.02,
            "type": 2048,
            "name": "basic mouth left"
          },
          {
            "x": 279.86,
            "y": 585.13,
            "type": 2304,
            "name": "basic mouth right"
          },
          {
            "x": 204.41,
            "y": 500.75,
            "type": 2560,
            "name": "basic nose tip"
          },
          {
            "x": 212.01,
            "y": 575.89,
            "type": 2816,
            "name": "basic mouth center"
          },
          {
            "x": 212.01,
            "y": 575.89,
            "type": 3072,
            "name": "basic eyebrow left"
          },
          {
            "x": 212.01,
            "y": 575.89,
            "type": 3328,
            "name": "basic eyebrow left inner corner"
          },
          {
            "x": 212.01,
            "y": 575.89,
            "type": 3584,
            "name": "basic eyebrow left outer corner"
          },
          {
            "x": 212.01,
            "y": 575.89,
            "type": 3840,
            "name": "basic eyebrow right"
          },
          {
            "x": 212.01,
            "y": 575.89,
            "type": 4096,
            "name": "basic eyebrow right inner corner"
          },
          {
            "x": 212.01,
            "y": 575.89,
            "type": 4352,
            "name": "basic eyebrow right outer corner"
          },
          {
            "x": 212.01,
            "y": 575.89,
            "type": 4608,
            "name": "basic chin bottom"
          },
          {
            "x": 212.01,
            "y": 575.89,
            "type": 4864,
            "name": "basic chin left"
          },
          {
            "x": 212.01,
            "y": 575.89,
            "type": 5120,
            "name": "basic chin right"
          },
          {
            "x": 172.13,
            "y": 502.12,
            "type": 5376,
            "name": "basic nose left"
          },
          {
            "x": 255.0,
            "y": 516.41,
            "type": 5632,
            "name": "basic nose right"
          }
        ],
        "user_points": null,
        "tags": [
          {
            "name": "5oclock shadow",
            "value": "no",
            "confidence": 0.7
          },
          {
            "name": "age",
            "value": "27",
            "confidence": 0.6
          },
          {
            "name": "arched eyebrows",
            "value": "no",
            "confidence": 0.72
          },
          {
            "name": "attractive",
            "value": "yes",
            "confidence": 0.11
          },
          {
            "name": "bags under eyes",
            "value": "no",
            "confidence": 0.87
          },
          {
            "name": "bald",
            "value": "no",
            "confidence": 0.74
          },
          {
            "name": "bangs",
            "value": "no",
            "confidence": 0.4
          },
          {
            "name": "beard",
            "value": "no",
            "confidence": 1.0
          },
          {
            "name": "big lips",
            "value": "no",
            "confidence": 0.26
          },
          {
            "name": "big nose",
            "value": "no",
            "confidence": 0.58
          },
          {
            "name": "black hair",
            "value": "no",
            "confidence": 0.55
          },
          {
            "name": "blond hair",
            "value": "no",
            "confidence": 0.35
          },
          {
            "name": "blurry",
            "value": "no",
            "confidence": 0.99
          },
          {
            "name": "brown hair",
            "value": "no",
            "confidence": 0.18
          },
          {
            "name": "bushy eyebrows",
            "value": "no",
            "confidence": 0.28
          },
          {
            "name": "chubby",
            "value": "no",
            "confidence": 0.96
          },
          {
            "name": "double chin",
            "value": "no",
            "confidence": 0.87
          },
          {
            "name": "expression",
            "value": "neutral",
            "confidence": 0.85
          },
          {
            "name": "gender",
            "value": "male",
            "confidence": 0.07
          },
          {
            "name": "glasses",
            "value": "no",
            "confidence": 1.0
          },
          {
            "name": "goatee",
            "value": "no",
            "confidence": 1.0
          },
          {
            "name": "gray hair",
            "value": "no",
            "confidence": 0.52
          },
          {
            "name": "heavy makeup",
            "value": "no",
            "confidence": 0.5
          },
          {
            "name": "high cheekbones",
            "value": "no",
            "confidence": 0.83
          },
          {
            "name": "mouth open",
            "value": "no",
            "confidence": 0.88
          },
          {
            "name": "mustache",
            "value": "no",
            "confidence": 1.0
          },
          {
            "name": "narrow eyes",
            "value": "no",
            "confidence": 1.0
          },
          {
            "name": "oval face",
            "value": "no",
            "confidence": 0.1
          },
          {
            "name": "pale skin",
            "value": "yes",
            "confidence": 0.69
          },
          {
            "name": "pitch",
            "value": "-6.09",
            "confidence": 1.0
          },
          {
            "name": "pointy nose",
            "value": "yes",
            "confidence": 0.17
          },
          {
            "name": "race",
            "value": "white",
            "confidence": 0.53
          },
          {
            "name": "receding hairline",
            "value": "no",
            "confidence": 0.41
          },
          {
            "name": "rosy cheeks",
            "value": "no",
            "confidence": 0.91
          },
          {
            "name": "sideburns",
            "value": "no",
            "confidence": 1.0
          },
          {
            "name": "straight hair",
            "value": "yes",
            "confidence": 0.34
          },
          {
            "name": "wavy hair",
            "value": "no",
            "confidence": 0.79
          },
          {
            "name": "wearing earrings",
            "value": "no",
            "confidence": 0.37
          },
          {
            "name": "wearing hat",
            "value": "no",
            "confidence": 0.59
          },
          {
            "name": "wearing lipstick",
            "value": "no",
            "confidence": 0.32
          },
          {
            "name": "wearing necklace",
            "value": "no",
            "confidence": 0.72
          },
          {
            "name": "wearing necktie",
            "value": "no",
            "confidence": 0.33
          },
          {
            "name": "yaw",
            "value": "41.87",
            "confidence": 1.0
          },
          {
            "name": "young",
            "value": "yes",
            "confidence": 0.42
          }
        ],
        "person_id": "",
        "appearance_id": 0,
        "start": "00:00:00",
        "duration": "00:00:00"
      }
    ],
    "tags": null,
    "original_filename": "https://raw.githubusercontent.com/sarkrui/Hairstyle60k/master/Dataset/Comb_Over/IMG_15.jpg",
    "duration": "00:00:00"
  },
  "recognize": null
}