{
  "media": {
    "media_uuid": "85718fd7-c7aa-4188-af56-1715553ac8d9",
    "checksum": "9b466959e8ab0918bcd503b3fd93e3a24af0922d7e46cce4a8b7f07b0616e043",
    "faces": [
      {
        "face_uuid": "5dafc9d8-1535-11e9-99c4-0cc47a6c4dbd",
        "media_uuid": "85718fd7-c7aa-4188-af56-1715553ac8d9",
        "x": 348.75,
        "y": 418.12,
        "width": 249.39,
        "height": 352.71,
        "angle": 5.9132,
        "detection_score": 1.0,
        "points": [
          {
            "x": 270.72,
            "y": 372.21,
            "type": 512,
            "name": "basic eye left"
          },
          {
            "x": 392.41,
            "y": 359.61,
            "type": 768,
            "name": "basic eye right"
          },
          {
            "x": 245.36,
            "y": 375.9,
            "type": 1024,
            "name": "basic eye left outer"
          },
          {
            "x": 419.53,
            "y": 358.07,
            "type": 1280,
            "name": "basic eye right outer"
          },
          {
            "x": 295.85,
            "y": 370.21,
            "type": 1536,
            "name": "basic eye left inner"
          },
          {
            "x": 366.13,
            "y": 362.85,
            "type": 1792,
            "name": "basic eye right inner"
          },
          {
            "x": 297.66,
            "y": 502.92,
            "type": 2048,
            "name": "basic mouth left"
          },
          {
            "x": 386.03,
            "y": 495.37,
            "type": 2304,
            "name": "basic mouth right"
          },
          {
            "x": 329.88,
            "y": 433.55,
            "type": 2560,
            "name": "basic nose tip"
          },
          {
            "x": 341.15,
            "y": 498.88,
            "type": 2816,
            "name": "basic mouth center"
          },
          {
            "x": 341.15,
            "y": 498.88,
            "type": 3072,
            "name": "basic eyebrow left"
          },
          {
            "x": 341.15,
            "y": 498.88,
            "type": 3328,
            "name": "basic eyebrow left inner corner"
          },
          {
            "x": 341.15,
            "y": 498.88,
            "type": 3584,
            "name": "basic eyebrow left outer corner"
          },
          {
            "x": 341.15,
            "y": 498.88,
            "type": 3840,
            "name": "basic eyebrow right"
          },
          {
            "x": 341.15,
            "y": 498.88,
            "type": 4096,
            "name": "basic eyebrow right inner corner"
          },
          {
            "x": 341.15,
            "y": 498.88,
            "type": 4352,
            "name": "basic eyebrow right outer corner"
          },
          {
            "x": 341.15,
            "y": 498.88,
            "type": 4608,
            "name": "basic chin bottom"
          },
          {
            "x": 341.15,
            "y": 498.88,
            "type": 4864,
            "name": "basic chin left"
          },
          {
            "x": 341.15,
            "y": 498.88,
            "type": 5120,
            "name": "basic chin right"
          },
          {
            "x": 303.39,
            "y": 442.76,
            "type": 5376,
            "name": "basic nose left"
          },
          {
            "x": 365.02,
            "y": 437.2,
            "type": 5632,
            "name": "basic nose right"
          }
        ],
        "user_points": null,
        "tags": [
          {
            "name": "5oclock shadow",
            "value": "no",
            "confidence": 0.44
          },
          {
            "name": "age",
            "value": "52",
            "confidence": 0.6
          },
          {
            "name": "arched eyebrows",
            "value": "no",
            "confidence": 0.88
          },
          {
            "name": "attractive",
            "value": "no",
            "confidence": 1.0
          },
          {
            "name": "bags under eyes",
            "value": "yes",
            "confidence": 0.44
          },
          {
            "name": "bald",
            "value": "yes",
            "confidence": 0.61
          },
          {
            "name": "bangs",
            "value": "no",
            "confidence": 0.86
          },
          {
            "name": "beard",
            "value": "no",
            "confidence": 0.02
          },
          {
            "name": "big lips",
            "value": "no",
            "confidence": 0.4
          },
          {
            "name": "big nose",
            "value": "yes",
            "confidence": 0.47
          },
          {
            "name": "black hair",
            "value": "no",
            "confidence": 1.0
          },
          {
            "name": "blond hair",
            "value": "no",
            "confidence": 0.1
          },
          {
            "name": "blurry",
            "value": "no",
            "confidence": 0.5
          },
          {
            "name": "brown hair",
            "value": "no",
            "confidence": 0.84
          },
          {
            "name": "bushy eyebrows",
            "value": "no",
            "confidence": 0.7
          },
          {
            "name": "chubby",
            "value": "yes",
            "confidence": 0.53
          },
          {
            "name": "double chin",
            "value": "yes",
            "confidence": 0.34
          },
          {
            "name": "expression",
            "value": "neutral",
            "confidence": 1.0
          },
          {
            "name": "gender",
            "value": "male",
            "confidence": 0.94
          },
          {
            "name": "glasses",
            "value": "no",
            "confidence": 1.0
          },
          {
            "name": "goatee",
            "value": "no",
            "confidence": 0.21
          },
          {
            "name": "gray hair",
            "value": "yes",
            "confidence": 0.85
          },
          {
            "name": "heavy makeup",
            "value": "no",
            "confidence": 0.96
          },
          {
            "name": "high cheekbones",
            "value": "no",
            "confidence": 0.84
          },
          {
            "name": "mouth open",
            "value": "yes",
            "confidence": 0.76
          },
          {
            "name": "mustache",
            "value": "yes",
            "confidence": 0.07
          },
          {
            "name": "narrow eyes",
            "value": "no",
            "confidence": 0.17
          },
          {
            "name": "oval face",
            "value": "no",
            "confidence": 0.03
          },
          {
            "name": "pale skin",
            "value": "no",
            "confidence": 0.21
          },
          {
            "name": "pitch",
            "value": "-9.31",
            "confidence": 1.0
          },
          {
            "name": "pointy nose",
            "value": "no",
            "confidence": 0.96
          },
          {
            "name": "race",
            "value": "white",
            "confidence": 1.0
          },
          {
            "name": "receding hairline",
            "value": "yes",
            "confidence": 0.68
          },
          {
            "name": "rosy cheeks",
            "value": "no",
            "confidence": 1.0
          },
          {
            "name": "sideburns",
            "value": "no",
            "confidence": 0.34
          },
          {
            "name": "straight hair",
            "value": "no",
            "confidence": 0.14
          },
          {
            "name": "wavy hair",
            "value": "no",
            "confidence": 0.81
          },
          {
            "name": "wearing earrings",
            "value": "no",
            "confidence": 0.83
          },
          {
            "name": "wearing hat",
            "value": "no",
            "confidence": 0.78
          },
          {
            "name": "wearing lipstick",
            "value": "no",
            "confidence": 0.98
          },
          {
            "name": "wearing necklace",
            "value": "no",
            "confidence": 0.97
          },
          {
            "name": "wearing necktie",
            "value": "yes",
            "confidence": 0.53
          },
          {
            "name": "yaw",
            "value": "5.86",
            "confidence": 1.0
          },
          {
            "name": "young",
            "value": "no",
            "confidence": 0.75
          }
        ],
        "person_id": "",
        "appearance_id": 0,
        "start": "00:00:00",
        "duration": "00:00:00"
      }
    ],
    "tags": null,
    "original_filename": "https://raw.githubusercontent.com/sarkrui/Hairstyle60k/master/Dataset/Comb_Over/IMG_6.jpg",
    "duration": "00:00:00"
  },
  "recognize": null
}