{
  "media": {
    "media_uuid": "19ba71a5-b993-48cd-9440-38d845e344e5",
    "checksum": "aa15b9676c09c16f2a9a59e1c6f7f733fdb86f1b7349a8fdfe24f6363997c583",
    "faces": [
      {
        "face_uuid": "649abe40-1535-11e9-99c4-0cc47a6c4dbd",
        "media_uuid": "19ba71a5-b993-48cd-9440-38d845e344e5",
        "x": 275.55,
        "y": 354.0,
        "width": 328.49,
        "height": 415.0,
        "angle": 0.3913,
        "detection_score": 1.0,
        "points": [
          {
            "x": 180.81,
            "y": 304.07,
            "type": 512,
            "name": "basic eye left"
          },
          {
            "x": 328.18,
            "y": 303.07,
            "type": 768,
            "name": "basic eye right"
          },
          {
            "x": 149.64,
            "y": 304.84,
            "type": 1024,
            "name": "basic eye left outer"
          },
          {
            "x": 362.0,
            "y": 303.57,
            "type": 1280,
            "name": "basic eye right outer"
          },
          {
            "x": 211.69,
            "y": 304.76,
            "type": 1536,
            "name": "basic eye left inner"
          },
          {
            "x": 294.85,
            "y": 304.11,
            "type": 1792,
            "name": "basic eye right inner"
          },
          {
            "x": 200.8,
            "y": 474.31,
            "type": 2048,
            "name": "basic mouth left"
          },
          {
            "x": 307.86,
            "y": 476.04,
            "type": 2304,
            "name": "basic mouth right"
          },
          {
            "x": 241.05,
            "y": 403.02,
            "type": 2560,
            "name": "basic nose tip"
          },
          {
            "x": 253.22,
            "y": 475.27,
            "type": 2816,
            "name": "basic mouth center"
          },
          {
            "x": 253.22,
            "y": 475.27,
            "type": 3072,
            "name": "basic eyebrow left"
          },
          {
            "x": 253.22,
            "y": 475.27,
            "type": 3328,
            "name": "basic eyebrow left inner corner"
          },
          {
            "x": 253.22,
            "y": 475.27,
            "type": 3584,
            "name": "basic eyebrow left outer corner"
          },
          {
            "x": 253.22,
            "y": 475.27,
            "type": 3840,
            "name": "basic eyebrow right"
          },
          {
            "x": 253.22,
            "y": 475.27,
            "type": 4096,
            "name": "basic eyebrow right inner corner"
          },
          {
            "x": 253.22,
            "y": 475.27,
            "type": 4352,
            "name": "basic eyebrow right outer corner"
          },
          {
            "x": 253.22,
            "y": 475.27,
            "type": 4608,
            "name": "basic chin bottom"
          },
          {
            "x": 253.22,
            "y": 475.27,
            "type": 4864,
            "name": "basic chin left"
          },
          {
            "x": 253.22,
            "y": 475.27,
            "type": 5120,
            "name": "basic chin right"
          },
          {
            "x": 208.45,
            "y": 401.23,
            "type": 5376,
            "name": "basic nose left"
          },
          {
            "x": 287.39,
            "y": 401.9,
            "type": 5632,
            "name": "basic nose right"
          }
        ],
        "user_points": null,
        "tags": [
          {
            "name": "5oclock shadow",
            "value": "no",
            "confidence": 0.49
          },
          {
            "name": "age",
            "value": "46",
            "confidence": 0.6
          },
          {
            "name": "arched eyebrows",
            "value": "no",
            "confidence": 1.0
          },
          {
            "name": "attractive",
            "value": "no",
            "confidence": 1.0
          },
          {
            "name": "bags under eyes",
            "value": "yes",
            "confidence": 1.0
          },
          {
            "name": "bald",
            "value": "yes",
            "confidence": 0.28
          },
          {
            "name": "bangs",
            "value": "no",
            "confidence": 0.29
          },
          {
            "name": "beard",
            "value": "no",
            "confidence": 0.52
          },
          {
            "name": "big lips",
            "value": "no",
            "confidence": 0.96
          },
          {
            "name": "big nose",
            "value": "yes",
            "confidence": 0.42
          },
          {
            "name": "black hair",
            "value": "no",
            "confidence": 1.0
          },
          {
            "name": "blond hair",
            "value": "no",
            "confidence": 0.31
          },
          {
            "name": "blurry",
            "value": "no",
            "confidence": 0.43
          },
          {
            "name": "brown hair",
            "value": "no",
            "confidence": 0.35
          },
          {
            "name": "bushy eyebrows",
            "value": "no",
            "confidence": 0.9
          },
          {
            "name": "chubby",
            "value": "yes",
            "confidence": 0.44
          },
          {
            "name": "double chin",
            "value": "yes",
            "confidence": 0.35
          },
          {
            "name": "expression",
            "value": "neutral",
            "confidence": 1.0
          },
          {
            "name": "gender",
            "value": "male",
            "confidence": 1.0
          },
          {
            "name": "glasses",
            "value": "no",
            "confidence": 1.0
          },
          {
            "name": "goatee",
            "value": "no",
            "confidence": 0.78
          },
          {
            "name": "gray hair",
            "value": "yes",
            "confidence": 1.0
          },
          {
            "name": "heavy makeup",
            "value": "no",
            "confidence": 0.93
          },
          {
            "name": "high cheekbones",
            "value": "no",
            "confidence": 0.71
          },
          {
            "name": "mouth open",
            "value": "no",
            "confidence": 0.49
          },
          {
            "name": "mustache",
            "value": "no",
            "confidence": 0.43
          },
          {
            "name": "narrow eyes",
            "value": "yes",
            "confidence": 0.1
          },
          {
            "name": "oval face",
            "value": "no",
            "confidence": 0.42
          },
          {
            "name": "pale skin",
            "value": "no",
            "confidence": 0.33
          },
          {
            "name": "pitch",
            "value": "-9.79",
            "confidence": 1.0
          },
          {
            "name": "pointy nose",
            "value": "no",
            "confidence": 0.7
          },
          {
            "name": "race",
            "value": "white",
            "confidence": 1.0
          },
          {
            "name": "receding hairline",
            "value": "yes",
            "confidence": 0.35
          },
          {
            "name": "rosy cheeks",
            "value": "no",
            "confidence": 0.98
          },
          {
            "name": "sideburns",
            "value": "no",
            "confidence": 0.73
          },
          {
            "name": "straight hair",
            "value": "yes",
            "confidence": 0.25
          },
          {
            "name": "wavy hair",
            "value": "no",
            "confidence": 0.77
          },
          {
            "name": "wearing earrings",
            "value": "no",
            "confidence": 0.95
          },
          {
            "name": "wearing hat",
            "value": "no",
            "confidence": 1.0
          },
          {
            "name": "wearing lipstick",
            "value": "no",
            "confidence": 0.98
          },
          {
            "name": "wearing necklace",
            "value": "no",
            "confidence": 1.0
          },
          {
            "name": "wearing necktie",
            "value": "yes",
            "confidence": 0.85
          },
          {
            "name": "yaw",
            "value": "7.43",
            "confidence": 1.0
          },
          {
            "name": "young",
            "value": "no",
            "confidence": 1.0
          }
        ],
        "person_id": "",
        "appearance_id": 0,
        "start": "00:00:00",
        "duration": "00:00:00"
      }
    ],
    "tags": null,
    "original_filename": "https://raw.githubusercontent.com/sarkrui/Hairstyle60k/master/Dataset/Comb_Over/IMG_12.jpg",
    "duration": "00:00:00"
  },
  "recognize": null
}