{
  "media": {
    "media_uuid": "e4906081-7205-4d3c-bd96-0f7aad03f1ce",
    "checksum": "9a626e57ad9dbb383870a265af8fb3251769e7bfdc1d2566ea998953a7ea118a",
    "faces": [
      {
        "face_uuid": "705d9ec8-1535-11e9-99c4-0cc47a6c4dbd",
        "media_uuid": "e4906081-7205-4d3c-bd96-0f7aad03f1ce",
        "x": 283.0,
        "y": 221.5,
        "width": 193.53,
        "height": 284.54,
        "angle": -3.9348,
        "detection_score": 1.0,
        "points": [
          {
            "x": 227.58,
            "y": 194.61,
            "type": 512,
            "name": "basic eye left"
          },
          {
            "x": 321.28,
            "y": 201.06,
            "type": 768,
            "name": "basic eye right"
          },
          {
            "x": 206.83,
            "y": 192.65,
            "type": 1024,
            "name": "basic eye left outer"
          },
          {
            "x": 342.77,
            "y": 202.06,
            "type": 1280,
            "name": "basic eye right outer"
          },
          {
            "x": 248.35,
            "y": 196.54,
            "type": 1536,
            "name": "basic eye left inner"
          },
          {
            "x": 299.76,
            "y": 200.03,
            "type": 1792,
            "name": "basic eye right inner"
          },
          {
            "x": 230.89,
            "y": 296.27,
            "type": 2048,
            "name": "basic mouth left"
          },
          {
            "x": 311.31,
            "y": 300.3,
            "type": 2304,
            "name": "basic mouth right"
          },
          {
            "x": 266.39,
            "y": 273.03,
            "type": 2560,
            "name": "basic nose tip"
          },
          {
            "x": 270.62,
            "y": 300.46,
            "type": 2816,
            "name": "basic mouth center"
          },
          {
            "x": 270.62,
            "y": 300.46,
            "type": 3072,
            "name": "basic eyebrow left"
          },
          {
            "x": 270.62,
            "y": 300.46,
            "type": 3328,
            "name": "basic eyebrow left inner corner"
          },
          {
            "x": 270.62,
            "y": 300.46,
            "type": 3584,
            "name": "basic eyebrow left outer corner"
          },
          {
            "x": 270.62,
            "y": 300.46,
            "type": 3840,
            "name": "basic eyebrow right"
          },
          {
            "x": 270.62,
            "y": 300.46,
            "type": 4096,
            "name": "basic eyebrow right inner corner"
          },
          {
            "x": 270.62,
            "y": 300.46,
            "type": 4352,
            "name": "basic eyebrow right outer corner"
          },
          {
            "x": 270.62,
            "y": 300.46,
            "type": 4608,
            "name": "basic chin bottom"
          },
          {
            "x": 270.62,
            "y": 300.46,
            "type": 4864,
            "name": "basic chin left"
          },
          {
            "x": 270.62,
            "y": 300.46,
            "type": 5120,
            "name": "basic chin right"
          },
          {
            "x": 242.76,
            "y": 261.93,
            "type": 5376,
            "name": "basic nose left"
          },
          {
            "x": 295.56,
            "y": 264.95,
            "type": 5632,
            "name": "basic nose right"
          }
        ],
        "user_points": null,
        "tags": [
          {
            "name": "5oclock shadow",
            "value": "yes",
            "confidence": 0.18
          },
          {
            "name": "age",
            "value": "46",
            "confidence": 0.6
          },
          {
            "name": "arched eyebrows",
            "value": "no",
            "confidence": 0.88
          },
          {
            "name": "attractive",
            "value": "no",
            "confidence": 0.63
          },
          {
            "name": "bags under eyes",
            "value": "yes",
            "confidence": 0.53
          },
          {
            "name": "bald",
            "value": "yes",
            "confidence": 0.7
          },
          {
            "name": "bangs",
            "value": "no",
            "confidence": 1.0
          },
          {
            "name": "beard",
            "value": "yes",
            "confidence": 0.97
          },
          {
            "name": "big lips",
            "value": "no",
            "confidence": 0.74
          },
          {
            "name": "big nose",
            "value": "yes",
            "confidence": 0.38
          },
          {
            "name": "black hair",
            "value": "no",
            "confidence": 1.0
          },
          {
            "name": "blond hair",
            "value": "no",
            "confidence": 0.72
          },
          {
            "name": "blurry",
            "value": "no",
            "confidence": 0.33
          },
          {
            "name": "brown hair",
            "value": "no",
            "confidence": 0.48
          },
          {
            "name": "bushy eyebrows",
            "value": "no",
            "confidence": 0.42
          },
          {
            "name": "chubby",
            "value": "yes",
            "confidence": 0.31
          },
          {
            "name": "double chin",
            "value": "yes",
            "confidence": 0.01
          },
          {
            "name": "expression",
            "value": "neutral",
            "confidence": 0.77
          },
          {
            "name": "gender",
            "value": "male",
            "confidence": 0.91
          },
          {
            "name": "glasses",
            "value": "no",
            "confidence": 1.0
          },
          {
            "name": "goatee",
            "value": "yes",
            "confidence": 0.88
          },
          {
            "name": "gray hair",
            "value": "yes",
            "confidence": 0.4
          },
          {
            "name": "heavy makeup",
            "value": "no",
            "confidence": 0.97
          },
          {
            "name": "high cheekbones",
            "value": "no",
            "confidence": 0.69
          },
          {
            "name": "mouth open",
            "value": "no",
            "confidence": 0.99
          },
          {
            "name": "mustache",
            "value": "yes",
            "confidence": 0.81
          },
          {
            "name": "narrow eyes",
            "value": "no",
            "confidence": 0.2
          },
          {
            "name": "oval face",
            "value": "yes",
            "confidence": 0.04
          },
          {
            "name": "pale skin",
            "value": "no",
            "confidence": 0.35
          },
          {
            "name": "pitch",
            "value": "-6.79",
            "confidence": 1.0
          },
          {
            "name": "pointy nose",
            "value": "no",
            "confidence": 0.41
          },
          {
            "name": "race",
            "value": "white",
            "confidence": 0.57
          },
          {
            "name": "receding hairline",
            "value": "yes",
            "confidence": 0.73
          },
          {
            "name": "rosy cheeks",
            "value": "no",
            "confidence": 1.0
          },
          {
            "name": "sideburns",
            "value": "yes",
            "confidence": 0.87
          },
          {
            "name": "straight hair",
            "value": "no",
            "confidence": 0.42
          },
          {
            "name": "wavy hair",
            "value": "no",
            "confidence": 0.91
          },
          {
            "name": "wearing earrings",
            "value": "no",
            "confidence": 0.95
          },
          {
            "name": "wearing hat",
            "value": "no",
            "confidence": 0.75
          },
          {
            "name": "wearing lipstick",
            "value": "no",
            "confidence": 0.96
          },
          {
            "name": "wearing necklace",
            "value": "no",
            "confidence": 1.0
          },
          {
            "name": "wearing necktie",
            "value": "yes",
            "confidence": 0.4
          },
          {
            "name": "yaw",
            "value": "6.28",
            "confidence": 1.0
          },
          {
            "name": "young",
            "value": "no",
            "confidence": 0.74
          }
        ],
        "person_id": "",
        "appearance_id": 0,
        "start": "00:00:00",
        "duration": "00:00:00"
      }
    ],
    "tags": null,
    "original_filename": "https://raw.githubusercontent.com/sarkrui/Hairstyle60k/master/Dataset/Comb_Over/IMG_23.jpg",
    "duration": "00:00:00"
  },
  "recognize": null
}