{
  "media": {
    "media_uuid": "89ee5164-f579-4500-b9df-aae96e9cc9f0",
    "checksum": "66343c169917add8d032b91c789af26349ee6054d430dfc4b9cc1c1527fd74f9",
    "faces": [
      {
        "face_uuid": "8656e18b-1535-11e9-99c4-0cc47a6c4dbd",
        "media_uuid": "89ee5164-f579-4500-b9df-aae96e9cc9f0",
        "x": 141.57,
        "y": 361.68,
        "width": 222.11,
        "height": 281.61,
        "angle": -3.6942,
        "detection_score": 0.96,
        "points": [
          {
            "x": 68.21,
            "y": 316.03,
            "type": 512,
            "name": "basic eye left"
          },
          {
            "x": 168.75,
            "y": 322.52,
            "type": 768,
            "name": "basic eye right"
          },
          {
            "x": 48.03,
            "y": 315.25,
            "type": 1024,
            "name": "basic eye left outer"
          },
          {
            "x": 191.07,
            "y": 324.42,
            "type": 1280,
            "name": "basic eye right outer"
          },
          {
            "x": 87.64,
            "y": 318.47,
            "type": 1536,
            "name": "basic eye left inner"
          },
          {
            "x": 147.09,
            "y": 322.32,
            "type": 1792,
            "name": "basic eye right inner"
          },
          {
            "x": 60.04,
            "y": 416.97,
            "type": 2048,
            "name": "basic mouth left"
          },
          {
            "x": 143.57,
            "y": 424.78,
            "type": 2304,
            "name": "basic mouth right"
          },
          {
            "x": 93.46,
            "y": 375.01,
            "type": 2560,
            "name": "basic nose tip"
          },
          {
            "x": 100.12,
            "y": 421.89,
            "type": 2816,
            "name": "basic mouth center"
          },
          {
            "x": 100.12,
            "y": 421.89,
            "type": 3072,
            "name": "basic eyebrow left"
          },
          {
            "x": 100.12,
            "y": 421.89,
            "type": 3328,
            "name": "basic eyebrow left inner corner"
          },
          {
            "x": 100.12,
            "y": 421.89,
            "type": 3584,
            "name": "basic eyebrow left outer corner"
          },
          {
            "x": 100.12,
            "y": 421.89,
            "type": 3840,
            "name": "basic eyebrow right"
          },
          {
            "x": 100.12,
            "y": 421.89,
            "type": 4096,
            "name": "basic eyebrow right inner corner"
          },
          {
            "x": 100.12,
            "y": 421.89,
            "type": 4352,
            "name": "basic eyebrow right outer corner"
          },
          {
            "x": 100.12,
            "y": 421.89,
            "type": 4608,
            "name": "basic chin bottom"
          },
          {
            "x": 100.12,
            "y": 421.89,
            "type": 4864,
            "name": "basic chin left"
          },
          {
            "x": 100.12,
            "y": 421.89,
            "type": 5120,
            "name": "basic chin right"
          },
          {
            "x": 73.63,
            "y": 379.34,
            "type": 5376,
            "name": "basic nose left"
          },
          {
            "x": 126.81,
            "y": 383.22,
            "type": 5632,
            "name": "basic nose right"
          }
        ],
        "user_points": null,
        "tags": [
          {
            "name": "5oclock shadow",
            "value": "no",
            "confidence": 0.32
          },
          {
            "name": "age",
            "value": "54",
            "confidence": 0.6
          },
          {
            "name": "arched eyebrows",
            "value": "no",
            "confidence": 0.91
          },
          {
            "name": "attractive",
            "value": "no",
            "confidence": 0.72
          },
          {
            "name": "bags under eyes",
            "value": "no",
            "confidence": 0.8
          },
          {
            "name": "bald",
            "value": "yes",
            "confidence": 0.1
          },
          {
            "name": "bangs",
            "value": "no",
            "confidence": 0.66
          },
          {
            "name": "beard",
            "value": "yes",
            "confidence": 0.17
          },
          {
            "name": "big lips",
            "value": "no",
            "confidence": 0.09
          },
          {
            "name": "big nose",
            "value": "yes",
            "confidence": 0.28
          },
          {
            "name": "black hair",
            "value": "no",
            "confidence": 0.22
          },
          {
            "name": "blond hair",
            "value": "no",
            "confidence": 1.0
          },
          {
            "name": "blurry",
            "value": "no",
            "confidence": 0.1
          },
          {
            "name": "brown hair",
            "value": "no",
            "confidence": 0.78
          },
          {
            "name": "bushy eyebrows",
            "value": "no",
            "confidence": 1.0
          },
          {
            "name": "chubby",
            "value": "yes",
            "confidence": 0.29
          },
          {
            "name": "double chin",
            "value": "yes",
            "confidence": 0.01
          },
          {
            "name": "expression",
            "value": "neutral",
            "confidence": 0.78
          },
          {
            "name": "gender",
            "value": "male",
            "confidence": 0.8
          },
          {
            "name": "glasses",
            "value": "yes",
            "confidence": 1.0
          },
          {
            "name": "goatee",
            "value": "no",
            "confidence": 0.06
          },
          {
            "name": "gray hair",
            "value": "no",
            "confidence": 0.22
          },
          {
            "name": "heavy makeup",
            "value": "no",
            "confidence": 0.94
          },
          {
            "name": "high cheekbones",
            "value": "no",
            "confidence": 0.75
          },
          {
            "name": "mouth open",
            "value": "no",
            "confidence": 0.53
          },
          {
            "name": "mustache",
            "value": "yes",
            "confidence": 0.15
          },
          {
            "name": "narrow eyes",
            "value": "no",
            "confidence": 0.53
          },
          {
            "name": "oval face",
            "value": "no",
            "confidence": 0.37
          },
          {
            "name": "pale skin",
            "value": "yes",
            "confidence": 0.27
          },
          {
            "name": "pitch",
            "value": "-6.48",
            "confidence": 1.0
          },
          {
            "name": "pointy nose",
            "value": "no",
            "confidence": 0.81
          },
          {
            "name": "race",
            "value": "white",
            "confidence": 1.0
          },
          {
            "name": "receding hairline",
            "value": "yes",
            "confidence": 0.03
          },
          {
            "name": "rosy cheeks",
            "value": "no",
            "confidence": 1.0
          },
          {
            "name": "sideburns",
            "value": "no",
            "confidence": 0.25
          },
          {
            "name": "straight hair",
            "value": "no",
            "confidence": 0.33
          },
          {
            "name": "wavy hair",
            "value": "no",
            "confidence": 0.85
          },
          {
            "name": "wearing earrings",
            "value": "no",
            "confidence": 0.54
          },
          {
            "name": "wearing hat",
            "value": "yes",
            "confidence": 0.02
          },
          {
            "name": "wearing lipstick",
            "value": "no",
            "confidence": 0.87
          },
          {
            "name": "wearing necklace",
            "value": "no",
            "confidence": 0.71
          },
          {
            "name": "wearing necktie",
            "value": "no",
            "confidence": 0.05
          },
          {
            "name": "yaw",
            "value": "28.21",
            "confidence": 1.0
          },
          {
            "name": "young",
            "value": "no",
            "confidence": 0.37
          }
        ],
        "person_id": "",
        "appearance_id": 0,
        "start": "00:00:00",
        "duration": "00:00:00"
      }
    ],
    "tags": null,
    "original_filename": "https://raw.githubusercontent.com/sarkrui/Hairstyle60k/master/Dataset/Cornrows/IMG_19.jpg",
    "duration": "00:00:00"
  },
  "recognize": null
}