{
  "media": {
    "media_uuid": "13ff17ae-8f60-4311-a45e-8bdc9434141c",
    "checksum": "197e2d204f051b13ba0637de6d8acb3b24925279185179671204817ec85e8589",
    "faces": [
      {
        "face_uuid": "84db8de3-1535-11e9-99c4-0cc47a6c4dbd",
        "media_uuid": "13ff17ae-8f60-4311-a45e-8bdc9434141c",
        "x": 299.68,
        "y": 378.73,
        "width": 259.53,
        "height": 323.91,
        "angle": 8.4909,
        "detection_score": 1.0,
        "points": [
          {
            "x": 254.32,
            "y": 364.59,
            "type": 512,
            "name": "basic eye left"
          },
          {
            "x": 378.78,
            "y": 346.01,
            "type": 768,
            "name": "basic eye right"
          },
          {
            "x": 227.42,
            "y": 370.28,
            "type": 1024,
            "name": "basic eye left outer"
          },
          {
            "x": 404.01,
            "y": 343.52,
            "type": 1280,
            "name": "basic eye right outer"
          },
          {
            "x": 280.45,
            "y": 360.64,
            "type": 1536,
            "name": "basic eye left inner"
          },
          {
            "x": 353.87,
            "y": 349.9,
            "type": 1792,
            "name": "basic eye right inner"
          },
          {
            "x": 291.39,
            "y": 460.07,
            "type": 2048,
            "name": "basic mouth left"
          },
          {
            "x": 389.85,
            "y": 440.67,
            "type": 2304,
            "name": "basic mouth right"
          },
          {
            "x": 339.5,
            "y": 412.48,
            "type": 2560,
            "name": "basic nose tip"
          },
          {
            "x": 341.9,
            "y": 451.45,
            "type": 2816,
            "name": "basic mouth center"
          },
          {
            "x": 341.9,
            "y": 451.45,
            "type": 3072,
            "name": "basic eyebrow left"
          },
          {
            "x": 341.9,
            "y": 451.45,
            "type": 3328,
            "name": "basic eyebrow left inner corner"
          },
          {
            "x": 341.9,
            "y": 451.45,
            "type": 3584,
            "name": "basic eyebrow left outer corner"
          },
          {
            "x": 341.9,
            "y": 451.45,
            "type": 3840,
            "name": "basic eyebrow right"
          },
          {
            "x": 341.9,
            "y": 451.45,
            "type": 4096,
            "name": "basic eyebrow right inner corner"
          },
          {
            "x": 341.9,
            "y": 451.45,
            "type": 4352,
            "name": "basic eyebrow right outer corner"
          },
          {
            "x": 341.9,
            "y": 451.45,
            "type": 4608,
            "name": "basic chin bottom"
          },
          {
            "x": 341.9,
            "y": 451.45,
            "type": 4864,
            "name": "basic chin left"
          },
          {
            "x": 341.9,
            "y": 451.45,
            "type": 5120,
            "name": "basic chin right"
          },
          {
            "x": 302.19,
            "y": 423.86,
            "type": 5376,
            "name": "basic nose left"
          },
          {
            "x": 367.56,
            "y": 410.84,
            "type": 5632,
            "name": "basic nose right"
          }
        ],
        "user_points": null,
        "tags": [
          {
            "name": "5oclock shadow",
            "value": "no",
            "confidence": 0.1
          },
          {
            "name": "age",
            "value": "32",
            "confidence": 0.6
          },
          {
            "name": "arched eyebrows",
            "value": "no",
            "confidence": 1.0
          },
          {
            "name": "attractive",
            "value": "no",
            "confidence": 0.93
          },
          {
            "name": "bags under eyes",
            "value": "no",
            "confidence": 0.79
          },
          {
            "name": "bald",
            "value": "yes",
            "confidence": 0.01
          },
          {
            "name": "bangs",
            "value": "no",
            "confidence": 1.0
          },
          {
            "name": "beard",
            "value": "yes",
            "confidence": 0.16
          },
          {
            "name": "big lips",
            "value": "no",
            "confidence": 0.08
          },
          {
            "name": "big nose",
            "value": "yes",
            "confidence": 0.37
          },
          {
            "name": "black hair",
            "value": "no",
            "confidence": 0.12
          },
          {
            "name": "blond hair",
            "value": "no",
            "confidence": 1.0
          },
          {
            "name": "blurry",
            "value": "yes",
            "confidence": 0.05
          },
          {
            "name": "brown hair",
            "value": "no",
            "confidence": 0.97
          },
          {
            "name": "bushy eyebrows",
            "value": "no",
            "confidence": 0.76
          },
          {
            "name": "chubby",
            "value": "yes",
            "confidence": 0.24
          },
          {
            "name": "double chin",
            "value": "no",
            "confidence": 0.14
          },
          {
            "name": "expression",
            "value": "neutral",
            "confidence": 0.79
          },
          {
            "name": "gender",
            "value": "male",
            "confidence": 0.81
          },
          {
            "name": "glasses",
            "value": "yes",
            "confidence": 1.0
          },
          {
            "name": "goatee",
            "value": "no",
            "confidence": 0.14
          },
          {
            "name": "gray hair",
            "value": "no",
            "confidence": 0.39
          },
          {
            "name": "heavy makeup",
            "value": "no",
            "confidence": 0.97
          },
          {
            "name": "high cheekbones",
            "value": "no",
            "confidence": 0.77
          },
          {
            "name": "mouth open",
            "value": "no",
            "confidence": 0.53
          },
          {
            "name": "mustache",
            "value": "yes",
            "confidence": 0.12
          },
          {
            "name": "narrow eyes",
            "value": "no",
            "confidence": 0.63
          },
          {
            "name": "oval face",
            "value": "no",
            "confidence": 0.52
          },
          {
            "name": "pale skin",
            "value": "yes",
            "confidence": 0.02
          },
          {
            "name": "pitch",
            "value": "-6.8",
            "confidence": 1.0
          },
          {
            "name": "pointy nose",
            "value": "no",
            "confidence": 0.9
          },
          {
            "name": "race",
            "value": "white",
            "confidence": 0.91
          },
          {
            "name": "receding hairline",
            "value": "no",
            "confidence": 0.14
          },
          {
            "name": "rosy cheeks",
            "value": "no",
            "confidence": 1.0
          },
          {
            "name": "sideburns",
            "value": "no",
            "confidence": 0.36
          },
          {
            "name": "straight hair",
            "value": "no",
            "confidence": 0.43
          },
          {
            "name": "wavy hair",
            "value": "no",
            "confidence": 0.95
          },
          {
            "name": "wearing earrings",
            "value": "no",
            "confidence": 0.49
          },
          {
            "name": "wearing hat",
            "value": "yes",
            "confidence": 0.72
          },
          {
            "name": "wearing lipstick",
            "value": "no",
            "confidence": 0.93
          },
          {
            "name": "wearing necklace",
            "value": "no",
            "confidence": 0.61
          },
          {
            "name": "wearing necktie",
            "value": "no",
            "confidence": 0.36
          },
          {
            "name": "yaw",
            "value": "2.97",
            "confidence": 1.0
          },
          {
            "name": "young",
            "value": "no",
            "confidence": 0.18
          }
        ],
        "person_id": "",
        "appearance_id": 0,
        "start": "00:00:00",
        "duration": "00:00:00"
      }
    ],
    "tags": null,
    "original_filename": "https://raw.githubusercontent.com/sarkrui/Hairstyle60k/master/Dataset/Cornrows/IMG_18.jpg",
    "duration": "00:00:00"
  },
  "recognize": null
}