{
  "media": {
    "media_uuid": "edb9a1af-ec36-4dc9-a42b-410a380a813d",
    "checksum": "19637e7d9bd03a84482fabf7071926a2110c85d448cd4b2866c519dae9dae512",
    "faces": [
      {
        "face_uuid": "8e7f3391-1535-11e9-99c4-0cc47a6c4dbd",
        "media_uuid": "edb9a1af-ec36-4dc9-a42b-410a380a813d",
        "x": 243.0,
        "y": 301.0,
        "width": 275.82,
        "height": 355.71,
        "angle": 2.0475,
        "detection_score": 1.0,
        "points": [
          {
            "x": 176.31,
            "y": 260.18,
            "type": 512,
            "name": "basic eye left"
          },
          {
            "x": 304.18,
            "y": 255.6,
            "type": 768,
            "name": "basic eye right"
          },
          {
            "x": 148.99,
            "y": 262.3,
            "type": 1024,
            "name": "basic eye left outer"
          },
          {
            "x": 331.89,
            "y": 255.79,
            "type": 1280,
            "name": "basic eye right outer"
          },
          {
            "x": 203.35,
            "y": 260.34,
            "type": 1536,
            "name": "basic eye left inner"
          },
          {
            "x": 276.86,
            "y": 257.72,
            "type": 1792,
            "name": "basic eye right inner"
          },
          {
            "x": 192.86,
            "y": 398.59,
            "type": 2048,
            "name": "basic mouth left"
          },
          {
            "x": 294.94,
            "y": 396.04,
            "type": 2304,
            "name": "basic mouth right"
          },
          {
            "x": 240.96,
            "y": 330.64,
            "type": 2560,
            "name": "basic nose tip"
          },
          {
            "x": 243.88,
            "y": 397.63,
            "type": 2816,
            "name": "basic mouth center"
          },
          {
            "x": 243.88,
            "y": 397.63,
            "type": 3072,
            "name": "basic eyebrow left"
          },
          {
            "x": 243.88,
            "y": 397.63,
            "type": 3328,
            "name": "basic eyebrow left inner corner"
          },
          {
            "x": 243.88,
            "y": 397.63,
            "type": 3584,
            "name": "basic eyebrow left outer corner"
          },
          {
            "x": 243.88,
            "y": 397.63,
            "type": 3840,
            "name": "basic eyebrow right"
          },
          {
            "x": 243.88,
            "y": 397.63,
            "type": 4096,
            "name": "basic eyebrow right inner corner"
          },
          {
            "x": 243.88,
            "y": 397.63,
            "type": 4352,
            "name": "basic eyebrow right outer corner"
          },
          {
            "x": 243.88,
            "y": 397.63,
            "type": 4608,
            "name": "basic chin bottom"
          },
          {
            "x": 243.88,
            "y": 397.63,
            "type": 4864,
            "name": "basic chin left"
          },
          {
            "x": 243.88,
            "y": 397.63,
            "type": 5120,
            "name": "basic chin right"
          },
          {
            "x": 209.72,
            "y": 338.59,
            "type": 5376,
            "name": "basic nose left"
          },
          {
            "x": 274.32,
            "y": 336.61,
            "type": 5632,
            "name": "basic nose right"
          }
        ],
        "user_points": null,
        "tags": [
          {
            "name": "5oclock shadow",
            "value": "no",
            "confidence": 0.24
          },
          {
            "name": "age",
            "value": "40",
            "confidence": 0.6
          },
          {
            "name": "arched eyebrows",
            "value": "no",
            "confidence": 0.84
          },
          {
            "name": "attractive",
            "value": "yes",
            "confidence": 0.45
          },
          {
            "name": "bags under eyes",
            "value": "no",
            "confidence": 0.35
          },
          {
            "name": "bald",
            "value": "no",
            "confidence": 0.91
          },
          {
            "name": "bangs",
            "value": "no",
            "confidence": 0.92
          },
          {
            "name": "beard",
            "value": "no",
            "confidence": 1.0
          },
          {
            "name": "big lips",
            "value": "no",
            "confidence": 0.53
          },
          {
            "name": "big nose",
            "value": "no",
            "confidence": 0.65
          },
          {
            "name": "black hair",
            "value": "no",
            "confidence": 1.0
          },
          {
            "name": "blond hair",
            "value": "yes",
            "confidence": 0.14
          },
          {
            "name": "blurry",
            "value": "no",
            "confidence": 1.0
          },
          {
            "name": "brown hair",
            "value": "yes",
            "confidence": 0.22
          },
          {
            "name": "bushy eyebrows",
            "value": "yes",
            "confidence": 0.07
          },
          {
            "name": "chubby",
            "value": "no",
            "confidence": 1.0
          },
          {
            "name": "double chin",
            "value": "no",
            "confidence": 1.0
          },
          {
            "name": "expression",
            "value": "neutral",
            "confidence": 0.96
          },
          {
            "name": "gender",
            "value": "male",
            "confidence": 0.63
          },
          {
            "name": "glasses",
            "value": "no",
            "confidence": 1.0
          },
          {
            "name": "goatee",
            "value": "no",
            "confidence": 1.0
          },
          {
            "name": "gray hair",
            "value": "no",
            "confidence": 0.68
          },
          {
            "name": "heavy makeup",
            "value": "no",
            "confidence": 0.97
          },
          {
            "name": "high cheekbones",
            "value": "no",
            "confidence": 0.98
          },
          {
            "name": "mouth open",
            "value": "no",
            "confidence": 0.95
          },
          {
            "name": "mustache",
            "value": "no",
            "confidence": 1.0
          },
          {
            "name": "narrow eyes",
            "value": "no",
            "confidence": 1.0
          },
          {
            "name": "oval face",
            "value": "yes",
            "confidence": 0.37
          },
          {
            "name": "pale skin",
            "value": "yes",
            "confidence": 0.27
          },
          {
            "name": "pitch",
            "value": "-9.73",
            "confidence": 1.0
          },
          {
            "name": "pointy nose",
            "value": "no",
            "confidence": 0.49
          },
          {
            "name": "race",
            "value": "white",
            "confidence": 1.0
          },
          {
            "name": "receding hairline",
            "value": "no",
            "confidence": 0.46
          },
          {
            "name": "rosy cheeks",
            "value": "no",
            "confidence": 1.0
          },
          {
            "name": "sideburns",
            "value": "no",
            "confidence": 1.0
          },
          {
            "name": "straight hair",
            "value": "yes",
            "confidence": 0.41
          },
          {
            "name": "wavy hair",
            "value": "no",
            "confidence": 0.88
          },
          {
            "name": "wearing earrings",
            "value": "no",
            "confidence": 0.59
          },
          {
            "name": "wearing hat",
            "value": "no",
            "confidence": 0.76
          },
          {
            "name": "wearing lipstick",
            "value": "no",
            "confidence": 0.92
          },
          {
            "name": "wearing necklace",
            "value": "no",
            "confidence": 0.93
          },
          {
            "name": "wearing necktie",
            "value": "no",
            "confidence": 0.1
          },
          {
            "name": "yaw",
            "value": "1.5",
            "confidence": 1.0
          },
          {
            "name": "young",
            "value": "yes",
            "confidence": 1.0
          }
        ],
        "person_id": "",
        "appearance_id": 0,
        "start": "00:00:00",
        "duration": "00:00:00"
      }
    ],
    "tags": null,
    "original_filename": "https://raw.githubusercontent.com/sarkrui/Hairstyle60k/master/Dataset/Crew_Cut/IMG_4.jpg",
    "duration": "00:00:00"
  },
  "recognize": null
}