{
  "media": {
    "media_uuid": "dfca130a-3828-469d-a5f1-c39407da287d",
    "checksum": "56f341077fde3a53cbb30f8f4be23a04c042cf98fd8c77aeb028b98c3c9c349b",
    "faces": [
      {
        "face_uuid": "9cba8b8b-1535-11e9-99c4-0cc47a6c4dbd",
        "media_uuid": "dfca130a-3828-469d-a5f1-c39407da287d",
        "x": 617.69,
        "y": 497.86,
        "width": 422.82,
        "height": 574.36,
        "angle": -2.5524,
        "detection_score": 1.0,
        "points": [
          {
            "x": 460.38,
            "y": 460.48,
            "type": 512,
            "name": "basic eye left"
          },
          {
            "x": 657.17,
            "y": 469.25,
            "type": 768,
            "name": "basic eye right"
          },
          {
            "x": 420.61,
            "y": 459.54,
            "type": 1024,
            "name": "basic eye left outer"
          },
          {
            "x": 703.59,
            "y": 472.97,
            "type": 1280,
            "name": "basic eye right outer"
          },
          {
            "x": 498.24,
            "y": 463.18,
            "type": 1536,
            "name": "basic eye left inner"
          },
          {
            "x": 610.84,
            "y": 467.92,
            "type": 1792,
            "name": "basic eye right inner"
          },
          {
            "x": 471.12,
            "y": 692.0,
            "type": 2048,
            "name": "basic mouth left"
          },
          {
            "x": 622.9,
            "y": 698.96,
            "type": 2304,
            "name": "basic mouth right"
          },
          {
            "x": 509.6,
            "y": 590.15,
            "type": 2560,
            "name": "basic nose tip"
          },
          {
            "x": 543.74,
            "y": 695.86,
            "type": 2816,
            "name": "basic mouth center"
          },
          {
            "x": 543.74,
            "y": 695.86,
            "type": 3072,
            "name": "basic eyebrow left"
          },
          {
            "x": 543.74,
            "y": 695.86,
            "type": 3328,
            "name": "basic eyebrow left inner corner"
          },
          {
            "x": 543.74,
            "y": 695.86,
            "type": 3584,
            "name": "basic eyebrow left outer corner"
          },
          {
            "x": 543.74,
            "y": 695.86,
            "type": 3840,
            "name": "basic eyebrow right"
          },
          {
            "x": 543.74,
            "y": 695.86,
            "type": 4096,
            "name": "basic eyebrow right inner corner"
          },
          {
            "x": 543.74,
            "y": 695.86,
            "type": 4352,
            "name": "basic eyebrow right outer corner"
          },
          {
            "x": 543.74,
            "y": 695.86,
            "type": 4608,
            "name": "basic chin bottom"
          },
          {
            "x": 543.74,
            "y": 695.86,
            "type": 4864,
            "name": "basic chin left"
          },
          {
            "x": 543.74,
            "y": 695.86,
            "type": 5120,
            "name": "basic chin right"
          },
          {
            "x": 476.85,
            "y": 600.42,
            "type": 5376,
            "name": "basic nose left"
          },
          {
            "x": 579.66,
            "y": 605.06,
            "type": 5632,
            "name": "basic nose right"
          }
        ],
        "user_points": null,
        "tags": [
          {
            "name": "5oclock shadow",
            "value": "yes",
            "confidence": 0.24
          },
          {
            "name": "age",
            "value": "17",
            "confidence": 0.6
          },
          {
            "name": "arched eyebrows",
            "value": "no",
            "confidence": 0.82
          },
          {
            "name": "attractive",
            "value": "yes",
            "confidence": 0.37
          },
          {
            "name": "bags under eyes",
            "value": "no",
            "confidence": 0.22
          },
          {
            "name": "bald",
            "value": "no",
            "confidence": 1.0
          },
          {
            "name": "bangs",
            "value": "no",
            "confidence": 0.99
          },
          {
            "name": "beard",
            "value": "no",
            "confidence": 0.49
          },
          {
            "name": "big lips",
            "value": "no",
            "confidence": 0.59
          },
          {
            "name": "big nose",
            "value": "no",
            "confidence": 0.6
          },
          {
            "name": "black hair",
            "value": "yes",
            "confidence": 0.54
          },
          {
            "name": "blond hair",
            "value": "no",
            "confidence": 1.0
          },
          {
            "name": "blurry",
            "value": "no",
            "confidence": 1.0
          },
          {
            "name": "brown hair",
            "value": "no",
            "confidence": 0.29
          },
          {
            "name": "bushy eyebrows",
            "value": "yes",
            "confidence": 0.65
          },
          {
            "name": "chubby",
            "value": "no",
            "confidence": 1.0
          },
          {
            "name": "double chin",
            "value": "no",
            "confidence": 1.0
          },
          {
            "name": "expression",
            "value": "neutral",
            "confidence": 1.0
          },
          {
            "name": "gender",
            "value": "male",
            "confidence": 0.98
          },
          {
            "name": "glasses",
            "value": "no",
            "confidence": 1.0
          },
          {
            "name": "goatee",
            "value": "no",
            "confidence": 1.0
          },
          {
            "name": "gray hair",
            "value": "no",
            "confidence": 1.0
          },
          {
            "name": "heavy makeup",
            "value": "no",
            "confidence": 0.91
          },
          {
            "name": "high cheekbones",
            "value": "no",
            "confidence": 0.96
          },
          {
            "name": "mouth open",
            "value": "no",
            "confidence": 0.87
          },
          {
            "name": "mustache",
            "value": "no",
            "confidence": 0.81
          },
          {
            "name": "narrow eyes",
            "value": "no",
            "confidence": 0.83
          },
          {
            "name": "oval face",
            "value": "no",
            "confidence": 0.09
          },
          {
            "name": "pale skin",
            "value": "no",
            "confidence": 0.21
          },
          {
            "name": "pitch",
            "value": "-6.61",
            "confidence": 1.0
          },
          {
            "name": "pointy nose",
            "value": "no",
            "confidence": 0.1
          },
          {
            "name": "race",
            "value": "white",
            "confidence": 0.94
          },
          {
            "name": "receding hairline",
            "value": "no",
            "confidence": 0.82
          },
          {
            "name": "rosy cheeks",
            "value": "no",
            "confidence": 1.0
          },
          {
            "name": "sideburns",
            "value": "no",
            "confidence": 0.97
          },
          {
            "name": "straight hair",
            "value": "yes",
            "confidence": 0.95
          },
          {
            "name": "wavy hair",
            "value": "no",
            "confidence": 1.0
          },
          {
            "name": "wearing earrings",
            "value": "no",
            "confidence": 0.96
          },
          {
            "name": "wearing hat",
            "value": "no",
            "confidence": 1.0
          },
          {
            "name": "wearing lipstick",
            "value": "no",
            "confidence": 0.95
          },
          {
            "name": "wearing necklace",
            "value": "no",
            "confidence": 1.0
          },
          {
            "name": "wearing necktie",
            "value": "yes",
            "confidence": 0.46
          },
          {
            "name": "yaw",
            "value": "10.8",
            "confidence": 1.0
          },
          {
            "name": "young",
            "value": "yes",
            "confidence": 0.86
          }
        ],
        "person_id": "",
        "appearance_id": 0,
        "start": "00:00:00",
        "duration": "00:00:00"
      }
    ],
    "tags": null,
    "original_filename": "https://raw.githubusercontent.com/sarkrui/Hairstyle60k/master/Dataset/Crew_Cut/IMG_16.jpg",
    "duration": "00:00:00"
  },
  "recognize": null
}