{
  "media": {
    "media_uuid": "0d5ebef2-6d98-4f97-988d-e2d104d234f8",
    "checksum": "a2a46bc8e9ebb255bdbd972308c3aa97ef579e714a08bdc4dd7eb0ebefc39f53",
    "faces": [
      {
        "face_uuid": "9306c2a2-1535-11e9-99c4-0cc47a6c4dbd",
        "media_uuid": "0d5ebef2-6d98-4f97-988d-e2d104d234f8",
        "x": 200.0,
        "y": 293.0,
        "width": 215.78,
        "height": 305.53,
        "angle": 1.8275,
        "detection_score": 1.0,
        "points": [
          {
            "x": 111.25,
            "y": 254.16,
            "type": 512,
            "name": "basic eye left"
          },
          {
            "x": 213.06,
            "y": 250.91,
            "type": 768,
            "name": "basic eye right"
          },
          {
            "x": 91.45,
            "y": 255.52,
            "type": 1024,
            "name": "basic eye left outer"
          },
          {
            "x": 237.75,
            "y": 251.29,
            "type": 1280,
            "name": "basic eye right outer"
          },
          {
            "x": 130.67,
            "y": 253.54,
            "type": 1536,
            "name": "basic eye left inner"
          },
          {
            "x": 189.23,
            "y": 251.49,
            "type": 1792,
            "name": "basic eye right inner"
          },
          {
            "x": 113.33,
            "y": 370.94,
            "type": 2048,
            "name": "basic mouth left"
          },
          {
            "x": 197.52,
            "y": 374.96,
            "type": 2304,
            "name": "basic mouth right"
          },
          {
            "x": 134.59,
            "y": 315.37,
            "type": 2560,
            "name": "basic nose tip"
          },
          {
            "x": 152.92,
            "y": 372.92,
            "type": 2816,
            "name": "basic mouth center"
          },
          {
            "x": 152.92,
            "y": 372.92,
            "type": 3072,
            "name": "basic eyebrow left"
          },
          {
            "x": 152.92,
            "y": 372.92,
            "type": 3328,
            "name": "basic eyebrow left inner corner"
          },
          {
            "x": 152.92,
            "y": 372.92,
            "type": 3584,
            "name": "basic eyebrow left outer corner"
          },
          {
            "x": 152.92,
            "y": 372.92,
            "type": 3840,
            "name": "basic eyebrow right"
          },
          {
            "x": 152.92,
            "y": 372.92,
            "type": 4096,
            "name": "basic eyebrow right inner corner"
          },
          {
            "x": 152.92,
            "y": 372.92,
            "type": 4352,
            "name": "basic eyebrow right outer corner"
          },
          {
            "x": 152.92,
            "y": 372.92,
            "type": 4608,
            "name": "basic chin bottom"
          },
          {
            "x": 152.92,
            "y": 372.92,
            "type": 4864,
            "name": "basic chin left"
          },
          {
            "x": 152.92,
            "y": 372.92,
            "type": 5120,
            "name": "basic chin right"
          },
          {
            "x": 119.56,
            "y": 322.3,
            "type": 5376,
            "name": "basic nose left"
          },
          {
            "x": 174.43,
            "y": 323.52,
            "type": 5632,
            "name": "basic nose right"
          }
        ],
        "user_points": null,
        "tags": [
          {
            "name": "5oclock shadow",
            "value": "yes",
            "confidence": 0.93
          },
          {
            "name": "age",
            "value": "34",
            "confidence": 0.6
          },
          {
            "name": "arched eyebrows",
            "value": "no",
            "confidence": 1.0
          },
          {
            "name": "attractive",
            "value": "yes",
            "confidence": 0.07
          },
          {
            "name": "bags under eyes",
            "value": "yes",
            "confidence": 0.11
          },
          {
            "name": "bald",
            "value": "no",
            "confidence": 0.73
          },
          {
            "name": "bangs",
            "value": "no",
            "confidence": 0.76
          },
          {
            "name": "beard",
            "value": "yes",
            "confidence": 1.0
          },
          {
            "name": "big lips",
            "value": "no",
            "confidence": 0.73
          },
          {
            "name": "big nose",
            "value": "no",
            "confidence": 0.26
          },
          {
            "name": "black hair",
            "value": "no",
            "confidence": 0.49
          },
          {
            "name": "blond hair",
            "value": "no",
            "confidence": 0.95
          },
          {
            "name": "blurry",
            "value": "no",
            "confidence": 0.52
          },
          {
            "name": "brown hair",
            "value": "yes",
            "confidence": 0.61
          },
          {
            "name": "bushy eyebrows",
            "value": "yes",
            "confidence": 0.22
          },
          {
            "name": "chubby",
            "value": "no",
            "confidence": 0.62
          },
          {
            "name": "double chin",
            "value": "no",
            "confidence": 0.94
          },
          {
            "name": "expression",
            "value": "neutral",
            "confidence": 0.92
          },
          {
            "name": "gender",
            "value": "male",
            "confidence": 0.91
          },
          {
            "name": "glasses",
            "value": "no",
            "confidence": 1.0
          },
          {
            "name": "goatee",
            "value": "yes",
            "confidence": 0.94
          },
          {
            "name": "gray hair",
            "value": "no",
            "confidence": 0.84
          },
          {
            "name": "heavy makeup",
            "value": "no",
            "confidence": 0.9
          },
          {
            "name": "high cheekbones",
            "value": "no",
            "confidence": 0.98
          },
          {
            "name": "mouth open",
            "value": "no",
            "confidence": 0.85
          },
          {
            "name": "mustache",
            "value": "yes",
            "confidence": 0.8
          },
          {
            "name": "narrow eyes",
            "value": "no",
            "confidence": 0.04
          },
          {
            "name": "oval face",
            "value": "no",
            "confidence": 0.35
          },
          {
            "name": "pale skin",
            "value": "no",
            "confidence": 0.51
          },
          {
            "name": "pitch",
            "value": "-6.18",
            "confidence": 1.0
          },
          {
            "name": "pointy nose",
            "value": "no",
            "confidence": 0.19
          },
          {
            "name": "race",
            "value": "white",
            "confidence": 1.0
          },
          {
            "name": "receding hairline",
            "value": "no",
            "confidence": 0.9
          },
          {
            "name": "rosy cheeks",
            "value": "no",
            "confidence": 1.0
          },
          {
            "name": "sideburns",
            "value": "yes",
            "confidence": 1.0
          },
          {
            "name": "straight hair",
            "value": "yes",
            "confidence": 0.53
          },
          {
            "name": "wavy hair",
            "value": "no",
            "confidence": 0.6
          },
          {
            "name": "wearing earrings",
            "value": "no",
            "confidence": 1.0
          },
          {
            "name": "wearing hat",
            "value": "no",
            "confidence": 0.87
          },
          {
            "name": "wearing lipstick",
            "value": "no",
            "confidence": 0.91
          },
          {
            "name": "wearing necklace",
            "value": "no",
            "confidence": 1.0
          },
          {
            "name": "wearing necktie",
            "value": "yes",
            "confidence": 0.22
          },
          {
            "name": "yaw",
            "value": "45.91",
            "confidence": 1.0
          },
          {
            "name": "young",
            "value": "yes",
            "confidence": 0.24
          }
        ],
        "person_id": "",
        "appearance_id": 0,
        "start": "00:00:00",
        "duration": "00:00:00"
      }
    ],
    "tags": null,
    "original_filename": "https://raw.githubusercontent.com/sarkrui/Hairstyle60k/master/Dataset/Crew_Cut/IMG_8.jpg",
    "duration": "00:00:00"
  },
  "recognize": null
}