{
  "media": {
    "media_uuid": "6e20543b-1c36-4286-a473-6a236c061208",
    "checksum": "30adeaf079e1f01c1669e249e1a45167a0d82dcc9067c41e959dc40d71310a3e",
    "faces": [
      {
        "face_uuid": "95c32ff4-1535-11e9-99c4-0cc47a6c4dbd",
        "media_uuid": "6e20543b-1c36-4286-a473-6a236c061208",
        "x": 222.0,
        "y": 334.5,
        "width": 242.51,
        "height": 313.56,
        "angle": 3.5085,
        "detection_score": 0.93,
        "points": [
          {
            "x": 165.31,
            "y": 297.92,
            "type": 512,
            "name": "basic eye left"
          },
          {
            "x": 278.05,
            "y": 291.0,
            "type": 768,
            "name": "basic eye right"
          },
          {
            "x": 141.34,
            "y": 300.23,
            "type": 1024,
            "name": "basic eye left outer"
          },
          {
            "x": 302.61,
            "y": 290.38,
            "type": 1280,
            "name": "basic eye right outer"
          },
          {
            "x": 189.19,
            "y": 297.71,
            "type": 1536,
            "name": "basic eye left inner"
          },
          {
            "x": 253.74,
            "y": 293.75,
            "type": 1792,
            "name": "basic eye right inner"
          },
          {
            "x": 183.42,
            "y": 422.48,
            "type": 2048,
            "name": "basic mouth left"
          },
          {
            "x": 271.5,
            "y": 417.18,
            "type": 2304,
            "name": "basic mouth right"
          },
          {
            "x": 221.33,
            "y": 363.03,
            "type": 2560,
            "name": "basic nose tip"
          },
          {
            "x": 227.11,
            "y": 420.22,
            "type": 2816,
            "name": "basic mouth center"
          },
          {
            "x": 227.11,
            "y": 420.22,
            "type": 3072,
            "name": "basic eyebrow left"
          },
          {
            "x": 227.11,
            "y": 420.22,
            "type": 3328,
            "name": "basic eyebrow left inner corner"
          },
          {
            "x": 227.11,
            "y": 420.22,
            "type": 3584,
            "name": "basic eyebrow left outer corner"
          },
          {
            "x": 227.11,
            "y": 420.22,
            "type": 3840,
            "name": "basic eyebrow right"
          },
          {
            "x": 227.11,
            "y": 420.22,
            "type": 4096,
            "name": "basic eyebrow right inner corner"
          },
          {
            "x": 227.11,
            "y": 420.22,
            "type": 4352,
            "name": "basic eyebrow right outer corner"
          },
          {
            "x": 227.11,
            "y": 420.22,
            "type": 4608,
            "name": "basic chin bottom"
          },
          {
            "x": 227.11,
            "y": 420.22,
            "type": 4864,
            "name": "basic chin left"
          },
          {
            "x": 227.11,
            "y": 420.22,
            "type": 5120,
            "name": "basic chin right"
          },
          {
            "x": 194.33,
            "y": 369.27,
            "type": 5376,
            "name": "basic nose left"
          },
          {
            "x": 252.26,
            "y": 365.91,
            "type": 5632,
            "name": "basic nose right"
          }
        ],
        "user_points": null,
        "tags": [
          {
            "name": "5oclock shadow",
            "value": "yes",
            "confidence": 0.17
          },
          {
            "name": "age",
            "value": "39",
            "confidence": 0.6
          },
          {
            "name": "arched eyebrows",
            "value": "no",
            "confidence": 0.53
          },
          {
            "name": "attractive",
            "value": "yes",
            "confidence": 1.0
          },
          {
            "name": "bags under eyes",
            "value": "no",
            "confidence": 0.1
          },
          {
            "name": "bald",
            "value": "no",
            "confidence": 1.0
          },
          {
            "name": "bangs",
            "value": "no",
            "confidence": 0.24
          },
          {
            "name": "beard",
            "value": "no",
            "confidence": 0.26
          },
          {
            "name": "big lips",
            "value": "yes",
            "confidence": 0.04
          },
          {
            "name": "big nose",
            "value": "no",
            "confidence": 0.04
          },
          {
            "name": "black hair",
            "value": "yes",
            "confidence": 0.21
          },
          {
            "name": "blond hair",
            "value": "no",
            "confidence": 0.88
          },
          {
            "name": "blurry",
            "value": "no",
            "confidence": 1.0
          },
          {
            "name": "brown hair",
            "value": "no",
            "confidence": 0.48
          },
          {
            "name": "bushy eyebrows",
            "value": "yes",
            "confidence": 0.81
          },
          {
            "name": "chubby",
            "value": "no",
            "confidence": 1.0
          },
          {
            "name": "double chin",
            "value": "no",
            "confidence": 1.0
          },
          {
            "name": "expression",
            "value": "neutral",
            "confidence": 0.92
          },
          {
            "name": "gender",
            "value": "male",
            "confidence": 0.85
          },
          {
            "name": "glasses",
            "value": "no",
            "confidence": 1.0
          },
          {
            "name": "goatee",
            "value": "no",
            "confidence": 0.8
          },
          {
            "name": "gray hair",
            "value": "no",
            "confidence": 1.0
          },
          {
            "name": "heavy makeup",
            "value": "no",
            "confidence": 0.83
          },
          {
            "name": "high cheekbones",
            "value": "no",
            "confidence": 1.0
          },
          {
            "name": "mouth open",
            "value": "no",
            "confidence": 1.0
          },
          {
            "name": "mustache",
            "value": "no",
            "confidence": 0.56
          },
          {
            "name": "narrow eyes",
            "value": "no",
            "confidence": 1.0
          },
          {
            "name": "oval face",
            "value": "no",
            "confidence": 0.25
          },
          {
            "name": "pale skin",
            "value": "yes",
            "confidence": 1.0
          },
          {
            "name": "pitch",
            "value": "-11.26",
            "confidence": 1.0
          },
          {
            "name": "pointy nose",
            "value": "no",
            "confidence": 0.03
          },
          {
            "name": "race",
            "value": "white",
            "confidence": 0.99
          },
          {
            "name": "receding hairline",
            "value": "no",
            "confidence": 1.0
          },
          {
            "name": "rosy cheeks",
            "value": "no",
            "confidence": 1.0
          },
          {
            "name": "sideburns",
            "value": "no",
            "confidence": 0.67
          },
          {
            "name": "straight hair",
            "value": "yes",
            "confidence": 0.47
          },
          {
            "name": "wavy hair",
            "value": "no",
            "confidence": 0.55
          },
          {
            "name": "wearing earrings",
            "value": "no",
            "confidence": 1.0
          },
          {
            "name": "wearing hat",
            "value": "no",
            "confidence": 0.46
          },
          {
            "name": "wearing lipstick",
            "value": "no",
            "confidence": 0.74
          },
          {
            "name": "wearing necklace",
            "value": "no",
            "confidence": 0.99
          },
          {
            "name": "wearing necktie",
            "value": "yes",
            "confidence": 0.2
          },
          {
            "name": "yaw",
            "value": "-1.51",
            "confidence": 1.0
          },
          {
            "name": "young",
            "value": "yes",
            "confidence": 1.0
          }
        ],
        "person_id": "",
        "appearance_id": 0,
        "start": "00:00:00",
        "duration": "00:00:00"
      }
    ],
    "tags": null,
    "original_filename": "https://raw.githubusercontent.com/sarkrui/Hairstyle60k/master/Dataset/Crew_Cut/IMG_10.jpg",
    "duration": "00:00:00"
  },
  "recognize": null
}