{
  "media": {
    "media_uuid": "54ab7c58-9807-47f4-ae60-77a707d20ff0",
    "checksum": "b7d1e305820cbaede91d2d24ced8674f9bb9803301742affacb35132fe0a16c4",
    "faces": [
      {
        "face_uuid": "8c407164-1535-11e9-99c4-0cc47a6c4dbd",
        "media_uuid": "54ab7c58-9807-47f4-ae60-77a707d20ff0",
        "x": 206.5,
        "y": 299.5,
        "width": 228.66,
        "height": 309.02,
        "angle": 5.4335,
        "detection_score": 1.0,
        "points": [
          {
            "x": 99.97,
            "y": 268.58,
            "type": 512,
            "name": "basic eye left"
          },
          {
            "x": 209.86,
            "y": 258.13,
            "type": 768,
            "name": "basic eye right"
          },
          {
            "x": 78.25,
            "y": 271.18,
            "type": 1024,
            "name": "basic eye left outer"
          },
          {
            "x": 235.72,
            "y": 256.32,
            "type": 1280,
            "name": "basic eye right outer"
          },
          {
            "x": 121.4,
            "y": 266.76,
            "type": 1536,
            "name": "basic eye left inner"
          },
          {
            "x": 185.18,
            "y": 260.69,
            "type": 1792,
            "name": "basic eye right inner"
          },
          {
            "x": 118.15,
            "y": 384.09,
            "type": 2048,
            "name": "basic mouth left"
          },
          {
            "x": 209.14,
            "y": 376.68,
            "type": 2304,
            "name": "basic mouth right"
          },
          {
            "x": 136.58,
            "y": 328.88,
            "type": 2560,
            "name": "basic nose tip"
          },
          {
            "x": 161.12,
            "y": 380.77,
            "type": 2816,
            "name": "basic mouth center"
          },
          {
            "x": 161.12,
            "y": 380.77,
            "type": 3072,
            "name": "basic eyebrow left"
          },
          {
            "x": 161.12,
            "y": 380.77,
            "type": 3328,
            "name": "basic eyebrow left inner corner"
          },
          {
            "x": 161.12,
            "y": 380.77,
            "type": 3584,
            "name": "basic eyebrow left outer corner"
          },
          {
            "x": 161.12,
            "y": 380.77,
            "type": 3840,
            "name": "basic eyebrow right"
          },
          {
            "x": 161.12,
            "y": 380.77,
            "type": 4096,
            "name": "basic eyebrow right inner corner"
          },
          {
            "x": 161.12,
            "y": 380.77,
            "type": 4352,
            "name": "basic eyebrow right outer corner"
          },
          {
            "x": 161.12,
            "y": 380.77,
            "type": 4608,
            "name": "basic chin bottom"
          },
          {
            "x": 161.12,
            "y": 380.77,
            "type": 4864,
            "name": "basic chin left"
          },
          {
            "x": 161.12,
            "y": 380.77,
            "type": 5120,
            "name": "basic chin right"
          },
          {
            "x": 118.51,
            "y": 335.67,
            "type": 5376,
            "name": "basic nose left"
          },
          {
            "x": 178.37,
            "y": 331.11,
            "type": 5632,
            "name": "basic nose right"
          }
        ],
        "user_points": null,
        "tags": [
          {
            "name": "5oclock shadow",
            "value": "no",
            "confidence": 0.11
          },
          {
            "name": "age",
            "value": "32",
            "confidence": 0.6
          },
          {
            "name": "arched eyebrows",
            "value": "no",
            "confidence": 0.94
          },
          {
            "name": "attractive",
            "value": "no",
            "confidence": 0.45
          },
          {
            "name": "bags under eyes",
            "value": "no",
            "confidence": 0.45
          },
          {
            "name": "bald",
            "value": "no",
            "confidence": 0.88
          },
          {
            "name": "bangs",
            "value": "no",
            "confidence": 0.47
          },
          {
            "name": "beard",
            "value": "no",
            "confidence": 0.18
          },
          {
            "name": "big lips",
            "value": "no",
            "confidence": 0.01
          },
          {
            "name": "big nose",
            "value": "no",
            "confidence": 0.33
          },
          {
            "name": "black hair",
            "value": "yes",
            "confidence": 0.65
          },
          {
            "name": "blond hair",
            "value": "no",
            "confidence": 1.0
          },
          {
            "name": "blurry",
            "value": "no",
            "confidence": 0.3
          },
          {
            "name": "brown hair",
            "value": "no",
            "confidence": 0.66
          },
          {
            "name": "bushy eyebrows",
            "value": "yes",
            "confidence": 0.14
          },
          {
            "name": "chubby",
            "value": "no",
            "confidence": 0.88
          },
          {
            "name": "double chin",
            "value": "no",
            "confidence": 1.0
          },
          {
            "name": "expression",
            "value": "neutral",
            "confidence": 1.0
          },
          {
            "name": "gender",
            "value": "male",
            "confidence": 0.7
          },
          {
            "name": "glasses",
            "value": "no",
            "confidence": 1.0
          },
          {
            "name": "goatee",
            "value": "no",
            "confidence": 0.55
          },
          {
            "name": "gray hair",
            "value": "no",
            "confidence": 1.0
          },
          {
            "name": "heavy makeup",
            "value": "no",
            "confidence": 0.88
          },
          {
            "name": "high cheekbones",
            "value": "no",
            "confidence": 0.82
          },
          {
            "name": "mouth open",
            "value": "no",
            "confidence": 0.26
          },
          {
            "name": "mustache",
            "value": "no",
            "confidence": 0.41
          },
          {
            "name": "narrow eyes",
            "value": "no",
            "confidence": 0.05
          },
          {
            "name": "oval face",
            "value": "no",
            "confidence": 0.55
          },
          {
            "name": "pale skin",
            "value": "yes",
            "confidence": 0.35
          },
          {
            "name": "pitch",
            "value": "-5.94",
            "confidence": 1.0
          },
          {
            "name": "pointy nose",
            "value": "no",
            "confidence": 0.45
          },
          {
            "name": "race",
            "value": "white",
            "confidence": 0.93
          },
          {
            "name": "receding hairline",
            "value": "no",
            "confidence": 0.64
          },
          {
            "name": "rosy cheeks",
            "value": "no",
            "confidence": 1.0
          },
          {
            "name": "sideburns",
            "value": "no",
            "confidence": 0.64
          },
          {
            "name": "straight hair",
            "value": "yes",
            "confidence": 0.27
          },
          {
            "name": "wavy hair",
            "value": "no",
            "confidence": 0.93
          },
          {
            "name": "wearing earrings",
            "value": "no",
            "confidence": 0.76
          },
          {
            "name": "wearing hat",
            "value": "no",
            "confidence": 0.36
          },
          {
            "name": "wearing lipstick",
            "value": "no",
            "confidence": 0.86
          },
          {
            "name": "wearing necklace",
            "value": "no",
            "confidence": 1.0
          },
          {
            "name": "wearing necktie",
            "value": "no",
            "confidence": 0.44
          },
          {
            "name": "yaw",
            "value": "55.5",
            "confidence": 1.0
          },
          {
            "name": "young",
            "value": "yes",
            "confidence": 0.84
          }
        ],
        "person_id": "",
        "appearance_id": 0,
        "start": "00:00:00",
        "duration": "00:00:00"
      }
    ],
    "tags": null,
    "original_filename": "https://raw.githubusercontent.com/sarkrui/Hairstyle60k/master/Dataset/Crew_Cut/IMG_2.jpg",
    "duration": "00:00:00"
  },
  "recognize": null
}