{
  "media": {
    "media_uuid": "6074f80a-ccf8-482e-9829-b79971af5f11",
    "checksum": "3a69e88d7be4eb1d5d39220641bb6c0090dcb0e5e1fed509b1099738e95f044e",
    "faces": [
      {
        "face_uuid": "96c7f208-1535-11e9-99c4-0cc47a6c4dbd",
        "media_uuid": "6074f80a-ccf8-482e-9829-b79971af5f11",
        "x": 256.0,
        "y": 330.5,
        "width": 304.21,
        "height": 429.52,
        "angle": -1.7218,
        "detection_score": 1.0,
        "points": [
          {
            "x": 221.72,
            "y": 295.39,
            "type": 512,
            "name": "basic eye left"
          },
          {
            "x": 361.78,
            "y": 299.6,
            "type": 768,
            "name": "basic eye right"
          },
          {
            "x": 188.11,
            "y": 294.8,
            "type": 1024,
            "name": "basic eye left outer"
          },
          {
            "x": 389.68,
            "y": 300.62,
            "type": 1280,
            "name": "basic eye right outer"
          },
          {
            "x": 254.39,
            "y": 296.72,
            "type": 1536,
            "name": "basic eye left inner"
          },
          {
            "x": 333.95,
            "y": 299.29,
            "type": 1792,
            "name": "basic eye right inner"
          },
          {
            "x": 219.34,
            "y": 461.34,
            "type": 2048,
            "name": "basic mouth left"
          },
          {
            "x": 347.7,
            "y": 471.27,
            "type": 2304,
            "name": "basic mouth right"
          },
          {
            "x": 324.3,
            "y": 399.8,
            "type": 2560,
            "name": "basic nose tip"
          },
          {
            "x": 285.01,
            "y": 468.12,
            "type": 2816,
            "name": "basic mouth center"
          },
          {
            "x": 285.01,
            "y": 468.12,
            "type": 3072,
            "name": "basic eyebrow left"
          },
          {
            "x": 285.01,
            "y": 468.12,
            "type": 3328,
            "name": "basic eyebrow left inner corner"
          },
          {
            "x": 285.01,
            "y": 468.12,
            "type": 3584,
            "name": "basic eyebrow left outer corner"
          },
          {
            "x": 285.01,
            "y": 468.12,
            "type": 3840,
            "name": "basic eyebrow right"
          },
          {
            "x": 285.01,
            "y": 468.12,
            "type": 4096,
            "name": "basic eyebrow right inner corner"
          },
          {
            "x": 285.01,
            "y": 468.12,
            "type": 4352,
            "name": "basic eyebrow right outer corner"
          },
          {
            "x": 285.01,
            "y": 468.12,
            "type": 4608,
            "name": "basic chin bottom"
          },
          {
            "x": 285.01,
            "y": 468.12,
            "type": 4864,
            "name": "basic chin left"
          },
          {
            "x": 285.01,
            "y": 468.12,
            "type": 5120,
            "name": "basic chin right"
          },
          {
            "x": 270.54,
            "y": 404.11,
            "type": 5376,
            "name": "basic nose left"
          },
          {
            "x": 348.93,
            "y": 407.54,
            "type": 5632,
            "name": "basic nose right"
          }
        ],
        "user_points": null,
        "tags": [
          {
            "name": "5oclock shadow",
            "value": "yes",
            "confidence": 0.7
          },
          {
            "name": "age",
            "value": "28",
            "confidence": 0.6
          },
          {
            "name": "arched eyebrows",
            "value": "no",
            "confidence": 1.0
          },
          {
            "name": "attractive",
            "value": "no",
            "confidence": 0.65
          },
          {
            "name": "bags under eyes",
            "value": "no",
            "confidence": 0.38
          },
          {
            "name": "bald",
            "value": "no",
            "confidence": 0.21
          },
          {
            "name": "bangs",
            "value": "no",
            "confidence": 1.0
          },
          {
            "name": "beard",
            "value": "yes",
            "confidence": 0.81
          },
          {
            "name": "big lips",
            "value": "no",
            "confidence": 0.99
          },
          {
            "name": "big nose",
            "value": "no",
            "confidence": 0.28
          },
          {
            "name": "black hair",
            "value": "no",
            "confidence": 0.42
          },
          {
            "name": "blond hair",
            "value": "no",
            "confidence": 0.99
          },
          {
            "name": "blurry",
            "value": "no",
            "confidence": 0.16
          },
          {
            "name": "brown hair",
            "value": "yes",
            "confidence": 0.0
          },
          {
            "name": "bushy eyebrows",
            "value": "no",
            "confidence": 0.53
          },
          {
            "name": "chubby",
            "value": "no",
            "confidence": 0.17
          },
          {
            "name": "double chin",
            "value": "no",
            "confidence": 0.38
          },
          {
            "name": "expression",
            "value": "neutral",
            "confidence": 0.85
          },
          {
            "name": "gender",
            "value": "male",
            "confidence": 1.0
          },
          {
            "name": "glasses",
            "value": "no",
            "confidence": 1.0
          },
          {
            "name": "goatee",
            "value": "yes",
            "confidence": 0.37
          },
          {
            "name": "gray hair",
            "value": "no",
            "confidence": 0.33
          },
          {
            "name": "heavy makeup",
            "value": "no",
            "confidence": 0.95
          },
          {
            "name": "high cheekbones",
            "value": "no",
            "confidence": 0.97
          },
          {
            "name": "mouth open",
            "value": "no",
            "confidence": 1.0
          },
          {
            "name": "mustache",
            "value": "yes",
            "confidence": 0.38
          },
          {
            "name": "narrow eyes",
            "value": "no",
            "confidence": 0.52
          },
          {
            "name": "oval face",
            "value": "no",
            "confidence": 0.16
          },
          {
            "name": "pale skin",
            "value": "no",
            "confidence": 0.84
          },
          {
            "name": "pitch",
            "value": "-6.64",
            "confidence": 1.0
          },
          {
            "name": "pointy nose",
            "value": "no",
            "confidence": 0.0
          },
          {
            "name": "race",
            "value": "asian",
            "confidence": 1.0
          },
          {
            "name": "receding hairline",
            "value": "no",
            "confidence": 0.1
          },
          {
            "name": "rosy cheeks",
            "value": "no",
            "confidence": 0.79
          },
          {
            "name": "sideburns",
            "value": "yes",
            "confidence": 0.41
          },
          {
            "name": "straight hair",
            "value": "yes",
            "confidence": 0.29
          },
          {
            "name": "wavy hair",
            "value": "no",
            "confidence": 0.91
          },
          {
            "name": "wearing earrings",
            "value": "no",
            "confidence": 0.96
          },
          {
            "name": "wearing hat",
            "value": "no",
            "confidence": 0.85
          },
          {
            "name": "wearing lipstick",
            "value": "no",
            "confidence": 0.95
          },
          {
            "name": "wearing necklace",
            "value": "no",
            "confidence": 1.0
          },
          {
            "name": "wearing necktie",
            "value": "yes",
            "confidence": 0.38
          },
          {
            "name": "yaw",
            "value": "-10.28",
            "confidence": 1.0
          },
          {
            "name": "young",
            "value": "no",
            "confidence": 0.46
          }
        ],
        "person_id": "",
        "appearance_id": 0,
        "start": "00:00:00",
        "duration": "00:00:00"
      }
    ],
    "tags": null,
    "original_filename": "https://raw.githubusercontent.com/sarkrui/Hairstyle60k/master/Dataset/Crew_Cut/IMG_11.jpg",
    "duration": "00:00:00"
  },
  "recognize": null
}