{
  "media": {
    "media_uuid": "46823775-a826-481e-a498-9b535b10681e",
    "checksum": "4ef6766bbe2d31f9bbc5a20e7f69348bfc741533a85741dd8947e0c461b7aaa4",
    "faces": [
      {
        "face_uuid": "b7f5ef3c-1535-11e9-99c4-0cc47a6c4dbd",
        "media_uuid": "46823775-a826-481e-a498-9b535b10681e",
        "x": 247.5,
        "y": 314.0,
        "width": 163.74,
        "height": 203.0,
        "angle": -9.97,
        "detection_score": 1.0,
        "points": [
          {
            "x": 230.53,
            "y": 285.34,
            "type": 512,
            "name": "basic eye left"
          },
          {
            "x": 305.83,
            "y": 298.58,
            "type": 768,
            "name": "basic eye right"
          },
          {
            "x": 213.48,
            "y": 282.45,
            "type": 1024,
            "name": "basic eye left outer"
          },
          {
            "x": 320.94,
            "y": 301.25,
            "type": 1280,
            "name": "basic eye right outer"
          },
          {
            "x": 247.13,
            "y": 290.34,
            "type": 1536,
            "name": "basic eye left inner"
          },
          {
            "x": 290.58,
            "y": 298.04,
            "type": 1792,
            "name": "basic eye right inner"
          },
          {
            "x": 225.75,
            "y": 378.26,
            "type": 2048,
            "name": "basic mouth left"
          },
          {
            "x": 283.5,
            "y": 387.03,
            "type": 2304,
            "name": "basic mouth right"
          },
          {
            "x": 271.77,
            "y": 348.77,
            "type": 2560,
            "name": "basic nose tip"
          },
          {
            "x": 255.86,
            "y": 383.49,
            "type": 2816,
            "name": "basic mouth center"
          },
          {
            "x": 255.86,
            "y": 383.49,
            "type": 3072,
            "name": "basic eyebrow left"
          },
          {
            "x": 255.86,
            "y": 383.49,
            "type": 3328,
            "name": "basic eyebrow left inner corner"
          },
          {
            "x": 255.86,
            "y": 383.49,
            "type": 3584,
            "name": "basic eyebrow left outer corner"
          },
          {
            "x": 255.86,
            "y": 383.49,
            "type": 3840,
            "name": "basic eyebrow right"
          },
          {
            "x": 255.86,
            "y": 383.49,
            "type": 4096,
            "name": "basic eyebrow right inner corner"
          },
          {
            "x": 255.86,
            "y": 383.49,
            "type": 4352,
            "name": "basic eyebrow right outer corner"
          },
          {
            "x": 255.86,
            "y": 383.49,
            "type": 4608,
            "name": "basic chin bottom"
          },
          {
            "x": 255.86,
            "y": 383.49,
            "type": 4864,
            "name": "basic chin left"
          },
          {
            "x": 255.86,
            "y": 383.49,
            "type": 5120,
            "name": "basic chin right"
          },
          {
            "x": 246.45,
            "y": 349.43,
            "type": 5376,
            "name": "basic nose left"
          },
          {
            "x": 284.04,
            "y": 355.74,
            "type": 5632,
            "name": "basic nose right"
          }
        ],
        "user_points": null,
        "tags": [
          {
            "name": "5oclock shadow",
            "value": "no",
            "confidence": 1.0
          },
          {
            "name": "age",
            "value": "19",
            "confidence": 0.6
          },
          {
            "name": "arched eyebrows",
            "value": "no",
            "confidence": 0.39
          },
          {
            "name": "attractive",
            "value": "yes",
            "confidence": 0.57
          },
          {
            "name": "bags under eyes",
            "value": "no",
            "confidence": 1.0
          },
          {
            "name": "bald",
            "value": "no",
            "confidence": 0.87
          },
          {
            "name": "bangs",
            "value": "yes",
            "confidence": 0.84
          },
          {
            "name": "beard",
            "value": "no",
            "confidence": 0.96
          },
          {
            "name": "big lips",
            "value": "no",
            "confidence": 0.25
          },
          {
            "name": "big nose",
            "value": "no",
            "confidence": 1.0
          },
          {
            "name": "black hair",
            "value": "no",
            "confidence": 0.51
          },
          {
            "name": "blond hair",
            "value": "no",
            "confidence": 0.86
          },
          {
            "name": "blurry",
            "value": "no",
            "confidence": 1.0
          },
          {
            "name": "brown hair",
            "value": "yes",
            "confidence": 0.47
          },
          {
            "name": "bushy eyebrows",
            "value": "no",
            "confidence": 0.4
          },
          {
            "name": "chubby",
            "value": "no",
            "confidence": 1.0
          },
          {
            "name": "double chin",
            "value": "no",
            "confidence": 1.0
          },
          {
            "name": "expression",
            "value": "neutral",
            "confidence": 0.91
          },
          {
            "name": "gender",
            "value": "female",
            "confidence": 0.81
          },
          {
            "name": "glasses",
            "value": "no",
            "confidence": 1.0
          },
          {
            "name": "goatee",
            "value": "no",
            "confidence": 0.92
          },
          {
            "name": "gray hair",
            "value": "no",
            "confidence": 0.94
          },
          {
            "name": "heavy makeup",
            "value": "yes",
            "confidence": 0.58
          },
          {
            "name": "high cheekbones",
            "value": "no",
            "confidence": 0.8
          },
          {
            "name": "mouth open",
            "value": "no",
            "confidence": 0.95
          },
          {
            "name": "mustache",
            "value": "no",
            "confidence": 0.97
          },
          {
            "name": "narrow eyes",
            "value": "no",
            "confidence": 1.0
          },
          {
            "name": "oval face",
            "value": "yes",
            "confidence": 0.53
          },
          {
            "name": "pale skin",
            "value": "yes",
            "confidence": 0.4
          },
          {
            "name": "pitch",
            "value": "-7.54",
            "confidence": 1.0
          },
          {
            "name": "pointy nose",
            "value": "yes",
            "confidence": 0.15
          },
          {
            "name": "race",
            "value": "asian",
            "confidence": 0.99
          },
          {
            "name": "receding hairline",
            "value": "no",
            "confidence": 1.0
          },
          {
            "name": "rosy cheeks",
            "value": "no",
            "confidence": 0.51
          },
          {
            "name": "sideburns",
            "value": "no",
            "confidence": 1.0
          },
          {
            "name": "straight hair",
            "value": "yes",
            "confidence": 0.25
          },
          {
            "name": "wavy hair",
            "value": "no",
            "confidence": 0.44
          },
          {
            "name": "wearing earrings",
            "value": "no",
            "confidence": 0.2
          },
          {
            "name": "wearing hat",
            "value": "no",
            "confidence": 0.78
          },
          {
            "name": "wearing lipstick",
            "value": "yes",
            "confidence": 0.63
          },
          {
            "name": "wearing necklace",
            "value": "no",
            "confidence": 0.43
          },
          {
            "name": "wearing necktie",
            "value": "no",
            "confidence": 0.79
          },
          {
            "name": "yaw",
            "value": "-20.52",
            "confidence": 1.0
          },
          {
            "name": "young",
            "value": "yes",
            "confidence": 0.78
          }
        ],
        "person_id": "",
        "appearance_id": 0,
        "start": "00:00:00",
        "duration": "00:00:00"
      }
    ],
    "tags": null,
    "original_filename": "https://raw.githubusercontent.com/sarkrui/Hairstyle60k/master/Dataset/Crop/IMG_17.jpg",
    "duration": "00:00:00"
  },
  "recognize": null
}