{
  "media": {
    "media_uuid": "3d56dacd-b66f-469d-8940-2abc7c85e078",
    "checksum": "f49844d68d2001d12f34947e32bd710100db567dea20f695ed0ec5609d964f4d",
    "faces": [
      {
        "face_uuid": "bc576f7f-1535-11e9-99c4-0cc47a6c4dbd",
        "media_uuid": "3d56dacd-b66f-469d-8940-2abc7c85e078",
        "x": 504.77,
        "y": 462.64,
        "width": 361.42,
        "height": 482.95,
        "angle": 14.6062,
        "detection_score": 1.0,
        "points": [
          {
            "x": 449.08,
            "y": 426.37,
            "type": 512,
            "name": "basic eye left"
          },
          {
            "x": 610.86,
            "y": 384.21,
            "type": 768,
            "name": "basic eye right"
          },
          {
            "x": 411.96,
            "y": 436.72,
            "type": 1024,
            "name": "basic eye left outer"
          },
          {
            "x": 643.97,
            "y": 375.97,
            "type": 1280,
            "name": "basic eye right outer"
          },
          {
            "x": 486.47,
            "y": 419.36,
            "type": 1536,
            "name": "basic eye left inner"
          },
          {
            "x": 579.31,
            "y": 395.43,
            "type": 1792,
            "name": "basic eye right inner"
          },
          {
            "x": 525.7,
            "y": 607.97,
            "type": 2048,
            "name": "basic mouth left"
          },
          {
            "x": 643.84,
            "y": 573.5,
            "type": 2304,
            "name": "basic mouth right"
          },
          {
            "x": 583.11,
            "y": 508.61,
            "type": 2560,
            "name": "basic nose tip"
          },
          {
            "x": 587.42,
            "y": 590.76,
            "type": 2816,
            "name": "basic mouth center"
          },
          {
            "x": 587.42,
            "y": 590.76,
            "type": 3072,
            "name": "basic eyebrow left"
          },
          {
            "x": 587.42,
            "y": 590.76,
            "type": 3328,
            "name": "basic eyebrow left inner corner"
          },
          {
            "x": 587.42,
            "y": 590.76,
            "type": 3584,
            "name": "basic eyebrow left outer corner"
          },
          {
            "x": 587.42,
            "y": 590.76,
            "type": 3840,
            "name": "basic eyebrow right"
          },
          {
            "x": 587.42,
            "y": 590.76,
            "type": 4096,
            "name": "basic eyebrow right inner corner"
          },
          {
            "x": 587.42,
            "y": 590.76,
            "type": 4352,
            "name": "basic eyebrow right outer corner"
          },
          {
            "x": 587.42,
            "y": 590.76,
            "type": 4608,
            "name": "basic chin bottom"
          },
          {
            "x": 587.42,
            "y": 590.76,
            "type": 4864,
            "name": "basic chin left"
          },
          {
            "x": 587.42,
            "y": 590.76,
            "type": 5120,
            "name": "basic chin right"
          },
          {
            "x": 534.63,
            "y": 531.02,
            "type": 5376,
            "name": "basic nose left"
          },
          {
            "x": 614.33,
            "y": 508.2,
            "type": 5632,
            "name": "basic nose right"
          }
        ],
        "user_points": null,
        "tags": [
          {
            "name": "5oclock shadow",
            "value": "no",
            "confidence": 0.66
          },
          {
            "name": "age",
            "value": "25",
            "confidence": 0.6
          },
          {
            "name": "arched eyebrows",
            "value": "no",
            "confidence": 0.34
          },
          {
            "name": "attractive",
            "value": "yes",
            "confidence": 0.25
          },
          {
            "name": "bags under eyes",
            "value": "no",
            "confidence": 0.14
          },
          {
            "name": "bald",
            "value": "no",
            "confidence": 0.75
          },
          {
            "name": "bangs",
            "value": "no",
            "confidence": 0.17
          },
          {
            "name": "beard",
            "value": "no",
            "confidence": 0.66
          },
          {
            "name": "big lips",
            "value": "yes",
            "confidence": 0.32
          },
          {
            "name": "big nose",
            "value": "no",
            "confidence": 0.15
          },
          {
            "name": "black hair",
            "value": "no",
            "confidence": 0.42
          },
          {
            "name": "blond hair",
            "value": "no",
            "confidence": 0.41
          },
          {
            "name": "blurry",
            "value": "no",
            "confidence": 1.0
          },
          {
            "name": "brown hair",
            "value": "no",
            "confidence": 0.42
          },
          {
            "name": "bushy eyebrows",
            "value": "no",
            "confidence": 0.11
          },
          {
            "name": "chubby",
            "value": "no",
            "confidence": 1.0
          },
          {
            "name": "double chin",
            "value": "no",
            "confidence": 1.0
          },
          {
            "name": "expression",
            "value": "neutral",
            "confidence": 0.92
          },
          {
            "name": "gender",
            "value": "female",
            "confidence": 0.38
          },
          {
            "name": "glasses",
            "value": "no",
            "confidence": 1.0
          },
          {
            "name": "goatee",
            "value": "no",
            "confidence": 0.96
          },
          {
            "name": "gray hair",
            "value": "no",
            "confidence": 0.68
          },
          {
            "name": "heavy makeup",
            "value": "no",
            "confidence": 0.28
          },
          {
            "name": "high cheekbones",
            "value": "no",
            "confidence": 0.87
          },
          {
            "name": "mouth open",
            "value": "no",
            "confidence": 0.71
          },
          {
            "name": "mustache",
            "value": "no",
            "confidence": 0.8
          },
          {
            "name": "narrow eyes",
            "value": "no",
            "confidence": 0.77
          },
          {
            "name": "oval face",
            "value": "no",
            "confidence": 0.33
          },
          {
            "name": "pale skin",
            "value": "yes",
            "confidence": 1.0
          },
          {
            "name": "pitch",
            "value": "-8.67",
            "confidence": 1.0
          },
          {
            "name": "pointy nose",
            "value": "yes",
            "confidence": 0.03
          },
          {
            "name": "race",
            "value": "white",
            "confidence": 0.73
          },
          {
            "name": "receding hairline",
            "value": "no",
            "confidence": 0.54
          },
          {
            "name": "rosy cheeks",
            "value": "no",
            "confidence": 1.0
          },
          {
            "name": "sideburns",
            "value": "no",
            "confidence": 0.96
          },
          {
            "name": "straight hair",
            "value": "yes",
            "confidence": 0.01
          },
          {
            "name": "wavy hair",
            "value": "no",
            "confidence": 0.61
          },
          {
            "name": "wearing earrings",
            "value": "no",
            "confidence": 0.4
          },
          {
            "name": "wearing hat",
            "value": "no",
            "confidence": 0.15
          },
          {
            "name": "wearing lipstick",
            "value": "yes",
            "confidence": 0.01
          },
          {
            "name": "wearing necklace",
            "value": "no",
            "confidence": 0.53
          },
          {
            "name": "wearing necktie",
            "value": "no",
            "confidence": 0.81
          },
          {
            "name": "yaw",
            "value": "-19.96",
            "confidence": 1.0
          },
          {
            "name": "young",
            "value": "yes",
            "confidence": 0.85
          }
        ],
        "person_id": "",
        "appearance_id": 0,
        "start": "00:00:00",
        "duration": "00:00:00"
      }
    ],
    "tags": null,
    "original_filename": "https://raw.githubusercontent.com/sarkrui/Hairstyle60k/master/Dataset/Crop/IMG_21.jpg",
    "duration": "00:00:00"
  },
  "recognize": null
}