{
  "media": {
    "media_uuid": "6c864f9f-d00b-44cb-946d-576f826afa04",
    "checksum": "99eaffd6a12c7c811a9a519d73e11723dc472d41f8930a2e9f8a302a40067370",
    "faces": [
      {
        "face_uuid": "ad0fd35c-1535-11e9-99c4-0cc47a6c4dbd",
        "media_uuid": "6c864f9f-d00b-44cb-946d-576f826afa04",
        "x": 225.0,
        "y": 112.5,
        "width": 84.22,
        "height": 110.06,
        "angle": 0.7784,
        "detection_score": 1.0,
        "points": [
          {
            "x": 203.84,
            "y": 97.5,
            "type": 512,
            "name": "basic eye left"
          },
          {
            "x": 243.28,
            "y": 96.96,
            "type": 768,
            "name": "basic eye right"
          },
          {
            "x": 194.94,
            "y": 97.73,
            "type": 1024,
            "name": "basic eye left outer"
          },
          {
            "x": 251.14,
            "y": 96.92,
            "type": 1280,
            "name": "basic eye right outer"
          },
          {
            "x": 212.62,
            "y": 98.09,
            "type": 1536,
            "name": "basic eye left inner"
          },
          {
            "x": 235.54,
            "y": 97.83,
            "type": 1792,
            "name": "basic eye right inner"
          },
          {
            "x": 220.02,
            "y": 146.85,
            "type": 2048,
            "name": "basic mouth left"
          },
          {
            "x": 248.35,
            "y": 144.91,
            "type": 2304,
            "name": "basic mouth right"
          },
          {
            "x": 234.43,
            "y": 122.99,
            "type": 2560,
            "name": "basic nose tip"
          },
          {
            "x": 234.65,
            "y": 145.85,
            "type": 2816,
            "name": "basic mouth center"
          },
          {
            "x": 234.65,
            "y": 145.85,
            "type": 3072,
            "name": "basic eyebrow left"
          },
          {
            "x": 234.65,
            "y": 145.85,
            "type": 3328,
            "name": "basic eyebrow left inner corner"
          },
          {
            "x": 234.65,
            "y": 145.85,
            "type": 3584,
            "name": "basic eyebrow left outer corner"
          },
          {
            "x": 234.65,
            "y": 145.85,
            "type": 3840,
            "name": "basic eyebrow right"
          },
          {
            "x": 234.65,
            "y": 145.85,
            "type": 4096,
            "name": "basic eyebrow right inner corner"
          },
          {
            "x": 234.65,
            "y": 145.85,
            "type": 4352,
            "name": "basic eyebrow right outer corner"
          },
          {
            "x": 234.65,
            "y": 145.85,
            "type": 4608,
            "name": "basic chin bottom"
          },
          {
            "x": 234.65,
            "y": 145.85,
            "type": 4864,
            "name": "basic chin left"
          },
          {
            "x": 234.65,
            "y": 145.85,
            "type": 5120,
            "name": "basic chin right"
          },
          {
            "x": 221.64,
            "y": 126.93,
            "type": 5376,
            "name": "basic nose left"
          },
          {
            "x": 241.63,
            "y": 126.04,
            "type": 5632,
            "name": "basic nose right"
          }
        ],
        "user_points": null,
        "tags": [
          {
            "name": "5oclock shadow",
            "value": "no",
            "confidence": 1.0
          },
          {
            "name": "age",
            "value": "37",
            "confidence": 0.6
          },
          {
            "name": "arched eyebrows",
            "value": "no",
            "confidence": 1.0
          },
          {
            "name": "attractive",
            "value": "no",
            "confidence": 0.85
          },
          {
            "name": "bags under eyes",
            "value": "no",
            "confidence": 0.8
          },
          {
            "name": "bald",
            "value": "no",
            "confidence": 0.77
          },
          {
            "name": "bangs",
            "value": "no",
            "confidence": 0.18
          },
          {
            "name": "beard",
            "value": "no",
            "confidence": 1.0
          },
          {
            "name": "big lips",
            "value": "no",
            "confidence": 0.73
          },
          {
            "name": "big nose",
            "value": "no",
            "confidence": 0.38
          },
          {
            "name": "black hair",
            "value": "no",
            "confidence": 0.47
          },
          {
            "name": "blond hair",
            "value": "no",
            "confidence": 0.74
          },
          {
            "name": "blurry",
            "value": "yes",
            "confidence": 0.29
          },
          {
            "name": "brown hair",
            "value": "yes",
            "confidence": 0.01
          },
          {
            "name": "bushy eyebrows",
            "value": "no",
            "confidence": 0.77
          },
          {
            "name": "chubby",
            "value": "no",
            "confidence": 0.27
          },
          {
            "name": "double chin",
            "value": "no",
            "confidence": 0.58
          },
          {
            "name": "expression",
            "value": "neutral",
            "confidence": 1.0
          },
          {
            "name": "gender",
            "value": "male",
            "confidence": 0.19
          },
          {
            "name": "glasses",
            "value": "yes",
            "confidence": 0.9
          },
          {
            "name": "goatee",
            "value": "no",
            "confidence": 1.0
          },
          {
            "name": "gray hair",
            "value": "no",
            "confidence": 0.33
          },
          {
            "name": "heavy makeup",
            "value": "no",
            "confidence": 0.9
          },
          {
            "name": "high cheekbones",
            "value": "no",
            "confidence": 0.93
          },
          {
            "name": "mouth open",
            "value": "no",
            "confidence": 0.73
          },
          {
            "name": "mustache",
            "value": "no",
            "confidence": 1.0
          },
          {
            "name": "narrow eyes",
            "value": "no",
            "confidence": 0.85
          },
          {
            "name": "oval face",
            "value": "no",
            "confidence": 0.12
          },
          {
            "name": "pale skin",
            "value": "no",
            "confidence": 0.0
          },
          {
            "name": "pitch",
            "value": "-6.75",
            "confidence": 1.0
          },
          {
            "name": "pointy nose",
            "value": "no",
            "confidence": 0.74
          },
          {
            "name": "race",
            "value": "asian",
            "confidence": 0.75
          },
          {
            "name": "receding hairline",
            "value": "no",
            "confidence": 0.7
          },
          {
            "name": "rosy cheeks",
            "value": "no",
            "confidence": 1.0
          },
          {
            "name": "sideburns",
            "value": "no",
            "confidence": 1.0
          },
          {
            "name": "straight hair",
            "value": "no",
            "confidence": 0.31
          },
          {
            "name": "wavy hair",
            "value": "no",
            "confidence": 0.08
          },
          {
            "name": "wearing earrings",
            "value": "no",
            "confidence": 0.6
          },
          {
            "name": "wearing hat",
            "value": "no",
            "confidence": 0.09
          },
          {
            "name": "wearing lipstick",
            "value": "no",
            "confidence": 0.84
          },
          {
            "name": "wearing necklace",
            "value": "no",
            "confidence": 0.51
          },
          {
            "name": "wearing necktie",
            "value": "no",
            "confidence": 0.6
          },
          {
            "name": "yaw",
            "value": "-30",
            "confidence": 1.0
          },
          {
            "name": "young",
            "value": "no",
            "confidence": 0.03
          }
        ],
        "person_id": "",
        "appearance_id": 0,
        "start": "00:00:00",
        "duration": "00:00:00"
      }
    ],
    "tags": null,
    "original_filename": "https://raw.githubusercontent.com/sarkrui/Hairstyle60k/master/Dataset/Crop/IMG_8.jpg",
    "duration": "00:00:00"
  },
  "recognize": null
}