{
  "media": {
    "media_uuid": "79397df2-d155-4006-bfec-c205a7355aae",
    "checksum": "fc7b1a52b18b3f06cb80d423312a73a3a73593eeda06a4f148f65f01be4f7dfc",
    "faces": [
      {
        "face_uuid": "b6dbfbb8-1535-11e9-99c4-0cc47a6c4dbd",
        "media_uuid": "79397df2-d155-4006-bfec-c205a7355aae",
        "x": 239.0,
        "y": 216.5,
        "width": 141.16,
        "height": 197.43,
        "angle": -1.5435,
        "detection_score": 1.0,
        "points": [
          {
            "x": 197.6,
            "y": 190.6,
            "type": 512,
            "name": "basic eye left"
          },
          {
            "x": 271.44,
            "y": 192.59,
            "type": 768,
            "name": "basic eye right"
          },
          {
            "x": 181.99,
            "y": 190.78,
            "type": 1024,
            "name": "basic eye left outer"
          },
          {
            "x": 286.52,
            "y": 193.54,
            "type": 1280,
            "name": "basic eye right outer"
          },
          {
            "x": 213.25,
            "y": 192.51,
            "type": 1536,
            "name": "basic eye left inner"
          },
          {
            "x": 256.48,
            "y": 193.72,
            "type": 1792,
            "name": "basic eye right inner"
          },
          {
            "x": 202.49,
            "y": 265.83,
            "type": 2048,
            "name": "basic mouth left"
          },
          {
            "x": 261.45,
            "y": 267.35,
            "type": 2304,
            "name": "basic mouth right"
          },
          {
            "x": 236.13,
            "y": 233.56,
            "type": 2560,
            "name": "basic nose tip"
          },
          {
            "x": 232.2,
            "y": 267.46,
            "type": 2816,
            "name": "basic mouth center"
          },
          {
            "x": 232.2,
            "y": 267.46,
            "type": 3072,
            "name": "basic eyebrow left"
          },
          {
            "x": 232.2,
            "y": 267.46,
            "type": 3328,
            "name": "basic eyebrow left inner corner"
          },
          {
            "x": 232.2,
            "y": 267.46,
            "type": 3584,
            "name": "basic eyebrow left outer corner"
          },
          {
            "x": 232.2,
            "y": 267.46,
            "type": 3840,
            "name": "basic eyebrow right"
          },
          {
            "x": 232.2,
            "y": 267.46,
            "type": 4096,
            "name": "basic eyebrow right inner corner"
          },
          {
            "x": 232.2,
            "y": 267.46,
            "type": 4352,
            "name": "basic eyebrow right outer corner"
          },
          {
            "x": 232.2,
            "y": 267.46,
            "type": 4608,
            "name": "basic chin bottom"
          },
          {
            "x": 232.2,
            "y": 267.46,
            "type": 4864,
            "name": "basic chin left"
          },
          {
            "x": 232.2,
            "y": 267.46,
            "type": 5120,
            "name": "basic chin right"
          },
          {
            "x": 216.08,
            "y": 238.48,
            "type": 5376,
            "name": "basic nose left"
          },
          {
            "x": 253.08,
            "y": 239.5,
            "type": 5632,
            "name": "basic nose right"
          }
        ],
        "user_points": null,
        "tags": [
          {
            "name": "5oclock shadow",
            "value": "no",
            "confidence": 0.83
          },
          {
            "name": "age",
            "value": "15",
            "confidence": 0.6
          },
          {
            "name": "arched eyebrows",
            "value": "yes",
            "confidence": 0.27
          },
          {
            "name": "attractive",
            "value": "no",
            "confidence": 0.24
          },
          {
            "name": "bags under eyes",
            "value": "no",
            "confidence": 0.53
          },
          {
            "name": "bald",
            "value": "no",
            "confidence": 0.71
          },
          {
            "name": "bangs",
            "value": "yes",
            "confidence": 0.79
          },
          {
            "name": "beard",
            "value": "no",
            "confidence": 0.85
          },
          {
            "name": "big lips",
            "value": "yes",
            "confidence": 0.63
          },
          {
            "name": "big nose",
            "value": "yes",
            "confidence": 0.06
          },
          {
            "name": "black hair",
            "value": "no",
            "confidence": 0.07
          },
          {
            "name": "blond hair",
            "value": "no",
            "confidence": 0.83
          },
          {
            "name": "blurry",
            "value": "no",
            "confidence": 1.0
          },
          {
            "name": "brown hair",
            "value": "no",
            "confidence": 0.43
          },
          {
            "name": "bushy eyebrows",
            "value": "no",
            "confidence": 0.08
          },
          {
            "name": "chubby",
            "value": "no",
            "confidence": 0.43
          },
          {
            "name": "double chin",
            "value": "no",
            "confidence": 0.6
          },
          {
            "name": "expression",
            "value": "neutral",
            "confidence": 0.52
          },
          {
            "name": "gender",
            "value": "female",
            "confidence": 0.91
          },
          {
            "name": "glasses",
            "value": "no",
            "confidence": 1.0
          },
          {
            "name": "goatee",
            "value": "no",
            "confidence": 0.82
          },
          {
            "name": "gray hair",
            "value": "no",
            "confidence": 0.93
          },
          {
            "name": "heavy makeup",
            "value": "yes",
            "confidence": 0.57
          },
          {
            "name": "high cheekbones",
            "value": "no",
            "confidence": 0.35
          },
          {
            "name": "mouth open",
            "value": "no",
            "confidence": 0.7
          },
          {
            "name": "mustache",
            "value": "no",
            "confidence": 0.84
          },
          {
            "name": "narrow eyes",
            "value": "no",
            "confidence": 0.92
          },
          {
            "name": "oval face",
            "value": "yes",
            "confidence": 0.07
          },
          {
            "name": "pale skin",
            "value": "no",
            "confidence": 0.42
          },
          {
            "name": "pitch",
            "value": "-8.95",
            "confidence": 1.0
          },
          {
            "name": "pointy nose",
            "value": "no",
            "confidence": 0.39
          },
          {
            "name": "race",
            "value": "white",
            "confidence": 0.51
          },
          {
            "name": "receding hairline",
            "value": "no",
            "confidence": 0.86
          },
          {
            "name": "rosy cheeks",
            "value": "no",
            "confidence": 0.24
          },
          {
            "name": "sideburns",
            "value": "no",
            "confidence": 1.0
          },
          {
            "name": "straight hair",
            "value": "no",
            "confidence": 0.13
          },
          {
            "name": "wavy hair",
            "value": "no",
            "confidence": 0.71
          },
          {
            "name": "wearing earrings",
            "value": "yes",
            "confidence": 0.57
          },
          {
            "name": "wearing hat",
            "value": "yes",
            "confidence": 0.47
          },
          {
            "name": "wearing lipstick",
            "value": "yes",
            "confidence": 0.71
          },
          {
            "name": "wearing necklace",
            "value": "yes",
            "confidence": 0.42
          },
          {
            "name": "wearing necktie",
            "value": "no",
            "confidence": 1.0
          },
          {
            "name": "yaw",
            "value": "-7.9",
            "confidence": 1.0
          },
          {
            "name": "young",
            "value": "yes",
            "confidence": 0.51
          }
        ],
        "person_id": "",
        "appearance_id": 0,
        "start": "00:00:00",
        "duration": "00:00:00"
      }
    ],
    "tags": null,
    "original_filename": "https://raw.githubusercontent.com/sarkrui/Hairstyle60k/master/Dataset/Crop/IMG_16.jpg",
    "duration": "00:00:00"
  },
  "recognize": null
}