{
  "media": {
    "media_uuid": "867bada4-a4b2-45da-88f7-58f5b61af889",
    "checksum": "86a355c01ef2572bc86670f564c5859dbf8d1a99702822411ca96ce192f32214",
    "faces": [
      {
        "face_uuid": "a9040943-1535-11e9-99c4-0cc47a6c4dbd",
        "media_uuid": "867bada4-a4b2-45da-88f7-58f5b61af889",
        "x": 573.94,
        "y": 620.84,
        "width": 511.27,
        "height": 657.35,
        "angle": 1.5369,
        "detection_score": 1.0,
        "points": [
          {
            "x": 446.39,
            "y": 554.9,
            "type": 512,
            "name": "basic eye left"
          },
          {
            "x": 694.9,
            "y": 548.23,
            "type": 768,
            "name": "basic eye right"
          },
          {
            "x": 394.5,
            "y": 558.46,
            "type": 1024,
            "name": "basic eye left outer"
          },
          {
            "x": 747.93,
            "y": 549.0,
            "type": 1280,
            "name": "basic eye right outer"
          },
          {
            "x": 497.91,
            "y": 556.14,
            "type": 1536,
            "name": "basic eye left inner"
          },
          {
            "x": 642.23,
            "y": 552.27,
            "type": 1792,
            "name": "basic eye right inner"
          },
          {
            "x": 488.61,
            "y": 806.8,
            "type": 2048,
            "name": "basic mouth left"
          },
          {
            "x": 684.61,
            "y": 798.24,
            "type": 2304,
            "name": "basic mouth right"
          },
          {
            "x": 566.03,
            "y": 688.0,
            "type": 2560,
            "name": "basic nose tip"
          },
          {
            "x": 585.86,
            "y": 803.96,
            "type": 2816,
            "name": "basic mouth center"
          },
          {
            "x": 585.86,
            "y": 803.96,
            "type": 3072,
            "name": "basic eyebrow left"
          },
          {
            "x": 585.86,
            "y": 803.96,
            "type": 3328,
            "name": "basic eyebrow left inner corner"
          },
          {
            "x": 585.86,
            "y": 803.96,
            "type": 3584,
            "name": "basic eyebrow left outer corner"
          },
          {
            "x": 585.86,
            "y": 803.96,
            "type": 3840,
            "name": "basic eyebrow right"
          },
          {
            "x": 585.86,
            "y": 803.96,
            "type": 4096,
            "name": "basic eyebrow right inner corner"
          },
          {
            "x": 585.86,
            "y": 803.96,
            "type": 4352,
            "name": "basic eyebrow right outer corner"
          },
          {
            "x": 585.86,
            "y": 803.96,
            "type": 4608,
            "name": "basic chin bottom"
          },
          {
            "x": 585.86,
            "y": 803.96,
            "type": 4864,
            "name": "basic chin left"
          },
          {
            "x": 585.86,
            "y": 803.96,
            "type": 5120,
            "name": "basic chin right"
          },
          {
            "x": 508.08,
            "y": 702.52,
            "type": 5376,
            "name": "basic nose left"
          },
          {
            "x": 636.17,
            "y": 697.63,
            "type": 5632,
            "name": "basic nose right"
          }
        ],
        "user_points": null,
        "tags": [
          {
            "name": "5oclock shadow",
            "value": "no",
            "confidence": 0.2
          },
          {
            "name": "age",
            "value": "20",
            "confidence": 0.6
          },
          {
            "name": "arched eyebrows",
            "value": "no",
            "confidence": 0.61
          },
          {
            "name": "attractive",
            "value": "no",
            "confidence": 0.35
          },
          {
            "name": "bags under eyes",
            "value": "yes",
            "confidence": 0.16
          },
          {
            "name": "bald",
            "value": "no",
            "confidence": 0.73
          },
          {
            "name": "bangs",
            "value": "no",
            "confidence": 0.59
          },
          {
            "name": "beard",
            "value": "no",
            "confidence": 0.25
          },
          {
            "name": "big lips",
            "value": "no",
            "confidence": 0.07
          },
          {
            "name": "big nose",
            "value": "yes",
            "confidence": 0.02
          },
          {
            "name": "black hair",
            "value": "no",
            "confidence": 0.27
          },
          {
            "name": "blond hair",
            "value": "no",
            "confidence": 0.82
          },
          {
            "name": "blurry",
            "value": "no",
            "confidence": 0.62
          },
          {
            "name": "brown hair",
            "value": "yes",
            "confidence": 0.16
          },
          {
            "name": "bushy eyebrows",
            "value": "no",
            "confidence": 0.09
          },
          {
            "name": "chubby",
            "value": "no",
            "confidence": 0.79
          },
          {
            "name": "double chin",
            "value": "no",
            "confidence": 0.86
          },
          {
            "name": "expression",
            "value": "neutral",
            "confidence": 0.92
          },
          {
            "name": "gender",
            "value": "male",
            "confidence": 0.4
          },
          {
            "name": "glasses",
            "value": "no",
            "confidence": 1.0
          },
          {
            "name": "goatee",
            "value": "no",
            "confidence": 0.64
          },
          {
            "name": "gray hair",
            "value": "no",
            "confidence": 0.66
          },
          {
            "name": "heavy makeup",
            "value": "no",
            "confidence": 0.83
          },
          {
            "name": "high cheekbones",
            "value": "no",
            "confidence": 0.84
          },
          {
            "name": "mouth open",
            "value": "no",
            "confidence": 0.44
          },
          {
            "name": "mustache",
            "value": "no",
            "confidence": 0.5
          },
          {
            "name": "narrow eyes",
            "value": "no",
            "confidence": 0.71
          },
          {
            "name": "oval face",
            "value": "no",
            "confidence": 0.29
          },
          {
            "name": "pale skin",
            "value": "yes",
            "confidence": 0.5
          },
          {
            "name": "pitch",
            "value": "-9.01",
            "confidence": 1.0
          },
          {
            "name": "pointy nose",
            "value": "no",
            "confidence": 0.25
          },
          {
            "name": "race",
            "value": "white",
            "confidence": 1.0
          },
          {
            "name": "receding hairline",
            "value": "no",
            "confidence": 0.24
          },
          {
            "name": "rosy cheeks",
            "value": "no",
            "confidence": 1.0
          },
          {
            "name": "sideburns",
            "value": "no",
            "confidence": 0.67
          },
          {
            "name": "straight hair",
            "value": "no",
            "confidence": 0.18
          },
          {
            "name": "wavy hair",
            "value": "no",
            "confidence": 0.15
          },
          {
            "name": "wearing earrings",
            "value": "no",
            "confidence": 0.68
          },
          {
            "name": "wearing hat",
            "value": "no",
            "confidence": 1.0
          },
          {
            "name": "wearing lipstick",
            "value": "no",
            "confidence": 0.68
          },
          {
            "name": "wearing necklace",
            "value": "no",
            "confidence": 0.84
          },
          {
            "name": "wearing necktie",
            "value": "no",
            "confidence": 0.38
          },
          {
            "name": "yaw",
            "value": "-7.1",
            "confidence": 1.0
          },
          {
            "name": "young",
            "value": "yes",
            "confidence": 0.24
          }
        ],
        "person_id": "",
        "appearance_id": 0,
        "start": "00:00:00",
        "duration": "00:00:00"
      }
    ],
    "tags": null,
    "original_filename": "https://raw.githubusercontent.com/sarkrui/Hairstyle60k/master/Dataset/Crop/IMG_4.jpg",
    "duration": "00:00:00"
  },
  "recognize": null
}