{
  "media": {
    "media_uuid": "00e86452-9bfe-495a-9aab-01d3a3f2a238",
    "checksum": "807a355d6baef2f5550a2e789001ad56b2d799f8c22fccf7bf4ad78b6156f499",
    "faces": [
      {
        "face_uuid": "c8d1f9eb-1535-11e9-99c4-0cc47a6c4dbd",
        "media_uuid": "00e86452-9bfe-495a-9aab-01d3a3f2a238",
        "x": 344.78,
        "y": 246.7,
        "width": 228.24,
        "height": 320.11,
        "angle": -3.6424,
        "detection_score": 1.0,
        "points": [
          {
            "x": 291.29,
            "y": 211.64,
            "type": 512,
            "name": "basic eye left"
          },
          {
            "x": 409.27,
            "y": 219.15,
            "type": 768,
            "name": "basic eye right"
          },
          {
            "x": 265.71,
            "y": 211.72,
            "type": 1024,
            "name": "basic eye left outer"
          },
          {
            "x": 432.89,
            "y": 222.21,
            "type": 1280,
            "name": "basic eye right outer"
          },
          {
            "x": 316.52,
            "y": 213.75,
            "type": 1536,
            "name": "basic eye left inner"
          },
          {
            "x": 386.02,
            "y": 218.3,
            "type": 1792,
            "name": "basic eye right inner"
          },
          {
            "x": 283.7,
            "y": 322.98,
            "type": 2048,
            "name": "basic mouth left"
          },
          {
            "x": 399.31,
            "y": 331.59,
            "type": 2304,
            "name": "basic mouth right"
          },
          {
            "x": 357.34,
            "y": 268.82,
            "type": 2560,
            "name": "basic nose tip"
          },
          {
            "x": 342.51,
            "y": 329.12,
            "type": 2816,
            "name": "basic mouth center"
          },
          {
            "x": 342.51,
            "y": 329.12,
            "type": 3072,
            "name": "basic eyebrow left"
          },
          {
            "x": 342.51,
            "y": 329.12,
            "type": 3328,
            "name": "basic eyebrow left inner corner"
          },
          {
            "x": 342.51,
            "y": 329.12,
            "type": 3584,
            "name": "basic eyebrow left outer corner"
          },
          {
            "x": 342.51,
            "y": 329.12,
            "type": 3840,
            "name": "basic eyebrow right"
          },
          {
            "x": 342.51,
            "y": 329.12,
            "type": 4096,
            "name": "basic eyebrow right inner corner"
          },
          {
            "x": 342.51,
            "y": 329.12,
            "type": 4352,
            "name": "basic eyebrow right outer corner"
          },
          {
            "x": 342.51,
            "y": 329.12,
            "type": 4608,
            "name": "basic chin bottom"
          },
          {
            "x": 342.51,
            "y": 329.12,
            "type": 4864,
            "name": "basic chin left"
          },
          {
            "x": 342.51,
            "y": 329.12,
            "type": 5120,
            "name": "basic chin right"
          },
          {
            "x": 320.17,
            "y": 276.35,
            "type": 5376,
            "name": "basic nose left"
          },
          {
            "x": 383.39,
            "y": 281.07,
            "type": 5632,
            "name": "basic nose right"
          }
        ],
        "user_points": null,
        "tags": [
          {
            "name": "5oclock shadow",
            "value": "no",
            "confidence": 1.0
          },
          {
            "name": "age",
            "value": "19",
            "confidence": 0.6
          },
          {
            "name": "arched eyebrows",
            "value": "yes",
            "confidence": 1.0
          },
          {
            "name": "attractive",
            "value": "no",
            "confidence": 0.23
          },
          {
            "name": "bags under eyes",
            "value": "no",
            "confidence": 0.29
          },
          {
            "name": "bald",
            "value": "no",
            "confidence": 0.32
          },
          {
            "name": "bangs",
            "value": "no",
            "confidence": 1.0
          },
          {
            "name": "beard",
            "value": "no",
            "confidence": 1.0
          },
          {
            "name": "big lips",
            "value": "yes",
            "confidence": 0.51
          },
          {
            "name": "big nose",
            "value": "yes",
            "confidence": 0.71
          },
          {
            "name": "black hair",
            "value": "yes",
            "confidence": 0.65
          },
          {
            "name": "blond hair",
            "value": "no",
            "confidence": 0.83
          },
          {
            "name": "blurry",
            "value": "no",
            "confidence": 0.99
          },
          {
            "name": "brown hair",
            "value": "no",
            "confidence": 1.0
          },
          {
            "name": "bushy eyebrows",
            "value": "no",
            "confidence": 0.28
          },
          {
            "name": "chubby",
            "value": "yes",
            "confidence": 0.26
          },
          {
            "name": "double chin",
            "value": "yes",
            "confidence": 0.24
          },
          {
            "name": "expression",
            "value": "smile",
            "confidence": 0.92
          },
          {
            "name": "gender",
            "value": "female",
            "confidence": 0.87
          },
          {
            "name": "glasses",
            "value": "no",
            "confidence": 1.0
          },
          {
            "name": "goatee",
            "value": "no",
            "confidence": 0.95
          },
          {
            "name": "gray hair",
            "value": "no",
            "confidence": 0.51
          },
          {
            "name": "heavy makeup",
            "value": "yes",
            "confidence": 1.0
          },
          {
            "name": "high cheekbones",
            "value": "yes",
            "confidence": 1.0
          },
          {
            "name": "mouth open",
            "value": "yes",
            "confidence": 1.0
          },
          {
            "name": "mustache",
            "value": "no",
            "confidence": 0.86
          },
          {
            "name": "narrow eyes",
            "value": "no",
            "confidence": 0.21
          },
          {
            "name": "oval face",
            "value": "yes",
            "confidence": 0.49
          },
          {
            "name": "pale skin",
            "value": "no",
            "confidence": 1.0
          },
          {
            "name": "pitch",
            "value": "-9.7",
            "confidence": 1.0
          },
          {
            "name": "pointy nose",
            "value": "no",
            "confidence": 0.32
          },
          {
            "name": "race",
            "value": "white",
            "confidence": 1.0
          },
          {
            "name": "receding hairline",
            "value": "yes",
            "confidence": 0.92
          },
          {
            "name": "rosy cheeks",
            "value": "yes",
            "confidence": 0.83
          },
          {
            "name": "sideburns",
            "value": "no",
            "confidence": 1.0
          },
          {
            "name": "straight hair",
            "value": "no",
            "confidence": 0.51
          },
          {
            "name": "wavy hair",
            "value": "no",
            "confidence": 0.21
          },
          {
            "name": "wearing earrings",
            "value": "yes",
            "confidence": 1.0
          },
          {
            "name": "wearing hat",
            "value": "no",
            "confidence": 0.67
          },
          {
            "name": "wearing lipstick",
            "value": "yes",
            "confidence": 1.0
          },
          {
            "name": "wearing necklace",
            "value": "yes",
            "confidence": 0.45
          },
          {
            "name": "wearing necktie",
            "value": "no",
            "confidence": 0.78
          },
          {
            "name": "yaw",
            "value": "-1.52",
            "confidence": 1.0
          },
          {
            "name": "young",
            "value": "yes",
            "confidence": 0.08
          }
        ],
        "person_id": "",
        "appearance_id": 0,
        "start": "00:00:00",
        "duration": "00:00:00"
      }
    ],
    "tags": null,
    "original_filename": "https://raw.githubusercontent.com/sarkrui/Hairstyle60k/master/Dataset/Croydon_Facelift/IMG_9.jpg",
    "duration": "00:00:00"
  },
  "recognize": null
}