{
  "media": {
    "media_uuid": "fd84ac98-fdb4-4ba0-8cec-3624fafcf177",
    "checksum": "d93c0b3fe7c54b1502af0eeca3a49ac3e553de032b1223d0e0d4ef2ce774b60d",
    "faces": [
      {
        "face_uuid": "cb2edae1-1535-11e9-99c4-0cc47a6c4dbd",
        "media_uuid": "fd84ac98-fdb4-4ba0-8cec-3624fafcf177",
        "x": 235.11,
        "y": 275.51,
        "width": 179.72,
        "height": 262.67,
        "angle": -2.5838,
        "detection_score": 1.0,
        "points": [
          {
            "x": 170.74,
            "y": 248.55,
            "type": 512,
            "name": "basic eye left"
          },
          {
            "x": 256.59,
            "y": 252.43,
            "type": 768,
            "name": "basic eye right"
          },
          {
            "x": 153.22,
            "y": 248.02,
            "type": 1024,
            "name": "basic eye left outer"
          },
          {
            "x": 276.87,
            "y": 253.87,
            "type": 1280,
            "name": "basic eye right outer"
          },
          {
            "x": 187.78,
            "y": 249.54,
            "type": 1536,
            "name": "basic eye left inner"
          },
          {
            "x": 236.59,
            "y": 251.6,
            "type": 1792,
            "name": "basic eye right inner"
          },
          {
            "x": 176.27,
            "y": 343.17,
            "type": 2048,
            "name": "basic mouth left"
          },
          {
            "x": 244.4,
            "y": 346.26,
            "type": 2304,
            "name": "basic mouth right"
          },
          {
            "x": 195.95,
            "y": 304.21,
            "type": 2560,
            "name": "basic nose tip"
          },
          {
            "x": 209.03,
            "y": 345.29,
            "type": 2816,
            "name": "basic mouth center"
          },
          {
            "x": 209.03,
            "y": 345.29,
            "type": 3072,
            "name": "basic eyebrow left"
          },
          {
            "x": 209.03,
            "y": 345.29,
            "type": 3328,
            "name": "basic eyebrow left inner corner"
          },
          {
            "x": 209.03,
            "y": 345.29,
            "type": 3584,
            "name": "basic eyebrow left outer corner"
          },
          {
            "x": 209.03,
            "y": 345.29,
            "type": 3840,
            "name": "basic eyebrow right"
          },
          {
            "x": 209.03,
            "y": 345.29,
            "type": 4096,
            "name": "basic eyebrow right inner corner"
          },
          {
            "x": 209.03,
            "y": 345.29,
            "type": 4352,
            "name": "basic eyebrow right outer corner"
          },
          {
            "x": 209.03,
            "y": 345.29,
            "type": 4608,
            "name": "basic chin bottom"
          },
          {
            "x": 209.03,
            "y": 345.29,
            "type": 4864,
            "name": "basic chin left"
          },
          {
            "x": 209.03,
            "y": 345.29,
            "type": 5120,
            "name": "basic chin right"
          },
          {
            "x": 180.81,
            "y": 305.47,
            "type": 5376,
            "name": "basic nose left"
          },
          {
            "x": 226.08,
            "y": 307.66,
            "type": 5632,
            "name": "basic nose right"
          }
        ],
        "user_points": null,
        "tags": [
          {
            "name": "5oclock shadow",
            "value": "no",
            "confidence": 1.0
          },
          {
            "name": "age",
            "value": "17",
            "confidence": 0.6
          },
          {
            "name": "arched eyebrows",
            "value": "yes",
            "confidence": 0.07
          },
          {
            "name": "attractive",
            "value": "yes",
            "confidence": 0.95
          },
          {
            "name": "bags under eyes",
            "value": "no",
            "confidence": 1.0
          },
          {
            "name": "bald",
            "value": "no",
            "confidence": 0.83
          },
          {
            "name": "bangs",
            "value": "no",
            "confidence": 1.0
          },
          {
            "name": "beard",
            "value": "no",
            "confidence": 1.0
          },
          {
            "name": "big lips",
            "value": "no",
            "confidence": 0.27
          },
          {
            "name": "big nose",
            "value": "no",
            "confidence": 1.0
          },
          {
            "name": "black hair",
            "value": "no",
            "confidence": 0.94
          },
          {
            "name": "blond hair",
            "value": "no",
            "confidence": 0.06
          },
          {
            "name": "blurry",
            "value": "no",
            "confidence": 1.0
          },
          {
            "name": "brown hair",
            "value": "yes",
            "confidence": 0.49
          },
          {
            "name": "bushy eyebrows",
            "value": "no",
            "confidence": 0.93
          },
          {
            "name": "chubby",
            "value": "no",
            "confidence": 1.0
          },
          {
            "name": "double chin",
            "value": "no",
            "confidence": 1.0
          },
          {
            "name": "expression",
            "value": "smile",
            "confidence": 0.13
          },
          {
            "name": "gender",
            "value": "female",
            "confidence": 0.98
          },
          {
            "name": "glasses",
            "value": "no",
            "confidence": 1.0
          },
          {
            "name": "goatee",
            "value": "no",
            "confidence": 1.0
          },
          {
            "name": "gray hair",
            "value": "no",
            "confidence": 0.84
          },
          {
            "name": "heavy makeup",
            "value": "yes",
            "confidence": 0.84
          },
          {
            "name": "high cheekbones",
            "value": "yes",
            "confidence": 0.05
          },
          {
            "name": "mouth open",
            "value": "yes",
            "confidence": 1.0
          },
          {
            "name": "mustache",
            "value": "no",
            "confidence": 1.0
          },
          {
            "name": "narrow eyes",
            "value": "no",
            "confidence": 0.89
          },
          {
            "name": "oval face",
            "value": "yes",
            "confidence": 0.5
          },
          {
            "name": "pale skin",
            "value": "yes",
            "confidence": 0.07
          },
          {
            "name": "pitch",
            "value": "-7.95",
            "confidence": 1.0
          },
          {
            "name": "pointy nose",
            "value": "yes",
            "confidence": 0.84
          },
          {
            "name": "race",
            "value": "white",
            "confidence": 1.0
          },
          {
            "name": "receding hairline",
            "value": "no",
            "confidence": 0.06
          },
          {
            "name": "rosy cheeks",
            "value": "yes",
            "confidence": 0.08
          },
          {
            "name": "sideburns",
            "value": "no",
            "confidence": 1.0
          },
          {
            "name": "straight hair",
            "value": "yes",
            "confidence": 0.4
          },
          {
            "name": "wavy hair",
            "value": "no",
            "confidence": 0.45
          },
          {
            "name": "wearing earrings",
            "value": "yes",
            "confidence": 0.24
          },
          {
            "name": "wearing hat",
            "value": "no",
            "confidence": 1.0
          },
          {
            "name": "wearing lipstick",
            "value": "yes",
            "confidence": 0.93
          },
          {
            "name": "wearing necklace",
            "value": "no",
            "confidence": 0.31
          },
          {
            "name": "wearing necktie",
            "value": "no",
            "confidence": 0.86
          },
          {
            "name": "yaw",
            "value": "24.22",
            "confidence": 1.0
          },
          {
            "name": "young",
            "value": "yes",
            "confidence": 0.72
          }
        ],
        "person_id": "",
        "appearance_id": 0,
        "start": "00:00:00",
        "duration": "00:00:00"
      }
    ],
    "tags": null,
    "original_filename": "https://raw.githubusercontent.com/sarkrui/Hairstyle60k/master/Dataset/Croydon_Facelift/IMG_11.jpg",
    "duration": "00:00:00"
  },
  "recognize": null
}