{
  "media": {
    "media_uuid": "f4fee17e-0eb0-47f0-814b-4cbd83904d96",
    "checksum": "7a92aaa18eb282ff9d464f997733b65cb527c63ca75e6d07e7bb1ab637bd3b56",
    "faces": [
      {
        "face_uuid": "d21a0e9c-1535-11e9-99c4-0cc47a6c4dbd",
        "media_uuid": "f4fee17e-0eb0-47f0-814b-4cbd83904d96",
        "x": 93.5,
        "y": 268.5,
        "width": 174.99,
        "height": 238.1,
        "angle": -9.3585,
        "detection_score": 1.0,
        "points": [
          {
            "x": 31.07,
            "y": 222.58,
            "type": 512,
            "name": "basic eye left"
          },
          {
            "x": 121.91,
            "y": 237.56,
            "type": 768,
            "name": "basic eye right"
          },
          {
            "x": 12.81,
            "y": 219.64,
            "type": 1024,
            "name": "basic eye left outer"
          },
          {
            "x": 142.78,
            "y": 241.53,
            "type": 1280,
            "name": "basic eye right outer"
          },
          {
            "x": 48.63,
            "y": 226.98,
            "type": 1536,
            "name": "basic eye left inner"
          },
          {
            "x": 101.72,
            "y": 235.6,
            "type": 1792,
            "name": "basic eye right inner"
          },
          {
            "x": -13.1,
            "y": 302.82,
            "type": 2048,
            "name": "basic mouth left"
          },
          {
            "x": 65.45,
            "y": 323.33,
            "type": 2304,
            "name": "basic mouth right"
          },
          {
            "x": 33.91,
            "y": 271.76,
            "type": 2560,
            "name": "basic nose tip"
          },
          {
            "x": 24.52,
            "y": 313.66,
            "type": 2816,
            "name": "basic mouth center"
          },
          {
            "x": 24.52,
            "y": 313.66,
            "type": 3072,
            "name": "basic eyebrow left"
          },
          {
            "x": 24.52,
            "y": 313.66,
            "type": 3328,
            "name": "basic eyebrow left inner corner"
          },
          {
            "x": 24.52,
            "y": 313.66,
            "type": 3584,
            "name": "basic eyebrow left outer corner"
          },
          {
            "x": 24.52,
            "y": 313.66,
            "type": 3840,
            "name": "basic eyebrow right"
          },
          {
            "x": 24.52,
            "y": 313.66,
            "type": 4096,
            "name": "basic eyebrow right inner corner"
          },
          {
            "x": 24.52,
            "y": 313.66,
            "type": 4352,
            "name": "basic eyebrow right outer corner"
          },
          {
            "x": 24.52,
            "y": 313.66,
            "type": 4608,
            "name": "basic chin bottom"
          },
          {
            "x": 24.52,
            "y": 313.66,
            "type": 4864,
            "name": "basic chin left"
          },
          {
            "x": 24.52,
            "y": 313.66,
            "type": 5120,
            "name": "basic chin right"
          },
          {
            "x": 15.64,
            "y": 273.69,
            "type": 5376,
            "name": "basic nose left"
          },
          {
            "x": 62.58,
            "y": 284.17,
            "type": 5632,
            "name": "basic nose right"
          }
        ],
        "user_points": null,
        "tags": [
          {
            "name": "5oclock shadow",
            "value": "no",
            "confidence": 0.08
          },
          {
            "name": "age",
            "value": "35",
            "confidence": 0.6
          },
          {
            "name": "arched eyebrows",
            "value": "no",
            "confidence": 1.0
          },
          {
            "name": "attractive",
            "value": "no",
            "confidence": 0.84
          },
          {
            "name": "bags under eyes",
            "value": "no",
            "confidence": 0.03
          },
          {
            "name": "bald",
            "value": "no",
            "confidence": 0.51
          },
          {
            "name": "bangs",
            "value": "no",
            "confidence": 0.05
          },
          {
            "name": "beard",
            "value": "no",
            "confidence": 0.0
          },
          {
            "name": "big lips",
            "value": "no",
            "confidence": 0.84
          },
          {
            "name": "big nose",
            "value": "no",
            "confidence": 0.18
          },
          {
            "name": "black hair",
            "value": "no",
            "confidence": 1.0
          },
          {
            "name": "blond hair",
            "value": "no",
            "confidence": 0.45
          },
          {
            "name": "blurry",
            "value": "yes",
            "confidence": 0.14
          },
          {
            "name": "brown hair",
            "value": "yes",
            "confidence": 0.39
          },
          {
            "name": "bushy eyebrows",
            "value": "no",
            "confidence": 0.72
          },
          {
            "name": "chubby",
            "value": "no",
            "confidence": 0.22
          },
          {
            "name": "double chin",
            "value": "no",
            "confidence": 0.38
          },
          {
            "name": "expression",
            "value": "neutral",
            "confidence": 0.81
          },
          {
            "name": "gender",
            "value": "male",
            "confidence": 1.0
          },
          {
            "name": "glasses",
            "value": "no",
            "confidence": 1.0
          },
          {
            "name": "goatee",
            "value": "no",
            "confidence": 0.46
          },
          {
            "name": "gray hair",
            "value": "yes",
            "confidence": 0.08
          },
          {
            "name": "heavy makeup",
            "value": "no",
            "confidence": 0.98
          },
          {
            "name": "high cheekbones",
            "value": "no",
            "confidence": 0.89
          },
          {
            "name": "mouth open",
            "value": "no",
            "confidence": 0.02
          },
          {
            "name": "mustache",
            "value": "no",
            "confidence": 0.23
          },
          {
            "name": "narrow eyes",
            "value": "yes",
            "confidence": 0.41
          },
          {
            "name": "oval face",
            "value": "no",
            "confidence": 0.48
          },
          {
            "name": "pale skin",
            "value": "no",
            "confidence": 0.12
          },
          {
            "name": "pitch",
            "value": "-5.26",
            "confidence": 1.0
          },
          {
            "name": "pointy nose",
            "value": "no",
            "confidence": 0.45
          },
          {
            "name": "race",
            "value": "asian",
            "confidence": 1.0
          },
          {
            "name": "receding hairline",
            "value": "no",
            "confidence": 0.73
          },
          {
            "name": "rosy cheeks",
            "value": "no",
            "confidence": 1.0
          },
          {
            "name": "sideburns",
            "value": "no",
            "confidence": 0.34
          },
          {
            "name": "straight hair",
            "value": "no",
            "confidence": 0.12
          },
          {
            "name": "wavy hair",
            "value": "no",
            "confidence": 0.18
          },
          {
            "name": "wearing earrings",
            "value": "no",
            "confidence": 1.0
          },
          {
            "name": "wearing hat",
            "value": "no",
            "confidence": 0.61
          },
          {
            "name": "wearing lipstick",
            "value": "no",
            "confidence": 1.0
          },
          {
            "name": "wearing necklace",
            "value": "no",
            "confidence": 1.0
          },
          {
            "name": "wearing necktie",
            "value": "yes",
            "confidence": 0.14
          },
          {
            "name": "yaw",
            "value": "41.57",
            "confidence": 1.0
          },
          {
            "name": "young",
            "value": "no",
            "confidence": 0.5
          }
        ],
        "person_id": "",
        "appearance_id": 0,
        "start": "00:00:00",
        "duration": "00:00:00"
      }
    ],
    "tags": null,
    "original_filename": "https://raw.githubusercontent.com/sarkrui/Hairstyle60k/master/Dataset/Croydon_Facelift/IMG_17.jpg",
    "duration": "00:00:00"
  },
  "recognize": null
}