{
  "media": {
    "media_uuid": "d70a9397-e1ba-4f9b-bb3e-8cce74948edc",
    "checksum": "506c6abcc0a57f2f8f6c67e30975ca94036c56cafca6b159655fc1536c6af47d",
    "faces": [
      {
        "face_uuid": "c7c4b486-1535-11e9-99c4-0cc47a6c4dbd",
        "media_uuid": "d70a9397-e1ba-4f9b-bb3e-8cce74948edc",
        "x": 322.0,
        "y": 164.5,
        "width": 100.64,
        "height": 139.57,
        "angle": 1.8843,
        "detection_score": 1.0,
        "points": [
          {
            "x": 289.08,
            "y": 153.47,
            "type": 512,
            "name": "basic eye left"
          },
          {
            "x": 337.61,
            "y": 151.87,
            "type": 768,
            "name": "basic eye right"
          },
          {
            "x": 279.15,
            "y": 153.99,
            "type": 1024,
            "name": "basic eye left outer"
          },
          {
            "x": 348.45,
            "y": 151.76,
            "type": 1280,
            "name": "basic eye right outer"
          },
          {
            "x": 298.78,
            "y": 153.62,
            "type": 1536,
            "name": "basic eye left inner"
          },
          {
            "x": 326.94,
            "y": 152.68,
            "type": 1792,
            "name": "basic eye right inner"
          },
          {
            "x": 293.74,
            "y": 199.74,
            "type": 2048,
            "name": "basic mouth left"
          },
          {
            "x": 337.18,
            "y": 198.41,
            "type": 2304,
            "name": "basic mouth right"
          },
          {
            "x": 309.08,
            "y": 181.87,
            "type": 2560,
            "name": "basic nose tip"
          },
          {
            "x": 315.01,
            "y": 200.34,
            "type": 2816,
            "name": "basic mouth center"
          },
          {
            "x": 315.01,
            "y": 200.34,
            "type": 3072,
            "name": "basic eyebrow left"
          },
          {
            "x": 315.01,
            "y": 200.34,
            "type": 3328,
            "name": "basic eyebrow left inner corner"
          },
          {
            "x": 315.01,
            "y": 200.34,
            "type": 3584,
            "name": "basic eyebrow left outer corner"
          },
          {
            "x": 315.01,
            "y": 200.34,
            "type": 3840,
            "name": "basic eyebrow right"
          },
          {
            "x": 315.01,
            "y": 200.34,
            "type": 4096,
            "name": "basic eyebrow right inner corner"
          },
          {
            "x": 315.01,
            "y": 200.34,
            "type": 4352,
            "name": "basic eyebrow right outer corner"
          },
          {
            "x": 315.01,
            "y": 200.34,
            "type": 4608,
            "name": "basic chin bottom"
          },
          {
            "x": 315.01,
            "y": 200.34,
            "type": 4864,
            "name": "basic chin left"
          },
          {
            "x": 315.01,
            "y": 200.34,
            "type": 5120,
            "name": "basic chin right"
          },
          {
            "x": 298.72,
            "y": 182.5,
            "type": 5376,
            "name": "basic nose left"
          },
          {
            "x": 324.28,
            "y": 181.72,
            "type": 5632,
            "name": "basic nose right"
          }
        ],
        "user_points": null,
        "tags": [
          {
            "name": "5oclock shadow",
            "value": "no",
            "confidence": 1.0
          },
          {
            "name": "age",
            "value": "24",
            "confidence": 0.6
          },
          {
            "name": "arched eyebrows",
            "value": "yes",
            "confidence": 0.33
          },
          {
            "name": "attractive",
            "value": "yes",
            "confidence": 1.0
          },
          {
            "name": "bags under eyes",
            "value": "no",
            "confidence": 0.67
          },
          {
            "name": "bald",
            "value": "no",
            "confidence": 0.68
          },
          {
            "name": "bangs",
            "value": "no",
            "confidence": 1.0
          },
          {
            "name": "beard",
            "value": "no",
            "confidence": 1.0
          },
          {
            "name": "big lips",
            "value": "yes",
            "confidence": 0.03
          },
          {
            "name": "big nose",
            "value": "no",
            "confidence": 0.39
          },
          {
            "name": "black hair",
            "value": "yes",
            "confidence": 0.63
          },
          {
            "name": "blond hair",
            "value": "no",
            "confidence": 0.92
          },
          {
            "name": "blurry",
            "value": "no",
            "confidence": 1.0
          },
          {
            "name": "brown hair",
            "value": "no",
            "confidence": 0.63
          },
          {
            "name": "bushy eyebrows",
            "value": "yes",
            "confidence": 0.24
          },
          {
            "name": "chubby",
            "value": "no",
            "confidence": 0.71
          },
          {
            "name": "double chin",
            "value": "no",
            "confidence": 0.78
          },
          {
            "name": "expression",
            "value": "smile",
            "confidence": 1.0
          },
          {
            "name": "gender",
            "value": "female",
            "confidence": 1.0
          },
          {
            "name": "glasses",
            "value": "no",
            "confidence": 1.0
          },
          {
            "name": "goatee",
            "value": "no",
            "confidence": 0.94
          },
          {
            "name": "gray hair",
            "value": "no",
            "confidence": 1.0
          },
          {
            "name": "heavy makeup",
            "value": "yes",
            "confidence": 1.0
          },
          {
            "name": "high cheekbones",
            "value": "yes",
            "confidence": 1.0
          },
          {
            "name": "mouth open",
            "value": "yes",
            "confidence": 1.0
          },
          {
            "name": "mustache",
            "value": "no",
            "confidence": 1.0
          },
          {
            "name": "narrow eyes",
            "value": "no",
            "confidence": 0.83
          },
          {
            "name": "oval face",
            "value": "yes",
            "confidence": 1.0
          },
          {
            "name": "pale skin",
            "value": "no",
            "confidence": 0.39
          },
          {
            "name": "pitch",
            "value": "-9.62",
            "confidence": 1.0
          },
          {
            "name": "pointy nose",
            "value": "yes",
            "confidence": 0.09
          },
          {
            "name": "race",
            "value": "white",
            "confidence": 1.0
          },
          {
            "name": "receding hairline",
            "value": "yes",
            "confidence": 0.11
          },
          {
            "name": "rosy cheeks",
            "value": "yes",
            "confidence": 0.52
          },
          {
            "name": "sideburns",
            "value": "no",
            "confidence": 0.98
          },
          {
            "name": "straight hair",
            "value": "yes",
            "confidence": 0.2
          },
          {
            "name": "wavy hair",
            "value": "no",
            "confidence": 0.57
          },
          {
            "name": "wearing earrings",
            "value": "yes",
            "confidence": 0.79
          },
          {
            "name": "wearing hat",
            "value": "no",
            "confidence": 0.84
          },
          {
            "name": "wearing lipstick",
            "value": "yes",
            "confidence": 0.99
          },
          {
            "name": "wearing necklace",
            "value": "no",
            "confidence": 0.15
          },
          {
            "name": "wearing necktie",
            "value": "no",
            "confidence": 0.77
          },
          {
            "name": "yaw",
            "value": "6.92",
            "confidence": 1.0
          },
          {
            "name": "young",
            "value": "yes",
            "confidence": 1.0
          }
        ],
        "person_id": "",
        "appearance_id": 0,
        "start": "00:00:00",
        "duration": "00:00:00"
      },
      {
        "face_uuid": "c7e84ab7-1535-11e9-99c4-0cc47a6c4dbd",
        "media_uuid": "d70a9397-e1ba-4f9b-bb3e-8cce74948edc",
        "x": 465.0,
        "y": 291.5,
        "width": 38.23,
        "height": 50.65,
        "angle": 14.4227,
        "detection_score": 0.94,
        "points": [
          {
            "x": 451.45,
            "y": 287.52,
            "type": 512,
            "name": "basic eye left"
          },
          {
            "x": 475.06,
            "y": 281.45,
            "type": 768,
            "name": "basic eye right"
          },
          {
            "x": 446.84,
            "y": 288.73,
            "type": 1024,
            "name": "basic eye left outer"
          },
          {
            "x": 480.11,
            "y": 280.13,
            "type": 1280,
            "name": "basic eye right outer"
          },
          {
            "x": 456.11,
            "y": 286.99,
            "type": 1536,
            "name": "basic eye left inner"
          },
          {
            "x": 470.16,
            "y": 283.36,
            "type": 1792,
            "name": "basic eye right inner"
          },
          {
            "x": 458.4,
            "y": 317.24,
            "type": 2048,
            "name": "basic mouth left"
          },
          {
            "x": 479.75,
            "y": 312.29,
            "type": 2304,
            "name": "basic mouth right"
          },
          {
            "x": 464.84,
            "y": 302.51,
            "type": 2560,
            "name": "basic nose tip"
          },
          {
            "x": 468.7,
            "y": 314.95,
            "type": 2816,
            "name": "basic mouth center"
          },
          {
            "x": 468.7,
            "y": 314.95,
            "type": 3072,
            "name": "basic eyebrow left"
          },
          {
            "x": 468.7,
            "y": 314.95,
            "type": 3328,
            "name": "basic eyebrow left inner corner"
          },
          {
            "x": 468.7,
            "y": 314.95,
            "type": 3584,
            "name": "basic eyebrow left outer corner"
          },
          {
            "x": 468.7,
            "y": 314.95,
            "type": 3840,
            "name": "basic eyebrow right"
          },
          {
            "x": 468.7,
            "y": 314.95,
            "type": 4096,
            "name": "basic eyebrow right inner corner"
          },
          {
            "x": 468.7,
            "y": 314.95,
            "type": 4352,
            "name": "basic eyebrow right outer corner"
          },
          {
            "x": 468.7,
            "y": 314.95,
            "type": 4608,
            "name": "basic chin bottom"
          },
          {
            "x": 468.7,
            "y": 314.95,
            "type": 4864,
            "name": "basic chin left"
          },
          {
            "x": 468.7,
            "y": 314.95,
            "type": 5120,
            "name": "basic chin right"
          },
          {
            "x": 458.63,
            "y": 304.41,
            "type": 5376,
            "name": "basic nose left"
          },
          {
            "x": 473.13,
            "y": 300.32,
            "type": 5632,
            "name": "basic nose right"
          }
        ],
        "user_points": null,
        "tags": [
          {
            "name": "5oclock shadow",
            "value": "no",
            "confidence": 0.33
          },
          {
            "name": "age",
            "value": "30",
            "confidence": 0.6
          },
          {
            "name": "arched eyebrows",
            "value": "no",
            "confidence": 1.0
          },
          {
            "name": "attractive",
            "value": "no",
            "confidence": 1.0
          },
          {
            "name": "bags under eyes",
            "value": "no",
            "confidence": 1.0
          },
          {
            "name": "bald",
            "value": "no",
            "confidence": 0.33
          },
          {
            "name": "bangs",
            "value": "no",
            "confidence": 1.0
          },
          {
            "name": "beard",
            "value": "no",
            "confidence": 0.06
          },
          {
            "name": "big lips",
            "value": "no",
            "confidence": 0.83
          },
          {
            "name": "big nose",
            "value": "no",
            "confidence": 0.79
          },
          {
            "name": "black hair",
            "value": "no",
            "confidence": 0.3
          },
          {
            "name": "blond hair",
            "value": "no",
            "confidence": 0.65
          },
          {
            "name": "blurry",
            "value": "yes",
            "confidence": 0.86
          },
          {
            "name": "brown hair",
            "value": "no",
            "confidence": 0.81
          },
          {
            "name": "bushy eyebrows",
            "value": "no",
            "confidence": 0.81
          },
          {
            "name": "chubby",
            "value": "no",
            "confidence": 0.26
          },
          {
            "name": "double chin",
            "value": "no",
            "confidence": 0.65
          },
          {
            "name": "expression",
            "value": "neutral",
            "confidence": 0.97
          },
          {
            "name": "gender",
            "value": "male",
            "confidence": 0.52
          },
          {
            "name": "glasses",
            "value": "no",
            "confidence": 1.0
          },
          {
            "name": "goatee",
            "value": "no",
            "confidence": 0.37
          },
          {
            "name": "gray hair",
            "value": "no",
            "confidence": 0.57
          },
          {
            "name": "heavy makeup",
            "value": "no",
            "confidence": 0.85
          },
          {
            "name": "high cheekbones",
            "value": "no",
            "confidence": 0.76
          },
          {
            "name": "mouth open",
            "value": "no",
            "confidence": 0.17
          },
          {
            "name": "mustache",
            "value": "no",
            "confidence": 0.34
          },
          {
            "name": "narrow eyes",
            "value": "no",
            "confidence": 0.16
          },
          {
            "name": "oval face",
            "value": "no",
            "confidence": 0.19
          },
          {
            "name": "pale skin",
            "value": "no",
            "confidence": 0.86
          },
          {
            "name": "pitch",
            "value": "-5.83",
            "confidence": 1.0
          },
          {
            "name": "pointy nose",
            "value": "no",
            "confidence": 0.69
          },
          {
            "name": "race",
            "value": "white",
            "confidence": 0.62
          },
          {
            "name": "receding hairline",
            "value": "no",
            "confidence": 0.34
          },
          {
            "name": "rosy cheeks",
            "value": "no",
            "confidence": 0.93
          },
          {
            "name": "sideburns",
            "value": "no",
            "confidence": 0.49
          },
          {
            "name": "straight hair",
            "value": "no",
            "confidence": 0.48
          },
          {
            "name": "wavy hair",
            "value": "no",
            "confidence": 0.95
          },
          {
            "name": "wearing earrings",
            "value": "no",
            "confidence": 0.55
          },
          {
            "name": "wearing hat",
            "value": "yes",
            "confidence": 0.55
          },
          {
            "name": "wearing lipstick",
            "value": "no",
            "confidence": 0.95
          },
          {
            "name": "wearing necklace",
            "value": "no",
            "confidence": 0.78
          },
          {
            "name": "wearing necktie",
            "value": "no",
            "confidence": 0.75
          },
          {
            "name": "yaw",
            "value": "50.43",
            "confidence": 1.0
          },
          {
            "name": "young",
            "value": "yes",
            "confidence": 0.08
          }
        ],
        "person_id": "",
        "appearance_id": 0,
        "start": "00:00:00",
        "duration": "00:00:00"
      }
    ],
    "tags": null,
    "original_filename": "https://raw.githubusercontent.com/sarkrui/Hairstyle60k/master/Dataset/Croydon_Facelift/IMG_8.jpg",
    "duration": "00:00:00"
  },
  "recognize": null
}