{
  "media": {
    "media_uuid": "4cd794e2-a7fa-46cf-9a03-cdac60d362ac",
    "checksum": "d2631fc91b013fcc27d2e1c5d7d62d43861b5f3c2232c5037d0990d5483846f1",
    "faces": [
      {
        "face_uuid": "f6b2b06e-1535-11e9-99c4-0cc47a6c4dbd",
        "media_uuid": "4cd794e2-a7fa-46cf-9a03-cdac60d362ac",
        "x": 235.89,
        "y": 335.88,
        "width": 264.52,
        "height": 364.64,
        "angle": -1.2547,
        "detection_score": 1.0,
        "points": [
          {
            "x": 165.9,
            "y": 305.47,
            "type": 512,
            "name": "basic eye left"
          },
          {
            "x": 296.16,
            "y": 308.32,
            "type": 768,
            "name": "basic eye right"
          },
          {
            "x": 139.14,
            "y": 305.72,
            "type": 1024,
            "name": "basic eye left outer"
          },
          {
            "x": 324.17,
            "y": 309.82,
            "type": 1280,
            "name": "basic eye right outer"
          },
          {
            "x": 192.37,
            "y": 308.55,
            "type": 1536,
            "name": "basic eye left inner"
          },
          {
            "x": 268.15,
            "y": 310.16,
            "type": 1792,
            "name": "basic eye right inner"
          },
          {
            "x": 174.35,
            "y": 440.11,
            "type": 2048,
            "name": "basic mouth left"
          },
          {
            "x": 274.65,
            "y": 443.24,
            "type": 2304,
            "name": "basic mouth right"
          },
          {
            "x": 221.21,
            "y": 384.71,
            "type": 2560,
            "name": "basic nose tip"
          },
          {
            "x": 223.96,
            "y": 443.28,
            "type": 2816,
            "name": "basic mouth center"
          },
          {
            "x": 223.96,
            "y": 443.28,
            "type": 3072,
            "name": "basic eyebrow left"
          },
          {
            "x": 223.96,
            "y": 443.28,
            "type": 3328,
            "name": "basic eyebrow left inner corner"
          },
          {
            "x": 223.96,
            "y": 443.28,
            "type": 3584,
            "name": "basic eyebrow left outer corner"
          },
          {
            "x": 223.96,
            "y": 443.28,
            "type": 3840,
            "name": "basic eyebrow right"
          },
          {
            "x": 223.96,
            "y": 443.28,
            "type": 4096,
            "name": "basic eyebrow right inner corner"
          },
          {
            "x": 223.96,
            "y": 443.28,
            "type": 4352,
            "name": "basic eyebrow right outer corner"
          },
          {
            "x": 223.96,
            "y": 443.28,
            "type": 4608,
            "name": "basic chin bottom"
          },
          {
            "x": 223.96,
            "y": 443.28,
            "type": 4864,
            "name": "basic chin left"
          },
          {
            "x": 223.96,
            "y": 443.28,
            "type": 5120,
            "name": "basic chin right"
          },
          {
            "x": 192.12,
            "y": 389.96,
            "type": 5376,
            "name": "basic nose left"
          },
          {
            "x": 256.13,
            "y": 391.72,
            "type": 5632,
            "name": "basic nose right"
          }
        ],
        "user_points": null,
        "tags": [
          {
            "name": "5oclock shadow",
            "value": "yes",
            "confidence": 0.52
          },
          {
            "name": "age",
            "value": "25",
            "confidence": 0.6
          },
          {
            "name": "arched eyebrows",
            "value": "no",
            "confidence": 0.23
          },
          {
            "name": "attractive",
            "value": "yes",
            "confidence": 0.43
          },
          {
            "name": "bags under eyes",
            "value": "yes",
            "confidence": 0.37
          },
          {
            "name": "bald",
            "value": "no",
            "confidence": 1.0
          },
          {
            "name": "bangs",
            "value": "no",
            "confidence": 0.33
          },
          {
            "name": "beard",
            "value": "yes",
            "confidence": 0.06
          },
          {
            "name": "big lips",
            "value": "no",
            "confidence": 0.4
          },
          {
            "name": "big nose",
            "value": "yes",
            "confidence": 0.22
          },
          {
            "name": "black hair",
            "value": "yes",
            "confidence": 0.33
          },
          {
            "name": "blond hair",
            "value": "no",
            "confidence": 1.0
          },
          {
            "name": "blurry",
            "value": "no",
            "confidence": 1.0
          },
          {
            "name": "brown hair",
            "value": "no",
            "confidence": 0.24
          },
          {
            "name": "bushy eyebrows",
            "value": "yes",
            "confidence": 1.0
          },
          {
            "name": "chubby",
            "value": "no",
            "confidence": 0.72
          },
          {
            "name": "double chin",
            "value": "no",
            "confidence": 0.72
          },
          {
            "name": "expression",
            "value": "neutral",
            "confidence": 0.64
          },
          {
            "name": "gender",
            "value": "male",
            "confidence": 1.0
          },
          {
            "name": "glasses",
            "value": "no",
            "confidence": 1.0
          },
          {
            "name": "goatee",
            "value": "no",
            "confidence": 0.42
          },
          {
            "name": "gray hair",
            "value": "no",
            "confidence": 1.0
          },
          {
            "name": "heavy makeup",
            "value": "no",
            "confidence": 0.95
          },
          {
            "name": "high cheekbones",
            "value": "no",
            "confidence": 0.73
          },
          {
            "name": "mouth open",
            "value": "no",
            "confidence": 1.0
          },
          {
            "name": "mustache",
            "value": "no",
            "confidence": 0.35
          },
          {
            "name": "narrow eyes",
            "value": "no",
            "confidence": 0.08
          },
          {
            "name": "oval face",
            "value": "yes",
            "confidence": 0.23
          },
          {
            "name": "pale skin",
            "value": "no",
            "confidence": 0.26
          },
          {
            "name": "pitch",
            "value": "-8.91",
            "confidence": 1.0
          },
          {
            "name": "pointy nose",
            "value": "no",
            "confidence": 0.28
          },
          {
            "name": "race",
            "value": "white",
            "confidence": 1.0
          },
          {
            "name": "receding hairline",
            "value": "no",
            "confidence": 1.0
          },
          {
            "name": "rosy cheeks",
            "value": "no",
            "confidence": 0.96
          },
          {
            "name": "sideburns",
            "value": "no",
            "confidence": 0.33
          },
          {
            "name": "straight hair",
            "value": "no",
            "confidence": 0.48
          },
          {
            "name": "wavy hair",
            "value": "yes",
            "confidence": 0.52
          },
          {
            "name": "wearing earrings",
            "value": "no",
            "confidence": 0.74
          },
          {
            "name": "wearing hat",
            "value": "no",
            "confidence": 0.79
          },
          {
            "name": "wearing lipstick",
            "value": "no",
            "confidence": 0.99
          },
          {
            "name": "wearing necklace",
            "value": "no",
            "confidence": 0.96
          },
          {
            "name": "wearing necktie",
            "value": "yes",
            "confidence": 0.23
          },
          {
            "name": "yaw",
            "value": "9.82",
            "confidence": 1.0
          },
          {
            "name": "young",
            "value": "yes",
            "confidence": 0.86
          }
        ],
        "person_id": "",
        "appearance_id": 0,
        "start": "00:00:00",
        "duration": "00:00:00"
      }
    ],
    "tags": null,
    "original_filename": "https://raw.githubusercontent.com/sarkrui/Hairstyle60k/master/Dataset/Curly_Hair/IMG_4.jpg",
    "duration": "00:00:00"
  },
  "recognize": null
}