{
  "media": {
    "media_uuid": "4fa8f492-d064-4c7e-8aa9-7e08d6ad3e69",
    "checksum": "6096dbe817c3c5a9b1d88efe53b03b68be2ebf54603c4aa8ed932212b1e7659a",
    "faces": [
      {
        "face_uuid": "fd8a1eb0-1535-11e9-99c4-0cc47a6c4dbd",
        "media_uuid": "4fa8f492-d064-4c7e-8aa9-7e08d6ad3e69",
        "x": 298.0,
        "y": 162.5,
        "width": 108.9,
        "height": 149.97,
        "angle": 7.2285,
        "detection_score": 1.0,
        "points": [
          {
            "x": 256.7,
            "y": 150.28,
            "type": 512,
            "name": "basic eye left"
          },
          {
            "x": 307.3,
            "y": 143.86,
            "type": 768,
            "name": "basic eye right"
          },
          {
            "x": 246.92,
            "y": 151.87,
            "type": 1024,
            "name": "basic eye left outer"
          },
          {
            "x": 319.21,
            "y": 142.78,
            "type": 1280,
            "name": "basic eye right outer"
          },
          {
            "x": 266.26,
            "y": 149.46,
            "type": 1536,
            "name": "basic eye left inner"
          },
          {
            "x": 295.72,
            "y": 145.67,
            "type": 1792,
            "name": "basic eye right inner"
          },
          {
            "x": 267.03,
            "y": 203.92,
            "type": 2048,
            "name": "basic mouth left"
          },
          {
            "x": 306.39,
            "y": 200.06,
            "type": 2304,
            "name": "basic mouth right"
          },
          {
            "x": 274.34,
            "y": 177.12,
            "type": 2560,
            "name": "basic nose tip"
          },
          {
            "x": 285.65,
            "y": 202.08,
            "type": 2816,
            "name": "basic mouth center"
          },
          {
            "x": 285.65,
            "y": 202.08,
            "type": 3072,
            "name": "basic eyebrow left"
          },
          {
            "x": 285.65,
            "y": 202.08,
            "type": 3328,
            "name": "basic eyebrow left inner corner"
          },
          {
            "x": 285.65,
            "y": 202.08,
            "type": 3584,
            "name": "basic eyebrow left outer corner"
          },
          {
            "x": 285.65,
            "y": 202.08,
            "type": 3840,
            "name": "basic eyebrow right"
          },
          {
            "x": 285.65,
            "y": 202.08,
            "type": 4096,
            "name": "basic eyebrow right inner corner"
          },
          {
            "x": 285.65,
            "y": 202.08,
            "type": 4352,
            "name": "basic eyebrow right outer corner"
          },
          {
            "x": 285.65,
            "y": 202.08,
            "type": 4608,
            "name": "basic chin bottom"
          },
          {
            "x": 285.65,
            "y": 202.08,
            "type": 4864,
            "name": "basic chin left"
          },
          {
            "x": 285.65,
            "y": 202.08,
            "type": 5120,
            "name": "basic chin right"
          },
          {
            "x": 266.61,
            "y": 181.68,
            "type": 5376,
            "name": "basic nose left"
          },
          {
            "x": 293.41,
            "y": 179.07,
            "type": 5632,
            "name": "basic nose right"
          }
        ],
        "user_points": null,
        "tags": [
          {
            "name": "5oclock shadow",
            "value": "yes",
            "confidence": 0.2
          },
          {
            "name": "age",
            "value": "40",
            "confidence": 0.6
          },
          {
            "name": "arched eyebrows",
            "value": "no",
            "confidence": 0.61
          },
          {
            "name": "attractive",
            "value": "no",
            "confidence": 0.81
          },
          {
            "name": "bags under eyes",
            "value": "no",
            "confidence": 0.41
          },
          {
            "name": "bald",
            "value": "no",
            "confidence": 0.75
          },
          {
            "name": "bangs",
            "value": "no",
            "confidence": 0.9
          },
          {
            "name": "beard",
            "value": "yes",
            "confidence": 0.51
          },
          {
            "name": "big lips",
            "value": "no",
            "confidence": 0.48
          },
          {
            "name": "big nose",
            "value": "yes",
            "confidence": 0.08
          },
          {
            "name": "black hair",
            "value": "no",
            "confidence": 0.41
          },
          {
            "name": "blond hair",
            "value": "no",
            "confidence": 0.95
          },
          {
            "name": "blurry",
            "value": "yes",
            "confidence": 0.36
          },
          {
            "name": "brown hair",
            "value": "yes",
            "confidence": 0.5
          },
          {
            "name": "bushy eyebrows",
            "value": "yes",
            "confidence": 0.05
          },
          {
            "name": "chubby",
            "value": "no",
            "confidence": 0.11
          },
          {
            "name": "double chin",
            "value": "no",
            "confidence": 0.33
          },
          {
            "name": "expression",
            "value": "neutral",
            "confidence": 0.36
          },
          {
            "name": "gender",
            "value": "male",
            "confidence": 0.7
          },
          {
            "name": "glasses",
            "value": "no",
            "confidence": 1.0
          },
          {
            "name": "goatee",
            "value": "yes",
            "confidence": 0.29
          },
          {
            "name": "gray hair",
            "value": "no",
            "confidence": 0.7
          },
          {
            "name": "heavy makeup",
            "value": "no",
            "confidence": 1.0
          },
          {
            "name": "high cheekbones",
            "value": "no",
            "confidence": 0.72
          },
          {
            "name": "mouth open",
            "value": "no",
            "confidence": 0.6
          },
          {
            "name": "mustache",
            "value": "yes",
            "confidence": 0.23
          },
          {
            "name": "narrow eyes",
            "value": "no",
            "confidence": 0.17
          },
          {
            "name": "oval face",
            "value": "no",
            "confidence": 0.02
          },
          {
            "name": "pale skin",
            "value": "no",
            "confidence": 0.77
          },
          {
            "name": "pitch",
            "value": "-6.62",
            "confidence": 1.0
          },
          {
            "name": "pointy nose",
            "value": "no",
            "confidence": 0.53
          },
          {
            "name": "race",
            "value": "white",
            "confidence": 1.0
          },
          {
            "name": "receding hairline",
            "value": "no",
            "confidence": 0.31
          },
          {
            "name": "rosy cheeks",
            "value": "no",
            "confidence": 1.0
          },
          {
            "name": "sideburns",
            "value": "yes",
            "confidence": 0.19
          },
          {
            "name": "straight hair",
            "value": "no",
            "confidence": 1.0
          },
          {
            "name": "wavy hair",
            "value": "yes",
            "confidence": 1.0
          },
          {
            "name": "wearing earrings",
            "value": "no",
            "confidence": 0.85
          },
          {
            "name": "wearing hat",
            "value": "no",
            "confidence": 0.96
          },
          {
            "name": "wearing lipstick",
            "value": "no",
            "confidence": 0.96
          },
          {
            "name": "wearing necklace",
            "value": "no",
            "confidence": 0.69
          },
          {
            "name": "wearing necktie",
            "value": "no",
            "confidence": 0.58
          },
          {
            "name": "yaw",
            "value": "37.34",
            "confidence": 1.0
          },
          {
            "name": "young",
            "value": "no",
            "confidence": 0.13
          }
        ],
        "person_id": "",
        "appearance_id": 0,
        "start": "00:00:00",
        "duration": "00:00:00"
      }
    ],
    "tags": null,
    "original_filename": "https://raw.githubusercontent.com/sarkrui/Hairstyle60k/master/Dataset/Curly_Hair/IMG_10.jpg",
    "duration": "00:00:00"
  },
  "recognize": null
}