{
  "media": {
    "media_uuid": "dbfdefb3-9943-4e63-83ec-7fcfb8a158ad",
    "checksum": "5030e204bbd6c975bd6c316fc6e892a47a05815aa486ec12ce149064c9661509",
    "faces": [
      {
        "face_uuid": "0a39c112-1536-11e9-99c4-0cc47a6c4dbd",
        "media_uuid": "dbfdefb3-9943-4e63-83ec-7fcfb8a158ad",
        "x": 160.5,
        "y": 94.0,
        "width": 57.98,
        "height": 70.33,
        "angle": 16.2237,
        "detection_score": 1.0,
        "points": [
          {
            "x": 146.26,
            "y": 90.35,
            "type": 512,
            "name": "basic eye left"
          },
          {
            "x": 172.56,
            "y": 82.7,
            "type": 768,
            "name": "basic eye right"
          },
          {
            "x": 140.72,
            "y": 92.23,
            "type": 1024,
            "name": "basic eye left outer"
          },
          {
            "x": 178.11,
            "y": 81.34,
            "type": 1280,
            "name": "basic eye right outer"
          },
          {
            "x": 151.88,
            "y": 88.82,
            "type": 1536,
            "name": "basic eye left inner"
          },
          {
            "x": 167.12,
            "y": 84.41,
            "type": 1792,
            "name": "basic eye right inner"
          },
          {
            "x": 153.73,
            "y": 114.56,
            "type": 2048,
            "name": "basic mouth left"
          },
          {
            "x": 179.41,
            "y": 106.74,
            "type": 2304,
            "name": "basic mouth right"
          },
          {
            "x": 164.07,
            "y": 100.38,
            "type": 2560,
            "name": "basic nose tip"
          },
          {
            "x": 166.85,
            "y": 111.25,
            "type": 2816,
            "name": "basic mouth center"
          },
          {
            "x": 166.85,
            "y": 111.25,
            "type": 3072,
            "name": "basic eyebrow left"
          },
          {
            "x": 166.85,
            "y": 111.25,
            "type": 3328,
            "name": "basic eyebrow left inner corner"
          },
          {
            "x": 166.85,
            "y": 111.25,
            "type": 3584,
            "name": "basic eyebrow left outer corner"
          },
          {
            "x": 166.85,
            "y": 111.25,
            "type": 3840,
            "name": "basic eyebrow right"
          },
          {
            "x": 166.85,
            "y": 111.25,
            "type": 4096,
            "name": "basic eyebrow right inner corner"
          },
          {
            "x": 166.85,
            "y": 111.25,
            "type": 4352,
            "name": "basic eyebrow right outer corner"
          },
          {
            "x": 166.85,
            "y": 111.25,
            "type": 4608,
            "name": "basic chin bottom"
          },
          {
            "x": 166.85,
            "y": 111.25,
            "type": 4864,
            "name": "basic chin left"
          },
          {
            "x": 166.85,
            "y": 111.25,
            "type": 5120,
            "name": "basic chin right"
          },
          {
            "x": 156.76,
            "y": 103.17,
            "type": 5376,
            "name": "basic nose left"
          },
          {
            "x": 171.18,
            "y": 98.85,
            "type": 5632,
            "name": "basic nose right"
          }
        ],
        "user_points": null,
        "tags": [
          {
            "name": "5oclock shadow",
            "value": "yes",
            "confidence": 0.58
          },
          {
            "name": "age",
            "value": "55",
            "confidence": 0.6
          },
          {
            "name": "arched eyebrows",
            "value": "no",
            "confidence": 0.82
          },
          {
            "name": "attractive",
            "value": "yes",
            "confidence": 0.68
          },
          {
            "name": "bags under eyes",
            "value": "yes",
            "confidence": 0.45
          },
          {
            "name": "bald",
            "value": "no",
            "confidence": 1.0
          },
          {
            "name": "bangs",
            "value": "yes",
            "confidence": 0.81
          },
          {
            "name": "beard",
            "value": "yes",
            "confidence": 0.53
          },
          {
            "name": "big lips",
            "value": "no",
            "confidence": 0.4
          },
          {
            "name": "big nose",
            "value": "yes",
            "confidence": 0.31
          },
          {
            "name": "black hair",
            "value": "no",
            "confidence": 0.61
          },
          {
            "name": "blond hair",
            "value": "no",
            "confidence": 0.86
          },
          {
            "name": "blurry",
            "value": "no",
            "confidence": 0.93
          },
          {
            "name": "brown hair",
            "value": "yes",
            "confidence": 0.86
          },
          {
            "name": "bushy eyebrows",
            "value": "yes",
            "confidence": 0.6
          },
          {
            "name": "chubby",
            "value": "no",
            "confidence": 0.69
          },
          {
            "name": "double chin",
            "value": "no",
            "confidence": 0.63
          },
          {
            "name": "expression",
            "value": "smile",
            "confidence": 1.0
          },
          {
            "name": "gender",
            "value": "male",
            "confidence": 1.0
          },
          {
            "name": "glasses",
            "value": "no",
            "confidence": 1.0
          },
          {
            "name": "goatee",
            "value": "yes",
            "confidence": 0.05
          },
          {
            "name": "gray hair",
            "value": "no",
            "confidence": 1.0
          },
          {
            "name": "heavy makeup",
            "value": "no",
            "confidence": 0.91
          },
          {
            "name": "high cheekbones",
            "value": "yes",
            "confidence": 0.35
          },
          {
            "name": "mouth open",
            "value": "yes",
            "confidence": 1.0
          },
          {
            "name": "mustache",
            "value": "no",
            "confidence": 0.01
          },
          {
            "name": "narrow eyes",
            "value": "yes",
            "confidence": 0.53
          },
          {
            "name": "oval face",
            "value": "yes",
            "confidence": 0.41
          },
          {
            "name": "pale skin",
            "value": "yes",
            "confidence": 0.05
          },
          {
            "name": "pitch",
            "value": "-9.95",
            "confidence": 1.0
          },
          {
            "name": "pointy nose",
            "value": "no",
            "confidence": 0.68
          },
          {
            "name": "race",
            "value": "white",
            "confidence": 1.0
          },
          {
            "name": "receding hairline",
            "value": "no",
            "confidence": 1.0
          },
          {
            "name": "rosy cheeks",
            "value": "no",
            "confidence": 0.89
          },
          {
            "name": "sideburns",
            "value": "yes",
            "confidence": 0.18
          },
          {
            "name": "straight hair",
            "value": "no",
            "confidence": 0.38
          },
          {
            "name": "wavy hair",
            "value": "yes",
            "confidence": 0.42
          },
          {
            "name": "wearing earrings",
            "value": "no",
            "confidence": 1.0
          },
          {
            "name": "wearing hat",
            "value": "no",
            "confidence": 0.52
          },
          {
            "name": "wearing lipstick",
            "value": "no",
            "confidence": 1.0
          },
          {
            "name": "wearing necklace",
            "value": "no",
            "confidence": 1.0
          },
          {
            "name": "wearing necktie",
            "value": "yes",
            "confidence": 0.01
          },
          {
            "name": "yaw",
            "value": "-1.14",
            "confidence": 1.0
          },
          {
            "name": "young",
            "value": "yes",
            "confidence": 0.83
          }
        ],
        "person_id": "",
        "appearance_id": 0,
        "start": "00:00:00",
        "duration": "00:00:00"
      }
    ],
    "tags": null,
    "original_filename": "https://raw.githubusercontent.com/sarkrui/Hairstyle60k/master/Dataset/Curly_Hair/IMG_21.jpg",
    "duration": "00:00:00"
  },
  "recognize": null
}