{
  "media": {
    "media_uuid": "b234c5cd-442c-4d85-a931-1f16e6004d80",
    "checksum": "1a1625d984a401222cd2e0a26490b73fcc62328b912cf19807041ccb0d9b9da5",
    "faces": [
      {
        "face_uuid": "fea8679c-1535-11e9-99c4-0cc47a6c4dbd",
        "media_uuid": "b234c5cd-442c-4d85-a931-1f16e6004d80",
        "x": 300.5,
        "y": 160.5,
        "width": 90.69,
        "height": 121.24,
        "angle": -1.4873,
        "detection_score": 1.0,
        "points": [
          {
            "x": 276.32,
            "y": 147.3,
            "type": 512,
            "name": "basic eye left"
          },
          {
            "x": 325.49,
            "y": 148.58,
            "type": 768,
            "name": "basic eye right"
          },
          {
            "x": 265.65,
            "y": 146.75,
            "type": 1024,
            "name": "basic eye left outer"
          },
          {
            "x": 335.93,
            "y": 148.53,
            "type": 1280,
            "name": "basic eye right outer"
          },
          {
            "x": 286.81,
            "y": 149.19,
            "type": 1536,
            "name": "basic eye left inner"
          },
          {
            "x": 315.2,
            "y": 149.94,
            "type": 1792,
            "name": "basic eye right inner"
          },
          {
            "x": 280.92,
            "y": 199.47,
            "type": 2048,
            "name": "basic mouth left"
          },
          {
            "x": 319.01,
            "y": 199.91,
            "type": 2304,
            "name": "basic mouth right"
          },
          {
            "x": 300.78,
            "y": 186.14,
            "type": 2560,
            "name": "basic nose tip"
          },
          {
            "x": 300.0,
            "y": 201.02,
            "type": 2816,
            "name": "basic mouth center"
          },
          {
            "x": 300.0,
            "y": 201.02,
            "type": 3072,
            "name": "basic eyebrow left"
          },
          {
            "x": 300.0,
            "y": 201.02,
            "type": 3328,
            "name": "basic eyebrow left inner corner"
          },
          {
            "x": 300.0,
            "y": 201.02,
            "type": 3584,
            "name": "basic eyebrow left outer corner"
          },
          {
            "x": 300.0,
            "y": 201.02,
            "type": 3840,
            "name": "basic eyebrow right"
          },
          {
            "x": 300.0,
            "y": 201.02,
            "type": 4096,
            "name": "basic eyebrow right inner corner"
          },
          {
            "x": 300.0,
            "y": 201.02,
            "type": 4352,
            "name": "basic eyebrow right outer corner"
          },
          {
            "x": 300.0,
            "y": 201.02,
            "type": 4608,
            "name": "basic chin bottom"
          },
          {
            "x": 300.0,
            "y": 201.02,
            "type": 4864,
            "name": "basic chin left"
          },
          {
            "x": 300.0,
            "y": 201.02,
            "type": 5120,
            "name": "basic chin right"
          },
          {
            "x": 288.3,
            "y": 183.52,
            "type": 5376,
            "name": "basic nose left"
          },
          {
            "x": 312.57,
            "y": 184.0,
            "type": 5632,
            "name": "basic nose right"
          }
        ],
        "user_points": null,
        "tags": [
          {
            "name": "5oclock shadow",
            "value": "yes",
            "confidence": 0.66
          },
          {
            "name": "age",
            "value": "22",
            "confidence": 0.6
          },
          {
            "name": "arched eyebrows",
            "value": "no",
            "confidence": 0.55
          },
          {
            "name": "attractive",
            "value": "no",
            "confidence": 0.01
          },
          {
            "name": "bags under eyes",
            "value": "no",
            "confidence": 0.45
          },
          {
            "name": "bald",
            "value": "no",
            "confidence": 1.0
          },
          {
            "name": "bangs",
            "value": "no",
            "confidence": 0.67
          },
          {
            "name": "beard",
            "value": "yes",
            "confidence": 0.86
          },
          {
            "name": "big lips",
            "value": "no",
            "confidence": 0.19
          },
          {
            "name": "big nose",
            "value": "yes",
            "confidence": 0.18
          },
          {
            "name": "black hair",
            "value": "yes",
            "confidence": 0.83
          },
          {
            "name": "blond hair",
            "value": "no",
            "confidence": 1.0
          },
          {
            "name": "blurry",
            "value": "no",
            "confidence": 0.38
          },
          {
            "name": "brown hair",
            "value": "no",
            "confidence": 0.81
          },
          {
            "name": "bushy eyebrows",
            "value": "yes",
            "confidence": 0.33
          },
          {
            "name": "chubby",
            "value": "no",
            "confidence": 0.47
          },
          {
            "name": "double chin",
            "value": "no",
            "confidence": 0.64
          },
          {
            "name": "expression",
            "value": "neutral",
            "confidence": 0.89
          },
          {
            "name": "gender",
            "value": "male",
            "confidence": 0.93
          },
          {
            "name": "glasses",
            "value": "no",
            "confidence": 1.0
          },
          {
            "name": "goatee",
            "value": "yes",
            "confidence": 0.55
          },
          {
            "name": "gray hair",
            "value": "no",
            "confidence": 1.0
          },
          {
            "name": "heavy makeup",
            "value": "no",
            "confidence": 0.99
          },
          {
            "name": "high cheekbones",
            "value": "no",
            "confidence": 1.0
          },
          {
            "name": "mouth open",
            "value": "no",
            "confidence": 0.53
          },
          {
            "name": "mustache",
            "value": "yes",
            "confidence": 0.47
          },
          {
            "name": "narrow eyes",
            "value": "no",
            "confidence": 0.54
          },
          {
            "name": "oval face",
            "value": "no",
            "confidence": 0.24
          },
          {
            "name": "pale skin",
            "value": "no",
            "confidence": 0.33
          },
          {
            "name": "pitch",
            "value": "-8.58",
            "confidence": 1.0
          },
          {
            "name": "pointy nose",
            "value": "yes",
            "confidence": 0.07
          },
          {
            "name": "race",
            "value": "white",
            "confidence": 1.0
          },
          {
            "name": "receding hairline",
            "value": "no",
            "confidence": 0.68
          },
          {
            "name": "rosy cheeks",
            "value": "no",
            "confidence": 0.9
          },
          {
            "name": "sideburns",
            "value": "yes",
            "confidence": 0.54
          },
          {
            "name": "straight hair",
            "value": "no",
            "confidence": 1.0
          },
          {
            "name": "wavy hair",
            "value": "yes",
            "confidence": 0.94
          },
          {
            "name": "wearing earrings",
            "value": "no",
            "confidence": 0.71
          },
          {
            "name": "wearing hat",
            "value": "no",
            "confidence": 0.89
          },
          {
            "name": "wearing lipstick",
            "value": "no",
            "confidence": 0.97
          },
          {
            "name": "wearing necklace",
            "value": "no",
            "confidence": 0.65
          },
          {
            "name": "wearing necktie",
            "value": "no",
            "confidence": 0.23
          },
          {
            "name": "yaw",
            "value": "-0.68",
            "confidence": 1.0
          },
          {
            "name": "young",
            "value": "yes",
            "confidence": 0.32
          }
        ],
        "person_id": "",
        "appearance_id": 0,
        "start": "00:00:00",
        "duration": "00:00:00"
      }
    ],
    "tags": null,
    "original_filename": "https://raw.githubusercontent.com/sarkrui/Hairstyle60k/master/Dataset/Curly_Hair/IMG_11.jpg",
    "duration": "00:00:00"
  },
  "recognize": null
}