{
  "media": {
    "media_uuid": "bdb463fd-4cee-4b84-b713-70a3bb412976",
    "checksum": "f96ef39995e207eeb33effac1abd89827738dea3c6fe5cf7f2bb061096e8d661",
    "faces": [
      {
        "face_uuid": "f7c7086a-1535-11e9-99c4-0cc47a6c4dbd",
        "media_uuid": "bdb463fd-4cee-4b84-b713-70a3bb412976",
        "x": 234.08,
        "y": 335.6,
        "width": 249.85,
        "height": 341.16,
        "angle": 2.1955,
        "detection_score": 1.0,
        "points": [
          {
            "x": 163.83,
            "y": 316.02,
            "type": 512,
            "name": "basic eye left"
          },
          {
            "x": 280.18,
            "y": 311.56,
            "type": 768,
            "name": "basic eye right"
          },
          {
            "x": 139.45,
            "y": 317.54,
            "type": 1024,
            "name": "basic eye left outer"
          },
          {
            "x": 306.15,
            "y": 311.24,
            "type": 1280,
            "name": "basic eye right outer"
          },
          {
            "x": 187.93,
            "y": 316.04,
            "type": 1536,
            "name": "basic eye left inner"
          },
          {
            "x": 254.3,
            "y": 313.45,
            "type": 1792,
            "name": "basic eye right inner"
          },
          {
            "x": 178.46,
            "y": 435.24,
            "type": 2048,
            "name": "basic mouth left"
          },
          {
            "x": 270.33,
            "y": 431.75,
            "type": 2304,
            "name": "basic mouth right"
          },
          {
            "x": 214.17,
            "y": 385.34,
            "type": 2560,
            "name": "basic nose tip"
          },
          {
            "x": 223.74,
            "y": 434.78,
            "type": 2816,
            "name": "basic mouth center"
          },
          {
            "x": 223.74,
            "y": 434.78,
            "type": 3072,
            "name": "basic eyebrow left"
          },
          {
            "x": 223.74,
            "y": 434.78,
            "type": 3328,
            "name": "basic eyebrow left inner corner"
          },
          {
            "x": 223.74,
            "y": 434.78,
            "type": 3584,
            "name": "basic eyebrow left outer corner"
          },
          {
            "x": 223.74,
            "y": 434.78,
            "type": 3840,
            "name": "basic eyebrow right"
          },
          {
            "x": 223.74,
            "y": 434.78,
            "type": 4096,
            "name": "basic eyebrow right inner corner"
          },
          {
            "x": 223.74,
            "y": 434.78,
            "type": 4352,
            "name": "basic eyebrow right outer corner"
          },
          {
            "x": 223.74,
            "y": 434.78,
            "type": 4608,
            "name": "basic chin bottom"
          },
          {
            "x": 223.74,
            "y": 434.78,
            "type": 4864,
            "name": "basic chin left"
          },
          {
            "x": 223.74,
            "y": 434.78,
            "type": 5120,
            "name": "basic chin right"
          },
          {
            "x": 188.98,
            "y": 388.74,
            "type": 5376,
            "name": "basic nose left"
          },
          {
            "x": 248.57,
            "y": 386.25,
            "type": 5632,
            "name": "basic nose right"
          }
        ],
        "user_points": null,
        "tags": [
          {
            "name": "5oclock shadow",
            "value": "yes",
            "confidence": 0.59
          },
          {
            "name": "age",
            "value": "36",
            "confidence": 0.6
          },
          {
            "name": "arched eyebrows",
            "value": "no",
            "confidence": 0.56
          },
          {
            "name": "attractive",
            "value": "no",
            "confidence": 0.21
          },
          {
            "name": "bags under eyes",
            "value": "yes",
            "confidence": 0.46
          },
          {
            "name": "bald",
            "value": "no",
            "confidence": 0.45
          },
          {
            "name": "bangs",
            "value": "no",
            "confidence": 1.0
          },
          {
            "name": "beard",
            "value": "yes",
            "confidence": 1.0
          },
          {
            "name": "big lips",
            "value": "no",
            "confidence": 0.58
          },
          {
            "name": "big nose",
            "value": "yes",
            "confidence": 0.29
          },
          {
            "name": "black hair",
            "value": "yes",
            "confidence": 0.89
          },
          {
            "name": "blond hair",
            "value": "no",
            "confidence": 1.0
          },
          {
            "name": "blurry",
            "value": "no",
            "confidence": 0.54
          },
          {
            "name": "brown hair",
            "value": "no",
            "confidence": 0.96
          },
          {
            "name": "bushy eyebrows",
            "value": "yes",
            "confidence": 0.83
          },
          {
            "name": "chubby",
            "value": "yes",
            "confidence": 0.14
          },
          {
            "name": "double chin",
            "value": "no",
            "confidence": 0.19
          },
          {
            "name": "expression",
            "value": "neutral",
            "confidence": 0.8
          },
          {
            "name": "gender",
            "value": "male",
            "confidence": 0.88
          },
          {
            "name": "glasses",
            "value": "no",
            "confidence": 1.0
          },
          {
            "name": "goatee",
            "value": "yes",
            "confidence": 0.99
          },
          {
            "name": "gray hair",
            "value": "no",
            "confidence": 0.61
          },
          {
            "name": "heavy makeup",
            "value": "no",
            "confidence": 1.0
          },
          {
            "name": "high cheekbones",
            "value": "no",
            "confidence": 0.8
          },
          {
            "name": "mouth open",
            "value": "no",
            "confidence": 1.0
          },
          {
            "name": "mustache",
            "value": "yes",
            "confidence": 1.0
          },
          {
            "name": "narrow eyes",
            "value": "no",
            "confidence": 0.15
          },
          {
            "name": "oval face",
            "value": "no",
            "confidence": 0.05
          },
          {
            "name": "pale skin",
            "value": "no",
            "confidence": 0.76
          },
          {
            "name": "pitch",
            "value": "-8.26",
            "confidence": 1.0
          },
          {
            "name": "pointy nose",
            "value": "no",
            "confidence": 0.31
          },
          {
            "name": "race",
            "value": "white",
            "confidence": 1.0
          },
          {
            "name": "receding hairline",
            "value": "no",
            "confidence": 0.44
          },
          {
            "name": "rosy cheeks",
            "value": "no",
            "confidence": 1.0
          },
          {
            "name": "sideburns",
            "value": "yes",
            "confidence": 1.0
          },
          {
            "name": "straight hair",
            "value": "yes",
            "confidence": 0.07
          },
          {
            "name": "wavy hair",
            "value": "no",
            "confidence": 0.35
          },
          {
            "name": "wearing earrings",
            "value": "no",
            "confidence": 0.97
          },
          {
            "name": "wearing hat",
            "value": "no",
            "confidence": 1.0
          },
          {
            "name": "wearing lipstick",
            "value": "no",
            "confidence": 0.93
          },
          {
            "name": "wearing necklace",
            "value": "no",
            "confidence": 1.0
          },
          {
            "name": "wearing necktie",
            "value": "yes",
            "confidence": 0.6
          },
          {
            "name": "yaw",
            "value": "0.39",
            "confidence": 1.0
          },
          {
            "name": "young",
            "value": "no",
            "confidence": 0.31
          }
        ],
        "person_id": "",
        "appearance_id": 0,
        "start": "00:00:00",
        "duration": "00:00:00"
      }
    ],
    "tags": null,
    "original_filename": "https://raw.githubusercontent.com/sarkrui/Hairstyle60k/master/Dataset/Curly_Hair/IMG_5.jpg",
    "duration": "00:00:00"
  },
  "recognize": null
}