{
  "media": {
    "media_uuid": "de797b69-22dd-4acf-ae3f-87ee89fe0c01",
    "checksum": "51684f2767d6b44f1b6ce57b4d7a19fdba16d50023cfad74ec30dce99c3e2c36",
    "faces": [
      {
        "face_uuid": "05497b33-1536-11e9-99c4-0cc47a6c4dbd",
        "media_uuid": "de797b69-22dd-4acf-ae3f-87ee89fe0c01",
        "x": 159.5,
        "y": 95.0,
        "width": 58.01,
        "height": 70.37,
        "angle": 16.6606,
        "detection_score": 1.0,
        "points": [
          {
            "x": 145.37,
            "y": 90.54,
            "type": 512,
            "name": "basic eye left"
          },
          {
            "x": 171.82,
            "y": 82.62,
            "type": 768,
            "name": "basic eye right"
          },
          {
            "x": 139.85,
            "y": 92.47,
            "type": 1024,
            "name": "basic eye left outer"
          },
          {
            "x": 177.43,
            "y": 81.23,
            "type": 1280,
            "name": "basic eye right outer"
          },
          {
            "x": 150.91,
            "y": 89.03,
            "type": 1536,
            "name": "basic eye left inner"
          },
          {
            "x": 166.39,
            "y": 84.41,
            "type": 1792,
            "name": "basic eye right inner"
          },
          {
            "x": 153.43,
            "y": 114.48,
            "type": 2048,
            "name": "basic mouth left"
          },
          {
            "x": 178.4,
            "y": 106.65,
            "type": 2304,
            "name": "basic mouth right"
          },
          {
            "x": 162.87,
            "y": 100.16,
            "type": 2560,
            "name": "basic nose tip"
          },
          {
            "x": 166.15,
            "y": 111.11,
            "type": 2816,
            "name": "basic mouth center"
          },
          {
            "x": 166.15,
            "y": 111.11,
            "type": 3072,
            "name": "basic eyebrow left"
          },
          {
            "x": 166.15,
            "y": 111.11,
            "type": 3328,
            "name": "basic eyebrow left inner corner"
          },
          {
            "x": 166.15,
            "y": 111.11,
            "type": 3584,
            "name": "basic eyebrow left outer corner"
          },
          {
            "x": 166.15,
            "y": 111.11,
            "type": 3840,
            "name": "basic eyebrow right"
          },
          {
            "x": 166.15,
            "y": 111.11,
            "type": 4096,
            "name": "basic eyebrow right inner corner"
          },
          {
            "x": 166.15,
            "y": 111.11,
            "type": 4352,
            "name": "basic eyebrow right outer corner"
          },
          {
            "x": 166.15,
            "y": 111.11,
            "type": 4608,
            "name": "basic chin bottom"
          },
          {
            "x": 166.15,
            "y": 111.11,
            "type": 4864,
            "name": "basic chin left"
          },
          {
            "x": 166.15,
            "y": 111.11,
            "type": 5120,
            "name": "basic chin right"
          },
          {
            "x": 155.87,
            "y": 103.13,
            "type": 5376,
            "name": "basic nose left"
          },
          {
            "x": 170.11,
            "y": 98.77,
            "type": 5632,
            "name": "basic nose right"
          }
        ],
        "user_points": null,
        "tags": [
          {
            "name": "5oclock shadow",
            "value": "yes",
            "confidence": 0.5
          },
          {
            "name": "age",
            "value": "39",
            "confidence": 0.6
          },
          {
            "name": "arched eyebrows",
            "value": "no",
            "confidence": 0.74
          },
          {
            "name": "attractive",
            "value": "yes",
            "confidence": 0.77
          },
          {
            "name": "bags under eyes",
            "value": "yes",
            "confidence": 0.19
          },
          {
            "name": "bald",
            "value": "no",
            "confidence": 1.0
          },
          {
            "name": "bangs",
            "value": "yes",
            "confidence": 0.72
          },
          {
            "name": "beard",
            "value": "yes",
            "confidence": 0.47
          },
          {
            "name": "big lips",
            "value": "no",
            "confidence": 0.43
          },
          {
            "name": "big nose",
            "value": "yes",
            "confidence": 0.09
          },
          {
            "name": "black hair",
            "value": "no",
            "confidence": 0.56
          },
          {
            "name": "blond hair",
            "value": "no",
            "confidence": 0.89
          },
          {
            "name": "blurry",
            "value": "no",
            "confidence": 0.83
          },
          {
            "name": "brown hair",
            "value": "yes",
            "confidence": 0.79
          },
          {
            "name": "bushy eyebrows",
            "value": "yes",
            "confidence": 0.73
          },
          {
            "name": "chubby",
            "value": "no",
            "confidence": 0.84
          },
          {
            "name": "double chin",
            "value": "no",
            "confidence": 0.8
          },
          {
            "name": "expression",
            "value": "smile",
            "confidence": 1.0
          },
          {
            "name": "gender",
            "value": "male",
            "confidence": 1.0
          },
          {
            "name": "glasses",
            "value": "no",
            "confidence": 1.0
          },
          {
            "name": "goatee",
            "value": "yes",
            "confidence": 0.02
          },
          {
            "name": "gray hair",
            "value": "no",
            "confidence": 1.0
          },
          {
            "name": "heavy makeup",
            "value": "no",
            "confidence": 0.92
          },
          {
            "name": "high cheekbones",
            "value": "yes",
            "confidence": 0.14
          },
          {
            "name": "mouth open",
            "value": "yes",
            "confidence": 1.0
          },
          {
            "name": "mustache",
            "value": "no",
            "confidence": 0.01
          },
          {
            "name": "narrow eyes",
            "value": "yes",
            "confidence": 0.57
          },
          {
            "name": "oval face",
            "value": "yes",
            "confidence": 0.39
          },
          {
            "name": "pale skin",
            "value": "yes",
            "confidence": 0.22
          },
          {
            "name": "pitch",
            "value": "-9.85",
            "confidence": 1.0
          },
          {
            "name": "pointy nose",
            "value": "no",
            "confidence": 0.58
          },
          {
            "name": "race",
            "value": "white",
            "confidence": 1.0
          },
          {
            "name": "receding hairline",
            "value": "no",
            "confidence": 1.0
          },
          {
            "name": "rosy cheeks",
            "value": "no",
            "confidence": 0.99
          },
          {
            "name": "sideburns",
            "value": "yes",
            "confidence": 0.15
          },
          {
            "name": "straight hair",
            "value": "no",
            "confidence": 0.38
          },
          {
            "name": "wavy hair",
            "value": "yes",
            "confidence": 0.42
          },
          {
            "name": "wearing earrings",
            "value": "no",
            "confidence": 1.0
          },
          {
            "name": "wearing hat",
            "value": "no",
            "confidence": 0.57
          },
          {
            "name": "wearing lipstick",
            "value": "no",
            "confidence": 0.99
          },
          {
            "name": "wearing necklace",
            "value": "no",
            "confidence": 1.0
          },
          {
            "name": "wearing necktie",
            "value": "yes",
            "confidence": 0.01
          },
          {
            "name": "yaw",
            "value": "-2.35",
            "confidence": 1.0
          },
          {
            "name": "young",
            "value": "yes",
            "confidence": 1.0
          }
        ],
        "person_id": "",
        "appearance_id": 0,
        "start": "00:00:00",
        "duration": "00:00:00"
      }
    ],
    "tags": null,
    "original_filename": "https://raw.githubusercontent.com/sarkrui/Hairstyle60k/master/Dataset/Curly_Hair/IMG_17.jpg",
    "duration": "00:00:00"
  },
  "recognize": null
}