{
  "media": {
    "media_uuid": "f0309be0-344c-4add-ac94-2cead988b8f7",
    "checksum": "0b40df005571a3c6e4c1a544adcfae28fafaa26dd1b7bc74592588f05e7b8151",
    "faces": [
      {
        "face_uuid": "d8b4cbbb-1535-11e9-99c4-0cc47a6c4dbd",
        "media_uuid": "f0309be0-344c-4add-ac94-2cead988b8f7",
        "x": 318.41,
        "y": 308.71,
        "width": 216.91,
        "height": 295.78,
        "angle": -13.9021,
        "detection_score": 1.0,
        "points": [
          {
            "x": 285.76,
            "y": 282.39,
            "type": 512,
            "name": "basic eye left"
          },
          {
            "x": 384.27,
            "y": 306.78,
            "type": 768,
            "name": "basic eye right"
          },
          {
            "x": 262.73,
            "y": 276.8,
            "type": 1024,
            "name": "basic eye left outer"
          },
          {
            "x": 405.02,
            "y": 311.83,
            "type": 1280,
            "name": "basic eye right outer"
          },
          {
            "x": 308.51,
            "y": 288.93,
            "type": 1536,
            "name": "basic eye left inner"
          },
          {
            "x": 363.68,
            "y": 302.72,
            "type": 1792,
            "name": "basic eye right inner"
          },
          {
            "x": 271.91,
            "y": 394.2,
            "type": 2048,
            "name": "basic mouth left"
          },
          {
            "x": 343.85,
            "y": 411.24,
            "type": 2304,
            "name": "basic mouth right"
          },
          {
            "x": 329.34,
            "y": 367.32,
            "type": 2560,
            "name": "basic nose tip"
          },
          {
            "x": 308.65,
            "y": 404.0,
            "type": 2816,
            "name": "basic mouth center"
          },
          {
            "x": 308.65,
            "y": 404.0,
            "type": 3072,
            "name": "basic eyebrow left"
          },
          {
            "x": 308.65,
            "y": 404.0,
            "type": 3328,
            "name": "basic eyebrow left inner corner"
          },
          {
            "x": 308.65,
            "y": 404.0,
            "type": 3584,
            "name": "basic eyebrow left outer corner"
          },
          {
            "x": 308.65,
            "y": 404.0,
            "type": 3840,
            "name": "basic eyebrow right"
          },
          {
            "x": 308.65,
            "y": 404.0,
            "type": 4096,
            "name": "basic eyebrow right inner corner"
          },
          {
            "x": 308.65,
            "y": 404.0,
            "type": 4352,
            "name": "basic eyebrow right outer corner"
          },
          {
            "x": 308.65,
            "y": 404.0,
            "type": 4608,
            "name": "basic chin bottom"
          },
          {
            "x": 308.65,
            "y": 404.0,
            "type": 4864,
            "name": "basic chin left"
          },
          {
            "x": 308.65,
            "y": 404.0,
            "type": 5120,
            "name": "basic chin right"
          },
          {
            "x": 298.53,
            "y": 357.2,
            "type": 5376,
            "name": "basic nose left"
          },
          {
            "x": 349.03,
            "y": 369.64,
            "type": 5632,
            "name": "basic nose right"
          }
        ],
        "user_points": null,
        "tags": [
          {
            "name": "5oclock shadow",
            "value": "yes",
            "confidence": 0.43
          },
          {
            "name": "age",
            "value": "23",
            "confidence": 0.6
          },
          {
            "name": "arched eyebrows",
            "value": "no",
            "confidence": 0.95
          },
          {
            "name": "attractive",
            "value": "no",
            "confidence": 0.14
          },
          {
            "name": "bags under eyes",
            "value": "no",
            "confidence": 0.24
          },
          {
            "name": "bald",
            "value": "no",
            "confidence": 1.0
          },
          {
            "name": "bangs",
            "value": "no",
            "confidence": 1.0
          },
          {
            "name": "beard",
            "value": "no",
            "confidence": 0.12
          },
          {
            "name": "big lips",
            "value": "no",
            "confidence": 0.67
          },
          {
            "name": "big nose",
            "value": "no",
            "confidence": 0.49
          },
          {
            "name": "black hair",
            "value": "no",
            "confidence": 1.0
          },
          {
            "name": "blond hair",
            "value": "no",
            "confidence": 0.79
          },
          {
            "name": "blurry",
            "value": "no",
            "confidence": 0.58
          },
          {
            "name": "brown hair",
            "value": "yes",
            "confidence": 1.0
          },
          {
            "name": "bushy eyebrows",
            "value": "yes",
            "confidence": 0.04
          },
          {
            "name": "chubby",
            "value": "no",
            "confidence": 0.83
          },
          {
            "name": "double chin",
            "value": "no",
            "confidence": 0.97
          },
          {
            "name": "expression",
            "value": "neutral",
            "confidence": 1.0
          },
          {
            "name": "gender",
            "value": "male",
            "confidence": 1.0
          },
          {
            "name": "glasses",
            "value": "no",
            "confidence": 1.0
          },
          {
            "name": "goatee",
            "value": "no",
            "confidence": 0.67
          },
          {
            "name": "gray hair",
            "value": "no",
            "confidence": 0.9
          },
          {
            "name": "heavy makeup",
            "value": "no",
            "confidence": 0.98
          },
          {
            "name": "high cheekbones",
            "value": "no",
            "confidence": 1.0
          },
          {
            "name": "mouth open",
            "value": "no",
            "confidence": 1.0
          },
          {
            "name": "mustache",
            "value": "no",
            "confidence": 0.57
          },
          {
            "name": "narrow eyes",
            "value": "no",
            "confidence": 0.6
          },
          {
            "name": "oval face",
            "value": "no",
            "confidence": 0.1
          },
          {
            "name": "pale skin",
            "value": "no",
            "confidence": 0.58
          },
          {
            "name": "pitch",
            "value": "-7.37",
            "confidence": 1.0
          },
          {
            "name": "pointy nose",
            "value": "no",
            "confidence": 0.27
          },
          {
            "name": "race",
            "value": "white",
            "confidence": 0.99
          },
          {
            "name": "receding hairline",
            "value": "no",
            "confidence": 0.89
          },
          {
            "name": "rosy cheeks",
            "value": "no",
            "confidence": 0.92
          },
          {
            "name": "sideburns",
            "value": "no",
            "confidence": 0.59
          },
          {
            "name": "straight hair",
            "value": "yes",
            "confidence": 0.11
          },
          {
            "name": "wavy hair",
            "value": "no",
            "confidence": 0.01
          },
          {
            "name": "wearing earrings",
            "value": "no",
            "confidence": 1.0
          },
          {
            "name": "wearing hat",
            "value": "no",
            "confidence": 1.0
          },
          {
            "name": "wearing lipstick",
            "value": "no",
            "confidence": 1.0
          },
          {
            "name": "wearing necklace",
            "value": "no",
            "confidence": 0.97
          },
          {
            "name": "wearing necktie",
            "value": "yes",
            "confidence": 0.01
          },
          {
            "name": "yaw",
            "value": "-19.97",
            "confidence": 1.0
          },
          {
            "name": "young",
            "value": "yes",
            "confidence": 0.47
          }
        ],
        "person_id": "",
        "appearance_id": 0,
        "start": "00:00:00",
        "duration": "00:00:00"
      }
    ],
    "tags": null,
    "original_filename": "https://raw.githubusercontent.com/sarkrui/Hairstyle60k/master/Dataset/Curly/IMG_1.jpg",
    "duration": "00:00:00"
  },
  "recognize": null
}