{
  "media": {
    "media_uuid": "6e32415d-87ba-495f-8a89-b2f498d36060",
    "checksum": "3a8318469a63cfd7dec2ef8a5ae713430fa7e8bf3e50614a0a1ccd8e5d1b1467",
    "faces": [
      {
        "face_uuid": "f3f0895a-1535-11e9-99c4-0cc47a6c4dbd",
        "media_uuid": "6e32415d-87ba-495f-8a89-b2f498d36060",
        "x": 295.53,
        "y": 340.46,
        "width": 252.99,
        "height": 311.61,
        "angle": 0.6878,
        "detection_score": 1.0,
        "points": [
          {
            "x": 234.43,
            "y": 306.18,
            "type": 512,
            "name": "basic eye left"
          },
          {
            "x": 351.25,
            "y": 304.78,
            "type": 768,
            "name": "basic eye right"
          },
          {
            "x": 209.89,
            "y": 307.95,
            "type": 1024,
            "name": "basic eye left outer"
          },
          {
            "x": 375.25,
            "y": 305.92,
            "type": 1280,
            "name": "basic eye right outer"
          },
          {
            "x": 258.9,
            "y": 307.47,
            "type": 1536,
            "name": "basic eye left inner"
          },
          {
            "x": 327.57,
            "y": 306.69,
            "type": 1792,
            "name": "basic eye right inner"
          },
          {
            "x": 248.67,
            "y": 427.95,
            "type": 2048,
            "name": "basic mouth left"
          },
          {
            "x": 342.46,
            "y": 426.05,
            "type": 2304,
            "name": "basic mouth right"
          },
          {
            "x": 296.2,
            "y": 363.23,
            "type": 2560,
            "name": "basic nose tip"
          },
          {
            "x": 295.78,
            "y": 427.01,
            "type": 2816,
            "name": "basic mouth center"
          },
          {
            "x": 295.78,
            "y": 427.01,
            "type": 3072,
            "name": "basic eyebrow left"
          },
          {
            "x": 295.78,
            "y": 427.01,
            "type": 3328,
            "name": "basic eyebrow left inner corner"
          },
          {
            "x": 295.78,
            "y": 427.01,
            "type": 3584,
            "name": "basic eyebrow left outer corner"
          },
          {
            "x": 295.78,
            "y": 427.01,
            "type": 3840,
            "name": "basic eyebrow right"
          },
          {
            "x": 295.78,
            "y": 427.01,
            "type": 4096,
            "name": "basic eyebrow right inner corner"
          },
          {
            "x": 295.78,
            "y": 427.01,
            "type": 4352,
            "name": "basic eyebrow right outer corner"
          },
          {
            "x": 295.78,
            "y": 427.01,
            "type": 4608,
            "name": "basic chin bottom"
          },
          {
            "x": 295.78,
            "y": 427.01,
            "type": 4864,
            "name": "basic chin left"
          },
          {
            "x": 295.78,
            "y": 427.01,
            "type": 5120,
            "name": "basic chin right"
          },
          {
            "x": 265.77,
            "y": 376.37,
            "type": 5376,
            "name": "basic nose left"
          },
          {
            "x": 324.97,
            "y": 375.36,
            "type": 5632,
            "name": "basic nose right"
          }
        ],
        "user_points": null,
        "tags": [
          {
            "name": "5oclock shadow",
            "value": "yes",
            "confidence": 0.36
          },
          {
            "name": "age",
            "value": "40",
            "confidence": 0.6
          },
          {
            "name": "arched eyebrows",
            "value": "no",
            "confidence": 0.8
          },
          {
            "name": "attractive",
            "value": "yes",
            "confidence": 0.26
          },
          {
            "name": "bags under eyes",
            "value": "no",
            "confidence": 0.11
          },
          {
            "name": "bald",
            "value": "no",
            "confidence": 1.0
          },
          {
            "name": "bangs",
            "value": "yes",
            "confidence": 1.0
          },
          {
            "name": "beard",
            "value": "no",
            "confidence": 0.03
          },
          {
            "name": "big lips",
            "value": "no",
            "confidence": 0.47
          },
          {
            "name": "big nose",
            "value": "no",
            "confidence": 0.06
          },
          {
            "name": "black hair",
            "value": "no",
            "confidence": 0.71
          },
          {
            "name": "blond hair",
            "value": "no",
            "confidence": 0.97
          },
          {
            "name": "blurry",
            "value": "no",
            "confidence": 0.93
          },
          {
            "name": "brown hair",
            "value": "yes",
            "confidence": 0.82
          },
          {
            "name": "bushy eyebrows",
            "value": "yes",
            "confidence": 0.42
          },
          {
            "name": "chubby",
            "value": "no",
            "confidence": 0.81
          },
          {
            "name": "double chin",
            "value": "no",
            "confidence": 0.99
          },
          {
            "name": "expression",
            "value": "neutral",
            "confidence": 0.74
          },
          {
            "name": "gender",
            "value": "male",
            "confidence": 1.0
          },
          {
            "name": "glasses",
            "value": "no",
            "confidence": 1.0
          },
          {
            "name": "goatee",
            "value": "no",
            "confidence": 0.51
          },
          {
            "name": "gray hair",
            "value": "no",
            "confidence": 1.0
          },
          {
            "name": "heavy makeup",
            "value": "no",
            "confidence": 1.0
          },
          {
            "name": "high cheekbones",
            "value": "no",
            "confidence": 0.89
          },
          {
            "name": "mouth open",
            "value": "no",
            "confidence": 0.94
          },
          {
            "name": "mustache",
            "value": "no",
            "confidence": 0.44
          },
          {
            "name": "narrow eyes",
            "value": "no",
            "confidence": 0.31
          },
          {
            "name": "oval face",
            "value": "yes",
            "confidence": 0.27
          },
          {
            "name": "pale skin",
            "value": "yes",
            "confidence": 0.02
          },
          {
            "name": "pitch",
            "value": "-10.02",
            "confidence": 1.0
          },
          {
            "name": "pointy nose",
            "value": "no",
            "confidence": 0.61
          },
          {
            "name": "race",
            "value": "white",
            "confidence": 1.0
          },
          {
            "name": "receding hairline",
            "value": "no",
            "confidence": 1.0
          },
          {
            "name": "rosy cheeks",
            "value": "no",
            "confidence": 0.96
          },
          {
            "name": "sideburns",
            "value": "no",
            "confidence": 0.36
          },
          {
            "name": "straight hair",
            "value": "no",
            "confidence": 0.5
          },
          {
            "name": "wavy hair",
            "value": "yes",
            "confidence": 0.54
          },
          {
            "name": "wearing earrings",
            "value": "no",
            "confidence": 0.93
          },
          {
            "name": "wearing hat",
            "value": "no",
            "confidence": 0.54
          },
          {
            "name": "wearing lipstick",
            "value": "no",
            "confidence": 1.0
          },
          {
            "name": "wearing necklace",
            "value": "no",
            "confidence": 0.87
          },
          {
            "name": "wearing necktie",
            "value": "no",
            "confidence": 0.13
          },
          {
            "name": "yaw",
            "value": "0.39",
            "confidence": 1.0
          },
          {
            "name": "young",
            "value": "yes",
            "confidence": 0.83
          }
        ],
        "person_id": "",
        "appearance_id": 0,
        "start": "00:00:00",
        "duration": "00:00:00"
      },
      {
        "face_uuid": "f4327b35-1535-11e9-99c4-0cc47a6c4dbd",
        "media_uuid": "6e32415d-87ba-495f-8a89-b2f498d36060",
        "x": 484.43,
        "y": 304.19,
        "width": 38.84,
        "height": 44.09,
        "angle": -11.3189,
        "detection_score": 0.99,
        "points": [
          {
            "x": 474.28,
            "y": 297.12,
            "type": 512,
            "name": "basic eye left"
          },
          {
            "x": 498.82,
            "y": 302.03,
            "type": 768,
            "name": "basic eye right"
          },
          {
            "x": 469.16,
            "y": 296.2,
            "type": 1024,
            "name": "basic eye left outer"
          },
          {
            "x": 503.6,
            "y": 303.09,
            "type": 1280,
            "name": "basic eye right outer"
          },
          {
            "x": 479.32,
            "y": 298.49,
            "type": 1536,
            "name": "basic eye left inner"
          },
          {
            "x": 493.96,
            "y": 301.41,
            "type": 1792,
            "name": "basic eye right inner"
          },
          {
            "x": 468.27,
            "y": 314.43,
            "type": 2048,
            "name": "basic mouth left"
          },
          {
            "x": 487.08,
            "y": 320.58,
            "type": 2304,
            "name": "basic mouth right"
          },
          {
            "x": 483.76,
            "y": 311.15,
            "type": 2560,
            "name": "basic nose tip"
          },
          {
            "x": 477.62,
            "y": 317.85,
            "type": 2816,
            "name": "basic mouth center"
          },
          {
            "x": 477.62,
            "y": 317.85,
            "type": 3072,
            "name": "basic eyebrow left"
          },
          {
            "x": 477.62,
            "y": 317.85,
            "type": 3328,
            "name": "basic eyebrow left inner corner"
          },
          {
            "x": 477.62,
            "y": 317.85,
            "type": 3584,
            "name": "basic eyebrow left outer corner"
          },
          {
            "x": 477.62,
            "y": 317.85,
            "type": 3840,
            "name": "basic eyebrow right"
          },
          {
            "x": 477.62,
            "y": 317.85,
            "type": 4096,
            "name": "basic eyebrow right inner corner"
          },
          {
            "x": 477.62,
            "y": 317.85,
            "type": 4352,
            "name": "basic eyebrow right outer corner"
          },
          {
            "x": 477.62,
            "y": 317.85,
            "type": 4608,
            "name": "basic chin bottom"
          },
          {
            "x": 477.62,
            "y": 317.85,
            "type": 4864,
            "name": "basic chin left"
          },
          {
            "x": 477.62,
            "y": 317.85,
            "type": 5120,
            "name": "basic chin right"
          },
          {
            "x": 477.0,
            "y": 309.52,
            "type": 5376,
            "name": "basic nose left"
          },
          {
            "x": 489.34,
            "y": 312.96,
            "type": 5632,
            "name": "basic nose right"
          }
        ],
        "user_points": null,
        "tags": [
          {
            "name": "5oclock shadow",
            "value": "no",
            "confidence": 0.5
          },
          {
            "name": "age",
            "value": "43",
            "confidence": 0.6
          },
          {
            "name": "arched eyebrows",
            "value": "no",
            "confidence": 1.0
          },
          {
            "name": "attractive",
            "value": "no",
            "confidence": 1.0
          },
          {
            "name": "bags under eyes",
            "value": "yes",
            "confidence": 0.1
          },
          {
            "name": "bald",
            "value": "no",
            "confidence": 0.25
          },
          {
            "name": "bangs",
            "value": "no",
            "confidence": 0.11
          },
          {
            "name": "beard",
            "value": "yes",
            "confidence": 0.18
          },
          {
            "name": "big lips",
            "value": "no",
            "confidence": 0.72
          },
          {
            "name": "big nose",
            "value": "yes",
            "confidence": 0.28
          },
          {
            "name": "black hair",
            "value": "no",
            "confidence": 0.96
          },
          {
            "name": "blond hair",
            "value": "no",
            "confidence": 0.68
          },
          {
            "name": "blurry",
            "value": "yes",
            "confidence": 0.81
          },
          {
            "name": "brown hair",
            "value": "yes",
            "confidence": 0.01
          },
          {
            "name": "bushy eyebrows",
            "value": "no",
            "confidence": 0.85
          },
          {
            "name": "chubby",
            "value": "yes",
            "confidence": 0.42
          },
          {
            "name": "double chin",
            "value": "yes",
            "confidence": 0.13
          },
          {
            "name": "expression",
            "value": "neutral",
            "confidence": 0.4
          },
          {
            "name": "gender",
            "value": "male",
            "confidence": 0.59
          },
          {
            "name": "glasses",
            "value": "no",
            "confidence": 0.95
          },
          {
            "name": "goatee",
            "value": "yes",
            "confidence": 0.05
          },
          {
            "name": "gray hair",
            "value": "yes",
            "confidence": 0.27
          },
          {
            "name": "heavy makeup",
            "value": "no",
            "confidence": 0.9
          },
          {
            "name": "high cheekbones",
            "value": "no",
            "confidence": 0.51
          },
          {
            "name": "mouth open",
            "value": "no",
            "confidence": 0.61
          },
          {
            "name": "mustache",
            "value": "yes",
            "confidence": 0.23
          },
          {
            "name": "narrow eyes",
            "value": "yes",
            "confidence": 0.13
          },
          {
            "name": "oval face",
            "value": "no",
            "confidence": 0.55
          },
          {
            "name": "pale skin",
            "value": "no",
            "confidence": 0.83
          },
          {
            "name": "pitch",
            "value": "-6.6",
            "confidence": 1.0
          },
          {
            "name": "pointy nose",
            "value": "no",
            "confidence": 0.66
          },
          {
            "name": "race",
            "value": "white",
            "confidence": 0.83
          },
          {
            "name": "receding hairline",
            "value": "no",
            "confidence": 0.49
          },
          {
            "name": "rosy cheeks",
            "value": "no",
            "confidence": 1.0
          },
          {
            "name": "sideburns",
            "value": "yes",
            "confidence": 0.12
          },
          {
            "name": "straight hair",
            "value": "no",
            "confidence": 0.81
          },
          {
            "name": "wavy hair",
            "value": "yes",
            "confidence": 0.14
          },
          {
            "name": "wearing earrings",
            "value": "no",
            "confidence": 1.0
          },
          {
            "name": "wearing hat",
            "value": "no",
            "confidence": 0.15
          },
          {
            "name": "wearing lipstick",
            "value": "no",
            "confidence": 0.94
          },
          {
            "name": "wearing necklace",
            "value": "no",
            "confidence": 0.63
          },
          {
            "name": "wearing necktie",
            "value": "no",
            "confidence": 0.32
          },
          {
            "name": "yaw",
            "value": "-4.09",
            "confidence": 1.0
          },
          {
            "name": "young",
            "value": "no",
            "confidence": 0.93
          }
        ],
        "person_id": "",
        "appearance_id": 0,
        "start": "00:00:00",
        "duration": "00:00:00"
      }
    ],
    "tags": null,
    "original_filename": "https://raw.githubusercontent.com/sarkrui/Hairstyle60k/master/Dataset/Curly_Hair/IMG_2.jpg",
    "duration": "00:00:00"
  },
  "recognize": null
}