{
  "media": {
    "media_uuid": "eca77df6-264c-4b16-8cf4-6a6495168163",
    "checksum": "4f3509363b802a259f56cd320bf578c91bf10ac0a040b1f6459be17160b71494",
    "faces": [
      {
        "face_uuid": "df44ca02-1535-11e9-99c4-0cc47a6c4dbd",
        "media_uuid": "eca77df6-264c-4b16-8cf4-6a6495168163",
        "x": 233.94,
        "y": 352.7,
        "width": 248.61,
        "height": 318.8,
        "angle": -0.3656,
        "detection_score": 1.0,
        "points": [
          {
            "x": 167.06,
            "y": 306.75,
            "type": 512,
            "name": "basic eye left"
          },
          {
            "x": 288.73,
            "y": 307.52,
            "type": 768,
            "name": "basic eye right"
          },
          {
            "x": 140.95,
            "y": 306.22,
            "type": 1024,
            "name": "basic eye left outer"
          },
          {
            "x": 315.28,
            "y": 307.31,
            "type": 1280,
            "name": "basic eye right outer"
          },
          {
            "x": 192.78,
            "y": 310.56,
            "type": 1536,
            "name": "basic eye left inner"
          },
          {
            "x": 262.51,
            "y": 310.99,
            "type": 1792,
            "name": "basic eye right inner"
          },
          {
            "x": 179.65,
            "y": 441.87,
            "type": 2048,
            "name": "basic mouth left"
          },
          {
            "x": 267.77,
            "y": 444.04,
            "type": 2304,
            "name": "basic mouth right"
          },
          {
            "x": 224.08,
            "y": 399.1,
            "type": 2560,
            "name": "basic nose tip"
          },
          {
            "x": 223.45,
            "y": 445.08,
            "type": 2816,
            "name": "basic mouth center"
          },
          {
            "x": 223.45,
            "y": 445.08,
            "type": 3072,
            "name": "basic eyebrow left"
          },
          {
            "x": 223.45,
            "y": 445.08,
            "type": 3328,
            "name": "basic eyebrow left inner corner"
          },
          {
            "x": 223.45,
            "y": 445.08,
            "type": 3584,
            "name": "basic eyebrow left outer corner"
          },
          {
            "x": 223.45,
            "y": 445.08,
            "type": 3840,
            "name": "basic eyebrow right"
          },
          {
            "x": 223.45,
            "y": 445.08,
            "type": 4096,
            "name": "basic eyebrow right inner corner"
          },
          {
            "x": 223.45,
            "y": 445.08,
            "type": 4352,
            "name": "basic eyebrow right outer corner"
          },
          {
            "x": 223.45,
            "y": 445.08,
            "type": 4608,
            "name": "basic chin bottom"
          },
          {
            "x": 223.45,
            "y": 445.08,
            "type": 4864,
            "name": "basic chin left"
          },
          {
            "x": 223.45,
            "y": 445.08,
            "type": 5120,
            "name": "basic chin right"
          },
          {
            "x": 195.37,
            "y": 396.41,
            "type": 5376,
            "name": "basic nose left"
          },
          {
            "x": 254.63,
            "y": 397.65,
            "type": 5632,
            "name": "basic nose right"
          }
        ],
        "user_points": null,
        "tags": [
          {
            "name": "5oclock shadow",
            "value": "yes",
            "confidence": 0.27
          },
          {
            "name": "age",
            "value": "16",
            "confidence": 0.6
          },
          {
            "name": "arched eyebrows",
            "value": "no",
            "confidence": 0.76
          },
          {
            "name": "attractive",
            "value": "yes",
            "confidence": 0.93
          },
          {
            "name": "bags under eyes",
            "value": "yes",
            "confidence": 0.35
          },
          {
            "name": "bald",
            "value": "no",
            "confidence": 1.0
          },
          {
            "name": "bangs",
            "value": "yes",
            "confidence": 0.55
          },
          {
            "name": "beard",
            "value": "no",
            "confidence": 0.2
          },
          {
            "name": "big lips",
            "value": "yes",
            "confidence": 0.02
          },
          {
            "name": "big nose",
            "value": "yes",
            "confidence": 0.17
          },
          {
            "name": "black hair",
            "value": "no",
            "confidence": 0.4
          },
          {
            "name": "blond hair",
            "value": "no",
            "confidence": 0.63
          },
          {
            "name": "blurry",
            "value": "no",
            "confidence": 1.0
          },
          {
            "name": "brown hair",
            "value": "no",
            "confidence": 0.02
          },
          {
            "name": "bushy eyebrows",
            "value": "yes",
            "confidence": 0.54
          },
          {
            "name": "chubby",
            "value": "no",
            "confidence": 1.0
          },
          {
            "name": "double chin",
            "value": "no",
            "confidence": 1.0
          },
          {
            "name": "expression",
            "value": "neutral",
            "confidence": 0.81
          },
          {
            "name": "gender",
            "value": "male",
            "confidence": 0.97
          },
          {
            "name": "glasses",
            "value": "no",
            "confidence": 1.0
          },
          {
            "name": "goatee",
            "value": "no",
            "confidence": 0.65
          },
          {
            "name": "gray hair",
            "value": "no",
            "confidence": 1.0
          },
          {
            "name": "heavy makeup",
            "value": "no",
            "confidence": 0.89
          },
          {
            "name": "high cheekbones",
            "value": "no",
            "confidence": 1.0
          },
          {
            "name": "mouth open",
            "value": "no",
            "confidence": 0.92
          },
          {
            "name": "mustache",
            "value": "no",
            "confidence": 0.62
          },
          {
            "name": "narrow eyes",
            "value": "no",
            "confidence": 0.49
          },
          {
            "name": "oval face",
            "value": "no",
            "confidence": 0.14
          },
          {
            "name": "pale skin",
            "value": "yes",
            "confidence": 0.91
          },
          {
            "name": "pitch",
            "value": "-9.73",
            "confidence": 1.0
          },
          {
            "name": "pointy nose",
            "value": "no",
            "confidence": 0.27
          },
          {
            "name": "race",
            "value": "asian",
            "confidence": 0.87
          },
          {
            "name": "receding hairline",
            "value": "no",
            "confidence": 1.0
          },
          {
            "name": "rosy cheeks",
            "value": "no",
            "confidence": 1.0
          },
          {
            "name": "sideburns",
            "value": "no",
            "confidence": 0.56
          },
          {
            "name": "straight hair",
            "value": "yes",
            "confidence": 0.35
          },
          {
            "name": "wavy hair",
            "value": "no",
            "confidence": 0.45
          },
          {
            "name": "wearing earrings",
            "value": "no",
            "confidence": 1.0
          },
          {
            "name": "wearing hat",
            "value": "yes",
            "confidence": 0.0
          },
          {
            "name": "wearing lipstick",
            "value": "no",
            "confidence": 0.89
          },
          {
            "name": "wearing necklace",
            "value": "no",
            "confidence": 0.77
          },
          {
            "name": "wearing necktie",
            "value": "no",
            "confidence": 0.07
          },
          {
            "name": "yaw",
            "value": "1.41",
            "confidence": 1.0
          },
          {
            "name": "young",
            "value": "yes",
            "confidence": 1.0
          }
        ],
        "person_id": "",
        "appearance_id": 0,
        "start": "00:00:00",
        "duration": "00:00:00"
      }
    ],
    "tags": null,
    "original_filename": "https://raw.githubusercontent.com/sarkrui/Hairstyle60k/master/Dataset/Curly/IMG_6.jpg",
    "duration": "00:00:00"
  },
  "recognize": null
}