{
  "media": {
    "media_uuid": "5436f95e-87bc-4f71-98c2-f4ef63482c70",
    "checksum": "806eeb1e0c87ee67c0580dd88879abc4a672d04432fd904ea6caf7c7c1c6bae4",
    "faces": [
      {
        "face_uuid": "e6a36b89-1535-11e9-99c4-0cc47a6c4dbd",
        "media_uuid": "5436f95e-87bc-4f71-98c2-f4ef63482c70",
        "x": 266.85,
        "y": 389.6,
        "width": 281.06,
        "height": 380.86,
        "angle": 1.8049,
        "detection_score": 1.0,
        "points": [
          {
            "x": 212.98,
            "y": 354.77,
            "type": 512,
            "name": "basic eye left"
          },
          {
            "x": 351.17,
            "y": 350.42,
            "type": 768,
            "name": "basic eye right"
          },
          {
            "x": 181.04,
            "y": 355.52,
            "type": 1024,
            "name": "basic eye left outer"
          },
          {
            "x": 379.87,
            "y": 349.07,
            "type": 1280,
            "name": "basic eye right outer"
          },
          {
            "x": 244.81,
            "y": 356.65,
            "type": 1536,
            "name": "basic eye left inner"
          },
          {
            "x": 323.24,
            "y": 354.33,
            "type": 1792,
            "name": "basic eye right inner"
          },
          {
            "x": 233.36,
            "y": 511.75,
            "type": 2048,
            "name": "basic mouth left"
          },
          {
            "x": 335.24,
            "y": 510.23,
            "type": 2304,
            "name": "basic mouth right"
          },
          {
            "x": 303.82,
            "y": 456.95,
            "type": 2560,
            "name": "basic nose tip"
          },
          {
            "x": 286.02,
            "y": 512.86,
            "type": 2816,
            "name": "basic mouth center"
          },
          {
            "x": 286.02,
            "y": 512.86,
            "type": 3072,
            "name": "basic eyebrow left"
          },
          {
            "x": 286.02,
            "y": 512.86,
            "type": 3328,
            "name": "basic eyebrow left inner corner"
          },
          {
            "x": 286.02,
            "y": 512.86,
            "type": 3584,
            "name": "basic eyebrow left outer corner"
          },
          {
            "x": 286.02,
            "y": 512.86,
            "type": 3840,
            "name": "basic eyebrow right"
          },
          {
            "x": 286.02,
            "y": 512.86,
            "type": 4096,
            "name": "basic eyebrow right inner corner"
          },
          {
            "x": 286.02,
            "y": 512.86,
            "type": 4352,
            "name": "basic eyebrow right outer corner"
          },
          {
            "x": 286.02,
            "y": 512.86,
            "type": 4608,
            "name": "basic chin bottom"
          },
          {
            "x": 286.02,
            "y": 512.86,
            "type": 4864,
            "name": "basic chin left"
          },
          {
            "x": 286.02,
            "y": 512.86,
            "type": 5120,
            "name": "basic chin right"
          },
          {
            "x": 259.55,
            "y": 456.4,
            "type": 5376,
            "name": "basic nose left"
          },
          {
            "x": 329.37,
            "y": 454.74,
            "type": 5632,
            "name": "basic nose right"
          }
        ],
        "user_points": null,
        "tags": [
          {
            "name": "5oclock shadow",
            "value": "yes",
            "confidence": 0.5
          },
          {
            "name": "age",
            "value": "38",
            "confidence": 0.6
          },
          {
            "name": "arched eyebrows",
            "value": "no",
            "confidence": 0.99
          },
          {
            "name": "attractive",
            "value": "no",
            "confidence": 0.07
          },
          {
            "name": "bags under eyes",
            "value": "yes",
            "confidence": 0.53
          },
          {
            "name": "bald",
            "value": "no",
            "confidence": 0.58
          },
          {
            "name": "bangs",
            "value": "no",
            "confidence": 0.74
          },
          {
            "name": "beard",
            "value": "no",
            "confidence": 0.13
          },
          {
            "name": "big lips",
            "value": "no",
            "confidence": 0.38
          },
          {
            "name": "big nose",
            "value": "yes",
            "confidence": 0.17
          },
          {
            "name": "black hair",
            "value": "no",
            "confidence": 0.96
          },
          {
            "name": "blond hair",
            "value": "no",
            "confidence": 0.55
          },
          {
            "name": "blurry",
            "value": "no",
            "confidence": 1.0
          },
          {
            "name": "brown hair",
            "value": "yes",
            "confidence": 0.44
          },
          {
            "name": "bushy eyebrows",
            "value": "no",
            "confidence": 0.56
          },
          {
            "name": "chubby",
            "value": "no",
            "confidence": 0.74
          },
          {
            "name": "double chin",
            "value": "no",
            "confidence": 0.74
          },
          {
            "name": "expression",
            "value": "neutral",
            "confidence": 1.0
          },
          {
            "name": "gender",
            "value": "male",
            "confidence": 1.0
          },
          {
            "name": "glasses",
            "value": "no",
            "confidence": 1.0
          },
          {
            "name": "goatee",
            "value": "no",
            "confidence": 0.69
          },
          {
            "name": "gray hair",
            "value": "no",
            "confidence": 0.36
          },
          {
            "name": "heavy makeup",
            "value": "no",
            "confidence": 1.0
          },
          {
            "name": "high cheekbones",
            "value": "no",
            "confidence": 1.0
          },
          {
            "name": "mouth open",
            "value": "no",
            "confidence": 1.0
          },
          {
            "name": "mustache",
            "value": "no",
            "confidence": 0.62
          },
          {
            "name": "narrow eyes",
            "value": "no",
            "confidence": 1.0
          },
          {
            "name": "oval face",
            "value": "no",
            "confidence": 0.27
          },
          {
            "name": "pale skin",
            "value": "no",
            "confidence": 0.13
          },
          {
            "name": "pitch",
            "value": "-8.74",
            "confidence": 1.0
          },
          {
            "name": "pointy nose",
            "value": "no",
            "confidence": 0.13
          },
          {
            "name": "race",
            "value": "white",
            "confidence": 0.99
          },
          {
            "name": "receding hairline",
            "value": "no",
            "confidence": 0.09
          },
          {
            "name": "rosy cheeks",
            "value": "no",
            "confidence": 1.0
          },
          {
            "name": "sideburns",
            "value": "no",
            "confidence": 0.62
          },
          {
            "name": "straight hair",
            "value": "yes",
            "confidence": 0.63
          },
          {
            "name": "wavy hair",
            "value": "no",
            "confidence": 0.91
          },
          {
            "name": "wearing earrings",
            "value": "no",
            "confidence": 1.0
          },
          {
            "name": "wearing hat",
            "value": "no",
            "confidence": 1.0
          },
          {
            "name": "wearing lipstick",
            "value": "no",
            "confidence": 1.0
          },
          {
            "name": "wearing necklace",
            "value": "no",
            "confidence": 0.94
          },
          {
            "name": "wearing necktie",
            "value": "yes",
            "confidence": 0.38
          },
          {
            "name": "yaw",
            "value": "-1.62",
            "confidence": 1.0
          },
          {
            "name": "young",
            "value": "yes",
            "confidence": 0.17
          }
        ],
        "person_id": "",
        "appearance_id": 0,
        "start": "00:00:00",
        "duration": "00:00:00"
      }
    ],
    "tags": null,
    "original_filename": "https://raw.githubusercontent.com/sarkrui/Hairstyle60k/master/Dataset/Curly/IMG_13.jpg",
    "duration": "00:00:00"
  },
  "recognize": null
}