{
  "media": {
    "media_uuid": "300aa0f1-8226-4375-91cf-f4eef0f823c0",
    "checksum": "e7bfbdb53516e9414e964a72c81fbfed57129d9fd4a060fc0fab6ba3afd24515",
    "faces": [
      {
        "face_uuid": "1fd55fde-1536-11e9-99c4-0cc47a6c4dbd",
        "media_uuid": "300aa0f1-8226-4375-91cf-f4eef0f823c0",
        "x": 278.0,
        "y": 237.5,
        "width": 185.29,
        "height": 255.02,
        "angle": -10.1018,
        "detection_score": 1.0,
        "points": [
          {
            "x": 224.76,
            "y": 211.84,
            "type": 512,
            "name": "basic eye left"
          },
          {
            "x": 312.58,
            "y": 227.48,
            "type": 768,
            "name": "basic eye right"
          },
          {
            "x": 206.65,
            "y": 208.95,
            "type": 1024,
            "name": "basic eye left outer"
          },
          {
            "x": 332.17,
            "y": 231.45,
            "type": 1280,
            "name": "basic eye right outer"
          },
          {
            "x": 242.15,
            "y": 215.84,
            "type": 1536,
            "name": "basic eye left inner"
          },
          {
            "x": 292.94,
            "y": 224.82,
            "type": 1792,
            "name": "basic eye right inner"
          },
          {
            "x": 219.56,
            "y": 302.43,
            "type": 2048,
            "name": "basic mouth left"
          },
          {
            "x": 287.82,
            "y": 314.43,
            "type": 2304,
            "name": "basic mouth right"
          },
          {
            "x": 248.97,
            "y": 270.86,
            "type": 2560,
            "name": "basic nose tip"
          },
          {
            "x": 252.59,
            "y": 309.44,
            "type": 2816,
            "name": "basic mouth center"
          },
          {
            "x": 252.59,
            "y": 309.44,
            "type": 3072,
            "name": "basic eyebrow left"
          },
          {
            "x": 252.59,
            "y": 309.44,
            "type": 3328,
            "name": "basic eyebrow left inner corner"
          },
          {
            "x": 252.59,
            "y": 309.44,
            "type": 3584,
            "name": "basic eyebrow left outer corner"
          },
          {
            "x": 252.59,
            "y": 309.44,
            "type": 3840,
            "name": "basic eyebrow right"
          },
          {
            "x": 252.59,
            "y": 309.44,
            "type": 4096,
            "name": "basic eyebrow right inner corner"
          },
          {
            "x": 252.59,
            "y": 309.44,
            "type": 4352,
            "name": "basic eyebrow right outer corner"
          },
          {
            "x": 252.59,
            "y": 309.44,
            "type": 4608,
            "name": "basic chin bottom"
          },
          {
            "x": 252.59,
            "y": 309.44,
            "type": 4864,
            "name": "basic chin left"
          },
          {
            "x": 252.59,
            "y": 309.44,
            "type": 5120,
            "name": "basic chin right"
          },
          {
            "x": 231.41,
            "y": 269.43,
            "type": 5376,
            "name": "basic nose left"
          },
          {
            "x": 275.96,
            "y": 277.07,
            "type": 5632,
            "name": "basic nose right"
          }
        ],
        "user_points": null,
        "tags": [
          {
            "name": "5oclock shadow",
            "value": "yes",
            "confidence": 0.2
          },
          {
            "name": "age",
            "value": "14",
            "confidence": 0.6
          },
          {
            "name": "arched eyebrows",
            "value": "no",
            "confidence": 0.24
          },
          {
            "name": "attractive",
            "value": "yes",
            "confidence": 0.9
          },
          {
            "name": "bags under eyes",
            "value": "no",
            "confidence": 0.52
          },
          {
            "name": "bald",
            "value": "no",
            "confidence": 1.0
          },
          {
            "name": "bangs",
            "value": "no",
            "confidence": 0.87
          },
          {
            "name": "beard",
            "value": "no",
            "confidence": 0.28
          },
          {
            "name": "big lips",
            "value": "no",
            "confidence": 0.35
          },
          {
            "name": "big nose",
            "value": "no",
            "confidence": 0.37
          },
          {
            "name": "black hair",
            "value": "no",
            "confidence": 1.0
          },
          {
            "name": "blond hair",
            "value": "no",
            "confidence": 0.65
          },
          {
            "name": "blurry",
            "value": "no",
            "confidence": 1.0
          },
          {
            "name": "brown hair",
            "value": "yes",
            "confidence": 0.71
          },
          {
            "name": "bushy eyebrows",
            "value": "yes",
            "confidence": 0.46
          },
          {
            "name": "chubby",
            "value": "no",
            "confidence": 1.0
          },
          {
            "name": "double chin",
            "value": "no",
            "confidence": 1.0
          },
          {
            "name": "expression",
            "value": "neutral",
            "confidence": 0.45
          },
          {
            "name": "gender",
            "value": "male",
            "confidence": 0.87
          },
          {
            "name": "glasses",
            "value": "no",
            "confidence": 1.0
          },
          {
            "name": "goatee",
            "value": "no",
            "confidence": 0.76
          },
          {
            "name": "gray hair",
            "value": "no",
            "confidence": 0.99
          },
          {
            "name": "heavy makeup",
            "value": "no",
            "confidence": 0.89
          },
          {
            "name": "high cheekbones",
            "value": "no",
            "confidence": 1.0
          },
          {
            "name": "mouth open",
            "value": "yes",
            "confidence": 0.97
          },
          {
            "name": "mustache",
            "value": "no",
            "confidence": 0.67
          },
          {
            "name": "narrow eyes",
            "value": "no",
            "confidence": 0.63
          },
          {
            "name": "oval face",
            "value": "yes",
            "confidence": 0.18
          },
          {
            "name": "pale skin",
            "value": "yes",
            "confidence": 0.68
          },
          {
            "name": "pitch",
            "value": "-7.25",
            "confidence": 1.0
          },
          {
            "name": "pointy nose",
            "value": "no",
            "confidence": 0.03
          },
          {
            "name": "race",
            "value": "white",
            "confidence": 1.0
          },
          {
            "name": "receding hairline",
            "value": "no",
            "confidence": 0.71
          },
          {
            "name": "rosy cheeks",
            "value": "no",
            "confidence": 1.0
          },
          {
            "name": "sideburns",
            "value": "no",
            "confidence": 0.69
          },
          {
            "name": "straight hair",
            "value": "yes",
            "confidence": 0.07
          },
          {
            "name": "wavy hair",
            "value": "no",
            "confidence": 0.3
          },
          {
            "name": "wearing earrings",
            "value": "no",
            "confidence": 0.8
          },
          {
            "name": "wearing hat",
            "value": "no",
            "confidence": 0.78
          },
          {
            "name": "wearing lipstick",
            "value": "no",
            "confidence": 0.81
          },
          {
            "name": "wearing necklace",
            "value": "no",
            "confidence": 1.0
          },
          {
            "name": "wearing necktie",
            "value": "yes",
            "confidence": 0.13
          },
          {
            "name": "yaw",
            "value": "23.21",
            "confidence": 1.0
          },
          {
            "name": "young",
            "value": "yes",
            "confidence": 1.0
          }
        ],
        "person_id": "",
        "appearance_id": 0,
        "start": "00:00:00",
        "duration": "00:00:00"
      }
    ],
    "tags": null,
    "original_filename": "https://raw.githubusercontent.com/sarkrui/Hairstyle60k/master/Dataset/Curtained_Hair/IMG_18.jpg",
    "duration": "00:00:00"
  },
  "recognize": null
}