{
  "media": {
    "media_uuid": "8ce7a1f1-0b12-469e-a78f-da27596319b9",
    "checksum": "fcc959a8cbec74574fedf7143e9791288b6cb5dbeb04b80429727b288abbff07",
    "faces": [
      {
        "face_uuid": "20dbe76b-1536-11e9-99c4-0cc47a6c4dbd",
        "media_uuid": "8ce7a1f1-0b12-469e-a78f-da27596319b9",
        "x": 499.18,
        "y": 215.29,
        "width": 211.17,
        "height": 292.49,
        "angle": -7.8196,
        "detection_score": 1.0,
        "points": [
          {
            "x": 479.4,
            "y": 181.0,
            "type": 512,
            "name": "basic eye left"
          },
          {
            "x": 575.72,
            "y": 194.23,
            "type": 768,
            "name": "basic eye right"
          },
          {
            "x": 456.8,
            "y": 178.9,
            "type": 1024,
            "name": "basic eye left outer"
          },
          {
            "x": 595.51,
            "y": 197.8,
            "type": 1280,
            "name": "basic eye right outer"
          },
          {
            "x": 501.32,
            "y": 183.54,
            "type": 1536,
            "name": "basic eye left inner"
          },
          {
            "x": 556.29,
            "y": 191.25,
            "type": 1792,
            "name": "basic eye right inner"
          },
          {
            "x": 478.48,
            "y": 290.91,
            "type": 2048,
            "name": "basic mouth left"
          },
          {
            "x": 551.64,
            "y": 300.92,
            "type": 2304,
            "name": "basic mouth right"
          },
          {
            "x": 533.9,
            "y": 242.46,
            "type": 2560,
            "name": "basic nose tip"
          },
          {
            "x": 516.52,
            "y": 295.16,
            "type": 2816,
            "name": "basic mouth center"
          },
          {
            "x": 516.52,
            "y": 295.16,
            "type": 3072,
            "name": "basic eyebrow left"
          },
          {
            "x": 516.52,
            "y": 295.16,
            "type": 3328,
            "name": "basic eyebrow left inner corner"
          },
          {
            "x": 516.52,
            "y": 295.16,
            "type": 3584,
            "name": "basic eyebrow left outer corner"
          },
          {
            "x": 516.52,
            "y": 295.16,
            "type": 3840,
            "name": "basic eyebrow right"
          },
          {
            "x": 516.52,
            "y": 295.16,
            "type": 4096,
            "name": "basic eyebrow right inner corner"
          },
          {
            "x": 516.52,
            "y": 295.16,
            "type": 4352,
            "name": "basic eyebrow right outer corner"
          },
          {
            "x": 516.52,
            "y": 295.16,
            "type": 4608,
            "name": "basic chin bottom"
          },
          {
            "x": 516.52,
            "y": 295.16,
            "type": 4864,
            "name": "basic chin left"
          },
          {
            "x": 516.52,
            "y": 295.16,
            "type": 5120,
            "name": "basic chin right"
          },
          {
            "x": 501.41,
            "y": 246.15,
            "type": 5376,
            "name": "basic nose left"
          },
          {
            "x": 552.32,
            "y": 252.85,
            "type": 5632,
            "name": "basic nose right"
          }
        ],
        "user_points": null,
        "tags": [
          {
            "name": "5oclock shadow",
            "value": "yes",
            "confidence": 0.03
          },
          {
            "name": "age",
            "value": "41",
            "confidence": 0.6
          },
          {
            "name": "arched eyebrows",
            "value": "no",
            "confidence": 0.8
          },
          {
            "name": "attractive",
            "value": "no",
            "confidence": 0.43
          },
          {
            "name": "bags under eyes",
            "value": "no",
            "confidence": 0.51
          },
          {
            "name": "bald",
            "value": "no",
            "confidence": 0.43
          },
          {
            "name": "bangs",
            "value": "no",
            "confidence": 1.0
          },
          {
            "name": "beard",
            "value": "no",
            "confidence": 0.29
          },
          {
            "name": "big lips",
            "value": "no",
            "confidence": 0.5
          },
          {
            "name": "big nose",
            "value": "no",
            "confidence": 0.34
          },
          {
            "name": "black hair",
            "value": "no",
            "confidence": 0.79
          },
          {
            "name": "blond hair",
            "value": "no",
            "confidence": 0.16
          },
          {
            "name": "blurry",
            "value": "no",
            "confidence": 0.72
          },
          {
            "name": "brown hair",
            "value": "no",
            "confidence": 0.65
          },
          {
            "name": "bushy eyebrows",
            "value": "yes",
            "confidence": 0.53
          },
          {
            "name": "chubby",
            "value": "no",
            "confidence": 0.54
          },
          {
            "name": "double chin",
            "value": "no",
            "confidence": 0.87
          },
          {
            "name": "expression",
            "value": "neutral",
            "confidence": 1.0
          },
          {
            "name": "gender",
            "value": "male",
            "confidence": 0.83
          },
          {
            "name": "glasses",
            "value": "no",
            "confidence": 1.0
          },
          {
            "name": "goatee",
            "value": "no",
            "confidence": 0.57
          },
          {
            "name": "gray hair",
            "value": "no",
            "confidence": 0.52
          },
          {
            "name": "heavy makeup",
            "value": "no",
            "confidence": 0.9
          },
          {
            "name": "high cheekbones",
            "value": "no",
            "confidence": 0.97
          },
          {
            "name": "mouth open",
            "value": "no",
            "confidence": 0.87
          },
          {
            "name": "mustache",
            "value": "no",
            "confidence": 0.46
          },
          {
            "name": "narrow eyes",
            "value": "no",
            "confidence": 0.9
          },
          {
            "name": "oval face",
            "value": "yes",
            "confidence": 0.39
          },
          {
            "name": "pale skin",
            "value": "no",
            "confidence": 0.32
          },
          {
            "name": "pitch",
            "value": "-8.46",
            "confidence": 1.0
          },
          {
            "name": "pointy nose",
            "value": "no",
            "confidence": 0.72
          },
          {
            "name": "race",
            "value": "white",
            "confidence": 1.0
          },
          {
            "name": "receding hairline",
            "value": "no",
            "confidence": 0.39
          },
          {
            "name": "rosy cheeks",
            "value": "no",
            "confidence": 1.0
          },
          {
            "name": "sideburns",
            "value": "no",
            "confidence": 0.71
          },
          {
            "name": "straight hair",
            "value": "yes",
            "confidence": 0.02
          },
          {
            "name": "wavy hair",
            "value": "no",
            "confidence": 1.0
          },
          {
            "name": "wearing earrings",
            "value": "no",
            "confidence": 0.63
          },
          {
            "name": "wearing hat",
            "value": "yes",
            "confidence": 0.07
          },
          {
            "name": "wearing lipstick",
            "value": "no",
            "confidence": 0.97
          },
          {
            "name": "wearing necklace",
            "value": "no",
            "confidence": 0.95
          },
          {
            "name": "wearing necktie",
            "value": "no",
            "confidence": 0.28
          },
          {
            "name": "yaw",
            "value": "-16.99",
            "confidence": 1.0
          },
          {
            "name": "young",
            "value": "yes",
            "confidence": 0.66
          }
        ],
        "person_id": "",
        "appearance_id": 0,
        "start": "00:00:00",
        "duration": "00:00:00"
      }
    ],
    "tags": null,
    "original_filename": "https://raw.githubusercontent.com/sarkrui/Hairstyle60k/master/Dataset/Curtained_Hair/IMG_19.jpg",
    "duration": "00:00:00"
  },
  "recognize": null
}