{
  "media": {
    "media_uuid": "a54dd805-ef17-4459-8552-543d85e8f53e",
    "checksum": "9c193c99ff746b9ceeef77aa5fb6df820a8d7635a659865f6d24f2cc2ff3af60",
    "faces": [
      {
        "face_uuid": "1cc0445d-1536-11e9-99c4-0cc47a6c4dbd",
        "media_uuid": "a54dd805-ef17-4459-8552-543d85e8f53e",
        "x": 103.5,
        "y": 115.0,
        "width": 111.36,
        "height": 140.86,
        "angle": -12.146,
        "detection_score": 1.0,
        "points": [
          {
            "x": 84.57,
            "y": 99.97,
            "type": 512,
            "name": "basic eye left"
          },
          {
            "x": 136.76,
            "y": 111.2,
            "type": 768,
            "name": "basic eye right"
          },
          {
            "x": 73.14,
            "y": 98.49,
            "type": 1024,
            "name": "basic eye left outer"
          },
          {
            "x": 147.32,
            "y": 114.42,
            "type": 1280,
            "name": "basic eye right outer"
          },
          {
            "x": 95.71,
            "y": 102.11,
            "type": 1536,
            "name": "basic eye left inner"
          },
          {
            "x": 126.19,
            "y": 108.71,
            "type": 1792,
            "name": "basic eye right inner"
          },
          {
            "x": 77.85,
            "y": 150.34,
            "type": 2048,
            "name": "basic mouth left"
          },
          {
            "x": 123.42,
            "y": 160.3,
            "type": 2304,
            "name": "basic mouth right"
          },
          {
            "x": 108.57,
            "y": 127.84,
            "type": 2560,
            "name": "basic nose tip"
          },
          {
            "x": 100.81,
            "y": 155.44,
            "type": 2816,
            "name": "basic mouth center"
          },
          {
            "x": 100.81,
            "y": 155.44,
            "type": 3072,
            "name": "basic eyebrow left"
          },
          {
            "x": 100.81,
            "y": 155.44,
            "type": 3328,
            "name": "basic eyebrow left inner corner"
          },
          {
            "x": 100.81,
            "y": 155.44,
            "type": 3584,
            "name": "basic eyebrow left outer corner"
          },
          {
            "x": 100.81,
            "y": 155.44,
            "type": 3840,
            "name": "basic eyebrow right"
          },
          {
            "x": 100.81,
            "y": 155.44,
            "type": 4096,
            "name": "basic eyebrow right inner corner"
          },
          {
            "x": 100.81,
            "y": 155.44,
            "type": 4352,
            "name": "basic eyebrow right outer corner"
          },
          {
            "x": 100.81,
            "y": 155.44,
            "type": 4608,
            "name": "basic chin bottom"
          },
          {
            "x": 100.81,
            "y": 155.44,
            "type": 4864,
            "name": "basic chin left"
          },
          {
            "x": 100.81,
            "y": 155.44,
            "type": 5120,
            "name": "basic chin right"
          },
          {
            "x": 92.41,
            "y": 129.38,
            "type": 5376,
            "name": "basic nose left"
          },
          {
            "x": 120.58,
            "y": 135.47,
            "type": 5632,
            "name": "basic nose right"
          }
        ],
        "user_points": null,
        "tags": [
          {
            "name": "5oclock shadow",
            "value": "no",
            "confidence": 0.56
          },
          {
            "name": "age",
            "value": "38",
            "confidence": 0.6
          },
          {
            "name": "arched eyebrows",
            "value": "no",
            "confidence": 0.79
          },
          {
            "name": "attractive",
            "value": "no",
            "confidence": 0.9
          },
          {
            "name": "bags under eyes",
            "value": "no",
            "confidence": 0.09
          },
          {
            "name": "bald",
            "value": "no",
            "confidence": 0.72
          },
          {
            "name": "bangs",
            "value": "no",
            "confidence": 1.0
          },
          {
            "name": "beard",
            "value": "no",
            "confidence": 0.67
          },
          {
            "name": "big lips",
            "value": "no",
            "confidence": 0.6
          },
          {
            "name": "big nose",
            "value": "no",
            "confidence": 0.2
          },
          {
            "name": "black hair",
            "value": "no",
            "confidence": 0.8
          },
          {
            "name": "blond hair",
            "value": "no",
            "confidence": 0.71
          },
          {
            "name": "blurry",
            "value": "yes",
            "confidence": 0.13
          },
          {
            "name": "brown hair",
            "value": "yes",
            "confidence": 0.96
          },
          {
            "name": "bushy eyebrows",
            "value": "yes",
            "confidence": 0.04
          },
          {
            "name": "chubby",
            "value": "no",
            "confidence": 0.05
          },
          {
            "name": "double chin",
            "value": "no",
            "confidence": 0.38
          },
          {
            "name": "expression",
            "value": "neutral",
            "confidence": 0.45
          },
          {
            "name": "gender",
            "value": "male",
            "confidence": 0.31
          },
          {
            "name": "glasses",
            "value": "no",
            "confidence": 1.0
          },
          {
            "name": "goatee",
            "value": "no",
            "confidence": 0.94
          },
          {
            "name": "gray hair",
            "value": "no",
            "confidence": 0.61
          },
          {
            "name": "heavy makeup",
            "value": "no",
            "confidence": 0.84
          },
          {
            "name": "high cheekbones",
            "value": "no",
            "confidence": 0.19
          },
          {
            "name": "mouth open",
            "value": "yes",
            "confidence": 0.04
          },
          {
            "name": "mustache",
            "value": "no",
            "confidence": 0.75
          },
          {
            "name": "narrow eyes",
            "value": "no",
            "confidence": 0.07
          },
          {
            "name": "oval face",
            "value": "yes",
            "confidence": 0.5
          },
          {
            "name": "pale skin",
            "value": "no",
            "confidence": 1.0
          },
          {
            "name": "pitch",
            "value": "-9.37",
            "confidence": 1.0
          },
          {
            "name": "pointy nose",
            "value": "no",
            "confidence": 1.0
          },
          {
            "name": "race",
            "value": "white",
            "confidence": 1.0
          },
          {
            "name": "receding hairline",
            "value": "no",
            "confidence": 0.32
          },
          {
            "name": "rosy cheeks",
            "value": "no",
            "confidence": 1.0
          },
          {
            "name": "sideburns",
            "value": "no",
            "confidence": 1.0
          },
          {
            "name": "straight hair",
            "value": "no",
            "confidence": 0.1
          },
          {
            "name": "wavy hair",
            "value": "no",
            "confidence": 0.16
          },
          {
            "name": "wearing earrings",
            "value": "no",
            "confidence": 0.47
          },
          {
            "name": "wearing hat",
            "value": "no",
            "confidence": 0.86
          },
          {
            "name": "wearing lipstick",
            "value": "no",
            "confidence": 0.86
          },
          {
            "name": "wearing necklace",
            "value": "no",
            "confidence": 0.7
          },
          {
            "name": "wearing necktie",
            "value": "no",
            "confidence": 0.57
          },
          {
            "name": "yaw",
            "value": "-3.57",
            "confidence": 1.0
          },
          {
            "name": "young",
            "value": "yes",
            "confidence": 0.25
          }
        ],
        "person_id": "",
        "appearance_id": 0,
        "start": "00:00:00",
        "duration": "00:00:00"
      }
    ],
    "tags": null,
    "original_filename": "https://raw.githubusercontent.com/sarkrui/Hairstyle60k/master/Dataset/Curtained_Hair/IMG_15.jpg",
    "duration": "00:00:00"
  },
  "recognize": null
}