{
  "media": {
    "media_uuid": "6d6bb59b-7c05-4dfb-9a3f-9a3fb0d05900",
    "checksum": "41aedf1ad567b3676a9e5ef9ebe69c93c474e2adf9dd3fffb2be6c9f69bfa87e",
    "faces": [
      {
        "face_uuid": "1a175a32-1536-11e9-99c4-0cc47a6c4dbd",
        "media_uuid": "6d6bb59b-7c05-4dfb-9a3f-9a3fb0d05900",
        "x": 330.85,
        "y": 339.75,
        "width": 284.4,
        "height": 377.45,
        "angle": -11.9484,
        "detection_score": 1.0,
        "points": [
          {
            "x": 312.18,
            "y": 297.09,
            "type": 512,
            "name": "basic eye left"
          },
          {
            "x": 438.84,
            "y": 323.9,
            "type": 768,
            "name": "basic eye right"
          },
          {
            "x": 282.16,
            "y": 291.7,
            "type": 1024,
            "name": "basic eye left outer"
          },
          {
            "x": 463.89,
            "y": 329.85,
            "type": 1280,
            "name": "basic eye right outer"
          },
          {
            "x": 341.13,
            "y": 305.14,
            "type": 1536,
            "name": "basic eye left inner"
          },
          {
            "x": 413.49,
            "y": 320.61,
            "type": 1792,
            "name": "basic eye right inner"
          },
          {
            "x": 299.94,
            "y": 457.77,
            "type": 2048,
            "name": "basic mouth left"
          },
          {
            "x": 396.43,
            "y": 475.06,
            "type": 2304,
            "name": "basic mouth right"
          },
          {
            "x": 386.48,
            "y": 402.43,
            "type": 2560,
            "name": "basic nose tip"
          },
          {
            "x": 350.76,
            "y": 466.56,
            "type": 2816,
            "name": "basic mouth center"
          },
          {
            "x": 350.76,
            "y": 466.56,
            "type": 3072,
            "name": "basic eyebrow left"
          },
          {
            "x": 350.76,
            "y": 466.56,
            "type": 3328,
            "name": "basic eyebrow left inner corner"
          },
          {
            "x": 350.76,
            "y": 466.56,
            "type": 3584,
            "name": "basic eyebrow left outer corner"
          },
          {
            "x": 350.76,
            "y": 466.56,
            "type": 3840,
            "name": "basic eyebrow right"
          },
          {
            "x": 350.76,
            "y": 466.56,
            "type": 4096,
            "name": "basic eyebrow right inner corner"
          },
          {
            "x": 350.76,
            "y": 466.56,
            "type": 4352,
            "name": "basic eyebrow right outer corner"
          },
          {
            "x": 350.76,
            "y": 466.56,
            "type": 4608,
            "name": "basic chin bottom"
          },
          {
            "x": 350.76,
            "y": 466.56,
            "type": 4864,
            "name": "basic chin left"
          },
          {
            "x": 350.76,
            "y": 466.56,
            "type": 5120,
            "name": "basic chin right"
          },
          {
            "x": 339.85,
            "y": 405.2,
            "type": 5376,
            "name": "basic nose left"
          },
          {
            "x": 404.21,
            "y": 417.18,
            "type": 5632,
            "name": "basic nose right"
          }
        ],
        "user_points": null,
        "tags": [
          {
            "name": "5oclock shadow",
            "value": "no",
            "confidence": 0.15
          },
          {
            "name": "age",
            "value": "22",
            "confidence": 0.6
          },
          {
            "name": "arched eyebrows",
            "value": "no",
            "confidence": 0.65
          },
          {
            "name": "attractive",
            "value": "yes",
            "confidence": 0.36
          },
          {
            "name": "bags under eyes",
            "value": "no",
            "confidence": 1.0
          },
          {
            "name": "bald",
            "value": "no",
            "confidence": 0.96
          },
          {
            "name": "bangs",
            "value": "no",
            "confidence": 0.83
          },
          {
            "name": "beard",
            "value": "no",
            "confidence": 0.5
          },
          {
            "name": "big lips",
            "value": "no",
            "confidence": 0.33
          },
          {
            "name": "big nose",
            "value": "no",
            "confidence": 0.89
          },
          {
            "name": "black hair",
            "value": "no",
            "confidence": 1.0
          },
          {
            "name": "blond hair",
            "value": "no",
            "confidence": 0.9
          },
          {
            "name": "blurry",
            "value": "no",
            "confidence": 1.0
          },
          {
            "name": "brown hair",
            "value": "yes",
            "confidence": 0.85
          },
          {
            "name": "bushy eyebrows",
            "value": "yes",
            "confidence": 0.09
          },
          {
            "name": "chubby",
            "value": "no",
            "confidence": 1.0
          },
          {
            "name": "double chin",
            "value": "no",
            "confidence": 1.0
          },
          {
            "name": "expression",
            "value": "neutral",
            "confidence": 1.0
          },
          {
            "name": "gender",
            "value": "male",
            "confidence": 0.36
          },
          {
            "name": "glasses",
            "value": "no",
            "confidence": 1.0
          },
          {
            "name": "goatee",
            "value": "no",
            "confidence": 0.81
          },
          {
            "name": "gray hair",
            "value": "no",
            "confidence": 1.0
          },
          {
            "name": "heavy makeup",
            "value": "no",
            "confidence": 0.8
          },
          {
            "name": "high cheekbones",
            "value": "no",
            "confidence": 1.0
          },
          {
            "name": "mouth open",
            "value": "no",
            "confidence": 1.0
          },
          {
            "name": "mustache",
            "value": "no",
            "confidence": 0.79
          },
          {
            "name": "narrow eyes",
            "value": "no",
            "confidence": 1.0
          },
          {
            "name": "oval face",
            "value": "no",
            "confidence": 0.0
          },
          {
            "name": "pale skin",
            "value": "yes",
            "confidence": 0.26
          },
          {
            "name": "pitch",
            "value": "-6.9",
            "confidence": 1.0
          },
          {
            "name": "pointy nose",
            "value": "yes",
            "confidence": 0.17
          },
          {
            "name": "race",
            "value": "white",
            "confidence": 0.77
          },
          {
            "name": "receding hairline",
            "value": "no",
            "confidence": 0.8
          },
          {
            "name": "rosy cheeks",
            "value": "no",
            "confidence": 1.0
          },
          {
            "name": "sideburns",
            "value": "no",
            "confidence": 0.82
          },
          {
            "name": "straight hair",
            "value": "yes",
            "confidence": 0.25
          },
          {
            "name": "wavy hair",
            "value": "no",
            "confidence": 0.56
          },
          {
            "name": "wearing earrings",
            "value": "no",
            "confidence": 0.53
          },
          {
            "name": "wearing hat",
            "value": "no",
            "confidence": 0.76
          },
          {
            "name": "wearing lipstick",
            "value": "no",
            "confidence": 0.63
          },
          {
            "name": "wearing necklace",
            "value": "no",
            "confidence": 0.85
          },
          {
            "name": "wearing necktie",
            "value": "no",
            "confidence": 0.32
          },
          {
            "name": "yaw",
            "value": "-27.02",
            "confidence": 1.0
          },
          {
            "name": "young",
            "value": "yes",
            "confidence": 0.97
          }
        ],
        "person_id": "",
        "appearance_id": 0,
        "start": "00:00:00",
        "duration": "00:00:00"
      }
    ],
    "tags": null,
    "original_filename": "https://raw.githubusercontent.com/sarkrui/Hairstyle60k/master/Dataset/Curtained_Hair/IMG_12.jpg",
    "duration": "00:00:00"
  },
  "recognize": null
}