{
  "media": {
    "media_uuid": "22d38941-029e-41cb-beb9-ea267f6e97c7",
    "checksum": "7a2e5e8da2261275eb6697368d316d6a04c3e6828485acb341e41684049496b4",
    "faces": [
      {
        "face_uuid": "1bda7054-1536-11e9-99c4-0cc47a6c4dbd",
        "media_uuid": "22d38941-029e-41cb-beb9-ea267f6e97c7",
        "x": 101.5,
        "y": 116.0,
        "width": 145.96,
        "height": 196.52,
        "angle": -1.8897,
        "detection_score": 1.0,
        "points": [
          {
            "x": 65.7,
            "y": 98.25,
            "type": 512,
            "name": "basic eye left"
          },
          {
            "x": 139.43,
            "y": 100.69,
            "type": 768,
            "name": "basic eye right"
          },
          {
            "x": 50.25,
            "y": 98.03,
            "type": 1024,
            "name": "basic eye left outer"
          },
          {
            "x": 155.45,
            "y": 101.48,
            "type": 1280,
            "name": "basic eye right outer"
          },
          {
            "x": 80.66,
            "y": 100.17,
            "type": 1536,
            "name": "basic eye left inner"
          },
          {
            "x": 123.67,
            "y": 101.59,
            "type": 1792,
            "name": "basic eye right inner"
          },
          {
            "x": 74.65,
            "y": 175.0,
            "type": 2048,
            "name": "basic mouth left"
          },
          {
            "x": 125.48,
            "y": 177.26,
            "type": 2304,
            "name": "basic mouth right"
          },
          {
            "x": 98.31,
            "y": 143.45,
            "type": 2560,
            "name": "basic nose tip"
          },
          {
            "x": 99.9,
            "y": 176.61,
            "type": 2816,
            "name": "basic mouth center"
          },
          {
            "x": 99.9,
            "y": 176.61,
            "type": 3072,
            "name": "basic eyebrow left"
          },
          {
            "x": 99.9,
            "y": 176.61,
            "type": 3328,
            "name": "basic eyebrow left inner corner"
          },
          {
            "x": 99.9,
            "y": 176.61,
            "type": 3584,
            "name": "basic eyebrow left outer corner"
          },
          {
            "x": 99.9,
            "y": 176.61,
            "type": 3840,
            "name": "basic eyebrow right"
          },
          {
            "x": 99.9,
            "y": 176.61,
            "type": 4096,
            "name": "basic eyebrow right inner corner"
          },
          {
            "x": 99.9,
            "y": 176.61,
            "type": 4352,
            "name": "basic eyebrow right outer corner"
          },
          {
            "x": 99.9,
            "y": 176.61,
            "type": 4608,
            "name": "basic chin bottom"
          },
          {
            "x": 99.9,
            "y": 176.61,
            "type": 4864,
            "name": "basic chin left"
          },
          {
            "x": 99.9,
            "y": 176.61,
            "type": 5120,
            "name": "basic chin right"
          },
          {
            "x": 82.31,
            "y": 145.1,
            "type": 5376,
            "name": "basic nose left"
          },
          {
            "x": 117.18,
            "y": 146.2,
            "type": 5632,
            "name": "basic nose right"
          }
        ],
        "user_points": null,
        "tags": [
          {
            "name": "5oclock shadow",
            "value": "no",
            "confidence": 0.06
          },
          {
            "name": "age",
            "value": "28",
            "confidence": 0.6
          },
          {
            "name": "arched eyebrows",
            "value": "no",
            "confidence": 0.86
          },
          {
            "name": "attractive",
            "value": "no",
            "confidence": 0.04
          },
          {
            "name": "bags under eyes",
            "value": "no",
            "confidence": 0.43
          },
          {
            "name": "bald",
            "value": "no",
            "confidence": 0.53
          },
          {
            "name": "bangs",
            "value": "no",
            "confidence": 0.59
          },
          {
            "name": "beard",
            "value": "no",
            "confidence": 0.07
          },
          {
            "name": "big lips",
            "value": "no",
            "confidence": 0.16
          },
          {
            "name": "big nose",
            "value": "no",
            "confidence": 0.16
          },
          {
            "name": "black hair",
            "value": "yes",
            "confidence": 0.14
          },
          {
            "name": "blond hair",
            "value": "no",
            "confidence": 0.97
          },
          {
            "name": "blurry",
            "value": "no",
            "confidence": 0.59
          },
          {
            "name": "brown hair",
            "value": "no",
            "confidence": 0.92
          },
          {
            "name": "bushy eyebrows",
            "value": "no",
            "confidence": 0.16
          },
          {
            "name": "chubby",
            "value": "no",
            "confidence": 0.89
          },
          {
            "name": "double chin",
            "value": "no",
            "confidence": 1.0
          },
          {
            "name": "expression",
            "value": "neutral",
            "confidence": 0.87
          },
          {
            "name": "gender",
            "value": "male",
            "confidence": 0.65
          },
          {
            "name": "glasses",
            "value": "no",
            "confidence": 1.0
          },
          {
            "name": "goatee",
            "value": "no",
            "confidence": 0.51
          },
          {
            "name": "gray hair",
            "value": "no",
            "confidence": 0.91
          },
          {
            "name": "heavy makeup",
            "value": "no",
            "confidence": 0.86
          },
          {
            "name": "high cheekbones",
            "value": "no",
            "confidence": 0.89
          },
          {
            "name": "mouth open",
            "value": "no",
            "confidence": 0.37
          },
          {
            "name": "mustache",
            "value": "no",
            "confidence": 0.36
          },
          {
            "name": "narrow eyes",
            "value": "no",
            "confidence": 0.32
          },
          {
            "name": "oval face",
            "value": "no",
            "confidence": 0.41
          },
          {
            "name": "pale skin",
            "value": "yes",
            "confidence": 1.0
          },
          {
            "name": "pitch",
            "value": "-8.83",
            "confidence": 1.0
          },
          {
            "name": "pointy nose",
            "value": "no",
            "confidence": 0.31
          },
          {
            "name": "race",
            "value": "white",
            "confidence": 1.0
          },
          {
            "name": "receding hairline",
            "value": "no",
            "confidence": 0.7
          },
          {
            "name": "rosy cheeks",
            "value": "no",
            "confidence": 1.0
          },
          {
            "name": "sideburns",
            "value": "no",
            "confidence": 0.57
          },
          {
            "name": "straight hair",
            "value": "no",
            "confidence": 0.17
          },
          {
            "name": "wavy hair",
            "value": "no",
            "confidence": 0.89
          },
          {
            "name": "wearing earrings",
            "value": "no",
            "confidence": 0.88
          },
          {
            "name": "wearing hat",
            "value": "yes",
            "confidence": 0.37
          },
          {
            "name": "wearing lipstick",
            "value": "no",
            "confidence": 0.75
          },
          {
            "name": "wearing necklace",
            "value": "no",
            "confidence": 0.97
          },
          {
            "name": "wearing necktie",
            "value": "no",
            "confidence": 0.29
          },
          {
            "name": "yaw",
            "value": "2.34",
            "confidence": 1.0
          },
          {
            "name": "young",
            "value": "yes",
            "confidence": 0.62
          }
        ],
        "person_id": "",
        "appearance_id": 0,
        "start": "00:00:00",
        "duration": "00:00:00"
      }
    ],
    "tags": null,
    "original_filename": "https://raw.githubusercontent.com/sarkrui/Hairstyle60k/master/Dataset/Curtained_Hair/IMG_14.jpg",
    "duration": "00:00:00"
  },
  "recognize": null
}