{
  "media": {
    "media_uuid": "7eab073c-bc31-41b7-9315-8c53e00c7e77",
    "checksum": "91124da67ad413d0588a76ed67844ff62e6b920e95b1e2eeb22ee6a1e9a755cb",
    "faces": [
      {
        "face_uuid": "255e22b7-1536-11e9-99c4-0cc47a6c4dbd",
        "media_uuid": "7eab073c-bc31-41b7-9315-8c53e00c7e77",
        "x": 260.75,
        "y": 91.7,
        "width": 52.99,
        "height": 74.19,
        "angle": -4.2408,
        "detection_score": 1.0,
        "points": [
          {
            "x": 258.28,
            "y": 82.83,
            "type": 512,
            "name": "basic eye left"
          },
          {
            "x": 284.2,
            "y": 84.75,
            "type": 768,
            "name": "basic eye right"
          },
          {
            "x": 251.84,
            "y": 82.59,
            "type": 1024,
            "name": "basic eye left outer"
          },
          {
            "x": 289.13,
            "y": 85.15,
            "type": 1280,
            "name": "basic eye right outer"
          },
          {
            "x": 264.44,
            "y": 83.48,
            "type": 1536,
            "name": "basic eye left inner"
          },
          {
            "x": 279.31,
            "y": 84.7,
            "type": 1792,
            "name": "basic eye right inner"
          },
          {
            "x": 269.68,
            "y": 116.37,
            "type": 2048,
            "name": "basic mouth left"
          },
          {
            "x": 290.92,
            "y": 114.86,
            "type": 2304,
            "name": "basic mouth right"
          },
          {
            "x": 284.97,
            "y": 100.39,
            "type": 2560,
            "name": "basic nose tip"
          },
          {
            "x": 281.1,
            "y": 115.4,
            "type": 2816,
            "name": "basic mouth center"
          },
          {
            "x": 281.1,
            "y": 115.4,
            "type": 3072,
            "name": "basic eyebrow left"
          },
          {
            "x": 281.1,
            "y": 115.4,
            "type": 3328,
            "name": "basic eyebrow left inner corner"
          },
          {
            "x": 281.1,
            "y": 115.4,
            "type": 3584,
            "name": "basic eyebrow left outer corner"
          },
          {
            "x": 281.1,
            "y": 115.4,
            "type": 3840,
            "name": "basic eyebrow right"
          },
          {
            "x": 281.1,
            "y": 115.4,
            "type": 4096,
            "name": "basic eyebrow right inner corner"
          },
          {
            "x": 281.1,
            "y": 115.4,
            "type": 4352,
            "name": "basic eyebrow right outer corner"
          },
          {
            "x": 281.1,
            "y": 115.4,
            "type": 4608,
            "name": "basic chin bottom"
          },
          {
            "x": 281.1,
            "y": 115.4,
            "type": 4864,
            "name": "basic chin left"
          },
          {
            "x": 281.1,
            "y": 115.4,
            "type": 5120,
            "name": "basic chin right"
          },
          {
            "x": 274.28,
            "y": 102.79,
            "type": 5376,
            "name": "basic nose left"
          },
          {
            "x": 287.8,
            "y": 102.39,
            "type": 5632,
            "name": "basic nose right"
          }
        ],
        "user_points": null,
        "tags": [
          {
            "name": "5oclock shadow",
            "value": "no",
            "confidence": 1.0
          },
          {
            "name": "age",
            "value": "35",
            "confidence": 0.6
          },
          {
            "name": "arched eyebrows",
            "value": "no",
            "confidence": 1.0
          },
          {
            "name": "attractive",
            "value": "no",
            "confidence": 0.64
          },
          {
            "name": "bags under eyes",
            "value": "no",
            "confidence": 1.0
          },
          {
            "name": "bald",
            "value": "no",
            "confidence": 0.5
          },
          {
            "name": "bangs",
            "value": "no",
            "confidence": 0.7
          },
          {
            "name": "beard",
            "value": "no",
            "confidence": 1.0
          },
          {
            "name": "big lips",
            "value": "no",
            "confidence": 0.84
          },
          {
            "name": "big nose",
            "value": "no",
            "confidence": 0.85
          },
          {
            "name": "black hair",
            "value": "no",
            "confidence": 0.65
          },
          {
            "name": "blond hair",
            "value": "yes",
            "confidence": 0.25
          },
          {
            "name": "blurry",
            "value": "yes",
            "confidence": 0.36
          },
          {
            "name": "brown hair",
            "value": "no",
            "confidence": 0.65
          },
          {
            "name": "bushy eyebrows",
            "value": "no",
            "confidence": 1.0
          },
          {
            "name": "chubby",
            "value": "no",
            "confidence": 0.66
          },
          {
            "name": "double chin",
            "value": "no",
            "confidence": 0.83
          },
          {
            "name": "expression",
            "value": "neutral",
            "confidence": 0.65
          },
          {
            "name": "gender",
            "value": "female",
            "confidence": 0.01
          },
          {
            "name": "glasses",
            "value": "no",
            "confidence": 1.0
          },
          {
            "name": "goatee",
            "value": "no",
            "confidence": 1.0
          },
          {
            "name": "gray hair",
            "value": "no",
            "confidence": 0.1
          },
          {
            "name": "heavy makeup",
            "value": "no",
            "confidence": 0.91
          },
          {
            "name": "high cheekbones",
            "value": "no",
            "confidence": 0.84
          },
          {
            "name": "mouth open",
            "value": "no",
            "confidence": 0.23
          },
          {
            "name": "mustache",
            "value": "no",
            "confidence": 1.0
          },
          {
            "name": "narrow eyes",
            "value": "no",
            "confidence": 0.46
          },
          {
            "name": "oval face",
            "value": "no",
            "confidence": 0.08
          },
          {
            "name": "pale skin",
            "value": "yes",
            "confidence": 0.21
          },
          {
            "name": "pitch",
            "value": "-6.22",
            "confidence": 1.0
          },
          {
            "name": "pointy nose",
            "value": "no",
            "confidence": 0.41
          },
          {
            "name": "race",
            "value": "asian",
            "confidence": 0.98
          },
          {
            "name": "receding hairline",
            "value": "no",
            "confidence": 0.19
          },
          {
            "name": "rosy cheeks",
            "value": "no",
            "confidence": 1.0
          },
          {
            "name": "sideburns",
            "value": "no",
            "confidence": 1.0
          },
          {
            "name": "straight hair",
            "value": "yes",
            "confidence": 0.49
          },
          {
            "name": "wavy hair",
            "value": "no",
            "confidence": 0.79
          },
          {
            "name": "wearing earrings",
            "value": "no",
            "confidence": 0.7
          },
          {
            "name": "wearing hat",
            "value": "no",
            "confidence": 0.72
          },
          {
            "name": "wearing lipstick",
            "value": "no",
            "confidence": 0.76
          },
          {
            "name": "wearing necklace",
            "value": "no",
            "confidence": 0.6
          },
          {
            "name": "wearing necktie",
            "value": "no",
            "confidence": 0.5
          },
          {
            "name": "yaw",
            "value": "-37.83",
            "confidence": 1.0
          },
          {
            "name": "young",
            "value": "yes",
            "confidence": 0.13
          }
        ],
        "person_id": "",
        "appearance_id": 0,
        "start": "00:00:00",
        "duration": "00:00:00"
      },
      {
        "face_uuid": "257f6850-1536-11e9-99c4-0cc47a6c4dbd",
        "media_uuid": "7eab073c-bc31-41b7-9315-8c53e00c7e77",
        "x": 91.15,
        "y": 35.36,
        "width": 26.69,
        "height": 27.76,
        "angle": 31.7024,
        "detection_score": 0.8,
        "points": [
          {
            "x": 84.19,
            "y": 37.61,
            "type": 512,
            "name": "basic eye left"
          },
          {
            "x": 98.27,
            "y": 28.92,
            "type": 768,
            "name": "basic eye right"
          },
          {
            "x": 81.38,
            "y": 39.44,
            "type": 1024,
            "name": "basic eye left outer"
          },
          {
            "x": 101.14,
            "y": 27.25,
            "type": 1280,
            "name": "basic eye right outer"
          },
          {
            "x": 87.16,
            "y": 36.15,
            "type": 1536,
            "name": "basic eye left inner"
          },
          {
            "x": 95.62,
            "y": 30.91,
            "type": 1792,
            "name": "basic eye right inner"
          },
          {
            "x": 91.23,
            "y": 50.94,
            "type": 2048,
            "name": "basic mouth left"
          },
          {
            "x": 102.26,
            "y": 44.67,
            "type": 2304,
            "name": "basic mouth right"
          },
          {
            "x": 93.4,
            "y": 41.27,
            "type": 2560,
            "name": "basic nose tip"
          },
          {
            "x": 96.69,
            "y": 47.9,
            "type": 2816,
            "name": "basic mouth center"
          },
          {
            "x": 96.69,
            "y": 47.9,
            "type": 3072,
            "name": "basic eyebrow left"
          },
          {
            "x": 96.69,
            "y": 47.9,
            "type": 3328,
            "name": "basic eyebrow left inner corner"
          },
          {
            "x": 96.69,
            "y": 47.9,
            "type": 3584,
            "name": "basic eyebrow left outer corner"
          },
          {
            "x": 96.69,
            "y": 47.9,
            "type": 3840,
            "name": "basic eyebrow right"
          },
          {
            "x": 96.69,
            "y": 47.9,
            "type": 4096,
            "name": "basic eyebrow right inner corner"
          },
          {
            "x": 96.69,
            "y": 47.9,
            "type": 4352,
            "name": "basic eyebrow right outer corner"
          },
          {
            "x": 96.69,
            "y": 47.9,
            "type": 4608,
            "name": "basic chin bottom"
          },
          {
            "x": 96.69,
            "y": 47.9,
            "type": 4864,
            "name": "basic chin left"
          },
          {
            "x": 96.69,
            "y": 47.9,
            "type": 5120,
            "name": "basic chin right"
          },
          {
            "x": 90.12,
            "y": 43.53,
            "type": 5376,
            "name": "basic nose left"
          },
          {
            "x": 97.6,
            "y": 39.33,
            "type": 5632,
            "name": "basic nose right"
          }
        ],
        "user_points": null,
        "tags": [
          {
            "name": "5oclock shadow",
            "value": "no",
            "confidence": 0.17
          },
          {
            "name": "age",
            "value": "37",
            "confidence": 0.6
          },
          {
            "name": "arched eyebrows",
            "value": "no",
            "confidence": 1.0
          },
          {
            "name": "attractive",
            "value": "no",
            "confidence": 1.0
          },
          {
            "name": "bags under eyes",
            "value": "no",
            "confidence": 0.99
          },
          {
            "name": "bald",
            "value": "no",
            "confidence": 0.08
          },
          {
            "name": "bangs",
            "value": "no",
            "confidence": 0.73
          },
          {
            "name": "beard",
            "value": "yes",
            "confidence": 0.5
          },
          {
            "name": "big lips",
            "value": "no",
            "confidence": 0.79
          },
          {
            "name": "big nose",
            "value": "no",
            "confidence": 0.3
          },
          {
            "name": "black hair",
            "value": "no",
            "confidence": 0.31
          },
          {
            "name": "blond hair",
            "value": "no",
            "confidence": 0.94
          },
          {
            "name": "blurry",
            "value": "yes",
            "confidence": 0.86
          },
          {
            "name": "brown hair",
            "value": "no",
            "confidence": 0.78
          },
          {
            "name": "bushy eyebrows",
            "value": "no",
            "confidence": 0.72
          },
          {
            "name": "chubby",
            "value": "no",
            "confidence": 0.01
          },
          {
            "name": "double chin",
            "value": "no",
            "confidence": 0.46
          },
          {
            "name": "expression",
            "value": "neutral",
            "confidence": 0.84
          },
          {
            "name": "gender",
            "value": "male",
            "confidence": 0.75
          },
          {
            "name": "glasses",
            "value": "no",
            "confidence": 1.0
          },
          {
            "name": "goatee",
            "value": "yes",
            "confidence": 0.26
          },
          {
            "name": "gray hair",
            "value": "no",
            "confidence": 0.45
          },
          {
            "name": "heavy makeup",
            "value": "no",
            "confidence": 0.85
          },
          {
            "name": "high cheekbones",
            "value": "no",
            "confidence": 0.81
          },
          {
            "name": "mouth open",
            "value": "no",
            "confidence": 0.48
          },
          {
            "name": "mustache",
            "value": "yes",
            "confidence": 0.3
          },
          {
            "name": "narrow eyes",
            "value": "no",
            "confidence": 0.12
          },
          {
            "name": "oval face",
            "value": "no",
            "confidence": 0.08
          },
          {
            "name": "pale skin",
            "value": "no",
            "confidence": 0.49
          },
          {
            "name": "pitch",
            "value": "-6.3",
            "confidence": 1.0
          },
          {
            "name": "pointy nose",
            "value": "no",
            "confidence": 0.87
          },
          {
            "name": "race",
            "value": "white",
            "confidence": 0.51
          },
          {
            "name": "receding hairline",
            "value": "no",
            "confidence": 0.4
          },
          {
            "name": "rosy cheeks",
            "value": "no",
            "confidence": 1.0
          },
          {
            "name": "sideburns",
            "value": "yes",
            "confidence": 0.17
          },
          {
            "name": "straight hair",
            "value": "no",
            "confidence": 0.59
          },
          {
            "name": "wavy hair",
            "value": "no",
            "confidence": 0.83
          },
          {
            "name": "wearing earrings",
            "value": "no",
            "confidence": 0.83
          },
          {
            "name": "wearing hat",
            "value": "yes",
            "confidence": 0.57
          },
          {
            "name": "wearing lipstick",
            "value": "no",
            "confidence": 0.95
          },
          {
            "name": "wearing necklace",
            "value": "no",
            "confidence": 0.94
          },
          {
            "name": "wearing necktie",
            "value": "no",
            "confidence": 0.66
          },
          {
            "name": "yaw",
            "value": "9.56",
            "confidence": 1.0
          },
          {
            "name": "young",
            "value": "no",
            "confidence": 0.2
          }
        ],
        "person_id": "",
        "appearance_id": 0,
        "start": "00:00:00",
        "duration": "00:00:00"
      }
    ],
    "tags": null,
    "original_filename": "https://raw.githubusercontent.com/sarkrui/Hairstyle60k/master/Dataset/Curtained_Hair/IMG_23.jpg",
    "duration": "00:00:00"
  },
  "recognize": null
}