{
  "media": {
    "media_uuid": "a7e9971a-b170-4955-b846-9d823dd3c523",
    "checksum": "e64e9298bdf2152f293caadfdda281c9493b70291f137c943983891b8cbca1cb",
    "faces": [
      {
        "face_uuid": "138f1307-1536-11e9-99c4-0cc47a6c4dbd",
        "media_uuid": "a7e9971a-b170-4955-b846-9d823dd3c523",
        "x": 209.5,
        "y": 141.5,
        "width": 119.31,
        "height": 170.86,
        "angle": -0.8272,
        "detection_score": 1.0,
        "points": [
          {
            "x": 161.14,
            "y": 125.29,
            "type": 512,
            "name": "basic eye left"
          },
          {
            "x": 219.39,
            "y": 126.13,
            "type": 768,
            "name": "basic eye right"
          },
          {
            "x": 149.54,
            "y": 125.44,
            "type": 1024,
            "name": "basic eye left outer"
          },
          {
            "x": 233.1,
            "y": 126.87,
            "type": 1280,
            "name": "basic eye right outer"
          },
          {
            "x": 172.42,
            "y": 125.83,
            "type": 1536,
            "name": "basic eye left inner"
          },
          {
            "x": 205.79,
            "y": 126.23,
            "type": 1792,
            "name": "basic eye right inner"
          },
          {
            "x": 163.39,
            "y": 192.93,
            "type": 2048,
            "name": "basic mouth left"
          },
          {
            "x": 209.36,
            "y": 195.31,
            "type": 2304,
            "name": "basic mouth right"
          },
          {
            "x": 177.9,
            "y": 164.4,
            "type": 2560,
            "name": "basic nose tip"
          },
          {
            "x": 185.42,
            "y": 194.39,
            "type": 2816,
            "name": "basic mouth center"
          },
          {
            "x": 185.42,
            "y": 194.39,
            "type": 3072,
            "name": "basic eyebrow left"
          },
          {
            "x": 185.42,
            "y": 194.39,
            "type": 3328,
            "name": "basic eyebrow left inner corner"
          },
          {
            "x": 185.42,
            "y": 194.39,
            "type": 3584,
            "name": "basic eyebrow left outer corner"
          },
          {
            "x": 185.42,
            "y": 194.39,
            "type": 3840,
            "name": "basic eyebrow right"
          },
          {
            "x": 185.42,
            "y": 194.39,
            "type": 4096,
            "name": "basic eyebrow right inner corner"
          },
          {
            "x": 185.42,
            "y": 194.39,
            "type": 4352,
            "name": "basic eyebrow right outer corner"
          },
          {
            "x": 185.42,
            "y": 194.39,
            "type": 4608,
            "name": "basic chin bottom"
          },
          {
            "x": 185.42,
            "y": 194.39,
            "type": 4864,
            "name": "basic chin left"
          },
          {
            "x": 185.42,
            "y": 194.39,
            "type": 5120,
            "name": "basic chin right"
          },
          {
            "x": 167.81,
            "y": 167.35,
            "type": 5376,
            "name": "basic nose left"
          },
          {
            "x": 197.93,
            "y": 168.55,
            "type": 5632,
            "name": "basic nose right"
          }
        ],
        "user_points": null,
        "tags": [
          {
            "name": "5oclock shadow",
            "value": "no",
            "confidence": 0.02
          },
          {
            "name": "age",
            "value": "20",
            "confidence": 0.6
          },
          {
            "name": "arched eyebrows",
            "value": "no",
            "confidence": 0.59
          },
          {
            "name": "attractive",
            "value": "yes",
            "confidence": 1.0
          },
          {
            "name": "bags under eyes",
            "value": "no",
            "confidence": 0.14
          },
          {
            "name": "bald",
            "value": "no",
            "confidence": 1.0
          },
          {
            "name": "bangs",
            "value": "no",
            "confidence": 0.35
          },
          {
            "name": "beard",
            "value": "no",
            "confidence": 0.43
          },
          {
            "name": "big lips",
            "value": "no",
            "confidence": 0.25
          },
          {
            "name": "big nose",
            "value": "no",
            "confidence": 0.48
          },
          {
            "name": "black hair",
            "value": "no",
            "confidence": 0.09
          },
          {
            "name": "blond hair",
            "value": "no",
            "confidence": 0.99
          },
          {
            "name": "blurry",
            "value": "no",
            "confidence": 1.0
          },
          {
            "name": "brown hair",
            "value": "yes",
            "confidence": 0.21
          },
          {
            "name": "bushy eyebrows",
            "value": "yes",
            "confidence": 0.54
          },
          {
            "name": "chubby",
            "value": "no",
            "confidence": 1.0
          },
          {
            "name": "double chin",
            "value": "no",
            "confidence": 1.0
          },
          {
            "name": "expression",
            "value": "neutral",
            "confidence": 0.78
          },
          {
            "name": "gender",
            "value": "male",
            "confidence": 0.74
          },
          {
            "name": "glasses",
            "value": "no",
            "confidence": 1.0
          },
          {
            "name": "goatee",
            "value": "no",
            "confidence": 0.9
          },
          {
            "name": "gray hair",
            "value": "no",
            "confidence": 1.0
          },
          {
            "name": "heavy makeup",
            "value": "no",
            "confidence": 0.71
          },
          {
            "name": "high cheekbones",
            "value": "no",
            "confidence": 0.88
          },
          {
            "name": "mouth open",
            "value": "no",
            "confidence": 0.92
          },
          {
            "name": "mustache",
            "value": "no",
            "confidence": 0.84
          },
          {
            "name": "narrow eyes",
            "value": "no",
            "confidence": 0.46
          },
          {
            "name": "oval face",
            "value": "yes",
            "confidence": 0.06
          },
          {
            "name": "pale skin",
            "value": "yes",
            "confidence": 0.97
          },
          {
            "name": "pitch",
            "value": "-6.55",
            "confidence": 1.0
          },
          {
            "name": "pointy nose",
            "value": "no",
            "confidence": 0.02
          },
          {
            "name": "race",
            "value": "asian",
            "confidence": 1.0
          },
          {
            "name": "receding hairline",
            "value": "no",
            "confidence": 1.0
          },
          {
            "name": "rosy cheeks",
            "value": "no",
            "confidence": 1.0
          },
          {
            "name": "sideburns",
            "value": "no",
            "confidence": 0.78
          },
          {
            "name": "straight hair",
            "value": "yes",
            "confidence": 0.11
          },
          {
            "name": "wavy hair",
            "value": "no",
            "confidence": 0.08
          },
          {
            "name": "wearing earrings",
            "value": "no",
            "confidence": 0.88
          },
          {
            "name": "wearing hat",
            "value": "no",
            "confidence": 0.85
          },
          {
            "name": "wearing lipstick",
            "value": "no",
            "confidence": 0.63
          },
          {
            "name": "wearing necklace",
            "value": "no",
            "confidence": 1.0
          },
          {
            "name": "wearing necktie",
            "value": "yes",
            "confidence": 0.06
          },
          {
            "name": "yaw",
            "value": "39.6",
            "confidence": 1.0
          },
          {
            "name": "young",
            "value": "yes",
            "confidence": 1.0
          }
        ],
        "person_id": "",
        "appearance_id": 0,
        "start": "00:00:00",
        "duration": "00:00:00"
      }
    ],
    "tags": null,
    "original_filename": "https://raw.githubusercontent.com/sarkrui/Hairstyle60k/master/Dataset/Curtained_Hair/IMG_7.jpg",
    "duration": "00:00:00"
  },
  "recognize": null
}