{
  "media": {
    "media_uuid": "4385aa9b-3845-4722-9bfd-24b58bcfc8f9",
    "checksum": "902987329bb25dae5c46b69d6af1ae61fff73a45f13ffcadd82a21958969eb98",
    "faces": [
      {
        "face_uuid": "37d2a892-1536-11e9-99c4-0cc47a6c4dbd",
        "media_uuid": "4385aa9b-3845-4722-9bfd-24b58bcfc8f9",
        "x": 188.49,
        "y": 241.62,
        "width": 93.3,
        "height": 156.58,
        "angle": 7.8602,
        "detection_score": 0.94,
        "points": [
          {
            "x": 143.86,
            "y": 213.45,
            "type": 512,
            "name": "basic eye left"
          },
          {
            "x": 201.74,
            "y": 205.46,
            "type": 768,
            "name": "basic eye right"
          },
          {
            "x": 132.58,
            "y": 215.03,
            "type": 1024,
            "name": "basic eye left outer"
          },
          {
            "x": 215.19,
            "y": 203.8,
            "type": 1280,
            "name": "basic eye right outer"
          },
          {
            "x": 154.91,
            "y": 212.61,
            "type": 1536,
            "name": "basic eye left inner"
          },
          {
            "x": 188.69,
            "y": 207.83,
            "type": 1792,
            "name": "basic eye right inner"
          },
          {
            "x": 149.78,
            "y": 282.91,
            "type": 2048,
            "name": "basic mouth left"
          },
          {
            "x": 196.99,
            "y": 278.74,
            "type": 2304,
            "name": "basic mouth right"
          },
          {
            "x": 163.62,
            "y": 249.15,
            "type": 2560,
            "name": "basic nose tip"
          },
          {
            "x": 172.44,
            "y": 281.14,
            "type": 2816,
            "name": "basic mouth center"
          },
          {
            "x": 172.44,
            "y": 281.14,
            "type": 3072,
            "name": "basic eyebrow left"
          },
          {
            "x": 172.44,
            "y": 281.14,
            "type": 3328,
            "name": "basic eyebrow left inner corner"
          },
          {
            "x": 172.44,
            "y": 281.14,
            "type": 3584,
            "name": "basic eyebrow left outer corner"
          },
          {
            "x": 172.44,
            "y": 281.14,
            "type": 3840,
            "name": "basic eyebrow right"
          },
          {
            "x": 172.44,
            "y": 281.14,
            "type": 4096,
            "name": "basic eyebrow right inner corner"
          },
          {
            "x": 172.44,
            "y": 281.14,
            "type": 4352,
            "name": "basic eyebrow right outer corner"
          },
          {
            "x": 172.44,
            "y": 281.14,
            "type": 4608,
            "name": "basic chin bottom"
          },
          {
            "x": 172.44,
            "y": 281.14,
            "type": 4864,
            "name": "basic chin left"
          },
          {
            "x": 172.44,
            "y": 281.14,
            "type": 5120,
            "name": "basic chin right"
          },
          {
            "x": 153.51,
            "y": 253.43,
            "type": 5376,
            "name": "basic nose left"
          },
          {
            "x": 184.1,
            "y": 250.4,
            "type": 5632,
            "name": "basic nose right"
          }
        ],
        "user_points": null,
        "tags": [
          {
            "name": "5oclock shadow",
            "value": "no",
            "confidence": 0.75
          },
          {
            "name": "age",
            "value": "52",
            "confidence": 0.6
          },
          {
            "name": "arched eyebrows",
            "value": "no",
            "confidence": 1.0
          },
          {
            "name": "attractive",
            "value": "no",
            "confidence": 0.49
          },
          {
            "name": "bags under eyes",
            "value": "no",
            "confidence": 1.0
          },
          {
            "name": "bald",
            "value": "no",
            "confidence": 0.93
          },
          {
            "name": "bangs",
            "value": "yes",
            "confidence": 0.6
          },
          {
            "name": "beard",
            "value": "no",
            "confidence": 0.96
          },
          {
            "name": "big lips",
            "value": "no",
            "confidence": 0.3
          },
          {
            "name": "big nose",
            "value": "no",
            "confidence": 0.72
          },
          {
            "name": "black hair",
            "value": "no",
            "confidence": 0.8
          },
          {
            "name": "blond hair",
            "value": "no",
            "confidence": 0.46
          },
          {
            "name": "blurry",
            "value": "no",
            "confidence": 0.22
          },
          {
            "name": "brown hair",
            "value": "yes",
            "confidence": 0.11
          },
          {
            "name": "bushy eyebrows",
            "value": "no",
            "confidence": 0.74
          },
          {
            "name": "chubby",
            "value": "no",
            "confidence": 0.88
          },
          {
            "name": "double chin",
            "value": "no",
            "confidence": 1.0
          },
          {
            "name": "expression",
            "value": "neutral",
            "confidence": 0.97
          },
          {
            "name": "gender",
            "value": "male",
            "confidence": 0.24
          },
          {
            "name": "glasses",
            "value": "no",
            "confidence": 1.0
          },
          {
            "name": "goatee",
            "value": "no",
            "confidence": 1.0
          },
          {
            "name": "gray hair",
            "value": "no",
            "confidence": 0.64
          },
          {
            "name": "heavy makeup",
            "value": "no",
            "confidence": 0.69
          },
          {
            "name": "high cheekbones",
            "value": "no",
            "confidence": 0.86
          },
          {
            "name": "mouth open",
            "value": "no",
            "confidence": 0.61
          },
          {
            "name": "mustache",
            "value": "no",
            "confidence": 1.0
          },
          {
            "name": "narrow eyes",
            "value": "no",
            "confidence": 0.41
          },
          {
            "name": "oval face",
            "value": "no",
            "confidence": 0.18
          },
          {
            "name": "pale skin",
            "value": "yes",
            "confidence": 0.67
          },
          {
            "name": "pitch",
            "value": "-4.86",
            "confidence": 1.0
          },
          {
            "name": "pointy nose",
            "value": "no",
            "confidence": 0.21
          },
          {
            "name": "race",
            "value": "asian",
            "confidence": 1.0
          },
          {
            "name": "receding hairline",
            "value": "no",
            "confidence": 1.0
          },
          {
            "name": "rosy cheeks",
            "value": "no",
            "confidence": 1.0
          },
          {
            "name": "sideburns",
            "value": "no",
            "confidence": 1.0
          },
          {
            "name": "straight hair",
            "value": "yes",
            "confidence": 0.0
          },
          {
            "name": "wavy hair",
            "value": "no",
            "confidence": 0.36
          },
          {
            "name": "wearing earrings",
            "value": "no",
            "confidence": 0.63
          },
          {
            "name": "wearing hat",
            "value": "no",
            "confidence": 0.31
          },
          {
            "name": "wearing lipstick",
            "value": "no",
            "confidence": 0.58
          },
          {
            "name": "wearing necklace",
            "value": "no",
            "confidence": 0.68
          },
          {
            "name": "wearing necktie",
            "value": "no",
            "confidence": 0.57
          },
          {
            "name": "yaw",
            "value": "70.54",
            "confidence": 1.0
          },
          {
            "name": "young",
            "value": "yes",
            "confidence": 0.38
          }
        ],
        "person_id": "",
        "appearance_id": 0,
        "start": "00:00:00",
        "duration": "00:00:00"
      }
    ],
    "tags": null,
    "original_filename": "https://raw.githubusercontent.com/sarkrui/Hairstyle60k/master/Dataset/Cute_Ponytails/IMG_19.jpg",
    "duration": "00:00:00"
  },
  "recognize": null
}