{
  "media": {
    "media_uuid": "695b4f48-aa30-449e-a13b-3712504cd873",
    "checksum": "00c549bdf38d71ab296af9a02736e339ee2d3524dfc4c284497cf92dd4362b40",
    "faces": [
      {
        "face_uuid": "2a7419e3-1536-11e9-99c4-0cc47a6c4dbd",
        "media_uuid": "695b4f48-aa30-449e-a13b-3712504cd873",
        "x": 420.63,
        "y": 532.86,
        "width": 96.81,
        "height": 121.98,
        "angle": -4.9716,
        "detection_score": 1.0,
        "points": [
          {
            "x": 399.84,
            "y": 519.97,
            "type": 512,
            "name": "basic eye left"
          },
          {
            "x": 446.99,
            "y": 524.07,
            "type": 768,
            "name": "basic eye right"
          },
          {
            "x": 389.88,
            "y": 519.15,
            "type": 1024,
            "name": "basic eye left outer"
          },
          {
            "x": 456.83,
            "y": 524.95,
            "type": 1280,
            "name": "basic eye right outer"
          },
          {
            "x": 409.58,
            "y": 522.14,
            "type": 1536,
            "name": "basic eye left inner"
          },
          {
            "x": 437.13,
            "y": 524.55,
            "type": 1792,
            "name": "basic eye right inner"
          },
          {
            "x": 400.05,
            "y": 570.72,
            "type": 2048,
            "name": "basic mouth left"
          },
          {
            "x": 438.32,
            "y": 573.3,
            "type": 2304,
            "name": "basic mouth right"
          },
          {
            "x": 420.75,
            "y": 553.73,
            "type": 2560,
            "name": "basic nose tip"
          },
          {
            "x": 419.15,
            "y": 573.05,
            "type": 2816,
            "name": "basic mouth center"
          },
          {
            "x": 419.15,
            "y": 573.05,
            "type": 3072,
            "name": "basic eyebrow left"
          },
          {
            "x": 419.15,
            "y": 573.05,
            "type": 3328,
            "name": "basic eyebrow left inner corner"
          },
          {
            "x": 419.15,
            "y": 573.05,
            "type": 3584,
            "name": "basic eyebrow left outer corner"
          },
          {
            "x": 419.15,
            "y": 573.05,
            "type": 3840,
            "name": "basic eyebrow right"
          },
          {
            "x": 419.15,
            "y": 573.05,
            "type": 4096,
            "name": "basic eyebrow right inner corner"
          },
          {
            "x": 419.15,
            "y": 573.05,
            "type": 4352,
            "name": "basic eyebrow right outer corner"
          },
          {
            "x": 419.15,
            "y": 573.05,
            "type": 4608,
            "name": "basic chin bottom"
          },
          {
            "x": 419.15,
            "y": 573.05,
            "type": 4864,
            "name": "basic chin left"
          },
          {
            "x": 419.15,
            "y": 573.05,
            "type": 5120,
            "name": "basic chin right"
          },
          {
            "x": 408.94,
            "y": 553.8,
            "type": 5376,
            "name": "basic nose left"
          },
          {
            "x": 432.19,
            "y": 555.74,
            "type": 5632,
            "name": "basic nose right"
          }
        ],
        "user_points": null,
        "tags": [
          {
            "name": "5oclock shadow",
            "value": "no",
            "confidence": 1.0
          },
          {
            "name": "age",
            "value": "28",
            "confidence": 0.6
          },
          {
            "name": "arched eyebrows",
            "value": "no",
            "confidence": 0.69
          },
          {
            "name": "attractive",
            "value": "yes",
            "confidence": 0.51
          },
          {
            "name": "bags under eyes",
            "value": "no",
            "confidence": 0.67
          },
          {
            "name": "bald",
            "value": "no",
            "confidence": 1.0
          },
          {
            "name": "bangs",
            "value": "yes",
            "confidence": 0.86
          },
          {
            "name": "beard",
            "value": "no",
            "confidence": 1.0
          },
          {
            "name": "big lips",
            "value": "no",
            "confidence": 0.33
          },
          {
            "name": "big nose",
            "value": "no",
            "confidence": 0.93
          },
          {
            "name": "black hair",
            "value": "yes",
            "confidence": 0.16
          },
          {
            "name": "blond hair",
            "value": "no",
            "confidence": 0.75
          },
          {
            "name": "blurry",
            "value": "no",
            "confidence": 0.58
          },
          {
            "name": "brown hair",
            "value": "no",
            "confidence": 0.23
          },
          {
            "name": "bushy eyebrows",
            "value": "no",
            "confidence": 0.64
          },
          {
            "name": "chubby",
            "value": "no",
            "confidence": 1.0
          },
          {
            "name": "double chin",
            "value": "no",
            "confidence": 1.0
          },
          {
            "name": "expression",
            "value": "neutral",
            "confidence": 0.76
          },
          {
            "name": "gender",
            "value": "female",
            "confidence": 0.58
          },
          {
            "name": "glasses",
            "value": "no",
            "confidence": 1.0
          },
          {
            "name": "goatee",
            "value": "no",
            "confidence": 1.0
          },
          {
            "name": "gray hair",
            "value": "no",
            "confidence": 1.0
          },
          {
            "name": "heavy makeup",
            "value": "no",
            "confidence": 0.22
          },
          {
            "name": "high cheekbones",
            "value": "no",
            "confidence": 0.82
          },
          {
            "name": "mouth open",
            "value": "no",
            "confidence": 0.84
          },
          {
            "name": "mustache",
            "value": "no",
            "confidence": 1.0
          },
          {
            "name": "narrow eyes",
            "value": "no",
            "confidence": 0.41
          },
          {
            "name": "oval face",
            "value": "yes",
            "confidence": 0.3
          },
          {
            "name": "pale skin",
            "value": "yes",
            "confidence": 1.0
          },
          {
            "name": "pitch",
            "value": "-8.1",
            "confidence": 1.0
          },
          {
            "name": "pointy nose",
            "value": "no",
            "confidence": 0.63
          },
          {
            "name": "race",
            "value": "asian",
            "confidence": 0.67
          },
          {
            "name": "receding hairline",
            "value": "no",
            "confidence": 1.0
          },
          {
            "name": "rosy cheeks",
            "value": "no",
            "confidence": 1.0
          },
          {
            "name": "sideburns",
            "value": "no",
            "confidence": 1.0
          },
          {
            "name": "straight hair",
            "value": "yes",
            "confidence": 1.0
          },
          {
            "name": "wavy hair",
            "value": "no",
            "confidence": 1.0
          },
          {
            "name": "wearing earrings",
            "value": "no",
            "confidence": 0.84
          },
          {
            "name": "wearing hat",
            "value": "no",
            "confidence": 0.54
          },
          {
            "name": "wearing lipstick",
            "value": "yes",
            "confidence": 0.1
          },
          {
            "name": "wearing necklace",
            "value": "no",
            "confidence": 0.56
          },
          {
            "name": "wearing necktie",
            "value": "no",
            "confidence": 0.76
          },
          {
            "name": "yaw",
            "value": "-5.57",
            "confidence": 1.0
          },
          {
            "name": "young",
            "value": "yes",
            "confidence": 1.0
          }
        ],
        "person_id": "",
        "appearance_id": 0,
        "start": "00:00:00",
        "duration": "00:00:00"
      }
    ],
    "tags": null,
    "original_filename": "https://raw.githubusercontent.com/sarkrui/Hairstyle60k/master/Dataset/Cute_Ponytails/IMG_5.jpg",
    "duration": "00:00:00"
  },
  "recognize": null
}