{
  "media": {
    "media_uuid": "e7756415-9911-492a-931b-e05dbeb62a5e",
    "checksum": "b2455adf53b864465f4b5d23cabaa263263238fd2d0e93ec8c36f11e2eaef70b",
    "faces": [
      {
        "face_uuid": "2e9cf0c5-1536-11e9-99c4-0cc47a6c4dbd",
        "media_uuid": "e7756415-9911-492a-931b-e05dbeb62a5e",
        "x": 441.86,
        "y": 477.25,
        "width": 106.21,
        "height": 139.04,
        "angle": -11.3443,
        "detection_score": 1.0,
        "points": [
          {
            "x": 421.4,
            "y": 460.6,
            "type": 512,
            "name": "basic eye left"
          },
          {
            "x": 473.83,
            "y": 471.12,
            "type": 768,
            "name": "basic eye right"
          },
          {
            "x": 410.33,
            "y": 458.48,
            "type": 1024,
            "name": "basic eye left outer"
          },
          {
            "x": 484.76,
            "y": 473.39,
            "type": 1280,
            "name": "basic eye right outer"
          },
          {
            "x": 432.02,
            "y": 464.02,
            "type": 1536,
            "name": "basic eye left inner"
          },
          {
            "x": 462.81,
            "y": 470.2,
            "type": 1792,
            "name": "basic eye right inner"
          },
          {
            "x": 414.77,
            "y": 513.24,
            "type": 2048,
            "name": "basic mouth left"
          },
          {
            "x": 460.3,
            "y": 521.99,
            "type": 2304,
            "name": "basic mouth right"
          },
          {
            "x": 441.75,
            "y": 498.79,
            "type": 2560,
            "name": "basic nose tip"
          },
          {
            "x": 437.32,
            "y": 518.97,
            "type": 2816,
            "name": "basic mouth center"
          },
          {
            "x": 437.32,
            "y": 518.97,
            "type": 3072,
            "name": "basic eyebrow left"
          },
          {
            "x": 437.32,
            "y": 518.97,
            "type": 3328,
            "name": "basic eyebrow left inner corner"
          },
          {
            "x": 437.32,
            "y": 518.97,
            "type": 3584,
            "name": "basic eyebrow left outer corner"
          },
          {
            "x": 437.32,
            "y": 518.97,
            "type": 3840,
            "name": "basic eyebrow right"
          },
          {
            "x": 437.32,
            "y": 518.97,
            "type": 4096,
            "name": "basic eyebrow right inner corner"
          },
          {
            "x": 437.32,
            "y": 518.97,
            "type": 4352,
            "name": "basic eyebrow right outer corner"
          },
          {
            "x": 437.32,
            "y": 518.97,
            "type": 4608,
            "name": "basic chin bottom"
          },
          {
            "x": 437.32,
            "y": 518.97,
            "type": 4864,
            "name": "basic chin left"
          },
          {
            "x": 437.32,
            "y": 518.97,
            "type": 5120,
            "name": "basic chin right"
          },
          {
            "x": 428.16,
            "y": 497.43,
            "type": 5376,
            "name": "basic nose left"
          },
          {
            "x": 454.44,
            "y": 502.63,
            "type": 5632,
            "name": "basic nose right"
          }
        ],
        "user_points": null,
        "tags": [
          {
            "name": "5oclock shadow",
            "value": "no",
            "confidence": 1.0
          },
          {
            "name": "age",
            "value": "13",
            "confidence": 0.6
          },
          {
            "name": "arched eyebrows",
            "value": "no",
            "confidence": 0.86
          },
          {
            "name": "attractive",
            "value": "yes",
            "confidence": 0.84
          },
          {
            "name": "bags under eyes",
            "value": "no",
            "confidence": 0.7
          },
          {
            "name": "bald",
            "value": "no",
            "confidence": 0.96
          },
          {
            "name": "bangs",
            "value": "yes",
            "confidence": 0.58
          },
          {
            "name": "beard",
            "value": "no",
            "confidence": 1.0
          },
          {
            "name": "big lips",
            "value": "no",
            "confidence": 0.25
          },
          {
            "name": "big nose",
            "value": "no",
            "confidence": 0.93
          },
          {
            "name": "black hair",
            "value": "no",
            "confidence": 0.34
          },
          {
            "name": "blond hair",
            "value": "no",
            "confidence": 0.23
          },
          {
            "name": "blurry",
            "value": "no",
            "confidence": 0.6
          },
          {
            "name": "brown hair",
            "value": "no",
            "confidence": 0.17
          },
          {
            "name": "bushy eyebrows",
            "value": "no",
            "confidence": 0.61
          },
          {
            "name": "chubby",
            "value": "no",
            "confidence": 1.0
          },
          {
            "name": "double chin",
            "value": "no",
            "confidence": 1.0
          },
          {
            "name": "expression",
            "value": "smile",
            "confidence": 0.98
          },
          {
            "name": "gender",
            "value": "female",
            "confidence": 0.65
          },
          {
            "name": "glasses",
            "value": "no",
            "confidence": 1.0
          },
          {
            "name": "goatee",
            "value": "no",
            "confidence": 1.0
          },
          {
            "name": "gray hair",
            "value": "no",
            "confidence": 1.0
          },
          {
            "name": "heavy makeup",
            "value": "no",
            "confidence": 0.19
          },
          {
            "name": "high cheekbones",
            "value": "yes",
            "confidence": 0.21
          },
          {
            "name": "mouth open",
            "value": "yes",
            "confidence": 1.0
          },
          {
            "name": "mustache",
            "value": "no",
            "confidence": 1.0
          },
          {
            "name": "narrow eyes",
            "value": "no",
            "confidence": 0.22
          },
          {
            "name": "oval face",
            "value": "yes",
            "confidence": 0.44
          },
          {
            "name": "pale skin",
            "value": "yes",
            "confidence": 1.0
          },
          {
            "name": "pitch",
            "value": "-7.68",
            "confidence": 1.0
          },
          {
            "name": "pointy nose",
            "value": "no",
            "confidence": 0.62
          },
          {
            "name": "race",
            "value": "asian",
            "confidence": 1.0
          },
          {
            "name": "receding hairline",
            "value": "no",
            "confidence": 1.0
          },
          {
            "name": "rosy cheeks",
            "value": "no",
            "confidence": 1.0
          },
          {
            "name": "sideburns",
            "value": "no",
            "confidence": 1.0
          },
          {
            "name": "straight hair",
            "value": "yes",
            "confidence": 0.75
          },
          {
            "name": "wavy hair",
            "value": "no",
            "confidence": 1.0
          },
          {
            "name": "wearing earrings",
            "value": "no",
            "confidence": 0.57
          },
          {
            "name": "wearing hat",
            "value": "no",
            "confidence": 0.2
          },
          {
            "name": "wearing lipstick",
            "value": "yes",
            "confidence": 0.14
          },
          {
            "name": "wearing necklace",
            "value": "no",
            "confidence": 0.51
          },
          {
            "name": "wearing necktie",
            "value": "no",
            "confidence": 0.85
          },
          {
            "name": "yaw",
            "value": "15.32",
            "confidence": 1.0
          },
          {
            "name": "young",
            "value": "yes",
            "confidence": 1.0
          }
        ],
        "person_id": "",
        "appearance_id": 0,
        "start": "00:00:00",
        "duration": "00:00:00"
      }
    ],
    "tags": null,
    "original_filename": "https://raw.githubusercontent.com/sarkrui/Hairstyle60k/master/Dataset/Cute_Ponytails/IMG_9.jpg",
    "duration": "00:00:00"
  },
  "recognize": null
}