{
  "media": {
    "media_uuid": "370c145b-920d-4111-aef8-81bd6354bfa9",
    "checksum": "529e937da73e3c38331ca23455c8f8aef9e6e353ebd01bde9fa3031c5e50ec36",
    "faces": [
      {
        "face_uuid": "29722b36-1536-11e9-99c4-0cc47a6c4dbd",
        "media_uuid": "370c145b-920d-4111-aef8-81bd6354bfa9",
        "x": 583.65,
        "y": 206.91,
        "width": 87.43,
        "height": 117.01,
        "angle": 5.8353,
        "detection_score": 1.0,
        "points": [
          {
            "x": 564.71,
            "y": 194.44,
            "type": 512,
            "name": "basic eye left"
          },
          {
            "x": 608.79,
            "y": 189.94,
            "type": 768,
            "name": "basic eye right"
          },
          {
            "x": 554.93,
            "y": 195.47,
            "type": 1024,
            "name": "basic eye left outer"
          },
          {
            "x": 617.79,
            "y": 189.01,
            "type": 1280,
            "name": "basic eye right outer"
          },
          {
            "x": 574.47,
            "y": 194.58,
            "type": 1536,
            "name": "basic eye left inner"
          },
          {
            "x": 600.14,
            "y": 191.98,
            "type": 1792,
            "name": "basic eye right inner"
          },
          {
            "x": 574.09,
            "y": 241.47,
            "type": 2048,
            "name": "basic mouth left"
          },
          {
            "x": 608.95,
            "y": 238.04,
            "type": 2304,
            "name": "basic mouth right"
          },
          {
            "x": 593.98,
            "y": 222.03,
            "type": 2560,
            "name": "basic nose tip"
          },
          {
            "x": 591.98,
            "y": 240.53,
            "type": 2816,
            "name": "basic mouth center"
          },
          {
            "x": 591.98,
            "y": 240.53,
            "type": 3072,
            "name": "basic eyebrow left"
          },
          {
            "x": 591.98,
            "y": 240.53,
            "type": 3328,
            "name": "basic eyebrow left inner corner"
          },
          {
            "x": 591.98,
            "y": 240.53,
            "type": 3584,
            "name": "basic eyebrow left outer corner"
          },
          {
            "x": 591.98,
            "y": 240.53,
            "type": 3840,
            "name": "basic eyebrow right"
          },
          {
            "x": 591.98,
            "y": 240.53,
            "type": 4096,
            "name": "basic eyebrow right inner corner"
          },
          {
            "x": 591.98,
            "y": 240.53,
            "type": 4352,
            "name": "basic eyebrow right outer corner"
          },
          {
            "x": 591.98,
            "y": 240.53,
            "type": 4608,
            "name": "basic chin bottom"
          },
          {
            "x": 591.98,
            "y": 240.53,
            "type": 4864,
            "name": "basic chin left"
          },
          {
            "x": 591.98,
            "y": 240.53,
            "type": 5120,
            "name": "basic chin right"
          },
          {
            "x": 581.35,
            "y": 224.52,
            "type": 5376,
            "name": "basic nose left"
          },
          {
            "x": 602.93,
            "y": 222.42,
            "type": 5632,
            "name": "basic nose right"
          }
        ],
        "user_points": null,
        "tags": [
          {
            "name": "5oclock shadow",
            "value": "no",
            "confidence": 1.0
          },
          {
            "name": "age",
            "value": "11",
            "confidence": 0.6
          },
          {
            "name": "arched eyebrows",
            "value": "no",
            "confidence": 0.79
          },
          {
            "name": "attractive",
            "value": "yes",
            "confidence": 0.48
          },
          {
            "name": "bags under eyes",
            "value": "no",
            "confidence": 1.0
          },
          {
            "name": "bald",
            "value": "no",
            "confidence": 0.87
          },
          {
            "name": "bangs",
            "value": "yes",
            "confidence": 0.69
          },
          {
            "name": "beard",
            "value": "no",
            "confidence": 1.0
          },
          {
            "name": "big lips",
            "value": "no",
            "confidence": 0.21
          },
          {
            "name": "big nose",
            "value": "no",
            "confidence": 0.86
          },
          {
            "name": "black hair",
            "value": "yes",
            "confidence": 0.2
          },
          {
            "name": "blond hair",
            "value": "no",
            "confidence": 0.67
          },
          {
            "name": "blurry",
            "value": "no",
            "confidence": 0.61
          },
          {
            "name": "brown hair",
            "value": "no",
            "confidence": 0.49
          },
          {
            "name": "bushy eyebrows",
            "value": "no",
            "confidence": 0.49
          },
          {
            "name": "chubby",
            "value": "no",
            "confidence": 1.0
          },
          {
            "name": "double chin",
            "value": "no",
            "confidence": 1.0
          },
          {
            "name": "expression",
            "value": "neutral",
            "confidence": 0.79
          },
          {
            "name": "gender",
            "value": "female",
            "confidence": 0.53
          },
          {
            "name": "glasses",
            "value": "no",
            "confidence": 1.0
          },
          {
            "name": "goatee",
            "value": "no",
            "confidence": 1.0
          },
          {
            "name": "gray hair",
            "value": "no",
            "confidence": 1.0
          },
          {
            "name": "heavy makeup",
            "value": "no",
            "confidence": 0.14
          },
          {
            "name": "high cheekbones",
            "value": "no",
            "confidence": 0.83
          },
          {
            "name": "mouth open",
            "value": "no",
            "confidence": 1.0
          },
          {
            "name": "mustache",
            "value": "no",
            "confidence": 1.0
          },
          {
            "name": "narrow eyes",
            "value": "no",
            "confidence": 0.81
          },
          {
            "name": "oval face",
            "value": "yes",
            "confidence": 0.39
          },
          {
            "name": "pale skin",
            "value": "yes",
            "confidence": 1.0
          },
          {
            "name": "pitch",
            "value": "-8.56",
            "confidence": 1.0
          },
          {
            "name": "pointy nose",
            "value": "no",
            "confidence": 0.46
          },
          {
            "name": "race",
            "value": "white",
            "confidence": 0.93
          },
          {
            "name": "receding hairline",
            "value": "no",
            "confidence": 1.0
          },
          {
            "name": "rosy cheeks",
            "value": "no",
            "confidence": 1.0
          },
          {
            "name": "sideburns",
            "value": "no",
            "confidence": 1.0
          },
          {
            "name": "straight hair",
            "value": "yes",
            "confidence": 0.69
          },
          {
            "name": "wavy hair",
            "value": "no",
            "confidence": 1.0
          },
          {
            "name": "wearing earrings",
            "value": "no",
            "confidence": 0.7
          },
          {
            "name": "wearing hat",
            "value": "no",
            "confidence": 0.07
          },
          {
            "name": "wearing lipstick",
            "value": "yes",
            "confidence": 0.1
          },
          {
            "name": "wearing necklace",
            "value": "no",
            "confidence": 0.58
          },
          {
            "name": "wearing necktie",
            "value": "no",
            "confidence": 0.85
          },
          {
            "name": "yaw",
            "value": "-6.28",
            "confidence": 1.0
          },
          {
            "name": "young",
            "value": "yes",
            "confidence": 1.0
          }
        ],
        "person_id": "",
        "appearance_id": 0,
        "start": "00:00:00",
        "duration": "00:00:00"
      }
    ],
    "tags": null,
    "original_filename": "https://raw.githubusercontent.com/sarkrui/Hairstyle60k/master/Dataset/Cute_Ponytails/IMG_4.jpg",
    "duration": "00:00:00"
  },
  "recognize": null
}