{
  "media": {
    "media_uuid": "fe8c6eff-f403-4c9e-8d71-a267579c6eda",
    "checksum": "50752719f9275f7b98896a5dea38d21206b3a315c51756f370a38f41d92105b7",
    "faces": [
      {
        "face_uuid": "3c30a634-1536-11e9-99c4-0cc47a6c4dbd",
        "media_uuid": "fe8c6eff-f403-4c9e-8d71-a267579c6eda",
        "x": 169.0,
        "y": 84.5,
        "width": 41.82,
        "height": 50.37,
        "angle": 14.8435,
        "detection_score": 0.97,
        "points": [
          {
            "x": 157.48,
            "y": 80.9,
            "type": 512,
            "name": "basic eye left"
          },
          {
            "x": 176.65,
            "y": 75.82,
            "type": 768,
            "name": "basic eye right"
          },
          {
            "x": 153.31,
            "y": 81.99,
            "type": 1024,
            "name": "basic eye left outer"
          },
          {
            "x": 180.86,
            "y": 74.68,
            "type": 1280,
            "name": "basic eye right outer"
          },
          {
            "x": 161.7,
            "y": 80.11,
            "type": 1536,
            "name": "basic eye left inner"
          },
          {
            "x": 172.53,
            "y": 77.25,
            "type": 1792,
            "name": "basic eye right inner"
          },
          {
            "x": 166.13,
            "y": 102.1,
            "type": 2048,
            "name": "basic mouth left"
          },
          {
            "x": 179.82,
            "y": 98.45,
            "type": 2304,
            "name": "basic mouth right"
          },
          {
            "x": 170.5,
            "y": 92.51,
            "type": 2560,
            "name": "basic nose tip"
          },
          {
            "x": 172.99,
            "y": 100.46,
            "type": 2816,
            "name": "basic mouth center"
          },
          {
            "x": 172.99,
            "y": 100.46,
            "type": 3072,
            "name": "basic eyebrow left"
          },
          {
            "x": 172.99,
            "y": 100.46,
            "type": 3328,
            "name": "basic eyebrow left inner corner"
          },
          {
            "x": 172.99,
            "y": 100.46,
            "type": 3584,
            "name": "basic eyebrow left outer corner"
          },
          {
            "x": 172.99,
            "y": 100.46,
            "type": 3840,
            "name": "basic eyebrow right"
          },
          {
            "x": 172.99,
            "y": 100.46,
            "type": 4096,
            "name": "basic eyebrow right inner corner"
          },
          {
            "x": 172.99,
            "y": 100.46,
            "type": 4352,
            "name": "basic eyebrow right outer corner"
          },
          {
            "x": 172.99,
            "y": 100.46,
            "type": 4608,
            "name": "basic chin bottom"
          },
          {
            "x": 172.99,
            "y": 100.46,
            "type": 4864,
            "name": "basic chin left"
          },
          {
            "x": 172.99,
            "y": 100.46,
            "type": 5120,
            "name": "basic chin right"
          },
          {
            "x": 165.54,
            "y": 93.2,
            "type": 5376,
            "name": "basic nose left"
          },
          {
            "x": 175.46,
            "y": 90.56,
            "type": 5632,
            "name": "basic nose right"
          }
        ],
        "user_points": null,
        "tags": [
          {
            "name": "5oclock shadow",
            "value": "yes",
            "confidence": 0.35
          },
          {
            "name": "age",
            "value": "28",
            "confidence": 0.6
          },
          {
            "name": "arched eyebrows",
            "value": "no",
            "confidence": 1.0
          },
          {
            "name": "attractive",
            "value": "yes",
            "confidence": 0.14
          },
          {
            "name": "bags under eyes",
            "value": "no",
            "confidence": 0.26
          },
          {
            "name": "bald",
            "value": "no",
            "confidence": 0.82
          },
          {
            "name": "bangs",
            "value": "no",
            "confidence": 0.53
          },
          {
            "name": "beard",
            "value": "yes",
            "confidence": 0.29
          },
          {
            "name": "big lips",
            "value": "no",
            "confidence": 0.6
          },
          {
            "name": "big nose",
            "value": "no",
            "confidence": 0.05
          },
          {
            "name": "black hair",
            "value": "yes",
            "confidence": 0.6
          },
          {
            "name": "blond hair",
            "value": "no",
            "confidence": 1.0
          },
          {
            "name": "blurry",
            "value": "no",
            "confidence": 0.22
          },
          {
            "name": "brown hair",
            "value": "no",
            "confidence": 0.7
          },
          {
            "name": "bushy eyebrows",
            "value": "no",
            "confidence": 0.35
          },
          {
            "name": "chubby",
            "value": "no",
            "confidence": 0.7
          },
          {
            "name": "double chin",
            "value": "no",
            "confidence": 0.82
          },
          {
            "name": "expression",
            "value": "neutral",
            "confidence": 0.53
          },
          {
            "name": "gender",
            "value": "male",
            "confidence": 1.0
          },
          {
            "name": "glasses",
            "value": "no",
            "confidence": 1.0
          },
          {
            "name": "goatee",
            "value": "no",
            "confidence": 0.18
          },
          {
            "name": "gray hair",
            "value": "no",
            "confidence": 0.91
          },
          {
            "name": "heavy makeup",
            "value": "no",
            "confidence": 0.94
          },
          {
            "name": "high cheekbones",
            "value": "no",
            "confidence": 0.82
          },
          {
            "name": "mouth open",
            "value": "no",
            "confidence": 0.59
          },
          {
            "name": "mustache",
            "value": "no",
            "confidence": 0.06
          },
          {
            "name": "narrow eyes",
            "value": "yes",
            "confidence": 0.16
          },
          {
            "name": "oval face",
            "value": "no",
            "confidence": 0.54
          },
          {
            "name": "pale skin",
            "value": "yes",
            "confidence": 0.7
          },
          {
            "name": "pitch",
            "value": "-9.59",
            "confidence": 1.0
          },
          {
            "name": "pointy nose",
            "value": "no",
            "confidence": 0.19
          },
          {
            "name": "race",
            "value": "white",
            "confidence": 1.0
          },
          {
            "name": "receding hairline",
            "value": "no",
            "confidence": 0.9
          },
          {
            "name": "rosy cheeks",
            "value": "no",
            "confidence": 1.0
          },
          {
            "name": "sideburns",
            "value": "no",
            "confidence": 0.1
          },
          {
            "name": "straight hair",
            "value": "yes",
            "confidence": 0.42
          },
          {
            "name": "wavy hair",
            "value": "no",
            "confidence": 0.62
          },
          {
            "name": "wearing earrings",
            "value": "no",
            "confidence": 1.0
          },
          {
            "name": "wearing hat",
            "value": "no",
            "confidence": 0.31
          },
          {
            "name": "wearing lipstick",
            "value": "no",
            "confidence": 0.91
          },
          {
            "name": "wearing necklace",
            "value": "no",
            "confidence": 1.0
          },
          {
            "name": "wearing necktie",
            "value": "yes",
            "confidence": 0.2
          },
          {
            "name": "yaw",
            "value": "10.35",
            "confidence": 1.0
          },
          {
            "name": "young",
            "value": "yes",
            "confidence": 0.33
          }
        ],
        "person_id": "",
        "appearance_id": 0,
        "start": "00:00:00",
        "duration": "00:00:00"
      },
      {
        "face_uuid": "3c70ac44-1536-11e9-99c4-0cc47a6c4dbd",
        "media_uuid": "fe8c6eff-f403-4c9e-8d71-a267579c6eda",
        "x": 105.5,
        "y": 93.0,
        "width": 65.96,
        "height": 97.5,
        "angle": -5.119,
        "detection_score": 0.94,
        "points": [
          {
            "x": 95.08,
            "y": 89.57,
            "type": 512,
            "name": "basic eye left"
          },
          {
            "x": 127.2,
            "y": 92.45,
            "type": 768,
            "name": "basic eye right"
          },
          {
            "x": 87.74,
            "y": 89.08,
            "type": 1024,
            "name": "basic eye left outer"
          },
          {
            "x": 133.8,
            "y": 93.14,
            "type": 1280,
            "name": "basic eye right outer"
          },
          {
            "x": 102.33,
            "y": 90.34,
            "type": 1536,
            "name": "basic eye left inner"
          },
          {
            "x": 120.67,
            "y": 92.02,
            "type": 1792,
            "name": "basic eye right inner"
          },
          {
            "x": 93.18,
            "y": 124.58,
            "type": 2048,
            "name": "basic mouth left"
          },
          {
            "x": 119.6,
            "y": 127.13,
            "type": 2304,
            "name": "basic mouth right"
          },
          {
            "x": 113.34,
            "y": 112.27,
            "type": 2560,
            "name": "basic nose tip"
          },
          {
            "x": 106.69,
            "y": 126.26,
            "type": 2816,
            "name": "basic mouth center"
          },
          {
            "x": 106.69,
            "y": 126.26,
            "type": 3072,
            "name": "basic eyebrow left"
          },
          {
            "x": 106.69,
            "y": 126.26,
            "type": 3328,
            "name": "basic eyebrow left inner corner"
          },
          {
            "x": 106.69,
            "y": 126.26,
            "type": 3584,
            "name": "basic eyebrow left outer corner"
          },
          {
            "x": 106.69,
            "y": 126.26,
            "type": 3840,
            "name": "basic eyebrow right"
          },
          {
            "x": 106.69,
            "y": 126.26,
            "type": 4096,
            "name": "basic eyebrow right inner corner"
          },
          {
            "x": 106.69,
            "y": 126.26,
            "type": 4352,
            "name": "basic eyebrow right outer corner"
          },
          {
            "x": 106.69,
            "y": 126.26,
            "type": 4608,
            "name": "basic chin bottom"
          },
          {
            "x": 106.69,
            "y": 126.26,
            "type": 4864,
            "name": "basic chin left"
          },
          {
            "x": 106.69,
            "y": 126.26,
            "type": 5120,
            "name": "basic chin right"
          },
          {
            "x": 102.49,
            "y": 111.24,
            "type": 5376,
            "name": "basic nose left"
          },
          {
            "x": 119.96,
            "y": 112.94,
            "type": 5632,
            "name": "basic nose right"
          }
        ],
        "user_points": null,
        "tags": [
          {
            "name": "5oclock shadow",
            "value": "no",
            "confidence": 0.01
          },
          {
            "name": "age",
            "value": "45",
            "confidence": 0.6
          },
          {
            "name": "arched eyebrows",
            "value": "no",
            "confidence": 1.0
          },
          {
            "name": "attractive",
            "value": "no",
            "confidence": 1.0
          },
          {
            "name": "bags under eyes",
            "value": "no",
            "confidence": 0.79
          },
          {
            "name": "bald",
            "value": "no",
            "confidence": 0.33
          },
          {
            "name": "bangs",
            "value": "no",
            "confidence": 0.34
          },
          {
            "name": "beard",
            "value": "yes",
            "confidence": 0.68
          },
          {
            "name": "big lips",
            "value": "no",
            "confidence": 0.44
          },
          {
            "name": "big nose",
            "value": "yes",
            "confidence": 0.13
          },
          {
            "name": "black hair",
            "value": "yes",
            "confidence": 0.16
          },
          {
            "name": "blond hair",
            "value": "no",
            "confidence": 0.92
          },
          {
            "name": "blurry",
            "value": "yes",
            "confidence": 0.68
          },
          {
            "name": "brown hair",
            "value": "no",
            "confidence": 1.0
          },
          {
            "name": "bushy eyebrows",
            "value": "no",
            "confidence": 0.81
          },
          {
            "name": "chubby",
            "value": "yes",
            "confidence": 0.07
          },
          {
            "name": "double chin",
            "value": "no",
            "confidence": 0.4
          },
          {
            "name": "expression",
            "value": "neutral",
            "confidence": 1.0
          },
          {
            "name": "gender",
            "value": "male",
            "confidence": 0.82
          },
          {
            "name": "glasses",
            "value": "no",
            "confidence": 1.0
          },
          {
            "name": "goatee",
            "value": "yes",
            "confidence": 0.53
          },
          {
            "name": "gray hair",
            "value": "no",
            "confidence": 0.44
          },
          {
            "name": "heavy makeup",
            "value": "no",
            "confidence": 0.95
          },
          {
            "name": "high cheekbones",
            "value": "no",
            "confidence": 0.98
          },
          {
            "name": "mouth open",
            "value": "no",
            "confidence": 1.0
          },
          {
            "name": "mustache",
            "value": "yes",
            "confidence": 0.52
          },
          {
            "name": "narrow eyes",
            "value": "no",
            "confidence": 0.5
          },
          {
            "name": "oval face",
            "value": "no",
            "confidence": 0.56
          },
          {
            "name": "pale skin",
            "value": "no",
            "confidence": 0.4
          },
          {
            "name": "pitch",
            "value": "-6.86",
            "confidence": 1.0
          },
          {
            "name": "pointy nose",
            "value": "no",
            "confidence": 0.56
          },
          {
            "name": "race",
            "value": "indian",
            "confidence": 0.58
          },
          {
            "name": "receding hairline",
            "value": "no",
            "confidence": 0.46
          },
          {
            "name": "rosy cheeks",
            "value": "no",
            "confidence": 0.96
          },
          {
            "name": "sideburns",
            "value": "yes",
            "confidence": 0.39
          },
          {
            "name": "straight hair",
            "value": "no",
            "confidence": 0.91
          },
          {
            "name": "wavy hair",
            "value": "no",
            "confidence": 0.2
          },
          {
            "name": "wearing earrings",
            "value": "no",
            "confidence": 0.71
          },
          {
            "name": "wearing hat",
            "value": "yes",
            "confidence": 0.23
          },
          {
            "name": "wearing lipstick",
            "value": "no",
            "confidence": 0.9
          },
          {
            "name": "wearing necklace",
            "value": "no",
            "confidence": 0.51
          },
          {
            "name": "wearing necktie",
            "value": "no",
            "confidence": 0.74
          },
          {
            "name": "yaw",
            "value": "-17.48",
            "confidence": 1.0
          },
          {
            "name": "young",
            "value": "no",
            "confidence": 0.57
          }
        ],
        "person_id": "",
        "appearance_id": 0,
        "start": "00:00:00",
        "duration": "00:00:00"
      },
      {
        "face_uuid": "3ca16683-1536-11e9-99c4-0cc47a6c4dbd",
        "media_uuid": "fe8c6eff-f403-4c9e-8d71-a267579c6eda",
        "x": 237.0,
        "y": 231.5,
        "width": 53.29,
        "height": 71.37,
        "angle": 0.8443,
        "detection_score": 0.86,
        "points": [
          {
            "x": 221.28,
            "y": 217.93,
            "type": 512,
            "name": "basic eye left"
          },
          {
            "x": 248.54,
            "y": 217.53,
            "type": 768,
            "name": "basic eye right"
          },
          {
            "x": 215.61,
            "y": 218.11,
            "type": 1024,
            "name": "basic eye left outer"
          },
          {
            "x": 254.39,
            "y": 217.57,
            "type": 1280,
            "name": "basic eye right outer"
          },
          {
            "x": 226.87,
            "y": 218.27,
            "type": 1536,
            "name": "basic eye left inner"
          },
          {
            "x": 242.78,
            "y": 218.02,
            "type": 1792,
            "name": "basic eye right inner"
          },
          {
            "x": 222.88,
            "y": 245.3,
            "type": 2048,
            "name": "basic mouth left"
          },
          {
            "x": 249.29,
            "y": 244.64,
            "type": 2304,
            "name": "basic mouth right"
          },
          {
            "x": 234.03,
            "y": 234.17,
            "type": 2560,
            "name": "basic nose tip"
          },
          {
            "x": 235.87,
            "y": 245.71,
            "type": 2816,
            "name": "basic mouth center"
          },
          {
            "x": 235.87,
            "y": 245.71,
            "type": 3072,
            "name": "basic eyebrow left"
          },
          {
            "x": 235.87,
            "y": 245.71,
            "type": 3328,
            "name": "basic eyebrow left inner corner"
          },
          {
            "x": 235.87,
            "y": 245.71,
            "type": 3584,
            "name": "basic eyebrow left outer corner"
          },
          {
            "x": 235.87,
            "y": 245.71,
            "type": 3840,
            "name": "basic eyebrow right"
          },
          {
            "x": 235.87,
            "y": 245.71,
            "type": 4096,
            "name": "basic eyebrow right inner corner"
          },
          {
            "x": 235.87,
            "y": 245.71,
            "type": 4352,
            "name": "basic eyebrow right outer corner"
          },
          {
            "x": 235.87,
            "y": 245.71,
            "type": 4608,
            "name": "basic chin bottom"
          },
          {
            "x": 235.87,
            "y": 245.71,
            "type": 4864,
            "name": "basic chin left"
          },
          {
            "x": 235.87,
            "y": 245.71,
            "type": 5120,
            "name": "basic chin right"
          },
          {
            "x": 227.6,
            "y": 235.5,
            "type": 5376,
            "name": "basic nose left"
          },
          {
            "x": 242.03,
            "y": 235.02,
            "type": 5632,
            "name": "basic nose right"
          }
        ],
        "user_points": null,
        "tags": [
          {
            "name": "5oclock shadow",
            "value": "no",
            "confidence": 0.57
          },
          {
            "name": "age",
            "value": "38",
            "confidence": 0.6
          },
          {
            "name": "arched eyebrows",
            "value": "no",
            "confidence": 0.65
          },
          {
            "name": "attractive",
            "value": "no",
            "confidence": 0.23
          },
          {
            "name": "bags under eyes",
            "value": "no",
            "confidence": 0.44
          },
          {
            "name": "bald",
            "value": "no",
            "confidence": 0.94
          },
          {
            "name": "bangs",
            "value": "yes",
            "confidence": 0.88
          },
          {
            "name": "beard",
            "value": "no",
            "confidence": 0.46
          },
          {
            "name": "big lips",
            "value": "yes",
            "confidence": 0.13
          },
          {
            "name": "big nose",
            "value": "yes",
            "confidence": 0.08
          },
          {
            "name": "black hair",
            "value": "yes",
            "confidence": 0.02
          },
          {
            "name": "blond hair",
            "value": "no",
            "confidence": 0.98
          },
          {
            "name": "blurry",
            "value": "no",
            "confidence": 0.2
          },
          {
            "name": "brown hair",
            "value": "no",
            "confidence": 0.45
          },
          {
            "name": "bushy eyebrows",
            "value": "no",
            "confidence": 0.5
          },
          {
            "name": "chubby",
            "value": "no",
            "confidence": 0.74
          },
          {
            "name": "double chin",
            "value": "no",
            "confidence": 0.81
          },
          {
            "name": "expression",
            "value": "neutral",
            "confidence": 0.62
          },
          {
            "name": "gender",
            "value": "male",
            "confidence": 0.01
          },
          {
            "name": "glasses",
            "value": "no",
            "confidence": 1.0
          },
          {
            "name": "goatee",
            "value": "no",
            "confidence": 0.66
          },
          {
            "name": "gray hair",
            "value": "no",
            "confidence": 0.79
          },
          {
            "name": "heavy makeup",
            "value": "no",
            "confidence": 0.51
          },
          {
            "name": "high cheekbones",
            "value": "no",
            "confidence": 0.91
          },
          {
            "name": "mouth open",
            "value": "no",
            "confidence": 0.36
          },
          {
            "name": "mustache",
            "value": "no",
            "confidence": 0.54
          },
          {
            "name": "narrow eyes",
            "value": "no",
            "confidence": 0.08
          },
          {
            "name": "oval face",
            "value": "no",
            "confidence": 0.79
          },
          {
            "name": "pale skin",
            "value": "yes",
            "confidence": 1.0
          },
          {
            "name": "pitch",
            "value": "-9.72",
            "confidence": 1.0
          },
          {
            "name": "pointy nose",
            "value": "no",
            "confidence": 0.03
          },
          {
            "name": "race",
            "value": "white",
            "confidence": 1.0
          },
          {
            "name": "receding hairline",
            "value": "no",
            "confidence": 1.0
          },
          {
            "name": "rosy cheeks",
            "value": "no",
            "confidence": 1.0
          },
          {
            "name": "sideburns",
            "value": "no",
            "confidence": 0.71
          },
          {
            "name": "straight hair",
            "value": "no",
            "confidence": 0.62
          },
          {
            "name": "wavy hair",
            "value": "yes",
            "confidence": 0.31
          },
          {
            "name": "wearing earrings",
            "value": "no",
            "confidence": 0.96
          },
          {
            "name": "wearing hat",
            "value": "yes",
            "confidence": 0.3
          },
          {
            "name": "wearing lipstick",
            "value": "no",
            "confidence": 0.24
          },
          {
            "name": "wearing necklace",
            "value": "no",
            "confidence": 0.35
          },
          {
            "name": "wearing necktie",
            "value": "no",
            "confidence": 0.82
          },
          {
            "name": "yaw",
            "value": "-0.32",
            "confidence": 1.0
          },
          {
            "name": "young",
            "value": "yes",
            "confidence": 0.17
          }
        ],
        "person_id": "",
        "appearance_id": 0,
        "start": "00:00:00",
        "duration": "00:00:00"
      }
    ],
    "tags": null,
    "original_filename": "https://raw.githubusercontent.com/sarkrui/Hairstyle60k/master/Dataset/Devilock/IMG_1.jpg",
    "duration": "00:00:00"
  },
  "recognize": null
}