{
  "media": {
    "media_uuid": "6e8e1f35-a7ac-4d00-93b7-34e3e07ad7cc",
    "checksum": "dd5fa4cde91876d5eeb3bdea4cb73c989c2f40d35ca2c594f9dfd65abcf74b35",
    "faces": [
      {
        "face_uuid": "4b730cc3-1536-11e9-99c4-0cc47a6c4dbd",
        "media_uuid": "6e8e1f35-a7ac-4d00-93b7-34e3e07ad7cc",
        "x": 241.5,
        "y": 224.0,
        "width": 88.49,
        "height": 98.96,
        "angle": 14.5769,
        "detection_score": 1.0,
        "points": [
          {
            "x": 217.29,
            "y": 212.78,
            "type": 512,
            "name": "basic eye left"
          },
          {
            "x": 258.37,
            "y": 202.1,
            "type": 768,
            "name": "basic eye right"
          },
          {
            "x": 208.91,
            "y": 215.66,
            "type": 1024,
            "name": "basic eye left outer"
          },
          {
            "x": 267.15,
            "y": 200.52,
            "type": 1280,
            "name": "basic eye right outer"
          },
          {
            "x": 225.63,
            "y": 210.88,
            "type": 1536,
            "name": "basic eye left inner"
          },
          {
            "x": 249.9,
            "y": 204.56,
            "type": 1792,
            "name": "basic eye right inner"
          },
          {
            "x": 231.3,
            "y": 251.94,
            "type": 2048,
            "name": "basic mouth left"
          },
          {
            "x": 263.92,
            "y": 243.35,
            "type": 2304,
            "name": "basic mouth right"
          },
          {
            "x": 241.28,
            "y": 225.03,
            "type": 2560,
            "name": "basic nose tip"
          },
          {
            "x": 247.55,
            "y": 247.55,
            "type": 2816,
            "name": "basic mouth center"
          },
          {
            "x": 247.55,
            "y": 247.55,
            "type": 3072,
            "name": "basic eyebrow left"
          },
          {
            "x": 247.55,
            "y": 247.55,
            "type": 3328,
            "name": "basic eyebrow left inner corner"
          },
          {
            "x": 247.55,
            "y": 247.55,
            "type": 3584,
            "name": "basic eyebrow left outer corner"
          },
          {
            "x": 247.55,
            "y": 247.55,
            "type": 3840,
            "name": "basic eyebrow right"
          },
          {
            "x": 247.55,
            "y": 247.55,
            "type": 4096,
            "name": "basic eyebrow right inner corner"
          },
          {
            "x": 247.55,
            "y": 247.55,
            "type": 4352,
            "name": "basic eyebrow right outer corner"
          },
          {
            "x": 247.55,
            "y": 247.55,
            "type": 4608,
            "name": "basic chin bottom"
          },
          {
            "x": 247.55,
            "y": 247.55,
            "type": 4864,
            "name": "basic chin left"
          },
          {
            "x": 247.55,
            "y": 247.55,
            "type": 5120,
            "name": "basic chin right"
          },
          {
            "x": 232.3,
            "y": 231.67,
            "type": 5376,
            "name": "basic nose left"
          },
          {
            "x": 252.89,
            "y": 226.24,
            "type": 5632,
            "name": "basic nose right"
          }
        ],
        "user_points": null,
        "tags": [
          {
            "name": "5oclock shadow",
            "value": "no",
            "confidence": 0.34
          },
          {
            "name": "age",
            "value": "23",
            "confidence": 0.6
          },
          {
            "name": "arched eyebrows",
            "value": "no",
            "confidence": 1.0
          },
          {
            "name": "attractive",
            "value": "no",
            "confidence": 0.57
          },
          {
            "name": "bags under eyes",
            "value": "no",
            "confidence": 0.17
          },
          {
            "name": "bald",
            "value": "yes",
            "confidence": 0.01
          },
          {
            "name": "bangs",
            "value": "no",
            "confidence": 0.12
          },
          {
            "name": "beard",
            "value": "yes",
            "confidence": 0.23
          },
          {
            "name": "big lips",
            "value": "no",
            "confidence": 0.58
          },
          {
            "name": "big nose",
            "value": "no",
            "confidence": 0.06
          },
          {
            "name": "black hair",
            "value": "no",
            "confidence": 0.47
          },
          {
            "name": "blond hair",
            "value": "no",
            "confidence": 0.89
          },
          {
            "name": "blurry",
            "value": "yes",
            "confidence": 0.23
          },
          {
            "name": "brown hair",
            "value": "no",
            "confidence": 0.73
          },
          {
            "name": "bushy eyebrows",
            "value": "no",
            "confidence": 0.77
          },
          {
            "name": "chubby",
            "value": "no",
            "confidence": 0.03
          },
          {
            "name": "double chin",
            "value": "no",
            "confidence": 0.23
          },
          {
            "name": "expression",
            "value": "smile",
            "confidence": 0.14
          },
          {
            "name": "gender",
            "value": "male",
            "confidence": 0.69
          },
          {
            "name": "glasses",
            "value": "no",
            "confidence": 1.0
          },
          {
            "name": "goatee",
            "value": "no",
            "confidence": 0.03
          },
          {
            "name": "gray hair",
            "value": "no",
            "confidence": 0.29
          },
          {
            "name": "heavy makeup",
            "value": "no",
            "confidence": 1.0
          },
          {
            "name": "high cheekbones",
            "value": "no",
            "confidence": 0.35
          },
          {
            "name": "mouth open",
            "value": "yes",
            "confidence": 0.47
          },
          {
            "name": "mustache",
            "value": "yes",
            "confidence": 0.05
          },
          {
            "name": "narrow eyes",
            "value": "yes",
            "confidence": 0.3
          },
          {
            "name": "oval face",
            "value": "no",
            "confidence": 0.12
          },
          {
            "name": "pale skin",
            "value": "yes",
            "confidence": 0.52
          },
          {
            "name": "pitch",
            "value": "-9.53",
            "confidence": 1.0
          },
          {
            "name": "pointy nose",
            "value": "no",
            "confidence": 0.87
          },
          {
            "name": "race",
            "value": "white",
            "confidence": 0.94
          },
          {
            "name": "receding hairline",
            "value": "no",
            "confidence": 0.42
          },
          {
            "name": "rosy cheeks",
            "value": "no",
            "confidence": 1.0
          },
          {
            "name": "sideburns",
            "value": "no",
            "confidence": 0.13
          },
          {
            "name": "straight hair",
            "value": "no",
            "confidence": 0.35
          },
          {
            "name": "wavy hair",
            "value": "no",
            "confidence": 0.92
          },
          {
            "name": "wearing earrings",
            "value": "no",
            "confidence": 1.0
          },
          {
            "name": "wearing hat",
            "value": "yes",
            "confidence": 0.29
          },
          {
            "name": "wearing lipstick",
            "value": "no",
            "confidence": 0.91
          },
          {
            "name": "wearing necklace",
            "value": "no",
            "confidence": 1.0
          },
          {
            "name": "wearing necktie",
            "value": "no",
            "confidence": 0.13
          },
          {
            "name": "yaw",
            "value": "-1.73",
            "confidence": 1.0
          },
          {
            "name": "young",
            "value": "no",
            "confidence": 0.14
          }
        ],
        "person_id": "",
        "appearance_id": 0,
        "start": "00:00:00",
        "duration": "00:00:00"
      }
    ],
    "tags": null,
    "original_filename": "https://raw.githubusercontent.com/sarkrui/Hairstyle60k/master/Dataset/Devilock/IMG_18.jpg",
    "duration": "00:00:00"
  },
  "recognize": null
}