{
  "media": {
    "media_uuid": "d614456f-91be-46ea-8f02-160d3663c192",
    "checksum": "b3c5b6e4e5efb20051f27b1d43cbf13c0e1d5d92aaa8ed202cfe9afdf7e867e1",
    "faces": [
      {
        "face_uuid": "40f349aa-1536-11e9-99c4-0cc47a6c4dbd",
        "media_uuid": "d614456f-91be-46ea-8f02-160d3663c192",
        "x": 297.18,
        "y": 278.95,
        "width": 188.9,
        "height": 264.88,
        "angle": 0.6679,
        "detection_score": 1.0,
        "points": [
          {
            "x": 230.66,
            "y": 251.7,
            "type": 512,
            "name": "basic eye left"
          },
          {
            "x": 319.24,
            "y": 250.67,
            "type": 768,
            "name": "basic eye right"
          },
          {
            "x": 212.81,
            "y": 252.38,
            "type": 1024,
            "name": "basic eye left outer"
          },
          {
            "x": 339.91,
            "y": 251.08,
            "type": 1280,
            "name": "basic eye right outer"
          },
          {
            "x": 248.32,
            "y": 251.96,
            "type": 1536,
            "name": "basic eye left inner"
          },
          {
            "x": 298.72,
            "y": 251.27,
            "type": 1792,
            "name": "basic eye right inner"
          },
          {
            "x": 235.94,
            "y": 364.7,
            "type": 2048,
            "name": "basic mouth left"
          },
          {
            "x": 312.39,
            "y": 368.26,
            "type": 2304,
            "name": "basic mouth right"
          },
          {
            "x": 262.1,
            "y": 311.48,
            "type": 2560,
            "name": "basic nose tip"
          },
          {
            "x": 272.99,
            "y": 366.71,
            "type": 2816,
            "name": "basic mouth center"
          },
          {
            "x": 272.99,
            "y": 366.71,
            "type": 3072,
            "name": "basic eyebrow left"
          },
          {
            "x": 272.99,
            "y": 366.71,
            "type": 3328,
            "name": "basic eyebrow left inner corner"
          },
          {
            "x": 272.99,
            "y": 366.71,
            "type": 3584,
            "name": "basic eyebrow left outer corner"
          },
          {
            "x": 272.99,
            "y": 366.71,
            "type": 3840,
            "name": "basic eyebrow right"
          },
          {
            "x": 272.99,
            "y": 366.71,
            "type": 4096,
            "name": "basic eyebrow right inner corner"
          },
          {
            "x": 272.99,
            "y": 366.71,
            "type": 4352,
            "name": "basic eyebrow right outer corner"
          },
          {
            "x": 272.99,
            "y": 366.71,
            "type": 4608,
            "name": "basic chin bottom"
          },
          {
            "x": 272.99,
            "y": 366.71,
            "type": 4864,
            "name": "basic chin left"
          },
          {
            "x": 272.99,
            "y": 366.71,
            "type": 5120,
            "name": "basic chin right"
          },
          {
            "x": 243.55,
            "y": 316.52,
            "type": 5376,
            "name": "basic nose left"
          },
          {
            "x": 292.86,
            "y": 317.39,
            "type": 5632,
            "name": "basic nose right"
          }
        ],
        "user_points": null,
        "tags": [
          {
            "name": "5oclock shadow",
            "value": "no",
            "confidence": 0.17
          },
          {
            "name": "age",
            "value": "42",
            "confidence": 0.6
          },
          {
            "name": "arched eyebrows",
            "value": "no",
            "confidence": 1.0
          },
          {
            "name": "attractive",
            "value": "no",
            "confidence": 0.38
          },
          {
            "name": "bags under eyes",
            "value": "no",
            "confidence": 0.38
          },
          {
            "name": "bald",
            "value": "no",
            "confidence": 0.91
          },
          {
            "name": "bangs",
            "value": "yes",
            "confidence": 0.36
          },
          {
            "name": "beard",
            "value": "no",
            "confidence": 0.06
          },
          {
            "name": "big lips",
            "value": "no",
            "confidence": 0.45
          },
          {
            "name": "big nose",
            "value": "no",
            "confidence": 0.19
          },
          {
            "name": "black hair",
            "value": "yes",
            "confidence": 0.83
          },
          {
            "name": "blond hair",
            "value": "no",
            "confidence": 1.0
          },
          {
            "name": "blurry",
            "value": "no",
            "confidence": 0.2
          },
          {
            "name": "brown hair",
            "value": "no",
            "confidence": 0.79
          },
          {
            "name": "bushy eyebrows",
            "value": "no",
            "confidence": 0.16
          },
          {
            "name": "chubby",
            "value": "no",
            "confidence": 0.72
          },
          {
            "name": "double chin",
            "value": "no",
            "confidence": 0.95
          },
          {
            "name": "expression",
            "value": "neutral",
            "confidence": 1.0
          },
          {
            "name": "gender",
            "value": "male",
            "confidence": 0.75
          },
          {
            "name": "glasses",
            "value": "no",
            "confidence": 1.0
          },
          {
            "name": "goatee",
            "value": "no",
            "confidence": 0.46
          },
          {
            "name": "gray hair",
            "value": "no",
            "confidence": 0.89
          },
          {
            "name": "heavy makeup",
            "value": "no",
            "confidence": 0.86
          },
          {
            "name": "high cheekbones",
            "value": "no",
            "confidence": 0.91
          },
          {
            "name": "mouth open",
            "value": "no",
            "confidence": 0.81
          },
          {
            "name": "mustache",
            "value": "no",
            "confidence": 0.31
          },
          {
            "name": "narrow eyes",
            "value": "no",
            "confidence": 0.36
          },
          {
            "name": "oval face",
            "value": "no",
            "confidence": 0.22
          },
          {
            "name": "pale skin",
            "value": "yes",
            "confidence": 0.5
          },
          {
            "name": "pitch",
            "value": "-6.82",
            "confidence": 1.0
          },
          {
            "name": "pointy nose",
            "value": "no",
            "confidence": 0.24
          },
          {
            "name": "race",
            "value": "white",
            "confidence": 0.99
          },
          {
            "name": "receding hairline",
            "value": "no",
            "confidence": 0.94
          },
          {
            "name": "rosy cheeks",
            "value": "no",
            "confidence": 1.0
          },
          {
            "name": "sideburns",
            "value": "no",
            "confidence": 0.47
          },
          {
            "name": "straight hair",
            "value": "yes",
            "confidence": 0.08
          },
          {
            "name": "wavy hair",
            "value": "no",
            "confidence": 0.18
          },
          {
            "name": "wearing earrings",
            "value": "no",
            "confidence": 1.0
          },
          {
            "name": "wearing hat",
            "value": "no",
            "confidence": 0.8
          },
          {
            "name": "wearing lipstick",
            "value": "no",
            "confidence": 0.75
          },
          {
            "name": "wearing necklace",
            "value": "no",
            "confidence": 1.0
          },
          {
            "name": "wearing necktie",
            "value": "no",
            "confidence": 0.2
          },
          {
            "name": "yaw",
            "value": "31.82",
            "confidence": 1.0
          },
          {
            "name": "young",
            "value": "yes",
            "confidence": 0.27
          }
        ],
        "person_id": "",
        "appearance_id": 0,
        "start": "00:00:00",
        "duration": "00:00:00"
      }
    ],
    "tags": null,
    "original_filename": "https://raw.githubusercontent.com/sarkrui/Hairstyle60k/master/Dataset/Devilock/IMG_6.jpg",
    "duration": "00:00:00"
  },
  "recognize": null
}