{
  "media": {
    "media_uuid": "c1806072-6b07-4331-a17e-35a3a33a8d11",
    "checksum": "8901461119b8d43a6519125390ea2075cbd10146bd86fa153149846c9ec41855",
    "faces": [
      {
        "face_uuid": "5fe51918-1536-11e9-99c4-0cc47a6c4dbd",
        "media_uuid": "c1806072-6b07-4331-a17e-35a3a33a8d11",
        "x": 188.07,
        "y": 193.24,
        "width": 103.1,
        "height": 136.8,
        "angle": 11.9133,
        "detection_score": 1.0,
        "points": [
          {
            "x": 154.85,
            "y": 188.66,
            "type": 512,
            "name": "basic eye left"
          },
          {
            "x": 209.51,
            "y": 177.13,
            "type": 768,
            "name": "basic eye right"
          },
          {
            "x": 143.09,
            "y": 190.91,
            "type": 1024,
            "name": "basic eye left outer"
          },
          {
            "x": 221.12,
            "y": 174.57,
            "type": 1280,
            "name": "basic eye right outer"
          },
          {
            "x": 166.61,
            "y": 186.78,
            "type": 1536,
            "name": "basic eye left inner"
          },
          {
            "x": 198.16,
            "y": 180.05,
            "type": 1792,
            "name": "basic eye right inner"
          },
          {
            "x": 164.06,
            "y": 233.76,
            "type": 2048,
            "name": "basic mouth left"
          },
          {
            "x": 213.1,
            "y": 226.07,
            "type": 2304,
            "name": "basic mouth right"
          },
          {
            "x": 188.15,
            "y": 219.62,
            "type": 2560,
            "name": "basic nose tip"
          },
          {
            "x": 188.82,
            "y": 231.98,
            "type": 2816,
            "name": "basic mouth center"
          },
          {
            "x": 188.82,
            "y": 231.98,
            "type": 3072,
            "name": "basic eyebrow left"
          },
          {
            "x": 188.82,
            "y": 231.98,
            "type": 3328,
            "name": "basic eyebrow left inner corner"
          },
          {
            "x": 188.82,
            "y": 231.98,
            "type": 3584,
            "name": "basic eyebrow left outer corner"
          },
          {
            "x": 188.82,
            "y": 231.98,
            "type": 3840,
            "name": "basic eyebrow right"
          },
          {
            "x": 188.82,
            "y": 231.98,
            "type": 4096,
            "name": "basic eyebrow right inner corner"
          },
          {
            "x": 188.82,
            "y": 231.98,
            "type": 4352,
            "name": "basic eyebrow right outer corner"
          },
          {
            "x": 188.82,
            "y": 231.98,
            "type": 4608,
            "name": "basic chin bottom"
          },
          {
            "x": 188.82,
            "y": 231.98,
            "type": 4864,
            "name": "basic chin left"
          },
          {
            "x": 188.82,
            "y": 231.98,
            "type": 5120,
            "name": "basic chin right"
          },
          {
            "x": 172.19,
            "y": 217.44,
            "type": 5376,
            "name": "basic nose left"
          },
          {
            "x": 203.13,
            "y": 211.68,
            "type": 5632,
            "name": "basic nose right"
          }
        ],
        "user_points": null,
        "tags": [
          {
            "name": "5oclock shadow",
            "value": "no",
            "confidence": 0.53
          },
          {
            "name": "age",
            "value": "46",
            "confidence": 0.6
          },
          {
            "name": "arched eyebrows",
            "value": "no",
            "confidence": 1.0
          },
          {
            "name": "attractive",
            "value": "no",
            "confidence": 0.82
          },
          {
            "name": "bags under eyes",
            "value": "no",
            "confidence": 0.27
          },
          {
            "name": "bald",
            "value": "yes",
            "confidence": 0.0
          },
          {
            "name": "bangs",
            "value": "no",
            "confidence": 0.9
          },
          {
            "name": "beard",
            "value": "no",
            "confidence": 0.11
          },
          {
            "name": "big lips",
            "value": "no",
            "confidence": 0.29
          },
          {
            "name": "big nose",
            "value": "yes",
            "confidence": 0.39
          },
          {
            "name": "black hair",
            "value": "no",
            "confidence": 0.48
          },
          {
            "name": "blond hair",
            "value": "no",
            "confidence": 0.84
          },
          {
            "name": "blurry",
            "value": "yes",
            "confidence": 0.12
          },
          {
            "name": "brown hair",
            "value": "no",
            "confidence": 0.38
          },
          {
            "name": "bushy eyebrows",
            "value": "no",
            "confidence": 1.0
          },
          {
            "name": "chubby",
            "value": "yes",
            "confidence": 0.25
          },
          {
            "name": "double chin",
            "value": "yes",
            "confidence": 0.06
          },
          {
            "name": "expression",
            "value": "smile",
            "confidence": 0.43
          },
          {
            "name": "gender",
            "value": "male",
            "confidence": 0.39
          },
          {
            "name": "glasses",
            "value": "yes",
            "confidence": 1.0
          },
          {
            "name": "goatee",
            "value": "no",
            "confidence": 0.42
          },
          {
            "name": "gray hair",
            "value": "no",
            "confidence": 0.07
          },
          {
            "name": "heavy makeup",
            "value": "no",
            "confidence": 0.97
          },
          {
            "name": "high cheekbones",
            "value": "yes",
            "confidence": 0.02
          },
          {
            "name": "mouth open",
            "value": "yes",
            "confidence": 0.35
          },
          {
            "name": "mustache",
            "value": "no",
            "confidence": 0.16
          },
          {
            "name": "narrow eyes",
            "value": "yes",
            "confidence": 0.08
          },
          {
            "name": "oval face",
            "value": "no",
            "confidence": 0.36
          },
          {
            "name": "pale skin",
            "value": "yes",
            "confidence": 0.18
          },
          {
            "name": "pitch",
            "value": "-6.15",
            "confidence": 1.0
          },
          {
            "name": "pointy nose",
            "value": "no",
            "confidence": 0.93
          },
          {
            "name": "race",
            "value": "white",
            "confidence": 1.0
          },
          {
            "name": "receding hairline",
            "value": "no",
            "confidence": 0.15
          },
          {
            "name": "rosy cheeks",
            "value": "no",
            "confidence": 1.0
          },
          {
            "name": "sideburns",
            "value": "no",
            "confidence": 0.56
          },
          {
            "name": "straight hair",
            "value": "no",
            "confidence": 0.06
          },
          {
            "name": "wavy hair",
            "value": "no",
            "confidence": 0.95
          },
          {
            "name": "wearing earrings",
            "value": "no",
            "confidence": 0.6
          },
          {
            "name": "wearing hat",
            "value": "yes",
            "confidence": 0.32
          },
          {
            "name": "wearing lipstick",
            "value": "no",
            "confidence": 0.85
          },
          {
            "name": "wearing necklace",
            "value": "no",
            "confidence": 0.64
          },
          {
            "name": "wearing necktie",
            "value": "no",
            "confidence": 0.22
          },
          {
            "name": "yaw",
            "value": "-10.56",
            "confidence": 1.0
          },
          {
            "name": "young",
            "value": "no",
            "confidence": 0.29
          }
        ],
        "person_id": "",
        "appearance_id": 0,
        "start": "00:00:00",
        "duration": "00:00:00"
      }
    ],
    "tags": null,
    "original_filename": "https://raw.githubusercontent.com/sarkrui/Hairstyle60k/master/Dataset/Dreadlocks/IMG_17.jpg",
    "duration": "00:00:00"
  },
  "recognize": null
}