{
  "media": {
    "media_uuid": "635b1158-d8ba-4c12-8a56-73663123b7b5",
    "checksum": "e18435197dfeeb08e35fd28bdd9c40acec55b6f89d3936598c04d4db3a9bacd7",
    "faces": [
      {
        "face_uuid": "5f01b89a-1536-11e9-99c4-0cc47a6c4dbd",
        "media_uuid": "635b1158-d8ba-4c12-8a56-73663123b7b5",
        "x": 280.0,
        "y": 145.5,
        "width": 115.98,
        "height": 158.76,
        "angle": 0.5262,
        "detection_score": 1.0,
        "points": [
          {
            "x": 250.11,
            "y": 128.88,
            "type": 512,
            "name": "basic eye left"
          },
          {
            "x": 307.17,
            "y": 128.35,
            "type": 768,
            "name": "basic eye right"
          },
          {
            "x": 237.66,
            "y": 129.27,
            "type": 1024,
            "name": "basic eye left outer"
          },
          {
            "x": 319.4,
            "y": 128.47,
            "type": 1280,
            "name": "basic eye right outer"
          },
          {
            "x": 262.41,
            "y": 129.42,
            "type": 1536,
            "name": "basic eye left inner"
          },
          {
            "x": 295.18,
            "y": 129.17,
            "type": 1792,
            "name": "basic eye right inner"
          },
          {
            "x": 258.43,
            "y": 189.95,
            "type": 2048,
            "name": "basic mouth left"
          },
          {
            "x": 300.91,
            "y": 189.65,
            "type": 2304,
            "name": "basic mouth right"
          },
          {
            "x": 280.44,
            "y": 163.75,
            "type": 2560,
            "name": "basic nose tip"
          },
          {
            "x": 279.7,
            "y": 190.22,
            "type": 2816,
            "name": "basic mouth center"
          },
          {
            "x": 279.7,
            "y": 190.22,
            "type": 3072,
            "name": "basic eyebrow left"
          },
          {
            "x": 279.7,
            "y": 190.22,
            "type": 3328,
            "name": "basic eyebrow left inner corner"
          },
          {
            "x": 279.7,
            "y": 190.22,
            "type": 3584,
            "name": "basic eyebrow left outer corner"
          },
          {
            "x": 279.7,
            "y": 190.22,
            "type": 3840,
            "name": "basic eyebrow right"
          },
          {
            "x": 279.7,
            "y": 190.22,
            "type": 4096,
            "name": "basic eyebrow right inner corner"
          },
          {
            "x": 279.7,
            "y": 190.22,
            "type": 4352,
            "name": "basic eyebrow right outer corner"
          },
          {
            "x": 279.7,
            "y": 190.22,
            "type": 4608,
            "name": "basic chin bottom"
          },
          {
            "x": 279.7,
            "y": 190.22,
            "type": 4864,
            "name": "basic chin left"
          },
          {
            "x": 279.7,
            "y": 190.22,
            "type": 5120,
            "name": "basic chin right"
          },
          {
            "x": 265.57,
            "y": 164.9,
            "type": 5376,
            "name": "basic nose left"
          },
          {
            "x": 294.07,
            "y": 164.73,
            "type": 5632,
            "name": "basic nose right"
          }
        ],
        "user_points": null,
        "tags": [
          {
            "name": "5oclock shadow",
            "value": "yes",
            "confidence": 0.62
          },
          {
            "name": "age",
            "value": "36",
            "confidence": 0.6
          },
          {
            "name": "arched eyebrows",
            "value": "no",
            "confidence": 0.48
          },
          {
            "name": "attractive",
            "value": "yes",
            "confidence": 0.06
          },
          {
            "name": "bags under eyes",
            "value": "no",
            "confidence": 0.31
          },
          {
            "name": "bald",
            "value": "no",
            "confidence": 1.0
          },
          {
            "name": "bangs",
            "value": "no",
            "confidence": 1.0
          },
          {
            "name": "beard",
            "value": "yes",
            "confidence": 0.91
          },
          {
            "name": "big lips",
            "value": "no",
            "confidence": 0.55
          },
          {
            "name": "big nose",
            "value": "no",
            "confidence": 0.2
          },
          {
            "name": "black hair",
            "value": "no",
            "confidence": 0.69
          },
          {
            "name": "blond hair",
            "value": "no",
            "confidence": 0.99
          },
          {
            "name": "blurry",
            "value": "no",
            "confidence": 0.24
          },
          {
            "name": "brown hair",
            "value": "yes",
            "confidence": 0.72
          },
          {
            "name": "bushy eyebrows",
            "value": "yes",
            "confidence": 0.84
          },
          {
            "name": "chubby",
            "value": "no",
            "confidence": 0.69
          },
          {
            "name": "double chin",
            "value": "no",
            "confidence": 0.96
          },
          {
            "name": "expression",
            "value": "neutral",
            "confidence": 0.83
          },
          {
            "name": "gender",
            "value": "male",
            "confidence": 0.77
          },
          {
            "name": "glasses",
            "value": "no",
            "confidence": 1.0
          },
          {
            "name": "goatee",
            "value": "yes",
            "confidence": 0.73
          },
          {
            "name": "gray hair",
            "value": "no",
            "confidence": 1.0
          },
          {
            "name": "heavy makeup",
            "value": "no",
            "confidence": 0.82
          },
          {
            "name": "high cheekbones",
            "value": "no",
            "confidence": 1.0
          },
          {
            "name": "mouth open",
            "value": "no",
            "confidence": 0.82
          },
          {
            "name": "mustache",
            "value": "yes",
            "confidence": 0.51
          },
          {
            "name": "narrow eyes",
            "value": "yes",
            "confidence": 0.06
          },
          {
            "name": "oval face",
            "value": "no",
            "confidence": 0.08
          },
          {
            "name": "pale skin",
            "value": "no",
            "confidence": 0.68
          },
          {
            "name": "pitch",
            "value": "-9.48",
            "confidence": 1.0
          },
          {
            "name": "pointy nose",
            "value": "no",
            "confidence": 0.14
          },
          {
            "name": "race",
            "value": "white",
            "confidence": 1.0
          },
          {
            "name": "receding hairline",
            "value": "no",
            "confidence": 0.98
          },
          {
            "name": "rosy cheeks",
            "value": "no",
            "confidence": 1.0
          },
          {
            "name": "sideburns",
            "value": "yes",
            "confidence": 0.76
          },
          {
            "name": "straight hair",
            "value": "no",
            "confidence": 0.96
          },
          {
            "name": "wavy hair",
            "value": "yes",
            "confidence": 0.91
          },
          {
            "name": "wearing earrings",
            "value": "no",
            "confidence": 0.97
          },
          {
            "name": "wearing hat",
            "value": "no",
            "confidence": 0.76
          },
          {
            "name": "wearing lipstick",
            "value": "no",
            "confidence": 0.85
          },
          {
            "name": "wearing necklace",
            "value": "no",
            "confidence": 0.8
          },
          {
            "name": "wearing necktie",
            "value": "no",
            "confidence": 0.5
          },
          {
            "name": "yaw",
            "value": "1.19",
            "confidence": 1.0
          },
          {
            "name": "young",
            "value": "yes",
            "confidence": 0.56
          }
        ],
        "person_id": "",
        "appearance_id": 0,
        "start": "00:00:00",
        "duration": "00:00:00"
      }
    ],
    "tags": null,
    "original_filename": "https://raw.githubusercontent.com/sarkrui/Hairstyle60k/master/Dataset/Dreadlocks/IMG_16.jpg",
    "duration": "00:00:00"
  },
  "recognize": null
}