{
  "media": {
    "media_uuid": "979f6720-5965-4bd7-94eb-32c38772651b",
    "checksum": "20a6355a0008e9e7338d28084e845c205472a37c88e016fe60639b93c0fee7ee",
    "faces": [
      {
        "face_uuid": "55d3b74b-1536-11e9-99c4-0cc47a6c4dbd",
        "media_uuid": "979f6720-5965-4bd7-94eb-32c38772651b",
        "x": 114.65,
        "y": 552.96,
        "width": 59.03,
        "height": 75.36,
        "angle": 2.0008,
        "detection_score": 0.97,
        "points": [
          {
            "x": 96.33,
            "y": 546.54,
            "type": 512,
            "name": "basic eye left"
          },
          {
            "x": 125.17,
            "y": 545.54,
            "type": 768,
            "name": "basic eye right"
          },
          {
            "x": 90.57,
            "y": 546.75,
            "type": 1024,
            "name": "basic eye left outer"
          },
          {
            "x": 131.66,
            "y": 545.35,
            "type": 1280,
            "name": "basic eye right outer"
          },
          {
            "x": 101.92,
            "y": 547.03,
            "type": 1536,
            "name": "basic eye left inner"
          },
          {
            "x": 118.62,
            "y": 546.43,
            "type": 1792,
            "name": "basic eye right inner"
          },
          {
            "x": 99.88,
            "y": 577.84,
            "type": 2048,
            "name": "basic mouth left"
          },
          {
            "x": 120.38,
            "y": 578.55,
            "type": 2304,
            "name": "basic mouth right"
          },
          {
            "x": 107.28,
            "y": 565.79,
            "type": 2560,
            "name": "basic nose tip"
          },
          {
            "x": 109.91,
            "y": 578.38,
            "type": 2816,
            "name": "basic mouth center"
          },
          {
            "x": 109.91,
            "y": 578.38,
            "type": 3072,
            "name": "basic eyebrow left"
          },
          {
            "x": 109.91,
            "y": 578.38,
            "type": 3328,
            "name": "basic eyebrow left inner corner"
          },
          {
            "x": 109.91,
            "y": 578.38,
            "type": 3584,
            "name": "basic eyebrow left outer corner"
          },
          {
            "x": 109.91,
            "y": 578.38,
            "type": 3840,
            "name": "basic eyebrow right"
          },
          {
            "x": 109.91,
            "y": 578.38,
            "type": 4096,
            "name": "basic eyebrow right inner corner"
          },
          {
            "x": 109.91,
            "y": 578.38,
            "type": 4352,
            "name": "basic eyebrow right outer corner"
          },
          {
            "x": 109.91,
            "y": 578.38,
            "type": 4608,
            "name": "basic chin bottom"
          },
          {
            "x": 109.91,
            "y": 578.38,
            "type": 4864,
            "name": "basic chin left"
          },
          {
            "x": 109.91,
            "y": 578.38,
            "type": 5120,
            "name": "basic chin right"
          },
          {
            "x": 101.83,
            "y": 566.98,
            "type": 5376,
            "name": "basic nose left"
          },
          {
            "x": 116.23,
            "y": 566.82,
            "type": 5632,
            "name": "basic nose right"
          }
        ],
        "user_points": null,
        "tags": [
          {
            "name": "5oclock shadow",
            "value": "no",
            "confidence": 0.47
          },
          {
            "name": "age",
            "value": "28",
            "confidence": 0.6
          },
          {
            "name": "arched eyebrows",
            "value": "no",
            "confidence": 1.0
          },
          {
            "name": "attractive",
            "value": "no",
            "confidence": 0.25
          },
          {
            "name": "bags under eyes",
            "value": "no",
            "confidence": 0.89
          },
          {
            "name": "bald",
            "value": "no",
            "confidence": 1.0
          },
          {
            "name": "bangs",
            "value": "yes",
            "confidence": 0.67
          },
          {
            "name": "beard",
            "value": "no",
            "confidence": 0.51
          },
          {
            "name": "big lips",
            "value": "no",
            "confidence": 0.28
          },
          {
            "name": "big nose",
            "value": "no",
            "confidence": 0.55
          },
          {
            "name": "black hair",
            "value": "yes",
            "confidence": 1.0
          },
          {
            "name": "blond hair",
            "value": "no",
            "confidence": 1.0
          },
          {
            "name": "blurry",
            "value": "no",
            "confidence": 0.03
          },
          {
            "name": "brown hair",
            "value": "no",
            "confidence": 0.96
          },
          {
            "name": "bushy eyebrows",
            "value": "no",
            "confidence": 0.19
          },
          {
            "name": "chubby",
            "value": "no",
            "confidence": 0.96
          },
          {
            "name": "double chin",
            "value": "no",
            "confidence": 1.0
          },
          {
            "name": "expression",
            "value": "neutral",
            "confidence": 0.9
          },
          {
            "name": "gender",
            "value": "male",
            "confidence": 0.48
          },
          {
            "name": "glasses",
            "value": "no",
            "confidence": 1.0
          },
          {
            "name": "goatee",
            "value": "no",
            "confidence": 0.84
          },
          {
            "name": "gray hair",
            "value": "no",
            "confidence": 1.0
          },
          {
            "name": "heavy makeup",
            "value": "no",
            "confidence": 0.67
          },
          {
            "name": "high cheekbones",
            "value": "no",
            "confidence": 0.7
          },
          {
            "name": "mouth open",
            "value": "no",
            "confidence": 0.63
          },
          {
            "name": "mustache",
            "value": "no",
            "confidence": 0.7
          },
          {
            "name": "narrow eyes",
            "value": "no",
            "confidence": 0.29
          },
          {
            "name": "oval face",
            "value": "no",
            "confidence": 0.01
          },
          {
            "name": "pale skin",
            "value": "yes",
            "confidence": 0.51
          },
          {
            "name": "pitch",
            "value": "-7.61",
            "confidence": 1.0
          },
          {
            "name": "pointy nose",
            "value": "no",
            "confidence": 0.57
          },
          {
            "name": "race",
            "value": "asian",
            "confidence": 0.99
          },
          {
            "name": "receding hairline",
            "value": "no",
            "confidence": 1.0
          },
          {
            "name": "rosy cheeks",
            "value": "no",
            "confidence": 1.0
          },
          {
            "name": "sideburns",
            "value": "no",
            "confidence": 0.88
          },
          {
            "name": "straight hair",
            "value": "yes",
            "confidence": 0.5
          },
          {
            "name": "wavy hair",
            "value": "no",
            "confidence": 0.6
          },
          {
            "name": "wearing earrings",
            "value": "no",
            "confidence": 1.0
          },
          {
            "name": "wearing hat",
            "value": "no",
            "confidence": 0.31
          },
          {
            "name": "wearing lipstick",
            "value": "no",
            "confidence": 0.57
          },
          {
            "name": "wearing necklace",
            "value": "no",
            "confidence": 0.86
          },
          {
            "name": "wearing necktie",
            "value": "no",
            "confidence": 0.62
          },
          {
            "name": "yaw",
            "value": "23.3",
            "confidence": 1.0
          },
          {
            "name": "young",
            "value": "yes",
            "confidence": 0.89
          }
        ],
        "person_id": "",
        "appearance_id": 0,
        "start": "00:00:00",
        "duration": "00:00:00"
      }
    ],
    "tags": null,
    "original_filename": "https://raw.githubusercontent.com/sarkrui/Hairstyle60k/master/Dataset/Dreadlocks/IMG_7.jpg",
    "duration": "00:00:00"
  },
  "recognize": null
}