{
  "media": {
    "media_uuid": "dad87539-ee80-4c84-b757-e5f20d068dc7",
    "checksum": "34884b133fa873a6a1009ff1d8f65abd43de830f690bded56492d0546705e3ca",
    "faces": [
      {
        "face_uuid": "54478da0-1536-11e9-99c4-0cc47a6c4dbd",
        "media_uuid": "dad87539-ee80-4c84-b757-e5f20d068dc7",
        "x": 406.21,
        "y": 563.45,
        "width": 65.51,
        "height": 80.63,
        "angle": 0.1333,
        "detection_score": 1.0,
        "points": [
          {
            "x": 382.32,
            "y": 553.28,
            "type": 512,
            "name": "basic eye left"
          },
          {
            "x": 415.12,
            "y": 553.21,
            "type": 768,
            "name": "basic eye right"
          },
          {
            "x": 376.28,
            "y": 553.62,
            "type": 1024,
            "name": "basic eye left outer"
          },
          {
            "x": 422.55,
            "y": 553.54,
            "type": 1280,
            "name": "basic eye right outer"
          },
          {
            "x": 388.17,
            "y": 553.77,
            "type": 1536,
            "name": "basic eye left inner"
          },
          {
            "x": 407.8,
            "y": 553.7,
            "type": 1792,
            "name": "basic eye right inner"
          },
          {
            "x": 380.02,
            "y": 586.74,
            "type": 2048,
            "name": "basic mouth left"
          },
          {
            "x": 405.62,
            "y": 588.44,
            "type": 2304,
            "name": "basic mouth right"
          },
          {
            "x": 388.81,
            "y": 570.75,
            "type": 2560,
            "name": "basic nose tip"
          },
          {
            "x": 391.94,
            "y": 587.69,
            "type": 2816,
            "name": "basic mouth center"
          },
          {
            "x": 391.94,
            "y": 587.69,
            "type": 3072,
            "name": "basic eyebrow left"
          },
          {
            "x": 391.94,
            "y": 587.69,
            "type": 3328,
            "name": "basic eyebrow left inner corner"
          },
          {
            "x": 391.94,
            "y": 587.69,
            "type": 3584,
            "name": "basic eyebrow left outer corner"
          },
          {
            "x": 391.94,
            "y": 587.69,
            "type": 3840,
            "name": "basic eyebrow right"
          },
          {
            "x": 391.94,
            "y": 587.69,
            "type": 4096,
            "name": "basic eyebrow right inner corner"
          },
          {
            "x": 391.94,
            "y": 587.69,
            "type": 4352,
            "name": "basic eyebrow right outer corner"
          },
          {
            "x": 391.94,
            "y": 587.69,
            "type": 4608,
            "name": "basic chin bottom"
          },
          {
            "x": 391.94,
            "y": 587.69,
            "type": 4864,
            "name": "basic chin left"
          },
          {
            "x": 391.94,
            "y": 587.69,
            "type": 5120,
            "name": "basic chin right"
          },
          {
            "x": 384.03,
            "y": 573.62,
            "type": 5376,
            "name": "basic nose left"
          },
          {
            "x": 401.04,
            "y": 574.21,
            "type": 5632,
            "name": "basic nose right"
          }
        ],
        "user_points": null,
        "tags": [
          {
            "name": "5oclock shadow",
            "value": "no",
            "confidence": 1.0
          },
          {
            "name": "age",
            "value": "27",
            "confidence": 0.6
          },
          {
            "name": "arched eyebrows",
            "value": "no",
            "confidence": 0.96
          },
          {
            "name": "attractive",
            "value": "no",
            "confidence": 0.43
          },
          {
            "name": "bags under eyes",
            "value": "no",
            "confidence": 1.0
          },
          {
            "name": "bald",
            "value": "no",
            "confidence": 0.88
          },
          {
            "name": "bangs",
            "value": "yes",
            "confidence": 0.6
          },
          {
            "name": "beard",
            "value": "no",
            "confidence": 0.96
          },
          {
            "name": "big lips",
            "value": "no",
            "confidence": 0.27
          },
          {
            "name": "big nose",
            "value": "no",
            "confidence": 0.97
          },
          {
            "name": "black hair",
            "value": "no",
            "confidence": 0.85
          },
          {
            "name": "blond hair",
            "value": "no",
            "confidence": 0.51
          },
          {
            "name": "blurry",
            "value": "yes",
            "confidence": 0.02
          },
          {
            "name": "brown hair",
            "value": "yes",
            "confidence": 0.37
          },
          {
            "name": "bushy eyebrows",
            "value": "no",
            "confidence": 1.0
          },
          {
            "name": "chubby",
            "value": "no",
            "confidence": 0.99
          },
          {
            "name": "double chin",
            "value": "no",
            "confidence": 1.0
          },
          {
            "name": "expression",
            "value": "neutral",
            "confidence": 0.82
          },
          {
            "name": "gender",
            "value": "female",
            "confidence": 0.34
          },
          {
            "name": "glasses",
            "value": "yes",
            "confidence": 1.0
          },
          {
            "name": "goatee",
            "value": "no",
            "confidence": 1.0
          },
          {
            "name": "gray hair",
            "value": "no",
            "confidence": 0.71
          },
          {
            "name": "heavy makeup",
            "value": "no",
            "confidence": 0.53
          },
          {
            "name": "high cheekbones",
            "value": "no",
            "confidence": 0.87
          },
          {
            "name": "mouth open",
            "value": "no",
            "confidence": 0.47
          },
          {
            "name": "mustache",
            "value": "no",
            "confidence": 1.0
          },
          {
            "name": "narrow eyes",
            "value": "no",
            "confidence": 0.59
          },
          {
            "name": "oval face",
            "value": "no",
            "confidence": 0.24
          },
          {
            "name": "pale skin",
            "value": "yes",
            "confidence": 0.56
          },
          {
            "name": "pitch",
            "value": "-6.72",
            "confidence": 1.0
          },
          {
            "name": "pointy nose",
            "value": "no",
            "confidence": 0.04
          },
          {
            "name": "race",
            "value": "asian",
            "confidence": 0.77
          },
          {
            "name": "receding hairline",
            "value": "no",
            "confidence": 0.9
          },
          {
            "name": "rosy cheeks",
            "value": "no",
            "confidence": 0.99
          },
          {
            "name": "sideburns",
            "value": "no",
            "confidence": 1.0
          },
          {
            "name": "straight hair",
            "value": "no",
            "confidence": 0.0
          },
          {
            "name": "wavy hair",
            "value": "no",
            "confidence": 0.3
          },
          {
            "name": "wearing earrings",
            "value": "no",
            "confidence": 0.35
          },
          {
            "name": "wearing hat",
            "value": "no",
            "confidence": 0.34
          },
          {
            "name": "wearing lipstick",
            "value": "no",
            "confidence": 0.32
          },
          {
            "name": "wearing necklace",
            "value": "no",
            "confidence": 0.44
          },
          {
            "name": "wearing necktie",
            "value": "no",
            "confidence": 0.98
          },
          {
            "name": "yaw",
            "value": "13.72",
            "confidence": 1.0
          },
          {
            "name": "young",
            "value": "yes",
            "confidence": 0.35
          }
        ],
        "person_id": "",
        "appearance_id": 0,
        "start": "00:00:00",
        "duration": "00:00:00"
      },
      {
        "face_uuid": "5469046f-1536-11e9-99c4-0cc47a6c4dbd",
        "media_uuid": "dad87539-ee80-4c84-b757-e5f20d068dc7",
        "x": 137.59,
        "y": 566.72,
        "width": 59.9,
        "height": 71.14,
        "angle": -8.7385,
        "detection_score": 1.0,
        "points": [
          {
            "x": 118.34,
            "y": 556.64,
            "type": 512,
            "name": "basic eye left"
          },
          {
            "x": 146.8,
            "y": 561.01,
            "type": 768,
            "name": "basic eye right"
          },
          {
            "x": 112.67,
            "y": 555.81,
            "type": 1024,
            "name": "basic eye left outer"
          },
          {
            "x": 152.85,
            "y": 562.05,
            "type": 1280,
            "name": "basic eye right outer"
          },
          {
            "x": 123.86,
            "y": 558.19,
            "type": 1536,
            "name": "basic eye left inner"
          },
          {
            "x": 140.7,
            "y": 560.76,
            "type": 1792,
            "name": "basic eye right inner"
          },
          {
            "x": 115.31,
            "y": 582.69,
            "type": 2048,
            "name": "basic mouth left"
          },
          {
            "x": 138.44,
            "y": 588.02,
            "type": 2304,
            "name": "basic mouth right"
          },
          {
            "x": 126.81,
            "y": 576.63,
            "type": 2560,
            "name": "basic nose tip"
          },
          {
            "x": 126.52,
            "y": 586.05,
            "type": 2816,
            "name": "basic mouth center"
          },
          {
            "x": 126.52,
            "y": 586.05,
            "type": 3072,
            "name": "basic eyebrow left"
          },
          {
            "x": 126.52,
            "y": 586.05,
            "type": 3328,
            "name": "basic eyebrow left inner corner"
          },
          {
            "x": 126.52,
            "y": 586.05,
            "type": 3584,
            "name": "basic eyebrow left outer corner"
          },
          {
            "x": 126.52,
            "y": 586.05,
            "type": 3840,
            "name": "basic eyebrow right"
          },
          {
            "x": 126.52,
            "y": 586.05,
            "type": 4096,
            "name": "basic eyebrow right inner corner"
          },
          {
            "x": 126.52,
            "y": 586.05,
            "type": 4352,
            "name": "basic eyebrow right outer corner"
          },
          {
            "x": 126.52,
            "y": 586.05,
            "type": 4608,
            "name": "basic chin bottom"
          },
          {
            "x": 126.52,
            "y": 586.05,
            "type": 4864,
            "name": "basic chin left"
          },
          {
            "x": 126.52,
            "y": 586.05,
            "type": 5120,
            "name": "basic chin right"
          },
          {
            "x": 120.67,
            "y": 575.75,
            "type": 5376,
            "name": "basic nose left"
          },
          {
            "x": 135.26,
            "y": 578.57,
            "type": 5632,
            "name": "basic nose right"
          }
        ],
        "user_points": null,
        "tags": [
          {
            "name": "5oclock shadow",
            "value": "no",
            "confidence": 0.44
          },
          {
            "name": "age",
            "value": "36",
            "confidence": 0.6
          },
          {
            "name": "arched eyebrows",
            "value": "no",
            "confidence": 1.0
          },
          {
            "name": "attractive",
            "value": "no",
            "confidence": 0.5
          },
          {
            "name": "bags under eyes",
            "value": "no",
            "confidence": 1.0
          },
          {
            "name": "bald",
            "value": "no",
            "confidence": 0.9
          },
          {
            "name": "bangs",
            "value": "no",
            "confidence": 0.04
          },
          {
            "name": "beard",
            "value": "no",
            "confidence": 0.34
          },
          {
            "name": "big lips",
            "value": "no",
            "confidence": 0.53
          },
          {
            "name": "big nose",
            "value": "no",
            "confidence": 0.64
          },
          {
            "name": "black hair",
            "value": "no",
            "confidence": 0.67
          },
          {
            "name": "blond hair",
            "value": "no",
            "confidence": 0.83
          },
          {
            "name": "blurry",
            "value": "yes",
            "confidence": 0.33
          },
          {
            "name": "brown hair",
            "value": "yes",
            "confidence": 0.52
          },
          {
            "name": "bushy eyebrows",
            "value": "no",
            "confidence": 0.78
          },
          {
            "name": "chubby",
            "value": "no",
            "confidence": 0.85
          },
          {
            "name": "double chin",
            "value": "no",
            "confidence": 1.0
          },
          {
            "name": "expression",
            "value": "neutral",
            "confidence": 0.93
          },
          {
            "name": "gender",
            "value": "male",
            "confidence": 0.38
          },
          {
            "name": "glasses",
            "value": "yes",
            "confidence": 1.0
          },
          {
            "name": "goatee",
            "value": "no",
            "confidence": 0.64
          },
          {
            "name": "gray hair",
            "value": "no",
            "confidence": 0.9
          },
          {
            "name": "heavy makeup",
            "value": "no",
            "confidence": 0.78
          },
          {
            "name": "high cheekbones",
            "value": "no",
            "confidence": 0.83
          },
          {
            "name": "mouth open",
            "value": "no",
            "confidence": 1.0
          },
          {
            "name": "mustache",
            "value": "no",
            "confidence": 0.56
          },
          {
            "name": "narrow eyes",
            "value": "no",
            "confidence": 0.68
          },
          {
            "name": "oval face",
            "value": "no",
            "confidence": 0.14
          },
          {
            "name": "pale skin",
            "value": "yes",
            "confidence": 0.17
          },
          {
            "name": "pitch",
            "value": "-6.61",
            "confidence": 1.0
          },
          {
            "name": "pointy nose",
            "value": "no",
            "confidence": 0.45
          },
          {
            "name": "race",
            "value": "white",
            "confidence": 0.98
          },
          {
            "name": "receding hairline",
            "value": "no",
            "confidence": 0.92
          },
          {
            "name": "rosy cheeks",
            "value": "no",
            "confidence": 1.0
          },
          {
            "name": "sideburns",
            "value": "no",
            "confidence": 0.67
          },
          {
            "name": "straight hair",
            "value": "no",
            "confidence": 0.25
          },
          {
            "name": "wavy hair",
            "value": "no",
            "confidence": 0.08
          },
          {
            "name": "wearing earrings",
            "value": "no",
            "confidence": 0.89
          },
          {
            "name": "wearing hat",
            "value": "no",
            "confidence": 0.4
          },
          {
            "name": "wearing lipstick",
            "value": "no",
            "confidence": 0.72
          },
          {
            "name": "wearing necklace",
            "value": "no",
            "confidence": 0.74
          },
          {
            "name": "wearing necktie",
            "value": "no",
            "confidence": 0.86
          },
          {
            "name": "yaw",
            "value": "4.81",
            "confidence": 1.0
          },
          {
            "name": "young",
            "value": "yes",
            "confidence": 0.44
          }
        ],
        "person_id": "",
        "appearance_id": 0,
        "start": "00:00:00",
        "duration": "00:00:00"
      },
      {
        "face_uuid": "548a2d64-1536-11e9-99c4-0cc47a6c4dbd",
        "media_uuid": "dad87539-ee80-4c84-b757-e5f20d068dc7",
        "x": 296.79,
        "y": 114.0,
        "width": 61.34,
        "height": 77.61,
        "angle": -0.9885,
        "detection_score": 0.99,
        "points": [
          {
            "x": 280.75,
            "y": 102.44,
            "type": 512,
            "name": "basic eye left"
          },
          {
            "x": 311.18,
            "y": 102.96,
            "type": 768,
            "name": "basic eye right"
          },
          {
            "x": 274.17,
            "y": 102.22,
            "type": 1024,
            "name": "basic eye left outer"
          },
          {
            "x": 317.54,
            "y": 102.97,
            "type": 1280,
            "name": "basic eye right outer"
          },
          {
            "x": 287.41,
            "y": 103.12,
            "type": 1536,
            "name": "basic eye left inner"
          },
          {
            "x": 304.83,
            "y": 103.42,
            "type": 1792,
            "name": "basic eye right inner"
          },
          {
            "x": 280.85,
            "y": 132.78,
            "type": 2048,
            "name": "basic mouth left"
          },
          {
            "x": 311.33,
            "y": 133.25,
            "type": 2304,
            "name": "basic mouth right"
          },
          {
            "x": 297.36,
            "y": 124.28,
            "type": 2560,
            "name": "basic nose tip"
          },
          {
            "x": 296.13,
            "y": 134.1,
            "type": 2816,
            "name": "basic mouth center"
          },
          {
            "x": 296.13,
            "y": 134.1,
            "type": 3072,
            "name": "basic eyebrow left"
          },
          {
            "x": 296.13,
            "y": 134.1,
            "type": 3328,
            "name": "basic eyebrow left inner corner"
          },
          {
            "x": 296.13,
            "y": 134.1,
            "type": 3584,
            "name": "basic eyebrow left outer corner"
          },
          {
            "x": 296.13,
            "y": 134.1,
            "type": 3840,
            "name": "basic eyebrow right"
          },
          {
            "x": 296.13,
            "y": 134.1,
            "type": 4096,
            "name": "basic eyebrow right inner corner"
          },
          {
            "x": 296.13,
            "y": 134.1,
            "type": 4352,
            "name": "basic eyebrow right outer corner"
          },
          {
            "x": 296.13,
            "y": 134.1,
            "type": 4608,
            "name": "basic chin bottom"
          },
          {
            "x": 296.13,
            "y": 134.1,
            "type": 4864,
            "name": "basic chin left"
          },
          {
            "x": 296.13,
            "y": 134.1,
            "type": 5120,
            "name": "basic chin right"
          },
          {
            "x": 288.0,
            "y": 123.24,
            "type": 5376,
            "name": "basic nose left"
          },
          {
            "x": 305.5,
            "y": 123.67,
            "type": 5632,
            "name": "basic nose right"
          }
        ],
        "user_points": null,
        "tags": [
          {
            "name": "5oclock shadow",
            "value": "no",
            "confidence": 0.78
          },
          {
            "name": "age",
            "value": "46",
            "confidence": 0.6
          },
          {
            "name": "arched eyebrows",
            "value": "no",
            "confidence": 1.0
          },
          {
            "name": "attractive",
            "value": "no",
            "confidence": 0.04
          },
          {
            "name": "bags under eyes",
            "value": "no",
            "confidence": 0.47
          },
          {
            "name": "bald",
            "value": "no",
            "confidence": 0.78
          },
          {
            "name": "bangs",
            "value": "yes",
            "confidence": 0.09
          },
          {
            "name": "beard",
            "value": "no",
            "confidence": 1.0
          },
          {
            "name": "big lips",
            "value": "no",
            "confidence": 0.78
          },
          {
            "name": "big nose",
            "value": "no",
            "confidence": 0.24
          },
          {
            "name": "black hair",
            "value": "no",
            "confidence": 1.0
          },
          {
            "name": "blond hair",
            "value": "no",
            "confidence": 0.38
          },
          {
            "name": "blurry",
            "value": "no",
            "confidence": 0.35
          },
          {
            "name": "brown hair",
            "value": "yes",
            "confidence": 0.54
          },
          {
            "name": "bushy eyebrows",
            "value": "no",
            "confidence": 0.84
          },
          {
            "name": "chubby",
            "value": "no",
            "confidence": 0.57
          },
          {
            "name": "double chin",
            "value": "no",
            "confidence": 0.52
          },
          {
            "name": "expression",
            "value": "smile",
            "confidence": 1.0
          },
          {
            "name": "gender",
            "value": "male",
            "confidence": 0.35
          },
          {
            "name": "glasses",
            "value": "yes",
            "confidence": 1.0
          },
          {
            "name": "goatee",
            "value": "no",
            "confidence": 1.0
          },
          {
            "name": "gray hair",
            "value": "no",
            "confidence": 0.34
          },
          {
            "name": "heavy makeup",
            "value": "no",
            "confidence": 0.78
          },
          {
            "name": "high cheekbones",
            "value": "yes",
            "confidence": 0.33
          },
          {
            "name": "mouth open",
            "value": "yes",
            "confidence": 0.99
          },
          {
            "name": "mustache",
            "value": "no",
            "confidence": 1.0
          },
          {
            "name": "narrow eyes",
            "value": "no",
            "confidence": 0.25
          },
          {
            "name": "oval face",
            "value": "yes",
            "confidence": 0.11
          },
          {
            "name": "pale skin",
            "value": "yes",
            "confidence": 0.58
          },
          {
            "name": "pitch",
            "value": "-8.41",
            "confidence": 1.0
          },
          {
            "name": "pointy nose",
            "value": "no",
            "confidence": 0.65
          },
          {
            "name": "race",
            "value": "asian",
            "confidence": 0.99
          },
          {
            "name": "receding hairline",
            "value": "no",
            "confidence": 1.0
          },
          {
            "name": "rosy cheeks",
            "value": "no",
            "confidence": 0.98
          },
          {
            "name": "sideburns",
            "value": "no",
            "confidence": 1.0
          },
          {
            "name": "straight hair",
            "value": "yes",
            "confidence": 0.52
          },
          {
            "name": "wavy hair",
            "value": "no",
            "confidence": 0.59
          },
          {
            "name": "wearing earrings",
            "value": "no",
            "confidence": 0.99
          },
          {
            "name": "wearing hat",
            "value": "no",
            "confidence": 0.56
          },
          {
            "name": "wearing lipstick",
            "value": "no",
            "confidence": 0.61
          },
          {
            "name": "wearing necklace",
            "value": "no",
            "confidence": 0.74
          },
          {
            "name": "wearing necktie",
            "value": "no",
            "confidence": 0.04
          },
          {
            "name": "yaw",
            "value": "4.73",
            "confidence": 1.0
          },
          {
            "name": "young",
            "value": "yes",
            "confidence": 0.17
          }
        ],
        "person_id": "",
        "appearance_id": 0,
        "start": "00:00:00",
        "duration": "00:00:00"
      }
    ],
    "tags": null,
    "original_filename": "https://raw.githubusercontent.com/sarkrui/Hairstyle60k/master/Dataset/Dreadlocks/IMG_6.jpg",
    "duration": "00:00:00"
  },
  "recognize": null
}