{
  "media": {
    "media_uuid": "1029762a-93dd-48a8-95fc-cd09751e8f4b",
    "checksum": "1190ac52cd1e7df06861fbd335f5593d3bace7c04549d18f1fb4c62917cc3041",
    "faces": [
      {
        "face_uuid": "63e0e3d3-1536-11e9-99c4-0cc47a6c4dbd",
        "media_uuid": "1029762a-93dd-48a8-95fc-cd09751e8f4b",
        "x": 206.68,
        "y": 191.18,
        "width": 106.56,
        "height": 140.11,
        "angle": -8.8032,
        "detection_score": 1.0,
        "points": [
          {
            "x": 165.96,
            "y": 173.11,
            "type": 512,
            "name": "basic eye left"
          },
          {
            "x": 220.2,
            "y": 181.51,
            "type": 768,
            "name": "basic eye right"
          },
          {
            "x": 155.73,
            "y": 172.04,
            "type": 1024,
            "name": "basic eye left outer"
          },
          {
            "x": 232.04,
            "y": 183.98,
            "type": 1280,
            "name": "basic eye right outer"
          },
          {
            "x": 175.83,
            "y": 175.35,
            "type": 1536,
            "name": "basic eye left inner"
          },
          {
            "x": 208.2,
            "y": 180.31,
            "type": 1792,
            "name": "basic eye right inner"
          },
          {
            "x": 158.49,
            "y": 230.08,
            "type": 2048,
            "name": "basic mouth left"
          },
          {
            "x": 201.01,
            "y": 238.75,
            "type": 2304,
            "name": "basic mouth right"
          },
          {
            "x": 176.97,
            "y": 203.29,
            "type": 2560,
            "name": "basic nose tip"
          },
          {
            "x": 178.58,
            "y": 234.09,
            "type": 2816,
            "name": "basic mouth center"
          },
          {
            "x": 178.58,
            "y": 234.09,
            "type": 3072,
            "name": "basic eyebrow left"
          },
          {
            "x": 178.58,
            "y": 234.09,
            "type": 3328,
            "name": "basic eyebrow left inner corner"
          },
          {
            "x": 178.58,
            "y": 234.09,
            "type": 3584,
            "name": "basic eyebrow left outer corner"
          },
          {
            "x": 178.58,
            "y": 234.09,
            "type": 3840,
            "name": "basic eyebrow right"
          },
          {
            "x": 178.58,
            "y": 234.09,
            "type": 4096,
            "name": "basic eyebrow right inner corner"
          },
          {
            "x": 178.58,
            "y": 234.09,
            "type": 4352,
            "name": "basic eyebrow right outer corner"
          },
          {
            "x": 178.58,
            "y": 234.09,
            "type": 4608,
            "name": "basic chin bottom"
          },
          {
            "x": 178.58,
            "y": 234.09,
            "type": 4864,
            "name": "basic chin left"
          },
          {
            "x": 178.58,
            "y": 234.09,
            "type": 5120,
            "name": "basic chin right"
          },
          {
            "x": 166.53,
            "y": 207.65,
            "type": 5376,
            "name": "basic nose left"
          },
          {
            "x": 195.01,
            "y": 212.89,
            "type": 5632,
            "name": "basic nose right"
          }
        ],
        "user_points": null,
        "tags": [
          {
            "name": "5oclock shadow",
            "value": "no",
            "confidence": 0.52
          },
          {
            "name": "age",
            "value": "36",
            "confidence": 0.6
          },
          {
            "name": "arched eyebrows",
            "value": "no",
            "confidence": 1.0
          },
          {
            "name": "attractive",
            "value": "no",
            "confidence": 0.55
          },
          {
            "name": "bags under eyes",
            "value": "no",
            "confidence": 1.0
          },
          {
            "name": "bald",
            "value": "no",
            "confidence": 0.81
          },
          {
            "name": "bangs",
            "value": "yes",
            "confidence": 0.25
          },
          {
            "name": "beard",
            "value": "no",
            "confidence": 0.48
          },
          {
            "name": "big lips",
            "value": "no",
            "confidence": 0.35
          },
          {
            "name": "big nose",
            "value": "no",
            "confidence": 0.52
          },
          {
            "name": "black hair",
            "value": "no",
            "confidence": 0.86
          },
          {
            "name": "blond hair",
            "value": "no",
            "confidence": 0.01
          },
          {
            "name": "blurry",
            "value": "no",
            "confidence": 0.02
          },
          {
            "name": "brown hair",
            "value": "no",
            "confidence": 0.31
          },
          {
            "name": "bushy eyebrows",
            "value": "no",
            "confidence": 0.65
          },
          {
            "name": "chubby",
            "value": "no",
            "confidence": 0.87
          },
          {
            "name": "double chin",
            "value": "no",
            "confidence": 1.0
          },
          {
            "name": "expression",
            "value": "neutral",
            "confidence": 0.82
          },
          {
            "name": "gender",
            "value": "male",
            "confidence": 0.24
          },
          {
            "name": "glasses",
            "value": "yes",
            "confidence": 1.0
          },
          {
            "name": "goatee",
            "value": "no",
            "confidence": 0.75
          },
          {
            "name": "gray hair",
            "value": "no",
            "confidence": 0.55
          },
          {
            "name": "heavy makeup",
            "value": "no",
            "confidence": 0.67
          },
          {
            "name": "high cheekbones",
            "value": "no",
            "confidence": 0.86
          },
          {
            "name": "mouth open",
            "value": "no",
            "confidence": 0.57
          },
          {
            "name": "mustache",
            "value": "no",
            "confidence": 0.66
          },
          {
            "name": "narrow eyes",
            "value": "no",
            "confidence": 0.75
          },
          {
            "name": "oval face",
            "value": "no",
            "confidence": 0.25
          },
          {
            "name": "pale skin",
            "value": "yes",
            "confidence": 0.5
          },
          {
            "name": "pitch",
            "value": "-7.04",
            "confidence": 1.0
          },
          {
            "name": "pointy nose",
            "value": "no",
            "confidence": 0.42
          },
          {
            "name": "race",
            "value": "asian",
            "confidence": 0.95
          },
          {
            "name": "receding hairline",
            "value": "no",
            "confidence": 1.0
          },
          {
            "name": "rosy cheeks",
            "value": "no",
            "confidence": 0.98
          },
          {
            "name": "sideburns",
            "value": "no",
            "confidence": 0.9
          },
          {
            "name": "straight hair",
            "value": "no",
            "confidence": 0.01
          },
          {
            "name": "wavy hair",
            "value": "no",
            "confidence": 0.66
          },
          {
            "name": "wearing earrings",
            "value": "no",
            "confidence": 0.59
          },
          {
            "name": "wearing hat",
            "value": "yes",
            "confidence": 0.26
          },
          {
            "name": "wearing lipstick",
            "value": "no",
            "confidence": 0.65
          },
          {
            "name": "wearing necklace",
            "value": "no",
            "confidence": 0.51
          },
          {
            "name": "wearing necktie",
            "value": "no",
            "confidence": 0.97
          },
          {
            "name": "yaw",
            "value": "30.57",
            "confidence": 1.0
          },
          {
            "name": "young",
            "value": "yes",
            "confidence": 0.47
          }
        ],
        "person_id": "",
        "appearance_id": 0,
        "start": "00:00:00",
        "duration": "00:00:00"
      }
    ],
    "tags": null,
    "original_filename": "https://raw.githubusercontent.com/sarkrui/Hairstyle60k/master/Dataset/Dreadlocks/IMG_20.jpg",
    "duration": "00:00:00"
  },
  "recognize": null
}