{
  "media": {
    "media_uuid": "d58abe45-d1ea-4dac-92a4-af8820ac02e7",
    "checksum": "c655b4b498e096f21b308751da93cc7705c4eb3f9788cf85bfa492ef3a478677",
    "faces": [
      {
        "face_uuid": "2a228725-157f-11e9-99c4-0cc47a6c4dbd",
        "media_uuid": "d58abe45-d1ea-4dac-92a4-af8820ac02e7",
        "x": 87.0,
        "y": 114.5,
        "width": 87.77,
        "height": 119.25,
        "angle": 10.5306,
        "detection_score": 1.0,
        "points": [
          {
            "x": 48.35,
            "y": 105.27,
            "type": 512,
            "name": "basic eye left"
          },
          {
            "x": 89.67,
            "y": 97.59,
            "type": 768,
            "name": "basic eye right"
          },
          {
            "x": 40.05,
            "y": 106.97,
            "type": 1024,
            "name": "basic eye left outer"
          },
          {
            "x": 99.3,
            "y": 96.02,
            "type": 1280,
            "name": "basic eye right outer"
          },
          {
            "x": 56.6,
            "y": 103.98,
            "type": 1536,
            "name": "basic eye left inner"
          },
          {
            "x": 80.4,
            "y": 99.57,
            "type": 1792,
            "name": "basic eye right inner"
          },
          {
            "x": 59.89,
            "y": 152.98,
            "type": 2048,
            "name": "basic mouth left"
          },
          {
            "x": 94.07,
            "y": 146.48,
            "type": 2304,
            "name": "basic mouth right"
          },
          {
            "x": 66.83,
            "y": 129.14,
            "type": 2560,
            "name": "basic nose tip"
          },
          {
            "x": 76.31,
            "y": 150.0,
            "type": 2816,
            "name": "basic mouth center"
          },
          {
            "x": 76.31,
            "y": 150.0,
            "type": 3072,
            "name": "basic eyebrow left"
          },
          {
            "x": 76.31,
            "y": 150.0,
            "type": 3328,
            "name": "basic eyebrow left inner corner"
          },
          {
            "x": 76.31,
            "y": 150.0,
            "type": 3584,
            "name": "basic eyebrow left outer corner"
          },
          {
            "x": 76.31,
            "y": 150.0,
            "type": 3840,
            "name": "basic eyebrow right"
          },
          {
            "x": 76.31,
            "y": 150.0,
            "type": 4096,
            "name": "basic eyebrow right inner corner"
          },
          {
            "x": 76.31,
            "y": 150.0,
            "type": 4352,
            "name": "basic eyebrow right outer corner"
          },
          {
            "x": 76.31,
            "y": 150.0,
            "type": 4608,
            "name": "basic chin bottom"
          },
          {
            "x": 76.31,
            "y": 150.0,
            "type": 4864,
            "name": "basic chin left"
          },
          {
            "x": 76.31,
            "y": 150.0,
            "type": 5120,
            "name": "basic chin right"
          },
          {
            "x": 59.59,
            "y": 133.17,
            "type": 5376,
            "name": "basic nose left"
          },
          {
            "x": 81.67,
            "y": 129.04,
            "type": 5632,
            "name": "basic nose right"
          }
        ],
        "user_points": null,
        "tags": [
          {
            "name": "5oclock shadow",
            "value": "yes",
            "confidence": 0.4
          },
          {
            "name": "age",
            "value": "44",
            "confidence": 0.6
          },
          {
            "name": "arched eyebrows",
            "value": "no",
            "confidence": 1.0
          },
          {
            "name": "attractive",
            "value": "yes",
            "confidence": 0.2
          },
          {
            "name": "bags under eyes",
            "value": "no",
            "confidence": 0.17
          },
          {
            "name": "bald",
            "value": "no",
            "confidence": 0.91
          },
          {
            "name": "bangs",
            "value": "yes",
            "confidence": 0.15
          },
          {
            "name": "beard",
            "value": "yes",
            "confidence": 0.33
          },
          {
            "name": "big lips",
            "value": "no",
            "confidence": 0.15
          },
          {
            "name": "big nose",
            "value": "no",
            "confidence": 0.03
          },
          {
            "name": "black hair",
            "value": "yes",
            "confidence": 0.33
          },
          {
            "name": "blond hair",
            "value": "no",
            "confidence": 1.0
          },
          {
            "name": "blurry",
            "value": "no",
            "confidence": 0.85
          },
          {
            "name": "brown hair",
            "value": "no",
            "confidence": 0.74
          },
          {
            "name": "bushy eyebrows",
            "value": "yes",
            "confidence": 0.41
          },
          {
            "name": "chubby",
            "value": "no",
            "confidence": 1.0
          },
          {
            "name": "double chin",
            "value": "no",
            "confidence": 1.0
          },
          {
            "name": "expression",
            "value": "neutral",
            "confidence": 0.98
          },
          {
            "name": "gender",
            "value": "male",
            "confidence": 0.92
          },
          {
            "name": "glasses",
            "value": "no",
            "confidence": 1.0
          },
          {
            "name": "goatee",
            "value": "no",
            "confidence": 0.12
          },
          {
            "name": "gray hair",
            "value": "no",
            "confidence": 1.0
          },
          {
            "name": "heavy makeup",
            "value": "no",
            "confidence": 0.92
          },
          {
            "name": "high cheekbones",
            "value": "no",
            "confidence": 0.91
          },
          {
            "name": "mouth open",
            "value": "no",
            "confidence": 1.0
          },
          {
            "name": "mustache",
            "value": "no",
            "confidence": 0.02
          },
          {
            "name": "narrow eyes",
            "value": "no",
            "confidence": 0.48
          },
          {
            "name": "oval face",
            "value": "no",
            "confidence": 0.41
          },
          {
            "name": "pale skin",
            "value": "yes",
            "confidence": 0.87
          },
          {
            "name": "pitch",
            "value": "-6.17",
            "confidence": 1.0
          },
          {
            "name": "pointy nose",
            "value": "no",
            "confidence": 0.11
          },
          {
            "name": "race",
            "value": "white",
            "confidence": 0.55
          },
          {
            "name": "receding hairline",
            "value": "no",
            "confidence": 1.0
          },
          {
            "name": "rosy cheeks",
            "value": "no",
            "confidence": 1.0
          },
          {
            "name": "sideburns",
            "value": "no",
            "confidence": 0.05
          },
          {
            "name": "straight hair",
            "value": "yes",
            "confidence": 0.09
          },
          {
            "name": "wavy hair",
            "value": "no",
            "confidence": 0.72
          },
          {
            "name": "wearing earrings",
            "value": "no",
            "confidence": 1.0
          },
          {
            "name": "wearing hat",
            "value": "yes",
            "confidence": 0.33
          },
          {
            "name": "wearing lipstick",
            "value": "no",
            "confidence": 0.87
          },
          {
            "name": "wearing necklace",
            "value": "no",
            "confidence": 1.0
          },
          {
            "name": "wearing necktie",
            "value": "no",
            "confidence": 0.21
          },
          {
            "name": "yaw",
            "value": "49.74",
            "confidence": 1.0
          },
          {
            "name": "young",
            "value": "yes",
            "confidence": 0.81
          }
        ],
        "person_id": "",
        "appearance_id": 0,
        "start": "00:00:00",
        "duration": "00:00:00"
      }
    ],
    "tags": null,
    "original_filename": "https://raw.githubusercontent.com/sarkrui/Hairstyle60k/master/Dataset/Ducktail/IMG_5.jpg",
    "duration": "00:00:00"
  },
  "recognize": null
}