{
  "media": {
    "media_uuid": "6c77176a-ef7c-48ca-b6e2-d2117a2f580a",
    "checksum": "b417efe77b9746a2a895b0fb9a62705ed15beef278778c3ad5d3842acdc014da",
    "faces": [
      {
        "face_uuid": "59ee814e-1534-11e9-99c4-0cc47a6c4dbd",
        "media_uuid": "6c77176a-ef7c-48ca-b6e2-d2117a2f580a",
        "x": 248.5,
        "y": 219.42,
        "width": 163.92,
        "height": 205.4,
        "angle": 22.1938,
        "detection_score": 0.99,
        "points": [
          {
            "x": 214.48,
            "y": 209.81,
            "type": 512,
            "name": "basic eye left"
          },
          {
            "x": 287.83,
            "y": 179.89,
            "type": 768,
            "name": "basic eye right"
          },
          {
            "x": 196.87,
            "y": 217.09,
            "type": 1024,
            "name": "basic eye left outer"
          },
          {
            "x": 301.41,
            "y": 174.2,
            "type": 1280,
            "name": "basic eye right outer"
          },
          {
            "x": 232.95,
            "y": 204.37,
            "type": 1536,
            "name": "basic eye left inner"
          },
          {
            "x": 275.5,
            "y": 187.22,
            "type": 1792,
            "name": "basic eye right inner"
          },
          {
            "x": 261.45,
            "y": 291.59,
            "type": 2048,
            "name": "basic mouth left"
          },
          {
            "x": 318.1,
            "y": 266.6,
            "type": 2304,
            "name": "basic mouth right"
          },
          {
            "x": 295.58,
            "y": 240.19,
            "type": 2560,
            "name": "basic nose tip"
          },
          {
            "x": 291.92,
            "y": 279.73,
            "type": 2816,
            "name": "basic mouth center"
          },
          {
            "x": 291.92,
            "y": 279.73,
            "type": 3072,
            "name": "basic eyebrow left"
          },
          {
            "x": 291.92,
            "y": 279.73,
            "type": 3328,
            "name": "basic eyebrow left inner corner"
          },
          {
            "x": 291.92,
            "y": 279.73,
            "type": 3584,
            "name": "basic eyebrow left outer corner"
          },
          {
            "x": 291.92,
            "y": 279.73,
            "type": 3840,
            "name": "basic eyebrow right"
          },
          {
            "x": 291.92,
            "y": 279.73,
            "type": 4096,
            "name": "basic eyebrow right inner corner"
          },
          {
            "x": 291.92,
            "y": 279.73,
            "type": 4352,
            "name": "basic eyebrow right outer corner"
          },
          {
            "x": 291.92,
            "y": 279.73,
            "type": 4608,
            "name": "basic chin bottom"
          },
          {
            "x": 291.92,
            "y": 279.73,
            "type": 4864,
            "name": "basic chin left"
          },
          {
            "x": 291.92,
            "y": 279.73,
            "type": 5120,
            "name": "basic chin right"
          },
          {
            "x": 267.93,
            "y": 254.29,
            "type": 5376,
            "name": "basic nose left"
          },
          {
            "x": 305.3,
            "y": 238.4,
            "type": 5632,
            "name": "basic nose right"
          }
        ],
        "user_points": null,
        "tags": [
          {
            "name": "5oclock shadow",
            "value": "no",
            "confidence": 1.0
          },
          {
            "name": "age",
            "value": "08",
            "confidence": 0.6
          },
          {
            "name": "arched eyebrows",
            "value": "no",
            "confidence": 0.49
          },
          {
            "name": "attractive",
            "value": "no",
            "confidence": 0.03
          },
          {
            "name": "bags under eyes",
            "value": "no",
            "confidence": 1.0
          },
          {
            "name": "bald",
            "value": "no",
            "confidence": 0.82
          },
          {
            "name": "bangs",
            "value": "yes",
            "confidence": 0.12
          },
          {
            "name": "beard",
            "value": "no",
            "confidence": 0.82
          },
          {
            "name": "big lips",
            "value": "yes",
            "confidence": 0.18
          },
          {
            "name": "big nose",
            "value": "no",
            "confidence": 0.77
          },
          {
            "name": "black hair",
            "value": "no",
            "confidence": 0.54
          },
          {
            "name": "blond hair",
            "value": "no",
            "confidence": 0.86
          },
          {
            "name": "blurry",
            "value": "no",
            "confidence": 0.54
          },
          {
            "name": "brown hair",
            "value": "no",
            "confidence": 0.06
          },
          {
            "name": "bushy eyebrows",
            "value": "no",
            "confidence": 0.53
          },
          {
            "name": "chubby",
            "value": "no",
            "confidence": 0.98
          },
          {
            "name": "double chin",
            "value": "no",
            "confidence": 1.0
          },
          {
            "name": "expression",
            "value": "neutral",
            "confidence": 0.97
          },
          {
            "name": "gender",
            "value": "female",
            "confidence": 0.92
          },
          {
            "name": "glasses",
            "value": "no",
            "confidence": 1.0
          },
          {
            "name": "goatee",
            "value": "no",
            "confidence": 0.84
          },
          {
            "name": "gray hair",
            "value": "no",
            "confidence": 1.0
          },
          {
            "name": "heavy makeup",
            "value": "yes",
            "confidence": 0.31
          },
          {
            "name": "high cheekbones",
            "value": "no",
            "confidence": 0.91
          },
          {
            "name": "mouth open",
            "value": "no",
            "confidence": 0.71
          },
          {
            "name": "mustache",
            "value": "no",
            "confidence": 0.88
          },
          {
            "name": "narrow eyes",
            "value": "no",
            "confidence": 0.71
          },
          {
            "name": "oval face",
            "value": "no",
            "confidence": 0.38
          },
          {
            "name": "pale skin",
            "value": "yes",
            "confidence": 0.64
          },
          {
            "name": "pitch",
            "value": "-7.18",
            "confidence": 1.0
          },
          {
            "name": "pointy nose",
            "value": "yes",
            "confidence": 0.02
          },
          {
            "name": "race",
            "value": "asian",
            "confidence": 1.0
          },
          {
            "name": "receding hairline",
            "value": "no",
            "confidence": 1.0
          },
          {
            "name": "rosy cheeks",
            "value": "no",
            "confidence": 1.0
          },
          {
            "name": "sideburns",
            "value": "no",
            "confidence": 1.0
          },
          {
            "name": "straight hair",
            "value": "no",
            "confidence": 0.4
          },
          {
            "name": "wavy hair",
            "value": "no",
            "confidence": 0.24
          },
          {
            "name": "wearing earrings",
            "value": "no",
            "confidence": 0.61
          },
          {
            "name": "wearing hat",
            "value": "yes",
            "confidence": 0.53
          },
          {
            "name": "wearing lipstick",
            "value": "yes",
            "confidence": 0.47
          },
          {
            "name": "wearing necklace",
            "value": "no",
            "confidence": 0.17
          },
          {
            "name": "wearing necktie",
            "value": "no",
            "confidence": 1.0
          },
          {
            "name": "yaw",
            "value": "-28.17",
            "confidence": 1.0
          },
          {
            "name": "young",
            "value": "yes",
            "confidence": 0.82
          }
        ],
        "person_id": "",
        "appearance_id": 0,
        "start": "00:00:00",
        "duration": "00:00:00"
      }
    ],
    "tags": null,
    "original_filename": "https://raw.githubusercontent.com/sarkrui/Hairstyle60k/master/Dataset/Emo_hair/IMG_1.jpg",
    "duration": "00:00:00"
  },
  "recognize": null
}