{
  "media": {
    "media_uuid": "9cf05ed3-fcb7-4366-ae12-4275ccdad620",
    "checksum": "4413b213562a36a0f117824b4db42c87ac7e60c0106159d5bfcf2c00a85e066f",
    "faces": [
      {
        "face_uuid": "6b92de8a-1534-11e9-99c4-0cc47a6c4dbd",
        "media_uuid": "9cf05ed3-fcb7-4366-ae12-4275ccdad620",
        "x": 187.5,
        "y": 162.0,
        "width": 159.63,
        "height": 195.0,
        "angle": -0.691,
        "detection_score": 0.99,
        "points": [
          {
            "x": 134.79,
            "y": 133.08,
            "type": 512,
            "name": "basic eye left"
          },
          {
            "x": 213.28,
            "y": 134.03,
            "type": 768,
            "name": "basic eye right"
          },
          {
            "x": 119.21,
            "y": 132.73,
            "type": 1024,
            "name": "basic eye left outer"
          },
          {
            "x": 230.87,
            "y": 134.08,
            "type": 1280,
            "name": "basic eye right outer"
          },
          {
            "x": 149.98,
            "y": 135.92,
            "type": 1536,
            "name": "basic eye left inner"
          },
          {
            "x": 195.8,
            "y": 136.47,
            "type": 1792,
            "name": "basic eye right inner"
          },
          {
            "x": 148.57,
            "y": 220.82,
            "type": 2048,
            "name": "basic mouth left"
          },
          {
            "x": 204.98,
            "y": 220.19,
            "type": 2304,
            "name": "basic mouth right"
          },
          {
            "x": 161.97,
            "y": 190.34,
            "type": 2560,
            "name": "basic nose tip"
          },
          {
            "x": 175.84,
            "y": 221.67,
            "type": 2816,
            "name": "basic mouth center"
          },
          {
            "x": 175.84,
            "y": 221.67,
            "type": 3072,
            "name": "basic eyebrow left"
          },
          {
            "x": 175.84,
            "y": 221.67,
            "type": 3328,
            "name": "basic eyebrow left inner corner"
          },
          {
            "x": 175.84,
            "y": 221.67,
            "type": 3584,
            "name": "basic eyebrow left outer corner"
          },
          {
            "x": 175.84,
            "y": 221.67,
            "type": 3840,
            "name": "basic eyebrow right"
          },
          {
            "x": 175.84,
            "y": 221.67,
            "type": 4096,
            "name": "basic eyebrow right inner corner"
          },
          {
            "x": 175.84,
            "y": 221.67,
            "type": 4352,
            "name": "basic eyebrow right outer corner"
          },
          {
            "x": 175.84,
            "y": 221.67,
            "type": 4608,
            "name": "basic chin bottom"
          },
          {
            "x": 175.84,
            "y": 221.67,
            "type": 4864,
            "name": "basic chin left"
          },
          {
            "x": 175.84,
            "y": 221.67,
            "type": 5120,
            "name": "basic chin right"
          },
          {
            "x": 149.11,
            "y": 192.22,
            "type": 5376,
            "name": "basic nose left"
          },
          {
            "x": 187.18,
            "y": 192.78,
            "type": 5632,
            "name": "basic nose right"
          }
        ],
        "user_points": null,
        "tags": [
          {
            "name": "5oclock shadow",
            "value": "no",
            "confidence": 1.0
          },
          {
            "name": "age",
            "value": "13",
            "confidence": 0.6
          },
          {
            "name": "arched eyebrows",
            "value": "no",
            "confidence": 0.96
          },
          {
            "name": "attractive",
            "value": "yes",
            "confidence": 0.32
          },
          {
            "name": "bags under eyes",
            "value": "no",
            "confidence": 0.67
          },
          {
            "name": "bald",
            "value": "no",
            "confidence": 0.97
          },
          {
            "name": "bangs",
            "value": "yes",
            "confidence": 0.73
          },
          {
            "name": "beard",
            "value": "no",
            "confidence": 1.0
          },
          {
            "name": "big lips",
            "value": "no",
            "confidence": 0.22
          },
          {
            "name": "big nose",
            "value": "no",
            "confidence": 0.62
          },
          {
            "name": "black hair",
            "value": "yes",
            "confidence": 0.29
          },
          {
            "name": "blond hair",
            "value": "no",
            "confidence": 0.88
          },
          {
            "name": "blurry",
            "value": "no",
            "confidence": 0.56
          },
          {
            "name": "brown hair",
            "value": "no",
            "confidence": 0.55
          },
          {
            "name": "bushy eyebrows",
            "value": "no",
            "confidence": 0.4
          },
          {
            "name": "chubby",
            "value": "no",
            "confidence": 1.0
          },
          {
            "name": "double chin",
            "value": "no",
            "confidence": 1.0
          },
          {
            "name": "expression",
            "value": "neutral",
            "confidence": 0.87
          },
          {
            "name": "gender",
            "value": "female",
            "confidence": 0.25
          },
          {
            "name": "glasses",
            "value": "no",
            "confidence": 1.0
          },
          {
            "name": "goatee",
            "value": "no",
            "confidence": 1.0
          },
          {
            "name": "gray hair",
            "value": "no",
            "confidence": 1.0
          },
          {
            "name": "heavy makeup",
            "value": "no",
            "confidence": 0.42
          },
          {
            "name": "high cheekbones",
            "value": "no",
            "confidence": 0.78
          },
          {
            "name": "mouth open",
            "value": "no",
            "confidence": 0.99
          },
          {
            "name": "mustache",
            "value": "no",
            "confidence": 1.0
          },
          {
            "name": "narrow eyes",
            "value": "no",
            "confidence": 0.55
          },
          {
            "name": "oval face",
            "value": "yes",
            "confidence": 0.07
          },
          {
            "name": "pale skin",
            "value": "yes",
            "confidence": 1.0
          },
          {
            "name": "pitch",
            "value": "-6.88",
            "confidence": 1.0
          },
          {
            "name": "pointy nose",
            "value": "no",
            "confidence": 0.4
          },
          {
            "name": "race",
            "value": "asian",
            "confidence": 0.95
          },
          {
            "name": "receding hairline",
            "value": "no",
            "confidence": 1.0
          },
          {
            "name": "rosy cheeks",
            "value": "no",
            "confidence": 1.0
          },
          {
            "name": "sideburns",
            "value": "no",
            "confidence": 1.0
          },
          {
            "name": "straight hair",
            "value": "yes",
            "confidence": 0.5
          },
          {
            "name": "wavy hair",
            "value": "no",
            "confidence": 0.75
          },
          {
            "name": "wearing earrings",
            "value": "no",
            "confidence": 0.79
          },
          {
            "name": "wearing hat",
            "value": "yes",
            "confidence": 0.06
          },
          {
            "name": "wearing lipstick",
            "value": "no",
            "confidence": 0.2
          },
          {
            "name": "wearing necklace",
            "value": "no",
            "confidence": 0.59
          },
          {
            "name": "wearing necktie",
            "value": "no",
            "confidence": 0.68
          },
          {
            "name": "yaw",
            "value": "27.52",
            "confidence": 1.0
          },
          {
            "name": "young",
            "value": "yes",
            "confidence": 0.94
          }
        ],
        "person_id": "",
        "appearance_id": 0,
        "start": "00:00:00",
        "duration": "00:00:00"
      }
    ],
    "tags": null,
    "original_filename": "https://raw.githubusercontent.com/sarkrui/Hairstyle60k/master/Dataset/Emo_hair/IMG_14.jpg",
    "duration": "00:00:00"
  },
  "recognize": null
}