{
  "media": {
    "media_uuid": "f1f5ae6c-1601-4d8f-a976-e61a1e1c5efa",
    "checksum": "f57f848dc8001e080983a61347da05084d317cf50971f4b845c64b9c06c37af5",
    "faces": [
      {
        "face_uuid": "7066616e-1534-11e9-99c4-0cc47a6c4dbd",
        "media_uuid": "f1f5ae6c-1601-4d8f-a976-e61a1e1c5efa",
        "x": 140.0,
        "y": 86.0,
        "width": 112.74,
        "height": 150.95,
        "angle": 1.1214,
        "detection_score": 0.99,
        "points": [
          {
            "x": 118.49,
            "y": 63.23,
            "type": 512,
            "name": "basic eye left"
          },
          {
            "x": 177.0,
            "y": 62.09,
            "type": 768,
            "name": "basic eye right"
          },
          {
            "x": 105.58,
            "y": 63.51,
            "type": 1024,
            "name": "basic eye left outer"
          },
          {
            "x": 189.16,
            "y": 61.78,
            "type": 1280,
            "name": "basic eye right outer"
          },
          {
            "x": 131.2,
            "y": 64.44,
            "type": 1536,
            "name": "basic eye left inner"
          },
          {
            "x": 164.96,
            "y": 63.82,
            "type": 1792,
            "name": "basic eye right inner"
          },
          {
            "x": 128.74,
            "y": 135.51,
            "type": 2048,
            "name": "basic mouth left"
          },
          {
            "x": 169.52,
            "y": 133.94,
            "type": 2304,
            "name": "basic mouth right"
          },
          {
            "x": 154.1,
            "y": 104.71,
            "type": 2560,
            "name": "basic nose tip"
          },
          {
            "x": 149.78,
            "y": 134.95,
            "type": 2816,
            "name": "basic mouth center"
          },
          {
            "x": 149.78,
            "y": 134.95,
            "type": 3072,
            "name": "basic eyebrow left"
          },
          {
            "x": 149.78,
            "y": 134.95,
            "type": 3328,
            "name": "basic eyebrow left inner corner"
          },
          {
            "x": 149.78,
            "y": 134.95,
            "type": 3584,
            "name": "basic eyebrow left outer corner"
          },
          {
            "x": 149.78,
            "y": 134.95,
            "type": 3840,
            "name": "basic eyebrow right"
          },
          {
            "x": 149.78,
            "y": 134.95,
            "type": 4096,
            "name": "basic eyebrow right inner corner"
          },
          {
            "x": 149.78,
            "y": 134.95,
            "type": 4352,
            "name": "basic eyebrow right outer corner"
          },
          {
            "x": 149.78,
            "y": 134.95,
            "type": 4608,
            "name": "basic chin bottom"
          },
          {
            "x": 149.78,
            "y": 134.95,
            "type": 4864,
            "name": "basic chin left"
          },
          {
            "x": 149.78,
            "y": 134.95,
            "type": 5120,
            "name": "basic chin right"
          },
          {
            "x": 137.76,
            "y": 107.91,
            "type": 5376,
            "name": "basic nose left"
          },
          {
            "x": 165.53,
            "y": 106.97,
            "type": 5632,
            "name": "basic nose right"
          }
        ],
        "user_points": null,
        "tags": [
          {
            "name": "5oclock shadow",
            "value": "no",
            "confidence": 1.0
          },
          {
            "name": "age",
            "value": "28",
            "confidence": 0.6
          },
          {
            "name": "arched eyebrows",
            "value": "no",
            "confidence": 0.92
          },
          {
            "name": "attractive",
            "value": "no",
            "confidence": 0.2
          },
          {
            "name": "bags under eyes",
            "value": "no",
            "confidence": 1.0
          },
          {
            "name": "bald",
            "value": "no",
            "confidence": 0.63
          },
          {
            "name": "bangs",
            "value": "yes",
            "confidence": 0.59
          },
          {
            "name": "beard",
            "value": "no",
            "confidence": 0.92
          },
          {
            "name": "big lips",
            "value": "no",
            "confidence": 0.06
          },
          {
            "name": "big nose",
            "value": "no",
            "confidence": 0.53
          },
          {
            "name": "black hair",
            "value": "yes",
            "confidence": 0.5
          },
          {
            "name": "blond hair",
            "value": "no",
            "confidence": 1.0
          },
          {
            "name": "blurry",
            "value": "no",
            "confidence": 0.14
          },
          {
            "name": "brown hair",
            "value": "no",
            "confidence": 0.77
          },
          {
            "name": "bushy eyebrows",
            "value": "no",
            "confidence": 0.63
          },
          {
            "name": "chubby",
            "value": "no",
            "confidence": 0.83
          },
          {
            "name": "double chin",
            "value": "no",
            "confidence": 1.0
          },
          {
            "name": "expression",
            "value": "neutral",
            "confidence": 1.0
          },
          {
            "name": "gender",
            "value": "female",
            "confidence": 0.49
          },
          {
            "name": "glasses",
            "value": "no",
            "confidence": 1.0
          },
          {
            "name": "goatee",
            "value": "no",
            "confidence": 1.0
          },
          {
            "name": "gray hair",
            "value": "no",
            "confidence": 0.93
          },
          {
            "name": "heavy makeup",
            "value": "no",
            "confidence": 0.31
          },
          {
            "name": "high cheekbones",
            "value": "no",
            "confidence": 1.0
          },
          {
            "name": "mouth open",
            "value": "no",
            "confidence": 0.92
          },
          {
            "name": "mustache",
            "value": "no",
            "confidence": 0.85
          },
          {
            "name": "narrow eyes",
            "value": "no",
            "confidence": 0.57
          },
          {
            "name": "oval face",
            "value": "no",
            "confidence": 0.05
          },
          {
            "name": "pale skin",
            "value": "yes",
            "confidence": 0.81
          },
          {
            "name": "pitch",
            "value": "-7.87",
            "confidence": 1.0
          },
          {
            "name": "pointy nose",
            "value": "no",
            "confidence": 0.37
          },
          {
            "name": "race",
            "value": "white",
            "confidence": 0.82
          },
          {
            "name": "receding hairline",
            "value": "no",
            "confidence": 0.91
          },
          {
            "name": "rosy cheeks",
            "value": "no",
            "confidence": 1.0
          },
          {
            "name": "sideburns",
            "value": "no",
            "confidence": 1.0
          },
          {
            "name": "straight hair",
            "value": "yes",
            "confidence": 0.16
          },
          {
            "name": "wavy hair",
            "value": "no",
            "confidence": 0.53
          },
          {
            "name": "wearing earrings",
            "value": "no",
            "confidence": 0.97
          },
          {
            "name": "wearing hat",
            "value": "yes",
            "confidence": 0.12
          },
          {
            "name": "wearing lipstick",
            "value": "yes",
            "confidence": 0.01
          },
          {
            "name": "wearing necklace",
            "value": "no",
            "confidence": 0.5
          },
          {
            "name": "wearing necktie",
            "value": "no",
            "confidence": 0.86
          },
          {
            "name": "yaw",
            "value": "-13.26",
            "confidence": 1.0
          },
          {
            "name": "young",
            "value": "yes",
            "confidence": 0.57
          }
        ],
        "person_id": "",
        "appearance_id": 0,
        "start": "00:00:00",
        "duration": "00:00:00"
      }
    ],
    "tags": null,
    "original_filename": "https://raw.githubusercontent.com/sarkrui/Hairstyle60k/master/Dataset/Emo_hair/IMG_18.jpg",
    "duration": "00:00:00"
  },
  "recognize": null
}