{
  "media": {
    "media_uuid": "d3d62c4d-914a-45fc-9d58-13b8b558e646",
    "checksum": "3d4dc8b11c375594206cfd9836a33bfe1f0e570874019935806c6b40afb66caf",
    "faces": [
      {
        "face_uuid": "69df7b84-1534-11e9-99c4-0cc47a6c4dbd",
        "media_uuid": "d3d62c4d-914a-45fc-9d58-13b8b558e646",
        "x": 229.5,
        "y": 163.0,
        "width": 64.04,
        "height": 80.29,
        "angle": -3.9984,
        "detection_score": 1.0,
        "points": [
          {
            "x": 209.98,
            "y": 151.0,
            "type": 512,
            "name": "basic eye left"
          },
          {
            "x": 241.46,
            "y": 153.2,
            "type": 768,
            "name": "basic eye right"
          },
          {
            "x": 203.71,
            "y": 150.64,
            "type": 1024,
            "name": "basic eye left outer"
          },
          {
            "x": 248.61,
            "y": 153.84,
            "type": 1280,
            "name": "basic eye right outer"
          },
          {
            "x": 216.06,
            "y": 152.1,
            "type": 1536,
            "name": "basic eye left inner"
          },
          {
            "x": 234.28,
            "y": 153.34,
            "type": 1792,
            "name": "basic eye right inner"
          },
          {
            "x": 211.34,
            "y": 186.22,
            "type": 2048,
            "name": "basic mouth left"
          },
          {
            "x": 235.58,
            "y": 187.97,
            "type": 2304,
            "name": "basic mouth right"
          },
          {
            "x": 219.28,
            "y": 172.86,
            "type": 2560,
            "name": "basic nose tip"
          },
          {
            "x": 223.05,
            "y": 187.43,
            "type": 2816,
            "name": "basic mouth center"
          },
          {
            "x": 223.05,
            "y": 187.43,
            "type": 3072,
            "name": "basic eyebrow left"
          },
          {
            "x": 223.05,
            "y": 187.43,
            "type": 3328,
            "name": "basic eyebrow left inner corner"
          },
          {
            "x": 223.05,
            "y": 187.43,
            "type": 3584,
            "name": "basic eyebrow left outer corner"
          },
          {
            "x": 223.05,
            "y": 187.43,
            "type": 3840,
            "name": "basic eyebrow right"
          },
          {
            "x": 223.05,
            "y": 187.43,
            "type": 4096,
            "name": "basic eyebrow right inner corner"
          },
          {
            "x": 223.05,
            "y": 187.43,
            "type": 4352,
            "name": "basic eyebrow right outer corner"
          },
          {
            "x": 223.05,
            "y": 187.43,
            "type": 4608,
            "name": "basic chin bottom"
          },
          {
            "x": 223.05,
            "y": 187.43,
            "type": 4864,
            "name": "basic chin left"
          },
          {
            "x": 223.05,
            "y": 187.43,
            "type": 5120,
            "name": "basic chin right"
          },
          {
            "x": 213.56,
            "y": 173.24,
            "type": 5376,
            "name": "basic nose left"
          },
          {
            "x": 229.71,
            "y": 174.4,
            "type": 5632,
            "name": "basic nose right"
          }
        ],
        "user_points": null,
        "tags": [
          {
            "name": "5oclock shadow",
            "value": "no",
            "confidence": 0.64
          },
          {
            "name": "age",
            "value": "47",
            "confidence": 0.6
          },
          {
            "name": "arched eyebrows",
            "value": "no",
            "confidence": 0.96
          },
          {
            "name": "attractive",
            "value": "no",
            "confidence": 0.71
          },
          {
            "name": "bags under eyes",
            "value": "no",
            "confidence": 0.29
          },
          {
            "name": "bald",
            "value": "no",
            "confidence": 0.87
          },
          {
            "name": "bangs",
            "value": "yes",
            "confidence": 0.63
          },
          {
            "name": "beard",
            "value": "no",
            "confidence": 0.52
          },
          {
            "name": "big lips",
            "value": "no",
            "confidence": 0.68
          },
          {
            "name": "big nose",
            "value": "no",
            "confidence": 0.73
          },
          {
            "name": "black hair",
            "value": "no",
            "confidence": 0.8
          },
          {
            "name": "blond hair",
            "value": "no",
            "confidence": 0.25
          },
          {
            "name": "blurry",
            "value": "yes",
            "confidence": 0.49
          },
          {
            "name": "brown hair",
            "value": "yes",
            "confidence": 0.23
          },
          {
            "name": "bushy eyebrows",
            "value": "no",
            "confidence": 0.68
          },
          {
            "name": "chubby",
            "value": "no",
            "confidence": 0.72
          },
          {
            "name": "double chin",
            "value": "no",
            "confidence": 1.0
          },
          {
            "name": "expression",
            "value": "neutral",
            "confidence": 0.71
          },
          {
            "name": "gender",
            "value": "male",
            "confidence": 0.02
          },
          {
            "name": "glasses",
            "value": "no",
            "confidence": 1.0
          },
          {
            "name": "goatee",
            "value": "no",
            "confidence": 0.67
          },
          {
            "name": "gray hair",
            "value": "no",
            "confidence": 0.66
          },
          {
            "name": "heavy makeup",
            "value": "no",
            "confidence": 1.0
          },
          {
            "name": "high cheekbones",
            "value": "no",
            "confidence": 0.63
          },
          {
            "name": "mouth open",
            "value": "no",
            "confidence": 1.0
          },
          {
            "name": "mustache",
            "value": "no",
            "confidence": 0.74
          },
          {
            "name": "narrow eyes",
            "value": "yes",
            "confidence": 0.09
          },
          {
            "name": "oval face",
            "value": "yes",
            "confidence": 0.09
          },
          {
            "name": "pale skin",
            "value": "no",
            "confidence": 0.05
          },
          {
            "name": "pitch",
            "value": "-8.58",
            "confidence": 1.0
          },
          {
            "name": "pointy nose",
            "value": "no",
            "confidence": 0.95
          },
          {
            "name": "race",
            "value": "asian",
            "confidence": 1.0
          },
          {
            "name": "receding hairline",
            "value": "no",
            "confidence": 0.83
          },
          {
            "name": "rosy cheeks",
            "value": "no",
            "confidence": 1.0
          },
          {
            "name": "sideburns",
            "value": "no",
            "confidence": 0.7
          },
          {
            "name": "straight hair",
            "value": "yes",
            "confidence": 0.27
          },
          {
            "name": "wavy hair",
            "value": "no",
            "confidence": 0.73
          },
          {
            "name": "wearing earrings",
            "value": "no",
            "confidence": 0.78
          },
          {
            "name": "wearing hat",
            "value": "no",
            "confidence": 0.3
          },
          {
            "name": "wearing lipstick",
            "value": "no",
            "confidence": 0.93
          },
          {
            "name": "wearing necklace",
            "value": "no",
            "confidence": 0.64
          },
          {
            "name": "wearing necktie",
            "value": "no",
            "confidence": 0.83
          },
          {
            "name": "yaw",
            "value": "14.87",
            "confidence": 1.0
          },
          {
            "name": "young",
            "value": "yes",
            "confidence": 0.35
          }
        ],
        "person_id": "",
        "appearance_id": 0,
        "start": "00:00:00",
        "duration": "00:00:00"
      }
    ],
    "tags": null,
    "original_filename": "https://raw.githubusercontent.com/sarkrui/Hairstyle60k/master/Dataset/Emo_hair/IMG_13.jpg",
    "duration": "00:00:00"
  },
  "recognize": null
}