{
  "media": {
    "media_uuid": "bcfc7cb8-d5ad-4969-ab5a-f356e4a6cc42",
    "checksum": "f0574fa7eff5a433e45635de234f1d0d032f3fac89025695af762c6d74742b6b",
    "faces": [
      {
        "face_uuid": "8d634679-1534-11e9-99c4-0cc47a6c4dbd",
        "media_uuid": "bcfc7cb8-d5ad-4969-ab5a-f356e4a6cc42",
        "x": 169.0,
        "y": 244.5,
        "width": 177.68,
        "height": 234.04,
        "angle": 2.3799,
        "detection_score": 1.0,
        "points": [
          {
            "x": 126.42,
            "y": 224.04,
            "type": 512,
            "name": "basic eye left"
          },
          {
            "x": 217.06,
            "y": 220.27,
            "type": 768,
            "name": "basic eye right"
          },
          {
            "x": 107.28,
            "y": 225.27,
            "type": 1024,
            "name": "basic eye left outer"
          },
          {
            "x": 236.46,
            "y": 219.87,
            "type": 1280,
            "name": "basic eye right outer"
          },
          {
            "x": 145.7,
            "y": 224.72,
            "type": 1536,
            "name": "basic eye left inner"
          },
          {
            "x": 197.59,
            "y": 222.59,
            "type": 1792,
            "name": "basic eye right inner"
          },
          {
            "x": 141.65,
            "y": 323.85,
            "type": 2048,
            "name": "basic mouth left"
          },
          {
            "x": 210.06,
            "y": 320.88,
            "type": 2304,
            "name": "basic mouth right"
          },
          {
            "x": 172.32,
            "y": 279.8,
            "type": 2560,
            "name": "basic nose tip"
          },
          {
            "x": 175.72,
            "y": 322.74,
            "type": 2816,
            "name": "basic mouth center"
          },
          {
            "x": 175.72,
            "y": 322.74,
            "type": 3072,
            "name": "basic eyebrow left"
          },
          {
            "x": 175.72,
            "y": 322.74,
            "type": 3328,
            "name": "basic eyebrow left inner corner"
          },
          {
            "x": 175.72,
            "y": 322.74,
            "type": 3584,
            "name": "basic eyebrow left outer corner"
          },
          {
            "x": 175.72,
            "y": 322.74,
            "type": 3840,
            "name": "basic eyebrow right"
          },
          {
            "x": 175.72,
            "y": 322.74,
            "type": 4096,
            "name": "basic eyebrow right inner corner"
          },
          {
            "x": 175.72,
            "y": 322.74,
            "type": 4352,
            "name": "basic eyebrow right outer corner"
          },
          {
            "x": 175.72,
            "y": 322.74,
            "type": 4608,
            "name": "basic chin bottom"
          },
          {
            "x": 175.72,
            "y": 322.74,
            "type": 4864,
            "name": "basic chin left"
          },
          {
            "x": 175.72,
            "y": 322.74,
            "type": 5120,
            "name": "basic chin right"
          },
          {
            "x": 150.58,
            "y": 284.99,
            "type": 5376,
            "name": "basic nose left"
          },
          {
            "x": 196.6,
            "y": 282.93,
            "type": 5632,
            "name": "basic nose right"
          }
        ],
        "user_points": null,
        "tags": [
          {
            "name": "5oclock shadow",
            "value": "no",
            "confidence": 0.3
          },
          {
            "name": "age",
            "value": "45",
            "confidence": 0.6
          },
          {
            "name": "arched eyebrows",
            "value": "no",
            "confidence": 1.0
          },
          {
            "name": "attractive",
            "value": "no",
            "confidence": 0.8
          },
          {
            "name": "bags under eyes",
            "value": "yes",
            "confidence": 0.24
          },
          {
            "name": "bald",
            "value": "yes",
            "confidence": 0.1
          },
          {
            "name": "bangs",
            "value": "no",
            "confidence": 1.0
          },
          {
            "name": "beard",
            "value": "no",
            "confidence": 0.12
          },
          {
            "name": "big lips",
            "value": "no",
            "confidence": 0.35
          },
          {
            "name": "big nose",
            "value": "yes",
            "confidence": 0.78
          },
          {
            "name": "black hair",
            "value": "yes",
            "confidence": 0.7
          },
          {
            "name": "blond hair",
            "value": "no",
            "confidence": 1.0
          },
          {
            "name": "blurry",
            "value": "no",
            "confidence": 0.4
          },
          {
            "name": "brown hair",
            "value": "no",
            "confidence": 1.0
          },
          {
            "name": "bushy eyebrows",
            "value": "no",
            "confidence": 0.41
          },
          {
            "name": "chubby",
            "value": "yes",
            "confidence": 0.57
          },
          {
            "name": "double chin",
            "value": "yes",
            "confidence": 0.46
          },
          {
            "name": "expression",
            "value": "neutral",
            "confidence": 0.38
          },
          {
            "name": "gender",
            "value": "male",
            "confidence": 0.98
          },
          {
            "name": "glasses",
            "value": "yes",
            "confidence": 1.0
          },
          {
            "name": "goatee",
            "value": "no",
            "confidence": 0.44
          },
          {
            "name": "gray hair",
            "value": "yes",
            "confidence": 0.15
          },
          {
            "name": "heavy makeup",
            "value": "no",
            "confidence": 0.95
          },
          {
            "name": "high cheekbones",
            "value": "no",
            "confidence": 0.41
          },
          {
            "name": "mouth open",
            "value": "yes",
            "confidence": 0.16
          },
          {
            "name": "mustache",
            "value": "yes",
            "confidence": 0.07
          },
          {
            "name": "narrow eyes",
            "value": "no",
            "confidence": 0.08
          },
          {
            "name": "oval face",
            "value": "no",
            "confidence": 0.61
          },
          {
            "name": "pale skin",
            "value": "no",
            "confidence": 0.03
          },
          {
            "name": "pitch",
            "value": "-6.7",
            "confidence": 1.0
          },
          {
            "name": "pointy nose",
            "value": "no",
            "confidence": 0.62
          },
          {
            "name": "race",
            "value": "white",
            "confidence": 0.99
          },
          {
            "name": "receding hairline",
            "value": "yes",
            "confidence": 0.27
          },
          {
            "name": "rosy cheeks",
            "value": "no",
            "confidence": 1.0
          },
          {
            "name": "sideburns",
            "value": "no",
            "confidence": 0.46
          },
          {
            "name": "straight hair",
            "value": "yes",
            "confidence": 0.53
          },
          {
            "name": "wavy hair",
            "value": "no",
            "confidence": 0.78
          },
          {
            "name": "wearing earrings",
            "value": "no",
            "confidence": 1.0
          },
          {
            "name": "wearing hat",
            "value": "no",
            "confidence": 0.85
          },
          {
            "name": "wearing lipstick",
            "value": "no",
            "confidence": 0.91
          },
          {
            "name": "wearing necklace",
            "value": "no",
            "confidence": 1.0
          },
          {
            "name": "wearing necktie",
            "value": "yes",
            "confidence": 0.8
          },
          {
            "name": "yaw",
            "value": "28.12",
            "confidence": 1.0
          },
          {
            "name": "young",
            "value": "no",
            "confidence": 0.7
          }
        ],
        "person_id": "",
        "appearance_id": 0,
        "start": "00:00:00",
        "duration": "00:00:00"
      }
    ],
    "tags": null,
    "original_filename": "https://raw.githubusercontent.com/sarkrui/Hairstyle60k/master/Dataset/Fauxhawk/IMG_20.jpg",
    "duration": "00:00:00"
  },
  "recognize": null
}