{
  "media": {
    "media_uuid": "2a0c9f15-834f-44d6-88f8-dbabfb0c6c56",
    "checksum": "8d2ebd40e3df0279727696cb35962c99648624c7973fe02b9aead7156f6597dd",
    "faces": [
      {
        "face_uuid": "89815c47-1534-11e9-99c4-0cc47a6c4dbd",
        "media_uuid": "2a0c9f15-834f-44d6-88f8-dbabfb0c6c56",
        "x": 151.0,
        "y": 210.0,
        "width": 162.07,
        "height": 221.17,
        "angle": 11.4282,
        "detection_score": 1.0,
        "points": [
          {
            "x": 109.13,
            "y": 195.29,
            "type": 512,
            "name": "basic eye left"
          },
          {
            "x": 185.73,
            "y": 179.81,
            "type": 768,
            "name": "basic eye right"
          },
          {
            "x": 92.74,
            "y": 198.52,
            "type": 1024,
            "name": "basic eye left outer"
          },
          {
            "x": 202.32,
            "y": 176.39,
            "type": 1280,
            "name": "basic eye right outer"
          },
          {
            "x": 125.67,
            "y": 193.36,
            "type": 1536,
            "name": "basic eye left inner"
          },
          {
            "x": 169.54,
            "y": 184.48,
            "type": 1792,
            "name": "basic eye right inner"
          },
          {
            "x": 128.99,
            "y": 270.9,
            "type": 2048,
            "name": "basic mouth left"
          },
          {
            "x": 198.51,
            "y": 257.03,
            "type": 2304,
            "name": "basic mouth right"
          },
          {
            "x": 156.98,
            "y": 242.39,
            "type": 2560,
            "name": "basic nose tip"
          },
          {
            "x": 164.11,
            "y": 266.51,
            "type": 2816,
            "name": "basic mouth center"
          },
          {
            "x": 164.11,
            "y": 266.51,
            "type": 3072,
            "name": "basic eyebrow left"
          },
          {
            "x": 164.11,
            "y": 266.51,
            "type": 3328,
            "name": "basic eyebrow left inner corner"
          },
          {
            "x": 164.11,
            "y": 266.51,
            "type": 3584,
            "name": "basic eyebrow left outer corner"
          },
          {
            "x": 164.11,
            "y": 266.51,
            "type": 3840,
            "name": "basic eyebrow right"
          },
          {
            "x": 164.11,
            "y": 266.51,
            "type": 4096,
            "name": "basic eyebrow right inner corner"
          },
          {
            "x": 164.11,
            "y": 266.51,
            "type": 4352,
            "name": "basic eyebrow right outer corner"
          },
          {
            "x": 164.11,
            "y": 266.51,
            "type": 4608,
            "name": "basic chin bottom"
          },
          {
            "x": 164.11,
            "y": 266.51,
            "type": 4864,
            "name": "basic chin left"
          },
          {
            "x": 164.11,
            "y": 266.51,
            "type": 5120,
            "name": "basic chin right"
          },
          {
            "x": 137.0,
            "y": 243.75,
            "type": 5376,
            "name": "basic nose left"
          },
          {
            "x": 177.78,
            "y": 235.61,
            "type": 5632,
            "name": "basic nose right"
          }
        ],
        "user_points": null,
        "tags": [
          {
            "name": "5oclock shadow",
            "value": "yes",
            "confidence": 0.31
          },
          {
            "name": "age",
            "value": "15",
            "confidence": 0.6
          },
          {
            "name": "arched eyebrows",
            "value": "no",
            "confidence": 0.56
          },
          {
            "name": "attractive",
            "value": "yes",
            "confidence": 0.57
          },
          {
            "name": "bags under eyes",
            "value": "yes",
            "confidence": 0.33
          },
          {
            "name": "bald",
            "value": "no",
            "confidence": 0.97
          },
          {
            "name": "bangs",
            "value": "no",
            "confidence": 0.93
          },
          {
            "name": "beard",
            "value": "no",
            "confidence": 0.46
          },
          {
            "name": "big lips",
            "value": "no",
            "confidence": 0.36
          },
          {
            "name": "big nose",
            "value": "yes",
            "confidence": 0.14
          },
          {
            "name": "black hair",
            "value": "yes",
            "confidence": 1.0
          },
          {
            "name": "blond hair",
            "value": "no",
            "confidence": 0.84
          },
          {
            "name": "blurry",
            "value": "no",
            "confidence": 1.0
          },
          {
            "name": "brown hair",
            "value": "no",
            "confidence": 1.0
          },
          {
            "name": "bushy eyebrows",
            "value": "yes",
            "confidence": 0.84
          },
          {
            "name": "chubby",
            "value": "no",
            "confidence": 0.75
          },
          {
            "name": "double chin",
            "value": "no",
            "confidence": 0.59
          },
          {
            "name": "expression",
            "value": "smile",
            "confidence": 0.94
          },
          {
            "name": "gender",
            "value": "male",
            "confidence": 1.0
          },
          {
            "name": "glasses",
            "value": "no",
            "confidence": 1.0
          },
          {
            "name": "goatee",
            "value": "no",
            "confidence": 1.0
          },
          {
            "name": "gray hair",
            "value": "no",
            "confidence": 1.0
          },
          {
            "name": "heavy makeup",
            "value": "no",
            "confidence": 1.0
          },
          {
            "name": "high cheekbones",
            "value": "yes",
            "confidence": 0.21
          },
          {
            "name": "mouth open",
            "value": "yes",
            "confidence": 0.95
          },
          {
            "name": "mustache",
            "value": "no",
            "confidence": 0.79
          },
          {
            "name": "narrow eyes",
            "value": "no",
            "confidence": 0.4
          },
          {
            "name": "oval face",
            "value": "yes",
            "confidence": 0.13
          },
          {
            "name": "pale skin",
            "value": "no",
            "confidence": 0.1
          },
          {
            "name": "pitch",
            "value": "-9.22",
            "confidence": 1.0
          },
          {
            "name": "pointy nose",
            "value": "no",
            "confidence": 0.29
          },
          {
            "name": "race",
            "value": "indian",
            "confidence": 0.63
          },
          {
            "name": "receding hairline",
            "value": "no",
            "confidence": 0.56
          },
          {
            "name": "rosy cheeks",
            "value": "no",
            "confidence": 0.96
          },
          {
            "name": "sideburns",
            "value": "no",
            "confidence": 1.0
          },
          {
            "name": "straight hair",
            "value": "yes",
            "confidence": 1.0
          },
          {
            "name": "wavy hair",
            "value": "no",
            "confidence": 1.0
          },
          {
            "name": "wearing earrings",
            "value": "no",
            "confidence": 1.0
          },
          {
            "name": "wearing hat",
            "value": "no",
            "confidence": 0.94
          },
          {
            "name": "wearing lipstick",
            "value": "no",
            "confidence": 0.97
          },
          {
            "name": "wearing necklace",
            "value": "no",
            "confidence": 1.0
          },
          {
            "name": "wearing necktie",
            "value": "yes",
            "confidence": 0.55
          },
          {
            "name": "yaw",
            "value": "2.49",
            "confidence": 1.0
          },
          {
            "name": "young",
            "value": "yes",
            "confidence": 0.93
          }
        ],
        "person_id": "",
        "appearance_id": 0,
        "start": "00:00:00",
        "duration": "00:00:00"
      }
    ],
    "tags": null,
    "original_filename": "https://raw.githubusercontent.com/sarkrui/Hairstyle60k/master/Dataset/Fauxhawk/IMG_16.jpg",
    "duration": "00:00:00"
  },
  "recognize": null
}