{
  "media": {
    "media_uuid": "9a8ba157-36bd-4e52-90d8-ef689e21a27c",
    "checksum": "a96c462168b4976200c6c66a8f80ee86c02c70b3ab5465847480a70c53e7ea34",
    "faces": [
      {
        "face_uuid": "8e5d96e5-1534-11e9-99c4-0cc47a6c4dbd",
        "media_uuid": "9a8ba157-36bd-4e52-90d8-ef689e21a27c",
        "x": 319.5,
        "y": 182.5,
        "width": 117.45,
        "height": 159.46,
        "angle": 0.7844,
        "detection_score": 1.0,
        "points": [
          {
            "x": 291.46,
            "y": 168.99,
            "type": 512,
            "name": "basic eye left"
          },
          {
            "x": 352.39,
            "y": 168.15,
            "type": 768,
            "name": "basic eye right"
          },
          {
            "x": 278.3,
            "y": 169.18,
            "type": 1024,
            "name": "basic eye left outer"
          },
          {
            "x": 365.17,
            "y": 167.97,
            "type": 1280,
            "name": "basic eye right outer"
          },
          {
            "x": 304.42,
            "y": 170.16,
            "type": 1536,
            "name": "basic eye left inner"
          },
          {
            "x": 339.98,
            "y": 169.69,
            "type": 1792,
            "name": "basic eye right inner"
          },
          {
            "x": 296.21,
            "y": 226.16,
            "type": 2048,
            "name": "basic mouth left"
          },
          {
            "x": 348.69,
            "y": 225.51,
            "type": 2304,
            "name": "basic mouth right"
          },
          {
            "x": 324.73,
            "y": 208.23,
            "type": 2560,
            "name": "basic nose tip"
          },
          {
            "x": 322.7,
            "y": 227.79,
            "type": 2816,
            "name": "basic mouth center"
          },
          {
            "x": 322.7,
            "y": 227.79,
            "type": 3072,
            "name": "basic eyebrow left"
          },
          {
            "x": 322.7,
            "y": 227.79,
            "type": 3328,
            "name": "basic eyebrow left inner corner"
          },
          {
            "x": 322.7,
            "y": 227.79,
            "type": 3584,
            "name": "basic eyebrow left outer corner"
          },
          {
            "x": 322.7,
            "y": 227.79,
            "type": 3840,
            "name": "basic eyebrow right"
          },
          {
            "x": 322.7,
            "y": 227.79,
            "type": 4096,
            "name": "basic eyebrow right inner corner"
          },
          {
            "x": 322.7,
            "y": 227.79,
            "type": 4352,
            "name": "basic eyebrow right outer corner"
          },
          {
            "x": 322.7,
            "y": 227.79,
            "type": 4608,
            "name": "basic chin bottom"
          },
          {
            "x": 322.7,
            "y": 227.79,
            "type": 4864,
            "name": "basic chin left"
          },
          {
            "x": 322.7,
            "y": 227.79,
            "type": 5120,
            "name": "basic chin right"
          },
          {
            "x": 308.42,
            "y": 207.83,
            "type": 5376,
            "name": "basic nose left"
          },
          {
            "x": 338.87,
            "y": 207.47,
            "type": 5632,
            "name": "basic nose right"
          }
        ],
        "user_points": null,
        "tags": [
          {
            "name": "5oclock shadow",
            "value": "no",
            "confidence": 0.63
          },
          {
            "name": "age",
            "value": "06",
            "confidence": 0.6
          },
          {
            "name": "arched eyebrows",
            "value": "no",
            "confidence": 0.63
          },
          {
            "name": "attractive",
            "value": "yes",
            "confidence": 1.0
          },
          {
            "name": "bags under eyes",
            "value": "yes",
            "confidence": 0.2
          },
          {
            "name": "bald",
            "value": "no",
            "confidence": 0.66
          },
          {
            "name": "bangs",
            "value": "no",
            "confidence": 0.56
          },
          {
            "name": "beard",
            "value": "no",
            "confidence": 0.79
          },
          {
            "name": "big lips",
            "value": "no",
            "confidence": 0.2
          },
          {
            "name": "big nose",
            "value": "no",
            "confidence": 0.24
          },
          {
            "name": "black hair",
            "value": "no",
            "confidence": 1.0
          },
          {
            "name": "blond hair",
            "value": "yes",
            "confidence": 0.52
          },
          {
            "name": "blurry",
            "value": "no",
            "confidence": 1.0
          },
          {
            "name": "brown hair",
            "value": "no",
            "confidence": 0.26
          },
          {
            "name": "bushy eyebrows",
            "value": "no",
            "confidence": 0.63
          },
          {
            "name": "chubby",
            "value": "no",
            "confidence": 1.0
          },
          {
            "name": "double chin",
            "value": "no",
            "confidence": 0.87
          },
          {
            "name": "expression",
            "value": "smile",
            "confidence": 0.92
          },
          {
            "name": "gender",
            "value": "female",
            "confidence": 0.29
          },
          {
            "name": "glasses",
            "value": "no",
            "confidence": 1.0
          },
          {
            "name": "goatee",
            "value": "no",
            "confidence": 1.0
          },
          {
            "name": "gray hair",
            "value": "no",
            "confidence": 0.45
          },
          {
            "name": "heavy makeup",
            "value": "no",
            "confidence": 0.5
          },
          {
            "name": "high cheekbones",
            "value": "yes",
            "confidence": 0.6
          },
          {
            "name": "mouth open",
            "value": "yes",
            "confidence": 0.84
          },
          {
            "name": "mustache",
            "value": "no",
            "confidence": 1.0
          },
          {
            "name": "narrow eyes",
            "value": "no",
            "confidence": 0.75
          },
          {
            "name": "oval face",
            "value": "yes",
            "confidence": 0.48
          },
          {
            "name": "pale skin",
            "value": "yes",
            "confidence": 1.0
          },
          {
            "name": "pitch",
            "value": "-8.34",
            "confidence": 1.0
          },
          {
            "name": "pointy nose",
            "value": "no",
            "confidence": 0.34
          },
          {
            "name": "race",
            "value": "white",
            "confidence": 1.0
          },
          {
            "name": "receding hairline",
            "value": "no",
            "confidence": 0.23
          },
          {
            "name": "rosy cheeks",
            "value": "no",
            "confidence": 0.92
          },
          {
            "name": "sideburns",
            "value": "no",
            "confidence": 1.0
          },
          {
            "name": "straight hair",
            "value": "yes",
            "confidence": 0.33
          },
          {
            "name": "wavy hair",
            "value": "no",
            "confidence": 0.78
          },
          {
            "name": "wearing earrings",
            "value": "no",
            "confidence": 0.13
          },
          {
            "name": "wearing hat",
            "value": "no",
            "confidence": 0.99
          },
          {
            "name": "wearing lipstick",
            "value": "no",
            "confidence": 0.02
          },
          {
            "name": "wearing necklace",
            "value": "no",
            "confidence": 0.58
          },
          {
            "name": "wearing necktie",
            "value": "no",
            "confidence": 0.36
          },
          {
            "name": "yaw",
            "value": "5.9",
            "confidence": 1.0
          },
          {
            "name": "young",
            "value": "yes",
            "confidence": 0.63
          }
        ],
        "person_id": "",
        "appearance_id": 0,
        "start": "00:00:00",
        "duration": "00:00:00"
      }
    ],
    "tags": null,
    "original_filename": "https://raw.githubusercontent.com/sarkrui/Hairstyle60k/master/Dataset/Fauxhawk/IMG_21.jpg",
    "duration": "00:00:00"
  },
  "recognize": null
}