{
  "media": {
    "media_uuid": "a66c151d-9e40-4340-ae76-553e93cd421d",
    "checksum": "a748958fea0572db2de628a18a3071ae9f1fac84eafe87a670e0238f86bbbef8",
    "faces": [
      {
        "face_uuid": "8a41a593-1534-11e9-99c4-0cc47a6c4dbd",
        "media_uuid": "a66c151d-9e40-4340-ae76-553e93cd421d",
        "x": 173.5,
        "y": 231.5,
        "width": 202.51,
        "height": 257.66,
        "angle": 19.1742,
        "detection_score": 1.0,
        "points": [
          {
            "x": 117.2,
            "y": 220.61,
            "type": 512,
            "name": "basic eye left"
          },
          {
            "x": 208.33,
            "y": 188.92,
            "type": 768,
            "name": "basic eye right"
          },
          {
            "x": 98.35,
            "y": 227.39,
            "type": 1024,
            "name": "basic eye left outer"
          },
          {
            "x": 228.8,
            "y": 182.08,
            "type": 1280,
            "name": "basic eye right outer"
          },
          {
            "x": 136.13,
            "y": 214.66,
            "type": 1536,
            "name": "basic eye left inner"
          },
          {
            "x": 188.08,
            "y": 196.57,
            "type": 1792,
            "name": "basic eye right inner"
          },
          {
            "x": 148.27,
            "y": 304.88,
            "type": 2048,
            "name": "basic mouth left"
          },
          {
            "x": 237.8,
            "y": 274.39,
            "type": 2304,
            "name": "basic mouth right"
          },
          {
            "x": 174.85,
            "y": 264.34,
            "type": 2560,
            "name": "basic nose tip"
          },
          {
            "x": 193.39,
            "y": 292.73,
            "type": 2816,
            "name": "basic mouth center"
          },
          {
            "x": 193.39,
            "y": 292.73,
            "type": 3072,
            "name": "basic eyebrow left"
          },
          {
            "x": 193.39,
            "y": 292.73,
            "type": 3328,
            "name": "basic eyebrow left inner corner"
          },
          {
            "x": 193.39,
            "y": 292.73,
            "type": 3584,
            "name": "basic eyebrow left outer corner"
          },
          {
            "x": 193.39,
            "y": 292.73,
            "type": 3840,
            "name": "basic eyebrow right"
          },
          {
            "x": 193.39,
            "y": 292.73,
            "type": 4096,
            "name": "basic eyebrow right inner corner"
          },
          {
            "x": 193.39,
            "y": 292.73,
            "type": 4352,
            "name": "basic eyebrow right outer corner"
          },
          {
            "x": 193.39,
            "y": 292.73,
            "type": 4608,
            "name": "basic chin bottom"
          },
          {
            "x": 193.39,
            "y": 292.73,
            "type": 4864,
            "name": "basic chin left"
          },
          {
            "x": 193.39,
            "y": 292.73,
            "type": 5120,
            "name": "basic chin right"
          },
          {
            "x": 152.3,
            "y": 268.87,
            "type": 5376,
            "name": "basic nose left"
          },
          {
            "x": 203.07,
            "y": 251.55,
            "type": 5632,
            "name": "basic nose right"
          }
        ],
        "user_points": null,
        "tags": [
          {
            "name": "5oclock shadow",
            "value": "yes",
            "confidence": 0.31
          },
          {
            "name": "age",
            "value": "40",
            "confidence": 0.6
          },
          {
            "name": "arched eyebrows",
            "value": "no",
            "confidence": 0.21
          },
          {
            "name": "attractive",
            "value": "no",
            "confidence": 0.15
          },
          {
            "name": "bags under eyes",
            "value": "yes",
            "confidence": 0.46
          },
          {
            "name": "bald",
            "value": "no",
            "confidence": 0.6
          },
          {
            "name": "bangs",
            "value": "no",
            "confidence": 1.0
          },
          {
            "name": "beard",
            "value": "no",
            "confidence": 0.17
          },
          {
            "name": "big lips",
            "value": "no",
            "confidence": 0.08
          },
          {
            "name": "big nose",
            "value": "yes",
            "confidence": 0.57
          },
          {
            "name": "black hair",
            "value": "yes",
            "confidence": 0.97
          },
          {
            "name": "blond hair",
            "value": "no",
            "confidence": 1.0
          },
          {
            "name": "blurry",
            "value": "no",
            "confidence": 0.79
          },
          {
            "name": "brown hair",
            "value": "no",
            "confidence": 0.97
          },
          {
            "name": "bushy eyebrows",
            "value": "yes",
            "confidence": 0.97
          },
          {
            "name": "chubby",
            "value": "no",
            "confidence": 0.09
          },
          {
            "name": "double chin",
            "value": "yes",
            "confidence": 0.03
          },
          {
            "name": "expression",
            "value": "smile",
            "confidence": 1.0
          },
          {
            "name": "gender",
            "value": "male",
            "confidence": 1.0
          },
          {
            "name": "glasses",
            "value": "no",
            "confidence": 1.0
          },
          {
            "name": "goatee",
            "value": "no",
            "confidence": 0.65
          },
          {
            "name": "gray hair",
            "value": "no",
            "confidence": 0.94
          },
          {
            "name": "heavy makeup",
            "value": "no",
            "confidence": 0.96
          },
          {
            "name": "high cheekbones",
            "value": "yes",
            "confidence": 0.93
          },
          {
            "name": "mouth open",
            "value": "yes",
            "confidence": 1.0
          },
          {
            "name": "mustache",
            "value": "no",
            "confidence": 0.44
          },
          {
            "name": "narrow eyes",
            "value": "yes",
            "confidence": 0.28
          },
          {
            "name": "oval face",
            "value": "yes",
            "confidence": 0.35
          },
          {
            "name": "pale skin",
            "value": "no",
            "confidence": 0.87
          },
          {
            "name": "pitch",
            "value": "-9.83",
            "confidence": 1.0
          },
          {
            "name": "pointy nose",
            "value": "no",
            "confidence": 0.54
          },
          {
            "name": "race",
            "value": "asian",
            "confidence": 0.82
          },
          {
            "name": "receding hairline",
            "value": "no",
            "confidence": 0.13
          },
          {
            "name": "rosy cheeks",
            "value": "no",
            "confidence": 0.75
          },
          {
            "name": "sideburns",
            "value": "no",
            "confidence": 0.81
          },
          {
            "name": "straight hair",
            "value": "yes",
            "confidence": 0.45
          },
          {
            "name": "wavy hair",
            "value": "no",
            "confidence": 0.98
          },
          {
            "name": "wearing earrings",
            "value": "no",
            "confidence": 0.7
          },
          {
            "name": "wearing hat",
            "value": "no",
            "confidence": 0.72
          },
          {
            "name": "wearing lipstick",
            "value": "no",
            "confidence": 0.98
          },
          {
            "name": "wearing necklace",
            "value": "no",
            "confidence": 0.94
          },
          {
            "name": "wearing necktie",
            "value": "yes",
            "confidence": 0.34
          },
          {
            "name": "yaw",
            "value": "1.17",
            "confidence": 1.0
          },
          {
            "name": "young",
            "value": "yes",
            "confidence": 0.44
          }
        ],
        "person_id": "",
        "appearance_id": 0,
        "start": "00:00:00",
        "duration": "00:00:00"
      }
    ],
    "tags": null,
    "original_filename": "https://raw.githubusercontent.com/sarkrui/Hairstyle60k/master/Dataset/Fauxhawk/IMG_17.jpg",
    "duration": "00:00:00"
  },
  "recognize": null
}