{
  "media": {
    "media_uuid": "84d406f4-aac3-4f60-a9ea-c0f67e0b0e3c",
    "checksum": "c17ac3592681a94f6c3f3f998bc6c2d57956d12d44b657af9487e14f6aff46d2",
    "faces": [
      {
        "face_uuid": "843d8c70-1534-11e9-99c4-0cc47a6c4dbd",
        "media_uuid": "84d406f4-aac3-4f60-a9ea-c0f67e0b0e3c",
        "x": 117.0,
        "y": 240.5,
        "width": 156.47,
        "height": 201.86,
        "angle": 0.81,
        "detection_score": 1.0,
        "points": [
          {
            "x": 77.15,
            "y": 225.49,
            "type": 512,
            "name": "basic eye left"
          },
          {
            "x": 149.0,
            "y": 224.48,
            "type": 768,
            "name": "basic eye right"
          },
          {
            "x": 61.68,
            "y": 225.43,
            "type": 1024,
            "name": "basic eye left outer"
          },
          {
            "x": 165.07,
            "y": 224.02,
            "type": 1280,
            "name": "basic eye right outer"
          },
          {
            "x": 92.51,
            "y": 226.59,
            "type": 1536,
            "name": "basic eye left inner"
          },
          {
            "x": 133.02,
            "y": 225.94,
            "type": 1792,
            "name": "basic eye right inner"
          },
          {
            "x": 87.2,
            "y": 304.36,
            "type": 2048,
            "name": "basic mouth left"
          },
          {
            "x": 140.72,
            "y": 305.4,
            "type": 2304,
            "name": "basic mouth right"
          },
          {
            "x": 109.9,
            "y": 281.16,
            "type": 2560,
            "name": "basic nose tip"
          },
          {
            "x": 113.62,
            "y": 306.35,
            "type": 2816,
            "name": "basic mouth center"
          },
          {
            "x": 113.62,
            "y": 306.35,
            "type": 3072,
            "name": "basic eyebrow left"
          },
          {
            "x": 113.62,
            "y": 306.35,
            "type": 3328,
            "name": "basic eyebrow left inner corner"
          },
          {
            "x": 113.62,
            "y": 306.35,
            "type": 3584,
            "name": "basic eyebrow left outer corner"
          },
          {
            "x": 113.62,
            "y": 306.35,
            "type": 3840,
            "name": "basic eyebrow right"
          },
          {
            "x": 113.62,
            "y": 306.35,
            "type": 4096,
            "name": "basic eyebrow right inner corner"
          },
          {
            "x": 113.62,
            "y": 306.35,
            "type": 4352,
            "name": "basic eyebrow right outer corner"
          },
          {
            "x": 113.62,
            "y": 306.35,
            "type": 4608,
            "name": "basic chin bottom"
          },
          {
            "x": 113.62,
            "y": 306.35,
            "type": 4864,
            "name": "basic chin left"
          },
          {
            "x": 113.62,
            "y": 306.35,
            "type": 5120,
            "name": "basic chin right"
          },
          {
            "x": 93.63,
            "y": 277.38,
            "type": 5376,
            "name": "basic nose left"
          },
          {
            "x": 130.32,
            "y": 277.51,
            "type": 5632,
            "name": "basic nose right"
          }
        ],
        "user_points": null,
        "tags": [
          {
            "name": "5oclock shadow",
            "value": "yes",
            "confidence": 0.58
          },
          {
            "name": "age",
            "value": "23",
            "confidence": 0.6
          },
          {
            "name": "arched eyebrows",
            "value": "no",
            "confidence": 0.84
          },
          {
            "name": "attractive",
            "value": "yes",
            "confidence": 0.45
          },
          {
            "name": "bags under eyes",
            "value": "no",
            "confidence": 0.19
          },
          {
            "name": "bald",
            "value": "no",
            "confidence": 0.77
          },
          {
            "name": "bangs",
            "value": "no",
            "confidence": 1.0
          },
          {
            "name": "beard",
            "value": "yes",
            "confidence": 0.39
          },
          {
            "name": "big lips",
            "value": "no",
            "confidence": 0.24
          },
          {
            "name": "big nose",
            "value": "no",
            "confidence": 0.24
          },
          {
            "name": "black hair",
            "value": "no",
            "confidence": 0.15
          },
          {
            "name": "blond hair",
            "value": "no",
            "confidence": 0.81
          },
          {
            "name": "blurry",
            "value": "no",
            "confidence": 0.69
          },
          {
            "name": "brown hair",
            "value": "yes",
            "confidence": 0.01
          },
          {
            "name": "bushy eyebrows",
            "value": "no",
            "confidence": 0.46
          },
          {
            "name": "chubby",
            "value": "no",
            "confidence": 1.0
          },
          {
            "name": "double chin",
            "value": "no",
            "confidence": 1.0
          },
          {
            "name": "expression",
            "value": "neutral",
            "confidence": 0.93
          },
          {
            "name": "gender",
            "value": "male",
            "confidence": 0.83
          },
          {
            "name": "glasses",
            "value": "no",
            "confidence": 1.0
          },
          {
            "name": "goatee",
            "value": "no",
            "confidence": 0.08
          },
          {
            "name": "gray hair",
            "value": "no",
            "confidence": 1.0
          },
          {
            "name": "heavy makeup",
            "value": "no",
            "confidence": 0.88
          },
          {
            "name": "high cheekbones",
            "value": "no",
            "confidence": 0.92
          },
          {
            "name": "mouth open",
            "value": "no",
            "confidence": 1.0
          },
          {
            "name": "mustache",
            "value": "no",
            "confidence": 0.17
          },
          {
            "name": "narrow eyes",
            "value": "no",
            "confidence": 0.66
          },
          {
            "name": "oval face",
            "value": "no",
            "confidence": 0.47
          },
          {
            "name": "pale skin",
            "value": "yes",
            "confidence": 0.15
          },
          {
            "name": "pitch",
            "value": "-6.45",
            "confidence": 1.0
          },
          {
            "name": "pointy nose",
            "value": "yes",
            "confidence": 0.27
          },
          {
            "name": "race",
            "value": "white",
            "confidence": 1.0
          },
          {
            "name": "receding hairline",
            "value": "no",
            "confidence": 0.2
          },
          {
            "name": "rosy cheeks",
            "value": "no",
            "confidence": 1.0
          },
          {
            "name": "sideburns",
            "value": "yes",
            "confidence": 0.01
          },
          {
            "name": "straight hair",
            "value": "yes",
            "confidence": 0.54
          },
          {
            "name": "wavy hair",
            "value": "no",
            "confidence": 0.9
          },
          {
            "name": "wearing earrings",
            "value": "no",
            "confidence": 1.0
          },
          {
            "name": "wearing hat",
            "value": "no",
            "confidence": 1.0
          },
          {
            "name": "wearing lipstick",
            "value": "no",
            "confidence": 0.89
          },
          {
            "name": "wearing necklace",
            "value": "no",
            "confidence": 0.94
          },
          {
            "name": "wearing necktie",
            "value": "no",
            "confidence": 0.16
          },
          {
            "name": "yaw",
            "value": "3.61",
            "confidence": 1.0
          },
          {
            "name": "young",
            "value": "yes",
            "confidence": 0.8
          }
        ],
        "person_id": "",
        "appearance_id": 0,
        "start": "00:00:00",
        "duration": "00:00:00"
      }
    ],
    "tags": null,
    "original_filename": "https://raw.githubusercontent.com/sarkrui/Hairstyle60k/master/Dataset/Fauxhawk/IMG_11.jpg",
    "duration": "00:00:00"
  },
  "recognize": null
}