{
  "media": {
    "media_uuid": "8ac66b1e-dd32-49bd-b609-449bbb9b8864",
    "checksum": "ad07ac90d9227f288b495984d377f47624582c6f08625162c41bf38527325c8f",
    "faces": [
      {
        "face_uuid": "769b6649-1534-11e9-99c4-0cc47a6c4dbd",
        "media_uuid": "8ac66b1e-dd32-49bd-b609-449bbb9b8864",
        "x": 230.5,
        "y": 327.5,
        "width": 277.75,
        "height": 346.48,
        "angle": 4.3358,
        "detection_score": 1.0,
        "points": [
          {
            "x": 151.09,
            "y": 306.52,
            "type": 512,
            "name": "basic eye left"
          },
          {
            "x": 273.97,
            "y": 297.21,
            "type": 768,
            "name": "basic eye right"
          },
          {
            "x": 126.2,
            "y": 310.25,
            "type": 1024,
            "name": "basic eye left outer"
          },
          {
            "x": 300.24,
            "y": 297.13,
            "type": 1280,
            "name": "basic eye right outer"
          },
          {
            "x": 175.73,
            "y": 305.65,
            "type": 1536,
            "name": "basic eye left inner"
          },
          {
            "x": 248.37,
            "y": 300.1,
            "type": 1792,
            "name": "basic eye right inner"
          },
          {
            "x": 173.48,
            "y": 430.16,
            "type": 2048,
            "name": "basic mouth left"
          },
          {
            "x": 269.98,
            "y": 421.68,
            "type": 2304,
            "name": "basic mouth right"
          },
          {
            "x": 209.66,
            "y": 357.68,
            "type": 2560,
            "name": "basic nose tip"
          },
          {
            "x": 220.83,
            "y": 425.72,
            "type": 2816,
            "name": "basic mouth center"
          },
          {
            "x": 220.83,
            "y": 425.72,
            "type": 3072,
            "name": "basic eyebrow left"
          },
          {
            "x": 220.83,
            "y": 425.72,
            "type": 3328,
            "name": "basic eyebrow left inner corner"
          },
          {
            "x": 220.83,
            "y": 425.72,
            "type": 3584,
            "name": "basic eyebrow left outer corner"
          },
          {
            "x": 220.83,
            "y": 425.72,
            "type": 3840,
            "name": "basic eyebrow right"
          },
          {
            "x": 220.83,
            "y": 425.72,
            "type": 4096,
            "name": "basic eyebrow right inner corner"
          },
          {
            "x": 220.83,
            "y": 425.72,
            "type": 4352,
            "name": "basic eyebrow right outer corner"
          },
          {
            "x": 220.83,
            "y": 425.72,
            "type": 4608,
            "name": "basic chin bottom"
          },
          {
            "x": 220.83,
            "y": 425.72,
            "type": 4864,
            "name": "basic chin left"
          },
          {
            "x": 220.83,
            "y": 425.72,
            "type": 5120,
            "name": "basic chin right"
          },
          {
            "x": 183.16,
            "y": 374.66,
            "type": 5376,
            "name": "basic nose left"
          },
          {
            "x": 244.9,
            "y": 369.66,
            "type": 5632,
            "name": "basic nose right"
          }
        ],
        "user_points": null,
        "tags": [
          {
            "name": "5oclock shadow",
            "value": "no",
            "confidence": 0.39
          },
          {
            "name": "age",
            "value": "30",
            "confidence": 0.6
          },
          {
            "name": "arched eyebrows",
            "value": "no",
            "confidence": 0.94
          },
          {
            "name": "attractive",
            "value": "no",
            "confidence": 0.5
          },
          {
            "name": "bags under eyes",
            "value": "no",
            "confidence": 1.0
          },
          {
            "name": "bald",
            "value": "no",
            "confidence": 0.33
          },
          {
            "name": "bangs",
            "value": "no",
            "confidence": 1.0
          },
          {
            "name": "beard",
            "value": "no",
            "confidence": 0.31
          },
          {
            "name": "big lips",
            "value": "yes",
            "confidence": 0.01
          },
          {
            "name": "big nose",
            "value": "yes",
            "confidence": 0.19
          },
          {
            "name": "black hair",
            "value": "yes",
            "confidence": 0.07
          },
          {
            "name": "blond hair",
            "value": "no",
            "confidence": 1.0
          },
          {
            "name": "blurry",
            "value": "no",
            "confidence": 0.45
          },
          {
            "name": "brown hair",
            "value": "no",
            "confidence": 0.21
          },
          {
            "name": "bushy eyebrows",
            "value": "no",
            "confidence": 0.56
          },
          {
            "name": "chubby",
            "value": "yes",
            "confidence": 0.06
          },
          {
            "name": "double chin",
            "value": "no",
            "confidence": 0.27
          },
          {
            "name": "expression",
            "value": "neutral",
            "confidence": 0.92
          },
          {
            "name": "gender",
            "value": "male",
            "confidence": 0.47
          },
          {
            "name": "glasses",
            "value": "no",
            "confidence": 0.7
          },
          {
            "name": "goatee",
            "value": "no",
            "confidence": 0.53
          },
          {
            "name": "gray hair",
            "value": "no",
            "confidence": 0.53
          },
          {
            "name": "heavy makeup",
            "value": "no",
            "confidence": 0.71
          },
          {
            "name": "high cheekbones",
            "value": "no",
            "confidence": 0.88
          },
          {
            "name": "mouth open",
            "value": "no",
            "confidence": 0.88
          },
          {
            "name": "mustache",
            "value": "no",
            "confidence": 0.25
          },
          {
            "name": "narrow eyes",
            "value": "no",
            "confidence": 1.0
          },
          {
            "name": "oval face",
            "value": "no",
            "confidence": 0.12
          },
          {
            "name": "pale skin",
            "value": "no",
            "confidence": 0.05
          },
          {
            "name": "pitch",
            "value": "-7.81",
            "confidence": 1.0
          },
          {
            "name": "pointy nose",
            "value": "no",
            "confidence": 0.64
          },
          {
            "name": "race",
            "value": "white",
            "confidence": 0.95
          },
          {
            "name": "receding hairline",
            "value": "yes",
            "confidence": 0.02
          },
          {
            "name": "rosy cheeks",
            "value": "no",
            "confidence": 1.0
          },
          {
            "name": "sideburns",
            "value": "no",
            "confidence": 0.69
          },
          {
            "name": "straight hair",
            "value": "yes",
            "confidence": 0.07
          },
          {
            "name": "wavy hair",
            "value": "no",
            "confidence": 0.44
          },
          {
            "name": "wearing earrings",
            "value": "no",
            "confidence": 0.54
          },
          {
            "name": "wearing hat",
            "value": "no",
            "confidence": 0.58
          },
          {
            "name": "wearing lipstick",
            "value": "no",
            "confidence": 0.65
          },
          {
            "name": "wearing necklace",
            "value": "no",
            "confidence": 0.53
          },
          {
            "name": "wearing necktie",
            "value": "no",
            "confidence": 0.18
          },
          {
            "name": "yaw",
            "value": "7.87",
            "confidence": 1.0
          },
          {
            "name": "young",
            "value": "yes",
            "confidence": 0.11
          }
        ],
        "person_id": "",
        "appearance_id": 0,
        "start": "00:00:00",
        "duration": "00:00:00"
      }
    ],
    "tags": null,
    "original_filename": "https://raw.githubusercontent.com/sarkrui/Hairstyle60k/master/Dataset/Fauxhawk/IMG_1.jpg",
    "duration": "00:00:00"
  },
  "recognize": null
}