{
  "media": {
    "media_uuid": "c5f339cf-d440-4daa-9458-03666f57f476",
    "checksum": "85e9e461dc61e05230042ed25d980ab32e563975b1418e4b50452b95fe95f3cd",
    "faces": [
      {
        "face_uuid": "946ff45c-1534-11e9-99c4-0cc47a6c4dbd",
        "media_uuid": "c5f339cf-d440-4daa-9458-03666f57f476",
        "x": 357.96,
        "y": 435.9,
        "width": 245.71,
        "height": 397.35,
        "angle": 23.283,
        "detection_score": 1.0,
        "points": [
          {
            "x": 264.13,
            "y": 402.68,
            "type": 512,
            "name": "basic eye left"
          },
          {
            "x": 417.68,
            "y": 336.6,
            "type": 768,
            "name": "basic eye right"
          },
          {
            "x": 230.22,
            "y": 417.17,
            "type": 1024,
            "name": "basic eye left outer"
          },
          {
            "x": 448.08,
            "y": 323.3,
            "type": 1280,
            "name": "basic eye right outer"
          },
          {
            "x": 298.94,
            "y": 392.07,
            "type": 1536,
            "name": "basic eye left inner"
          },
          {
            "x": 389.37,
            "y": 353.26,
            "type": 1792,
            "name": "basic eye right inner"
          },
          {
            "x": 353.4,
            "y": 551.17,
            "type": 2048,
            "name": "basic mouth left"
          },
          {
            "x": 472.68,
            "y": 487.79,
            "type": 2304,
            "name": "basic mouth right"
          },
          {
            "x": 399.51,
            "y": 462.83,
            "type": 2560,
            "name": "basic nose tip"
          },
          {
            "x": 415.11,
            "y": 521.11,
            "type": 2816,
            "name": "basic mouth center"
          },
          {
            "x": 415.11,
            "y": 521.11,
            "type": 3072,
            "name": "basic eyebrow left"
          },
          {
            "x": 415.11,
            "y": 521.11,
            "type": 3328,
            "name": "basic eyebrow left inner corner"
          },
          {
            "x": 415.11,
            "y": 521.11,
            "type": 3584,
            "name": "basic eyebrow left outer corner"
          },
          {
            "x": 415.11,
            "y": 521.11,
            "type": 3840,
            "name": "basic eyebrow right"
          },
          {
            "x": 415.11,
            "y": 521.11,
            "type": 4096,
            "name": "basic eyebrow right inner corner"
          },
          {
            "x": 415.11,
            "y": 521.11,
            "type": 4352,
            "name": "basic eyebrow right outer corner"
          },
          {
            "x": 415.11,
            "y": 521.11,
            "type": 4608,
            "name": "basic chin bottom"
          },
          {
            "x": 415.11,
            "y": 521.11,
            "type": 4864,
            "name": "basic chin left"
          },
          {
            "x": 415.11,
            "y": 521.11,
            "type": 5120,
            "name": "basic chin right"
          },
          {
            "x": 355.53,
            "y": 487.02,
            "type": 5376,
            "name": "basic nose left"
          },
          {
            "x": 433.95,
            "y": 448.38,
            "type": 5632,
            "name": "basic nose right"
          }
        ],
        "user_points": null,
        "tags": [
          {
            "name": "5oclock shadow",
            "value": "no",
            "confidence": 0.5
          },
          {
            "name": "age",
            "value": "09",
            "confidence": 0.6
          },
          {
            "name": "arched eyebrows",
            "value": "no",
            "confidence": 1.0
          },
          {
            "name": "attractive",
            "value": "no",
            "confidence": 0.92
          },
          {
            "name": "bags under eyes",
            "value": "no",
            "confidence": 0.73
          },
          {
            "name": "bald",
            "value": "no",
            "confidence": 0.77
          },
          {
            "name": "bangs",
            "value": "yes",
            "confidence": 0.26
          },
          {
            "name": "beard",
            "value": "no",
            "confidence": 0.68
          },
          {
            "name": "big lips",
            "value": "no",
            "confidence": 0.41
          },
          {
            "name": "big nose",
            "value": "no",
            "confidence": 0.22
          },
          {
            "name": "black hair",
            "value": "yes",
            "confidence": 0.4
          },
          {
            "name": "blond hair",
            "value": "no",
            "confidence": 1.0
          },
          {
            "name": "blurry",
            "value": "yes",
            "confidence": 0.25
          },
          {
            "name": "brown hair",
            "value": "no",
            "confidence": 0.83
          },
          {
            "name": "bushy eyebrows",
            "value": "no",
            "confidence": 0.65
          },
          {
            "name": "chubby",
            "value": "no",
            "confidence": 0.32
          },
          {
            "name": "double chin",
            "value": "no",
            "confidence": 0.64
          },
          {
            "name": "expression",
            "value": "neutral",
            "confidence": 0.83
          },
          {
            "name": "gender",
            "value": "male",
            "confidence": 0.66
          },
          {
            "name": "glasses",
            "value": "no",
            "confidence": 1.0
          },
          {
            "name": "goatee",
            "value": "no",
            "confidence": 1.0
          },
          {
            "name": "gray hair",
            "value": "no",
            "confidence": 0.86
          },
          {
            "name": "heavy makeup",
            "value": "no",
            "confidence": 0.96
          },
          {
            "name": "high cheekbones",
            "value": "no",
            "confidence": 0.72
          },
          {
            "name": "mouth open",
            "value": "no",
            "confidence": 0.68
          },
          {
            "name": "mustache",
            "value": "no",
            "confidence": 0.72
          },
          {
            "name": "narrow eyes",
            "value": "no",
            "confidence": 0.26
          },
          {
            "name": "oval face",
            "value": "no",
            "confidence": 0.18
          },
          {
            "name": "pale skin",
            "value": "yes",
            "confidence": 0.13
          },
          {
            "name": "pitch",
            "value": "-6.33",
            "confidence": 1.0
          },
          {
            "name": "pointy nose",
            "value": "no",
            "confidence": 0.88
          },
          {
            "name": "race",
            "value": "asian",
            "confidence": 0.83
          },
          {
            "name": "receding hairline",
            "value": "no",
            "confidence": 0.95
          },
          {
            "name": "rosy cheeks",
            "value": "no",
            "confidence": 1.0
          },
          {
            "name": "sideburns",
            "value": "no",
            "confidence": 1.0
          },
          {
            "name": "straight hair",
            "value": "no",
            "confidence": 0.14
          },
          {
            "name": "wavy hair",
            "value": "no",
            "confidence": 0.68
          },
          {
            "name": "wearing earrings",
            "value": "no",
            "confidence": 0.72
          },
          {
            "name": "wearing hat",
            "value": "yes",
            "confidence": 0.55
          },
          {
            "name": "wearing lipstick",
            "value": "no",
            "confidence": 1.0
          },
          {
            "name": "wearing necklace",
            "value": "no",
            "confidence": 0.75
          },
          {
            "name": "wearing necktie",
            "value": "no",
            "confidence": 0.44
          },
          {
            "name": "yaw",
            "value": "-41.42",
            "confidence": 1.0
          },
          {
            "name": "young",
            "value": "yes",
            "confidence": 0.19
          }
        ],
        "person_id": "",
        "appearance_id": 0,
        "start": "00:00:00",
        "duration": "00:00:00"
      }
    ],
    "tags": null,
    "original_filename": "https://raw.githubusercontent.com/sarkrui/Hairstyle60k/master/Dataset/Flattop/IMG_4.jpg",
    "duration": "00:00:00"
  },
  "recognize": null
}