{
  "media": {
    "media_uuid": "25a50888-862a-404b-abb3-c73e06cb6250",
    "checksum": "3ee84a1debda20fdccc87ddca10ebc8035bf2052bcbba4d772c0769d5610c36c",
    "faces": [
      {
        "face_uuid": "957b93ba-1534-11e9-99c4-0cc47a6c4dbd",
        "media_uuid": "25a50888-862a-404b-abb3-c73e06cb6250",
        "x": 218.5,
        "y": 308.5,
        "width": 266.34,
        "height": 344.62,
        "angle": 5.7291,
        "detection_score": 1.0,
        "points": [
          {
            "x": 98.99,
            "y": 285.05,
            "type": 512,
            "name": "basic eye left"
          },
          {
            "x": 221.47,
            "y": 272.76,
            "type": 768,
            "name": "basic eye right"
          },
          {
            "x": 75.64,
            "y": 288.42,
            "type": 1024,
            "name": "basic eye left outer"
          },
          {
            "x": 251.15,
            "y": 271.49,
            "type": 1280,
            "name": "basic eye right outer"
          },
          {
            "x": 121.91,
            "y": 282.93,
            "type": 1536,
            "name": "basic eye left inner"
          },
          {
            "x": 192.95,
            "y": 275.56,
            "type": 1792,
            "name": "basic eye right inner"
          },
          {
            "x": 116.26,
            "y": 413.95,
            "type": 2048,
            "name": "basic mouth left"
          },
          {
            "x": 214.56,
            "y": 415.25,
            "type": 2304,
            "name": "basic mouth right"
          },
          {
            "x": 134.15,
            "y": 353.98,
            "type": 2560,
            "name": "basic nose tip"
          },
          {
            "x": 162.59,
            "y": 415.04,
            "type": 2816,
            "name": "basic mouth center"
          },
          {
            "x": 162.59,
            "y": 415.04,
            "type": 3072,
            "name": "basic eyebrow left"
          },
          {
            "x": 162.59,
            "y": 415.04,
            "type": 3328,
            "name": "basic eyebrow left inner corner"
          },
          {
            "x": 162.59,
            "y": 415.04,
            "type": 3584,
            "name": "basic eyebrow left outer corner"
          },
          {
            "x": 162.59,
            "y": 415.04,
            "type": 3840,
            "name": "basic eyebrow right"
          },
          {
            "x": 162.59,
            "y": 415.04,
            "type": 4096,
            "name": "basic eyebrow right inner corner"
          },
          {
            "x": 162.59,
            "y": 415.04,
            "type": 4352,
            "name": "basic eyebrow right outer corner"
          },
          {
            "x": 162.59,
            "y": 415.04,
            "type": 4608,
            "name": "basic chin bottom"
          },
          {
            "x": 162.59,
            "y": 415.04,
            "type": 4864,
            "name": "basic chin left"
          },
          {
            "x": 162.59,
            "y": 415.04,
            "type": 5120,
            "name": "basic chin right"
          },
          {
            "x": 117.28,
            "y": 363.87,
            "type": 5376,
            "name": "basic nose left"
          },
          {
            "x": 181.71,
            "y": 362.23,
            "type": 5632,
            "name": "basic nose right"
          }
        ],
        "user_points": null,
        "tags": [
          {
            "name": "5oclock shadow",
            "value": "yes",
            "confidence": 0.56
          },
          {
            "name": "age",
            "value": "28",
            "confidence": 0.6
          },
          {
            "name": "arched eyebrows",
            "value": "no",
            "confidence": 0.97
          },
          {
            "name": "attractive",
            "value": "yes",
            "confidence": 0.6
          },
          {
            "name": "bags under eyes",
            "value": "no",
            "confidence": 0.41
          },
          {
            "name": "bald",
            "value": "no",
            "confidence": 1.0
          },
          {
            "name": "bangs",
            "value": "no",
            "confidence": 0.49
          },
          {
            "name": "beard",
            "value": "yes",
            "confidence": 0.19
          },
          {
            "name": "big lips",
            "value": "no",
            "confidence": 0.35
          },
          {
            "name": "big nose",
            "value": "no",
            "confidence": 0.54
          },
          {
            "name": "black hair",
            "value": "yes",
            "confidence": 0.03
          },
          {
            "name": "blond hair",
            "value": "no",
            "confidence": 1.0
          },
          {
            "name": "blurry",
            "value": "no",
            "confidence": 0.8
          },
          {
            "name": "brown hair",
            "value": "yes",
            "confidence": 0.08
          },
          {
            "name": "bushy eyebrows",
            "value": "no",
            "confidence": 0.01
          },
          {
            "name": "chubby",
            "value": "no",
            "confidence": 1.0
          },
          {
            "name": "double chin",
            "value": "no",
            "confidence": 1.0
          },
          {
            "name": "expression",
            "value": "neutral",
            "confidence": 0.98
          },
          {
            "name": "gender",
            "value": "male",
            "confidence": 1.0
          },
          {
            "name": "glasses",
            "value": "no",
            "confidence": 1.0
          },
          {
            "name": "goatee",
            "value": "no",
            "confidence": 0.36
          },
          {
            "name": "gray hair",
            "value": "no",
            "confidence": 1.0
          },
          {
            "name": "heavy makeup",
            "value": "no",
            "confidence": 0.88
          },
          {
            "name": "high cheekbones",
            "value": "no",
            "confidence": 0.93
          },
          {
            "name": "mouth open",
            "value": "no",
            "confidence": 0.92
          },
          {
            "name": "mustache",
            "value": "no",
            "confidence": 0.34
          },
          {
            "name": "narrow eyes",
            "value": "no",
            "confidence": 0.1
          },
          {
            "name": "oval face",
            "value": "no",
            "confidence": 0.68
          },
          {
            "name": "pale skin",
            "value": "yes",
            "confidence": 0.63
          },
          {
            "name": "pitch",
            "value": "-5.98",
            "confidence": 1.0
          },
          {
            "name": "pointy nose",
            "value": "yes",
            "confidence": 0.17
          },
          {
            "name": "race",
            "value": "asian",
            "confidence": 0.98
          },
          {
            "name": "receding hairline",
            "value": "no",
            "confidence": 1.0
          },
          {
            "name": "rosy cheeks",
            "value": "no",
            "confidence": 1.0
          },
          {
            "name": "sideburns",
            "value": "no",
            "confidence": 0.26
          },
          {
            "name": "straight hair",
            "value": "yes",
            "confidence": 0.44
          },
          {
            "name": "wavy hair",
            "value": "no",
            "confidence": 0.65
          },
          {
            "name": "wearing earrings",
            "value": "no",
            "confidence": 0.89
          },
          {
            "name": "wearing hat",
            "value": "no",
            "confidence": 0.61
          },
          {
            "name": "wearing lipstick",
            "value": "no",
            "confidence": 0.92
          },
          {
            "name": "wearing necklace",
            "value": "no",
            "confidence": 1.0
          },
          {
            "name": "wearing necktie",
            "value": "yes",
            "confidence": 0.06
          },
          {
            "name": "yaw",
            "value": "51.07",
            "confidence": 1.0
          },
          {
            "name": "young",
            "value": "yes",
            "confidence": 0.88
          }
        ],
        "person_id": "",
        "appearance_id": 0,
        "start": "00:00:00",
        "duration": "00:00:00"
      }
    ],
    "tags": null,
    "original_filename": "https://raw.githubusercontent.com/sarkrui/Hairstyle60k/master/Dataset/Flattop/IMG_5.jpg",
    "duration": "00:00:00"
  },
  "recognize": null
}