{
  "media": {
    "media_uuid": "53435634-ddea-45b7-a455-c7b5f8eab088",
    "checksum": "7adcee08664a75da244c9bebab65755bb15f9bf7e1ce7dfa464ffbeb7c742193",
    "faces": [
      {
        "face_uuid": "a850c932-1534-11e9-99c4-0cc47a6c4dbd",
        "media_uuid": "53435634-ddea-45b7-a455-c7b5f8eab088",
        "x": 379.74,
        "y": 510.69,
        "width": 314.8,
        "height": 468.51,
        "angle": -7.1203,
        "detection_score": 1.0,
        "points": [
          {
            "x": 280.11,
            "y": 424.84,
            "type": 512,
            "name": "basic eye left"
          },
          {
            "x": 491.03,
            "y": 451.19,
            "type": 768,
            "name": "basic eye right"
          },
          {
            "x": 234.1,
            "y": 420.95,
            "type": 1024,
            "name": "basic eye left outer"
          },
          {
            "x": 532.57,
            "y": 456.86,
            "type": 1280,
            "name": "basic eye right outer"
          },
          {
            "x": 324.62,
            "y": 432.99,
            "type": 1536,
            "name": "basic eye left inner"
          },
          {
            "x": 449.44,
            "y": 449.32,
            "type": 1792,
            "name": "basic eye right inner"
          },
          {
            "x": 317.78,
            "y": 650.86,
            "type": 2048,
            "name": "basic mouth left"
          },
          {
            "x": 477.06,
            "y": 660.1,
            "type": 2304,
            "name": "basic mouth right"
          },
          {
            "x": 427.66,
            "y": 561.25,
            "type": 2560,
            "name": "basic nose tip"
          },
          {
            "x": 398.98,
            "y": 655.78,
            "type": 2816,
            "name": "basic mouth center"
          },
          {
            "x": 398.98,
            "y": 655.78,
            "type": 3072,
            "name": "basic eyebrow left"
          },
          {
            "x": 398.98,
            "y": 655.78,
            "type": 3328,
            "name": "basic eyebrow left inner corner"
          },
          {
            "x": 398.98,
            "y": 655.78,
            "type": 3584,
            "name": "basic eyebrow left outer corner"
          },
          {
            "x": 398.98,
            "y": 655.78,
            "type": 3840,
            "name": "basic eyebrow right"
          },
          {
            "x": 398.98,
            "y": 655.78,
            "type": 4096,
            "name": "basic eyebrow right inner corner"
          },
          {
            "x": 398.98,
            "y": 655.78,
            "type": 4352,
            "name": "basic eyebrow right outer corner"
          },
          {
            "x": 398.98,
            "y": 655.78,
            "type": 4608,
            "name": "basic chin bottom"
          },
          {
            "x": 398.98,
            "y": 655.78,
            "type": 4864,
            "name": "basic chin left"
          },
          {
            "x": 398.98,
            "y": 655.78,
            "type": 5120,
            "name": "basic chin right"
          },
          {
            "x": 360.6,
            "y": 571.34,
            "type": 5376,
            "name": "basic nose left"
          },
          {
            "x": 466.15,
            "y": 576.51,
            "type": 5632,
            "name": "basic nose right"
          }
        ],
        "user_points": null,
        "tags": [
          {
            "name": "5oclock shadow",
            "value": "yes",
            "confidence": 0.06
          },
          {
            "name": "age",
            "value": "16",
            "confidence": 0.6
          },
          {
            "name": "arched eyebrows",
            "value": "no",
            "confidence": 1.0
          },
          {
            "name": "attractive",
            "value": "no",
            "confidence": 0.92
          },
          {
            "name": "bags under eyes",
            "value": "no",
            "confidence": 0.45
          },
          {
            "name": "bald",
            "value": "no",
            "confidence": 0.55
          },
          {
            "name": "bangs",
            "value": "no",
            "confidence": 0.59
          },
          {
            "name": "beard",
            "value": "no",
            "confidence": 0.04
          },
          {
            "name": "big lips",
            "value": "no",
            "confidence": 0.9
          },
          {
            "name": "big nose",
            "value": "no",
            "confidence": 0.42
          },
          {
            "name": "black hair",
            "value": "no",
            "confidence": 1.0
          },
          {
            "name": "blond hair",
            "value": "no",
            "confidence": 0.45
          },
          {
            "name": "blurry",
            "value": "yes",
            "confidence": 0.43
          },
          {
            "name": "brown hair",
            "value": "yes",
            "confidence": 0.28
          },
          {
            "name": "bushy eyebrows",
            "value": "no",
            "confidence": 1.0
          },
          {
            "name": "chubby",
            "value": "no",
            "confidence": 0.46
          },
          {
            "name": "double chin",
            "value": "no",
            "confidence": 0.66
          },
          {
            "name": "expression",
            "value": "neutral",
            "confidence": 0.84
          },
          {
            "name": "gender",
            "value": "male",
            "confidence": 0.9
          },
          {
            "name": "glasses",
            "value": "no",
            "confidence": 1.0
          },
          {
            "name": "goatee",
            "value": "no",
            "confidence": 0.48
          },
          {
            "name": "gray hair",
            "value": "no",
            "confidence": 0.12
          },
          {
            "name": "heavy makeup",
            "value": "no",
            "confidence": 0.96
          },
          {
            "name": "high cheekbones",
            "value": "no",
            "confidence": 0.96
          },
          {
            "name": "mouth open",
            "value": "no",
            "confidence": 0.56
          },
          {
            "name": "mustache",
            "value": "no",
            "confidence": 0.4
          },
          {
            "name": "narrow eyes",
            "value": "yes",
            "confidence": 0.16
          },
          {
            "name": "oval face",
            "value": "no",
            "confidence": 0.6
          },
          {
            "name": "pale skin",
            "value": "no",
            "confidence": 0.45
          },
          {
            "name": "pitch",
            "value": "-5.24",
            "confidence": 1.0
          },
          {
            "name": "pointy nose",
            "value": "no",
            "confidence": 0.11
          },
          {
            "name": "race",
            "value": "asian",
            "confidence": 0.98
          },
          {
            "name": "receding hairline",
            "value": "no",
            "confidence": 0.33
          },
          {
            "name": "rosy cheeks",
            "value": "no",
            "confidence": 0.82
          },
          {
            "name": "sideburns",
            "value": "no",
            "confidence": 0.43
          },
          {
            "name": "straight hair",
            "value": "no",
            "confidence": 0.33
          },
          {
            "name": "wavy hair",
            "value": "no",
            "confidence": 0.28
          },
          {
            "name": "wearing earrings",
            "value": "no",
            "confidence": 0.7
          },
          {
            "name": "wearing hat",
            "value": "no",
            "confidence": 0.53
          },
          {
            "name": "wearing lipstick",
            "value": "no",
            "confidence": 1.0
          },
          {
            "name": "wearing necklace",
            "value": "no",
            "confidence": 0.89
          },
          {
            "name": "wearing necktie",
            "value": "no",
            "confidence": 0.32
          },
          {
            "name": "yaw",
            "value": "-34.85",
            "confidence": 1.0
          },
          {
            "name": "young",
            "value": "no",
            "confidence": 0.4
          }
        ],
        "person_id": "",
        "appearance_id": 0,
        "start": "00:00:00",
        "duration": "00:00:00"
      }
    ],
    "tags": null,
    "original_filename": "https://raw.githubusercontent.com/sarkrui/Hairstyle60k/master/Dataset/Flattop/IMG_19.jpg",
    "duration": "00:00:00"
  },
  "recognize": null
}