{
  "media": {
    "media_uuid": "b0e5dee5-8970-4518-a324-95b9f5eec5b1",
    "checksum": "1374e91c3ec2c6933e1131846b7454e376268a311abb7a99ee50b48b7d6a18cf",
    "faces": [
      {
        "face_uuid": "9f79e470-1534-11e9-99c4-0cc47a6c4dbd",
        "media_uuid": "b0e5dee5-8970-4518-a324-95b9f5eec5b1",
        "x": 156.0,
        "y": 290.0,
        "width": 170.09,
        "height": 246.54,
        "angle": -13.7401,
        "detection_score": 1.0,
        "points": [
          {
            "x": 99.09,
            "y": 234.22,
            "type": 512,
            "name": "basic eye left"
          },
          {
            "x": 186.77,
            "y": 255.66,
            "type": 768,
            "name": "basic eye right"
          },
          {
            "x": 81.56,
            "y": 230.03,
            "type": 1024,
            "name": "basic eye left outer"
          },
          {
            "x": 206.81,
            "y": 260.95,
            "type": 1280,
            "name": "basic eye right outer"
          },
          {
            "x": 115.81,
            "y": 239.41,
            "type": 1536,
            "name": "basic eye left inner"
          },
          {
            "x": 167.29,
            "y": 251.92,
            "type": 1792,
            "name": "basic eye right inner"
          },
          {
            "x": 84.84,
            "y": 332.88,
            "type": 2048,
            "name": "basic mouth left"
          },
          {
            "x": 148.64,
            "y": 351.58,
            "type": 2304,
            "name": "basic mouth right"
          },
          {
            "x": 120.07,
            "y": 298.15,
            "type": 2560,
            "name": "basic nose tip"
          },
          {
            "x": 116.44,
            "y": 342.85,
            "type": 2816,
            "name": "basic mouth center"
          },
          {
            "x": 116.44,
            "y": 342.85,
            "type": 3072,
            "name": "basic eyebrow left"
          },
          {
            "x": 116.44,
            "y": 342.85,
            "type": 3328,
            "name": "basic eyebrow left inner corner"
          },
          {
            "x": 116.44,
            "y": 342.85,
            "type": 3584,
            "name": "basic eyebrow left outer corner"
          },
          {
            "x": 116.44,
            "y": 342.85,
            "type": 3840,
            "name": "basic eyebrow right"
          },
          {
            "x": 116.44,
            "y": 342.85,
            "type": 4096,
            "name": "basic eyebrow right inner corner"
          },
          {
            "x": 116.44,
            "y": 342.85,
            "type": 4352,
            "name": "basic eyebrow right outer corner"
          },
          {
            "x": 116.44,
            "y": 342.85,
            "type": 4608,
            "name": "basic chin bottom"
          },
          {
            "x": 116.44,
            "y": 342.85,
            "type": 4864,
            "name": "basic chin left"
          },
          {
            "x": 116.44,
            "y": 342.85,
            "type": 5120,
            "name": "basic chin right"
          },
          {
            "x": 100.2,
            "y": 297.13,
            "type": 5376,
            "name": "basic nose left"
          },
          {
            "x": 144.12,
            "y": 310.35,
            "type": 5632,
            "name": "basic nose right"
          }
        ],
        "user_points": null,
        "tags": [
          {
            "name": "5oclock shadow",
            "value": "no",
            "confidence": 0.51
          },
          {
            "name": "age",
            "value": "37",
            "confidence": 0.6
          },
          {
            "name": "arched eyebrows",
            "value": "no",
            "confidence": 1.0
          },
          {
            "name": "attractive",
            "value": "no",
            "confidence": 0.78
          },
          {
            "name": "bags under eyes",
            "value": "no",
            "confidence": 0.93
          },
          {
            "name": "bald",
            "value": "no",
            "confidence": 0.91
          },
          {
            "name": "bangs",
            "value": "yes",
            "confidence": 0.07
          },
          {
            "name": "beard",
            "value": "no",
            "confidence": 0.49
          },
          {
            "name": "big lips",
            "value": "no",
            "confidence": 0.73
          },
          {
            "name": "big nose",
            "value": "no",
            "confidence": 0.77
          },
          {
            "name": "black hair",
            "value": "no",
            "confidence": 0.06
          },
          {
            "name": "blond hair",
            "value": "no",
            "confidence": 0.81
          },
          {
            "name": "blurry",
            "value": "yes",
            "confidence": 0.41
          },
          {
            "name": "brown hair",
            "value": "no",
            "confidence": 0.22
          },
          {
            "name": "bushy eyebrows",
            "value": "no",
            "confidence": 0.84
          },
          {
            "name": "chubby",
            "value": "no",
            "confidence": 0.75
          },
          {
            "name": "double chin",
            "value": "no",
            "confidence": 1.0
          },
          {
            "name": "expression",
            "value": "neutral",
            "confidence": 1.0
          },
          {
            "name": "gender",
            "value": "male",
            "confidence": 0.44
          },
          {
            "name": "glasses",
            "value": "no",
            "confidence": 1.0
          },
          {
            "name": "goatee",
            "value": "no",
            "confidence": 0.86
          },
          {
            "name": "gray hair",
            "value": "no",
            "confidence": 0.86
          },
          {
            "name": "heavy makeup",
            "value": "no",
            "confidence": 0.93
          },
          {
            "name": "high cheekbones",
            "value": "no",
            "confidence": 0.98
          },
          {
            "name": "mouth open",
            "value": "no",
            "confidence": 0.24
          },
          {
            "name": "mustache",
            "value": "no",
            "confidence": 0.74
          },
          {
            "name": "narrow eyes",
            "value": "no",
            "confidence": 0.07
          },
          {
            "name": "oval face",
            "value": "no",
            "confidence": 0.36
          },
          {
            "name": "pale skin",
            "value": "yes",
            "confidence": 0.03
          },
          {
            "name": "pitch",
            "value": "-5.03",
            "confidence": 1.0
          },
          {
            "name": "pointy nose",
            "value": "no",
            "confidence": 0.47
          },
          {
            "name": "race",
            "value": "asian",
            "confidence": 1.0
          },
          {
            "name": "receding hairline",
            "value": "no",
            "confidence": 1.0
          },
          {
            "name": "rosy cheeks",
            "value": "no",
            "confidence": 1.0
          },
          {
            "name": "sideburns",
            "value": "no",
            "confidence": 0.86
          },
          {
            "name": "straight hair",
            "value": "yes",
            "confidence": 0.26
          },
          {
            "name": "wavy hair",
            "value": "no",
            "confidence": 0.64
          },
          {
            "name": "wearing earrings",
            "value": "no",
            "confidence": 1.0
          },
          {
            "name": "wearing hat",
            "value": "no",
            "confidence": 0.17
          },
          {
            "name": "wearing lipstick",
            "value": "no",
            "confidence": 0.85
          },
          {
            "name": "wearing necklace",
            "value": "no",
            "confidence": 0.87
          },
          {
            "name": "wearing necktie",
            "value": "no",
            "confidence": 0.59
          },
          {
            "name": "yaw",
            "value": "62.19",
            "confidence": 1.0
          },
          {
            "name": "young",
            "value": "yes",
            "confidence": 0.25
          }
        ],
        "person_id": "",
        "appearance_id": 0,
        "start": "00:00:00",
        "duration": "00:00:00"
      }
    ],
    "tags": null,
    "original_filename": "https://raw.githubusercontent.com/sarkrui/Hairstyle60k/master/Dataset/Flattop/IMG_14.jpg",
    "duration": "00:00:00"
  },
  "recognize": null
}