{
  "media": {
    "media_uuid": "9e64c798-d02f-497a-b090-b35a07eb351e",
    "checksum": "5b5bc04a6ebd5392737b7d9fa25ac391d1f68a7f2e7f71866587a84abf7674dc",
    "faces": [
      {
        "face_uuid": "9e555ac0-1534-11e9-99c4-0cc47a6c4dbd",
        "media_uuid": "9e64c798-d02f-497a-b090-b35a07eb351e",
        "x": 222.28,
        "y": 338.33,
        "width": 247.82,
        "height": 324.49,
        "angle": -5.106,
        "detection_score": 1.0,
        "points": [
          {
            "x": 126.98,
            "y": 293.3,
            "type": 512,
            "name": "basic eye left"
          },
          {
            "x": 241.79,
            "y": 303.56,
            "type": 768,
            "name": "basic eye right"
          },
          {
            "x": 104.4,
            "y": 292.37,
            "type": 1024,
            "name": "basic eye left outer"
          },
          {
            "x": 268.44,
            "y": 307.46,
            "type": 1280,
            "name": "basic eye right outer"
          },
          {
            "x": 148.83,
            "y": 295.24,
            "type": 1536,
            "name": "basic eye left inner"
          },
          {
            "x": 216.1,
            "y": 301.11,
            "type": 1792,
            "name": "basic eye right inner"
          },
          {
            "x": 108.89,
            "y": 416.98,
            "type": 2048,
            "name": "basic mouth left"
          },
          {
            "x": 202.79,
            "y": 439.08,
            "type": 2304,
            "name": "basic mouth right"
          },
          {
            "x": 149.37,
            "y": 364.09,
            "type": 2560,
            "name": "basic nose tip"
          },
          {
            "x": 153.71,
            "y": 428.16,
            "type": 2816,
            "name": "basic mouth center"
          },
          {
            "x": 153.71,
            "y": 428.16,
            "type": 3072,
            "name": "basic eyebrow left"
          },
          {
            "x": 153.71,
            "y": 428.16,
            "type": 3328,
            "name": "basic eyebrow left inner corner"
          },
          {
            "x": 153.71,
            "y": 428.16,
            "type": 3584,
            "name": "basic eyebrow left outer corner"
          },
          {
            "x": 153.71,
            "y": 428.16,
            "type": 3840,
            "name": "basic eyebrow right"
          },
          {
            "x": 153.71,
            "y": 428.16,
            "type": 4096,
            "name": "basic eyebrow right inner corner"
          },
          {
            "x": 153.71,
            "y": 428.16,
            "type": 4352,
            "name": "basic eyebrow right outer corner"
          },
          {
            "x": 153.71,
            "y": 428.16,
            "type": 4608,
            "name": "basic chin bottom"
          },
          {
            "x": 153.71,
            "y": 428.16,
            "type": 4864,
            "name": "basic chin left"
          },
          {
            "x": 153.71,
            "y": 428.16,
            "type": 5120,
            "name": "basic chin right"
          },
          {
            "x": 128.21,
            "y": 368.21,
            "type": 5376,
            "name": "basic nose left"
          },
          {
            "x": 190.37,
            "y": 378.96,
            "type": 5632,
            "name": "basic nose right"
          }
        ],
        "user_points": null,
        "tags": [
          {
            "name": "5oclock shadow",
            "value": "yes",
            "confidence": 0.16
          },
          {
            "name": "age",
            "value": "55",
            "confidence": 0.6
          },
          {
            "name": "arched eyebrows",
            "value": "no",
            "confidence": 1.0
          },
          {
            "name": "attractive",
            "value": "no",
            "confidence": 1.0
          },
          {
            "name": "bags under eyes",
            "value": "yes",
            "confidence": 0.31
          },
          {
            "name": "bald",
            "value": "yes",
            "confidence": 0.0
          },
          {
            "name": "bangs",
            "value": "no",
            "confidence": 0.8
          },
          {
            "name": "beard",
            "value": "yes",
            "confidence": 0.53
          },
          {
            "name": "big lips",
            "value": "no",
            "confidence": 0.63
          },
          {
            "name": "big nose",
            "value": "yes",
            "confidence": 0.24
          },
          {
            "name": "black hair",
            "value": "no",
            "confidence": 0.65
          },
          {
            "name": "blond hair",
            "value": "no",
            "confidence": 0.96
          },
          {
            "name": "blurry",
            "value": "yes",
            "confidence": 0.29
          },
          {
            "name": "brown hair",
            "value": "yes",
            "confidence": 0.04
          },
          {
            "name": "bushy eyebrows",
            "value": "no",
            "confidence": 0.92
          },
          {
            "name": "chubby",
            "value": "yes",
            "confidence": 0.41
          },
          {
            "name": "double chin",
            "value": "yes",
            "confidence": 0.08
          },
          {
            "name": "expression",
            "value": "neutral",
            "confidence": 1.0
          },
          {
            "name": "gender",
            "value": "male",
            "confidence": 1.0
          },
          {
            "name": "glasses",
            "value": "no",
            "confidence": 1.0
          },
          {
            "name": "goatee",
            "value": "yes",
            "confidence": 0.28
          },
          {
            "name": "gray hair",
            "value": "yes",
            "confidence": 0.13
          },
          {
            "name": "heavy makeup",
            "value": "no",
            "confidence": 0.9
          },
          {
            "name": "high cheekbones",
            "value": "no",
            "confidence": 0.85
          },
          {
            "name": "mouth open",
            "value": "no",
            "confidence": 0.76
          },
          {
            "name": "mustache",
            "value": "yes",
            "confidence": 0.36
          },
          {
            "name": "narrow eyes",
            "value": "yes",
            "confidence": 0.28
          },
          {
            "name": "oval face",
            "value": "no",
            "confidence": 0.73
          },
          {
            "name": "pale skin",
            "value": "no",
            "confidence": 1.0
          },
          {
            "name": "pitch",
            "value": "-6.17",
            "confidence": 1.0
          },
          {
            "name": "pointy nose",
            "value": "no",
            "confidence": 0.63
          },
          {
            "name": "race",
            "value": "white",
            "confidence": 1.0
          },
          {
            "name": "receding hairline",
            "value": "yes",
            "confidence": 0.09
          },
          {
            "name": "rosy cheeks",
            "value": "no",
            "confidence": 1.0
          },
          {
            "name": "sideburns",
            "value": "yes",
            "confidence": 0.28
          },
          {
            "name": "straight hair",
            "value": "yes",
            "confidence": 0.12
          },
          {
            "name": "wavy hair",
            "value": "no",
            "confidence": 0.67
          },
          {
            "name": "wearing earrings",
            "value": "no",
            "confidence": 1.0
          },
          {
            "name": "wearing hat",
            "value": "no",
            "confidence": 0.77
          },
          {
            "name": "wearing lipstick",
            "value": "no",
            "confidence": 1.0
          },
          {
            "name": "wearing necklace",
            "value": "no",
            "confidence": 0.98
          },
          {
            "name": "wearing necktie",
            "value": "yes",
            "confidence": 0.29
          },
          {
            "name": "yaw",
            "value": "31.06",
            "confidence": 1.0
          },
          {
            "name": "young",
            "value": "no",
            "confidence": 0.82
          }
        ],
        "person_id": "",
        "appearance_id": 0,
        "start": "00:00:00",
        "duration": "00:00:00"
      }
    ],
    "tags": null,
    "original_filename": "https://raw.githubusercontent.com/sarkrui/Hairstyle60k/master/Dataset/Flattop/IMG_13.jpg",
    "duration": "00:00:00"
  },
  "recognize": null
}