{
  "media": {
    "media_uuid": "c8d83277-5cce-47d3-bf22-03271bd753d8",
    "checksum": "83cb989a9d2d27eee7b4f18cbebd6fec7e3003983d70c2b482e6136117748929",
    "faces": [
      {
        "face_uuid": "aca49a57-1534-11e9-99c4-0cc47a6c4dbd",
        "media_uuid": "c8d83277-5cce-47d3-bf22-03271bd753d8",
        "x": 718.74,
        "y": 522.72,
        "width": 211.51,
        "height": 275.22,
        "angle": -0.0674,
        "detection_score": 1.0,
        "points": [
          {
            "x": 684.0,
            "y": 499.24,
            "type": 512,
            "name": "basic eye left"
          },
          {
            "x": 788.32,
            "y": 499.36,
            "type": 768,
            "name": "basic eye right"
          },
          {
            "x": 661.22,
            "y": 500.08,
            "type": 1024,
            "name": "basic eye left outer"
          },
          {
            "x": 809.71,
            "y": 500.17,
            "type": 1280,
            "name": "basic eye right outer"
          },
          {
            "x": 706.39,
            "y": 500.54,
            "type": 1536,
            "name": "basic eye left inner"
          },
          {
            "x": 767.28,
            "y": 500.7,
            "type": 1792,
            "name": "basic eye right inner"
          },
          {
            "x": 696.46,
            "y": 605.51,
            "type": 2048,
            "name": "basic mouth left"
          },
          {
            "x": 782.78,
            "y": 605.23,
            "type": 2304,
            "name": "basic mouth right"
          },
          {
            "x": 744.66,
            "y": 558.49,
            "type": 2560,
            "name": "basic nose tip"
          },
          {
            "x": 740.47,
            "y": 606.5,
            "type": 2816,
            "name": "basic mouth center"
          },
          {
            "x": 740.47,
            "y": 606.5,
            "type": 3072,
            "name": "basic eyebrow left"
          },
          {
            "x": 740.47,
            "y": 606.5,
            "type": 3328,
            "name": "basic eyebrow left inner corner"
          },
          {
            "x": 740.47,
            "y": 606.5,
            "type": 3584,
            "name": "basic eyebrow left outer corner"
          },
          {
            "x": 740.47,
            "y": 606.5,
            "type": 3840,
            "name": "basic eyebrow right"
          },
          {
            "x": 740.47,
            "y": 606.5,
            "type": 4096,
            "name": "basic eyebrow right inner corner"
          },
          {
            "x": 740.47,
            "y": 606.5,
            "type": 4352,
            "name": "basic eyebrow right outer corner"
          },
          {
            "x": 740.47,
            "y": 606.5,
            "type": 4608,
            "name": "basic chin bottom"
          },
          {
            "x": 740.47,
            "y": 606.5,
            "type": 4864,
            "name": "basic chin left"
          },
          {
            "x": 740.47,
            "y": 606.5,
            "type": 5120,
            "name": "basic chin right"
          },
          {
            "x": 714.1,
            "y": 563.47,
            "type": 5376,
            "name": "basic nose left"
          },
          {
            "x": 768.45,
            "y": 563.39,
            "type": 5632,
            "name": "basic nose right"
          }
        ],
        "user_points": null,
        "tags": [
          {
            "name": "5oclock shadow",
            "value": "no",
            "confidence": 0.57
          },
          {
            "name": "age",
            "value": "29",
            "confidence": 0.6
          },
          {
            "name": "arched eyebrows",
            "value": "no",
            "confidence": 0.45
          },
          {
            "name": "attractive",
            "value": "no",
            "confidence": 0.97
          },
          {
            "name": "bags under eyes",
            "value": "no",
            "confidence": 0.02
          },
          {
            "name": "bald",
            "value": "no",
            "confidence": 0.44
          },
          {
            "name": "bangs",
            "value": "no",
            "confidence": 0.9
          },
          {
            "name": "beard",
            "value": "no",
            "confidence": 0.4
          },
          {
            "name": "big lips",
            "value": "yes",
            "confidence": 0.24
          },
          {
            "name": "big nose",
            "value": "yes",
            "confidence": 0.18
          },
          {
            "name": "black hair",
            "value": "yes",
            "confidence": 1.0
          },
          {
            "name": "blond hair",
            "value": "no",
            "confidence": 1.0
          },
          {
            "name": "blurry",
            "value": "no",
            "confidence": 0.11
          },
          {
            "name": "brown hair",
            "value": "no",
            "confidence": 0.81
          },
          {
            "name": "bushy eyebrows",
            "value": "no",
            "confidence": 0.28
          },
          {
            "name": "chubby",
            "value": "no",
            "confidence": 0.03
          },
          {
            "name": "double chin",
            "value": "no",
            "confidence": 0.48
          },
          {
            "name": "expression",
            "value": "neutral",
            "confidence": 0.88
          },
          {
            "name": "gender",
            "value": "female",
            "confidence": 0.04
          },
          {
            "name": "glasses",
            "value": "no",
            "confidence": 1.0
          },
          {
            "name": "goatee",
            "value": "no",
            "confidence": 0.56
          },
          {
            "name": "gray hair",
            "value": "no",
            "confidence": 1.0
          },
          {
            "name": "heavy makeup",
            "value": "no",
            "confidence": 0.9
          },
          {
            "name": "high cheekbones",
            "value": "no",
            "confidence": 0.21
          },
          {
            "name": "mouth open",
            "value": "no",
            "confidence": 0.67
          },
          {
            "name": "mustache",
            "value": "no",
            "confidence": 0.41
          },
          {
            "name": "narrow eyes",
            "value": "no",
            "confidence": 1.0
          },
          {
            "name": "oval face",
            "value": "yes",
            "confidence": 0.32
          },
          {
            "name": "pale skin",
            "value": "no",
            "confidence": 0.94
          },
          {
            "name": "pitch",
            "value": "-8.45",
            "confidence": 1.0
          },
          {
            "name": "pointy nose",
            "value": "no",
            "confidence": 1.0
          },
          {
            "name": "race",
            "value": "white",
            "confidence": 0.62
          },
          {
            "name": "receding hairline",
            "value": "yes",
            "confidence": 0.42
          },
          {
            "name": "rosy cheeks",
            "value": "no",
            "confidence": 1.0
          },
          {
            "name": "sideburns",
            "value": "no",
            "confidence": 0.82
          },
          {
            "name": "straight hair",
            "value": "no",
            "confidence": 0.22
          },
          {
            "name": "wavy hair",
            "value": "no",
            "confidence": 0.58
          },
          {
            "name": "wearing earrings",
            "value": "yes",
            "confidence": 0.03
          },
          {
            "name": "wearing hat",
            "value": "no",
            "confidence": 0.69
          },
          {
            "name": "wearing lipstick",
            "value": "no",
            "confidence": 0.73
          },
          {
            "name": "wearing necklace",
            "value": "no",
            "confidence": 0.35
          },
          {
            "name": "wearing necktie",
            "value": "no",
            "confidence": 0.77
          },
          {
            "name": "yaw",
            "value": "-0.49",
            "confidence": 1.0
          },
          {
            "name": "young",
            "value": "yes",
            "confidence": 0.39
          }
        ],
        "person_id": "",
        "appearance_id": 0,
        "start": "00:00:00",
        "duration": "00:00:00"
      }
    ],
    "tags": null,
    "original_filename": "https://raw.githubusercontent.com/sarkrui/Hairstyle60k/master/Dataset/Flattop/IMG_23.jpg",
    "duration": "00:00:00"
  },
  "recognize": null
}