{
  "media": {
    "media_uuid": "5a673735-0846-4129-a33b-0e6c9f27a440",
    "checksum": "f419c91b3987820b90296d5322eb20def90d754cd50d8f3b7bab5fc86e1f9f77",
    "faces": [
      {
        "face_uuid": "ab647a07-1534-11e9-99c4-0cc47a6c4dbd",
        "media_uuid": "5a673735-0846-4129-a33b-0e6c9f27a440",
        "x": 257.97,
        "y": 411.17,
        "width": 310.34,
        "height": 418.03,
        "angle": -6.2936,
        "detection_score": 1.0,
        "points": [
          {
            "x": 160.08,
            "y": 368.13,
            "type": 512,
            "name": "basic eye left"
          },
          {
            "x": 305.07,
            "y": 384.12,
            "type": 768,
            "name": "basic eye right"
          },
          {
            "x": 129.67,
            "y": 364.55,
            "type": 1024,
            "name": "basic eye left outer"
          },
          {
            "x": 338.8,
            "y": 387.93,
            "type": 1280,
            "name": "basic eye right outer"
          },
          {
            "x": 189.67,
            "y": 372.94,
            "type": 1536,
            "name": "basic eye left inner"
          },
          {
            "x": 271.25,
            "y": 381.79,
            "type": 1792,
            "name": "basic eye right inner"
          },
          {
            "x": 154.54,
            "y": 529.55,
            "type": 2048,
            "name": "basic mouth left"
          },
          {
            "x": 270.17,
            "y": 548.45,
            "type": 2304,
            "name": "basic mouth right"
          },
          {
            "x": 202.59,
            "y": 482.07,
            "type": 2560,
            "name": "basic nose tip"
          },
          {
            "x": 210.54,
            "y": 541.12,
            "type": 2816,
            "name": "basic mouth center"
          },
          {
            "x": 210.54,
            "y": 541.12,
            "type": 3072,
            "name": "basic eyebrow left"
          },
          {
            "x": 210.54,
            "y": 541.12,
            "type": 3328,
            "name": "basic eyebrow left inner corner"
          },
          {
            "x": 210.54,
            "y": 541.12,
            "type": 3584,
            "name": "basic eyebrow left outer corner"
          },
          {
            "x": 210.54,
            "y": 541.12,
            "type": 3840,
            "name": "basic eyebrow right"
          },
          {
            "x": 210.54,
            "y": 541.12,
            "type": 4096,
            "name": "basic eyebrow right inner corner"
          },
          {
            "x": 210.54,
            "y": 541.12,
            "type": 4352,
            "name": "basic eyebrow right outer corner"
          },
          {
            "x": 210.54,
            "y": 541.12,
            "type": 4608,
            "name": "basic chin bottom"
          },
          {
            "x": 210.54,
            "y": 541.12,
            "type": 4864,
            "name": "basic chin left"
          },
          {
            "x": 210.54,
            "y": 541.12,
            "type": 5120,
            "name": "basic chin right"
          },
          {
            "x": 172.95,
            "y": 473.01,
            "type": 5376,
            "name": "basic nose left"
          },
          {
            "x": 250.87,
            "y": 483.7,
            "type": 5632,
            "name": "basic nose right"
          }
        ],
        "user_points": null,
        "tags": [
          {
            "name": "5oclock shadow",
            "value": "yes",
            "confidence": 0.83
          },
          {
            "name": "age",
            "value": "33",
            "confidence": 0.6
          },
          {
            "name": "arched eyebrows",
            "value": "no",
            "confidence": 0.96
          },
          {
            "name": "attractive",
            "value": "yes",
            "confidence": 0.16
          },
          {
            "name": "bags under eyes",
            "value": "yes",
            "confidence": 0.71
          },
          {
            "name": "bald",
            "value": "no",
            "confidence": 0.78
          },
          {
            "name": "bangs",
            "value": "no",
            "confidence": 1.0
          },
          {
            "name": "beard",
            "value": "yes",
            "confidence": 0.72
          },
          {
            "name": "big lips",
            "value": "no",
            "confidence": 0.08
          },
          {
            "name": "big nose",
            "value": "yes",
            "confidence": 0.39
          },
          {
            "name": "black hair",
            "value": "yes",
            "confidence": 0.87
          },
          {
            "name": "blond hair",
            "value": "no",
            "confidence": 1.0
          },
          {
            "name": "blurry",
            "value": "no",
            "confidence": 0.94
          },
          {
            "name": "brown hair",
            "value": "no",
            "confidence": 0.69
          },
          {
            "name": "bushy eyebrows",
            "value": "yes",
            "confidence": 0.64
          },
          {
            "name": "chubby",
            "value": "no",
            "confidence": 0.62
          },
          {
            "name": "double chin",
            "value": "no",
            "confidence": 0.82
          },
          {
            "name": "expression",
            "value": "neutral",
            "confidence": 1.0
          },
          {
            "name": "gender",
            "value": "male",
            "confidence": 1.0
          },
          {
            "name": "glasses",
            "value": "no",
            "confidence": 1.0
          },
          {
            "name": "goatee",
            "value": "yes",
            "confidence": 0.25
          },
          {
            "name": "gray hair",
            "value": "no",
            "confidence": 0.97
          },
          {
            "name": "heavy makeup",
            "value": "no",
            "confidence": 1.0
          },
          {
            "name": "high cheekbones",
            "value": "no",
            "confidence": 0.78
          },
          {
            "name": "mouth open",
            "value": "no",
            "confidence": 1.0
          },
          {
            "name": "mustache",
            "value": "yes",
            "confidence": 0.34
          },
          {
            "name": "narrow eyes",
            "value": "yes",
            "confidence": 0.11
          },
          {
            "name": "oval face",
            "value": "no",
            "confidence": 0.74
          },
          {
            "name": "pale skin",
            "value": "no",
            "confidence": 0.21
          },
          {
            "name": "pitch",
            "value": "-7.73",
            "confidence": 1.0
          },
          {
            "name": "pointy nose",
            "value": "no",
            "confidence": 0.17
          },
          {
            "name": "race",
            "value": "white",
            "confidence": 1.0
          },
          {
            "name": "receding hairline",
            "value": "no",
            "confidence": 0.5
          },
          {
            "name": "rosy cheeks",
            "value": "no",
            "confidence": 1.0
          },
          {
            "name": "sideburns",
            "value": "yes",
            "confidence": 0.41
          },
          {
            "name": "straight hair",
            "value": "yes",
            "confidence": 0.82
          },
          {
            "name": "wavy hair",
            "value": "no",
            "confidence": 0.97
          },
          {
            "name": "wearing earrings",
            "value": "no",
            "confidence": 1.0
          },
          {
            "name": "wearing hat",
            "value": "no",
            "confidence": 0.8
          },
          {
            "name": "wearing lipstick",
            "value": "no",
            "confidence": 1.0
          },
          {
            "name": "wearing necklace",
            "value": "no",
            "confidence": 1.0
          },
          {
            "name": "wearing necktie",
            "value": "yes",
            "confidence": 0.44
          },
          {
            "name": "yaw",
            "value": "13.9",
            "confidence": 1.0
          },
          {
            "name": "young",
            "value": "yes",
            "confidence": 0.48
          }
        ],
        "person_id": "",
        "appearance_id": 0,
        "start": "00:00:00",
        "duration": "00:00:00"
      }
    ],
    "tags": null,
    "original_filename": "https://raw.githubusercontent.com/sarkrui/Hairstyle60k/master/Dataset/Flattop/IMG_22.jpg",
    "duration": "00:00:00"
  },
  "recognize": null
}