{
  "media": {
    "media_uuid": "6d5fee94-9080-462d-adbe-92420dcb09fd",
    "checksum": "3bddffea38fc920b34d1971756c5fd5c678987ffa8118afa4908bd4c561d5052",
    "faces": [
      {
        "face_uuid": "a084a936-1534-11e9-99c4-0cc47a6c4dbd",
        "media_uuid": "6d5fee94-9080-462d-adbe-92420dcb09fd",
        "x": 162.0,
        "y": 391.5,
        "width": 278.97,
        "height": 377.38,
        "angle": -12.5081,
        "detection_score": 1.0,
        "points": [
          {
            "x": 41.37,
            "y": 332.24,
            "type": 512,
            "name": "basic eye left"
          },
          {
            "x": 187.03,
            "y": 364.55,
            "type": 768,
            "name": "basic eye right"
          },
          {
            "x": 12.1,
            "y": 326.54,
            "type": 1024,
            "name": "basic eye left outer"
          },
          {
            "x": 219.42,
            "y": 373.17,
            "type": 1280,
            "name": "basic eye right outer"
          },
          {
            "x": 70.2,
            "y": 340.15,
            "type": 1536,
            "name": "basic eye left inner"
          },
          {
            "x": 155.34,
            "y": 358.69,
            "type": 1792,
            "name": "basic eye right inner"
          },
          {
            "x": 32.55,
            "y": 499.81,
            "type": 2048,
            "name": "basic mouth left"
          },
          {
            "x": 140.64,
            "y": 525.7,
            "type": 2304,
            "name": "basic mouth right"
          },
          {
            "x": 76.22,
            "y": 436.79,
            "type": 2560,
            "name": "basic nose tip"
          },
          {
            "x": 85.1,
            "y": 513.02,
            "type": 2816,
            "name": "basic mouth center"
          },
          {
            "x": 85.1,
            "y": 513.02,
            "type": 3072,
            "name": "basic eyebrow left"
          },
          {
            "x": 85.1,
            "y": 513.02,
            "type": 3328,
            "name": "basic eyebrow left inner corner"
          },
          {
            "x": 85.1,
            "y": 513.02,
            "type": 3584,
            "name": "basic eyebrow left outer corner"
          },
          {
            "x": 85.1,
            "y": 513.02,
            "type": 3840,
            "name": "basic eyebrow right"
          },
          {
            "x": 85.1,
            "y": 513.02,
            "type": 4096,
            "name": "basic eyebrow right inner corner"
          },
          {
            "x": 85.1,
            "y": 513.02,
            "type": 4352,
            "name": "basic eyebrow right outer corner"
          },
          {
            "x": 85.1,
            "y": 513.02,
            "type": 4608,
            "name": "basic chin bottom"
          },
          {
            "x": 85.1,
            "y": 513.02,
            "type": 4864,
            "name": "basic chin left"
          },
          {
            "x": 85.1,
            "y": 513.02,
            "type": 5120,
            "name": "basic chin right"
          },
          {
            "x": 47.26,
            "y": 436.2,
            "type": 5376,
            "name": "basic nose left"
          },
          {
            "x": 121.24,
            "y": 455.64,
            "type": 5632,
            "name": "basic nose right"
          }
        ],
        "user_points": null,
        "tags": [
          {
            "name": "5oclock shadow",
            "value": "no",
            "confidence": 0.04
          },
          {
            "name": "age",
            "value": "25",
            "confidence": 0.6
          },
          {
            "name": "arched eyebrows",
            "value": "no",
            "confidence": 1.0
          },
          {
            "name": "attractive",
            "value": "no",
            "confidence": 0.8
          },
          {
            "name": "bags under eyes",
            "value": "no",
            "confidence": 0.21
          },
          {
            "name": "bald",
            "value": "no",
            "confidence": 0.42
          },
          {
            "name": "bangs",
            "value": "no",
            "confidence": 0.64
          },
          {
            "name": "beard",
            "value": "yes",
            "confidence": 0.15
          },
          {
            "name": "big lips",
            "value": "no",
            "confidence": 0.22
          },
          {
            "name": "big nose",
            "value": "yes",
            "confidence": 0.19
          },
          {
            "name": "black hair",
            "value": "yes",
            "confidence": 0.03
          },
          {
            "name": "blond hair",
            "value": "no",
            "confidence": 1.0
          },
          {
            "name": "blurry",
            "value": "no",
            "confidence": 0.15
          },
          {
            "name": "brown hair",
            "value": "no",
            "confidence": 0.66
          },
          {
            "name": "bushy eyebrows",
            "value": "no",
            "confidence": 0.19
          },
          {
            "name": "chubby",
            "value": "no",
            "confidence": 0.09
          },
          {
            "name": "double chin",
            "value": "no",
            "confidence": 0.51
          },
          {
            "name": "expression",
            "value": "neutral",
            "confidence": 1.0
          },
          {
            "name": "gender",
            "value": "male",
            "confidence": 0.84
          },
          {
            "name": "glasses",
            "value": "no",
            "confidence": 1.0
          },
          {
            "name": "goatee",
            "value": "no",
            "confidence": 0.22
          },
          {
            "name": "gray hair",
            "value": "no",
            "confidence": 0.7
          },
          {
            "name": "heavy makeup",
            "value": "no",
            "confidence": 0.89
          },
          {
            "name": "high cheekbones",
            "value": "no",
            "confidence": 0.74
          },
          {
            "name": "mouth open",
            "value": "no",
            "confidence": 0.49
          },
          {
            "name": "mustache",
            "value": "no",
            "confidence": 0.02
          },
          {
            "name": "narrow eyes",
            "value": "no",
            "confidence": 0.3
          },
          {
            "name": "oval face",
            "value": "no",
            "confidence": 0.26
          },
          {
            "name": "pale skin",
            "value": "no",
            "confidence": 0.51
          },
          {
            "name": "pitch",
            "value": "-5.56",
            "confidence": 1.0
          },
          {
            "name": "pointy nose",
            "value": "no",
            "confidence": 0.8
          },
          {
            "name": "race",
            "value": "white",
            "confidence": 0.92
          },
          {
            "name": "receding hairline",
            "value": "no",
            "confidence": 0.66
          },
          {
            "name": "rosy cheeks",
            "value": "no",
            "confidence": 1.0
          },
          {
            "name": "sideburns",
            "value": "no",
            "confidence": 0.31
          },
          {
            "name": "straight hair",
            "value": "no",
            "confidence": 0.11
          },
          {
            "name": "wavy hair",
            "value": "no",
            "confidence": 0.96
          },
          {
            "name": "wearing earrings",
            "value": "no",
            "confidence": 0.77
          },
          {
            "name": "wearing hat",
            "value": "yes",
            "confidence": 0.38
          },
          {
            "name": "wearing lipstick",
            "value": "no",
            "confidence": 1.0
          },
          {
            "name": "wearing necklace",
            "value": "no",
            "confidence": 0.87
          },
          {
            "name": "wearing necktie",
            "value": "no",
            "confidence": 0.38
          },
          {
            "name": "yaw",
            "value": "55.01",
            "confidence": 1.0
          },
          {
            "name": "young",
            "value": "yes",
            "confidence": 0.14
          }
        ],
        "person_id": "",
        "appearance_id": 0,
        "start": "00:00:00",
        "duration": "00:00:00"
      },
      {
        "face_uuid": "a0df9f14-1534-11e9-99c4-0cc47a6c4dbd",
        "media_uuid": "6d5fee94-9080-462d-adbe-92420dcb09fd",
        "x": 414.0,
        "y": 482.0,
        "width": 126.2,
        "height": 156.8,
        "angle": 2.3634,
        "detection_score": 0.9,
        "points": [
          {
            "x": 361.48,
            "y": 452.15,
            "type": 512,
            "name": "basic eye left"
          },
          {
            "x": 467.28,
            "y": 447.78,
            "type": 768,
            "name": "basic eye right"
          },
          {
            "x": 340.78,
            "y": 453.18,
            "type": 1024,
            "name": "basic eye left outer"
          },
          {
            "x": 489.21,
            "y": 447.09,
            "type": 1280,
            "name": "basic eye right outer"
          },
          {
            "x": 381.99,
            "y": 453.82,
            "type": 1536,
            "name": "basic eye left inner"
          },
          {
            "x": 445.39,
            "y": 451.0,
            "type": 1792,
            "name": "basic eye right inner"
          },
          {
            "x": 356.71,
            "y": 580.95,
            "type": 2048,
            "name": "basic mouth left"
          },
          {
            "x": 444.19,
            "y": 577.32,
            "type": 2304,
            "name": "basic mouth right"
          },
          {
            "x": 394.66,
            "y": 520.89,
            "type": 2560,
            "name": "basic nose tip"
          },
          {
            "x": 398.9,
            "y": 578.75,
            "type": 2816,
            "name": "basic mouth center"
          },
          {
            "x": 398.9,
            "y": 578.75,
            "type": 3072,
            "name": "basic eyebrow left"
          },
          {
            "x": 398.9,
            "y": 578.75,
            "type": 3328,
            "name": "basic eyebrow left inner corner"
          },
          {
            "x": 398.9,
            "y": 578.75,
            "type": 3584,
            "name": "basic eyebrow left outer corner"
          },
          {
            "x": 398.9,
            "y": 578.75,
            "type": 3840,
            "name": "basic eyebrow right"
          },
          {
            "x": 398.9,
            "y": 578.75,
            "type": 4096,
            "name": "basic eyebrow right inner corner"
          },
          {
            "x": 398.9,
            "y": 578.75,
            "type": 4352,
            "name": "basic eyebrow right outer corner"
          },
          {
            "x": 398.9,
            "y": 578.75,
            "type": 4608,
            "name": "basic chin bottom"
          },
          {
            "x": 398.9,
            "y": 578.75,
            "type": 4864,
            "name": "basic chin left"
          },
          {
            "x": 398.9,
            "y": 578.75,
            "type": 5120,
            "name": "basic chin right"
          },
          {
            "x": 368.69,
            "y": 524.28,
            "type": 5376,
            "name": "basic nose left"
          },
          {
            "x": 430.9,
            "y": 523.29,
            "type": 5632,
            "name": "basic nose right"
          }
        ],
        "user_points": null,
        "tags": [
          {
            "name": "5oclock shadow",
            "value": "no",
            "confidence": 0.5
          },
          {
            "name": "age",
            "value": "41",
            "confidence": 0.6
          },
          {
            "name": "arched eyebrows",
            "value": "no",
            "confidence": 1.0
          },
          {
            "name": "attractive",
            "value": "no",
            "confidence": 0.89
          },
          {
            "name": "bags under eyes",
            "value": "no",
            "confidence": 0.87
          },
          {
            "name": "bald",
            "value": "no",
            "confidence": 0.35
          },
          {
            "name": "bangs",
            "value": "no",
            "confidence": 0.67
          },
          {
            "name": "beard",
            "value": "no",
            "confidence": 0.19
          },
          {
            "name": "big lips",
            "value": "no",
            "confidence": 0.3
          },
          {
            "name": "big nose",
            "value": "no",
            "confidence": 0.32
          },
          {
            "name": "black hair",
            "value": "no",
            "confidence": 0.13
          },
          {
            "name": "blond hair",
            "value": "no",
            "confidence": 1.0
          },
          {
            "name": "blurry",
            "value": "yes",
            "confidence": 0.09
          },
          {
            "name": "brown hair",
            "value": "no",
            "confidence": 0.54
          },
          {
            "name": "bushy eyebrows",
            "value": "no",
            "confidence": 0.4
          },
          {
            "name": "chubby",
            "value": "no",
            "confidence": 0.25
          },
          {
            "name": "double chin",
            "value": "no",
            "confidence": 0.68
          },
          {
            "name": "expression",
            "value": "neutral",
            "confidence": 0.92
          },
          {
            "name": "gender",
            "value": "male",
            "confidence": 0.46
          },
          {
            "name": "glasses",
            "value": "no",
            "confidence": 1.0
          },
          {
            "name": "goatee",
            "value": "no",
            "confidence": 0.44
          },
          {
            "name": "gray hair",
            "value": "no",
            "confidence": 0.72
          },
          {
            "name": "heavy makeup",
            "value": "no",
            "confidence": 0.79
          },
          {
            "name": "high cheekbones",
            "value": "no",
            "confidence": 0.74
          },
          {
            "name": "mouth open",
            "value": "yes",
            "confidence": 0.09
          },
          {
            "name": "mustache",
            "value": "no",
            "confidence": 0.24
          },
          {
            "name": "narrow eyes",
            "value": "no",
            "confidence": 0.16
          },
          {
            "name": "oval face",
            "value": "no",
            "confidence": 0.11
          },
          {
            "name": "pale skin",
            "value": "yes",
            "confidence": 0.13
          },
          {
            "name": "pitch",
            "value": "-6.14",
            "confidence": 1.0
          },
          {
            "name": "pointy nose",
            "value": "no",
            "confidence": 1.0
          },
          {
            "name": "race",
            "value": "asian",
            "confidence": 0.54
          },
          {
            "name": "receding hairline",
            "value": "no",
            "confidence": 0.49
          },
          {
            "name": "rosy cheeks",
            "value": "no",
            "confidence": 1.0
          },
          {
            "name": "sideburns",
            "value": "no",
            "confidence": 0.68
          },
          {
            "name": "straight hair",
            "value": "no",
            "confidence": 0.33
          },
          {
            "name": "wavy hair",
            "value": "no",
            "confidence": 0.9
          },
          {
            "name": "wearing earrings",
            "value": "no",
            "confidence": 0.57
          },
          {
            "name": "wearing hat",
            "value": "yes",
            "confidence": 0.52
          },
          {
            "name": "wearing lipstick",
            "value": "no",
            "confidence": 0.84
          },
          {
            "name": "wearing necklace",
            "value": "no",
            "confidence": 0.9
          },
          {
            "name": "wearing necktie",
            "value": "no",
            "confidence": 0.63
          },
          {
            "name": "yaw",
            "value": "20.15",
            "confidence": 1.0
          },
          {
            "name": "young",
            "value": "yes",
            "confidence": 0.26
          }
        ],
        "person_id": "",
        "appearance_id": 0,
        "start": "00:00:00",
        "duration": "00:00:00"
      }
    ],
    "tags": null,
    "original_filename": "https://raw.githubusercontent.com/sarkrui/Hairstyle60k/master/Dataset/Flattop/IMG_15.jpg",
    "duration": "00:00:00"
  },
  "recognize": null
}