{
  "media": {
    "media_uuid": "e0f5a72b-57b0-439c-ada4-af9b12cdf970",
    "checksum": "79da0e453a71ae596d52dac47318bfb2fe234e1c77a6f4ebd2bf40f066278bf9",
    "faces": [
      {
        "face_uuid": "a72827f8-1534-11e9-99c4-0cc47a6c4dbd",
        "media_uuid": "e0f5a72b-57b0-439c-ada4-af9b12cdf970",
        "x": 162.0,
        "y": 249.5,
        "width": 176.88,
        "height": 245.14,
        "angle": -7.1558,
        "detection_score": 1.0,
        "points": [
          {
            "x": 96.8,
            "y": 221.39,
            "type": 512,
            "name": "basic eye left"
          },
          {
            "x": 183.9,
            "y": 232.33,
            "type": 768,
            "name": "basic eye right"
          },
          {
            "x": 78.82,
            "y": 219.03,
            "type": 1024,
            "name": "basic eye left outer"
          },
          {
            "x": 204.13,
            "y": 234.93,
            "type": 1280,
            "name": "basic eye right outer"
          },
          {
            "x": 114.1,
            "y": 224.75,
            "type": 1536,
            "name": "basic eye left inner"
          },
          {
            "x": 163.68,
            "y": 230.97,
            "type": 1792,
            "name": "basic eye right inner"
          },
          {
            "x": 91.85,
            "y": 316.56,
            "type": 2048,
            "name": "basic mouth left"
          },
          {
            "x": 162.96,
            "y": 328.43,
            "type": 2304,
            "name": "basic mouth right"
          },
          {
            "x": 121.94,
            "y": 288.26,
            "type": 2560,
            "name": "basic nose tip"
          },
          {
            "x": 126.28,
            "y": 323.96,
            "type": 2816,
            "name": "basic mouth center"
          },
          {
            "x": 126.28,
            "y": 323.96,
            "type": 3072,
            "name": "basic eyebrow left"
          },
          {
            "x": 126.28,
            "y": 323.96,
            "type": 3328,
            "name": "basic eyebrow left inner corner"
          },
          {
            "x": 126.28,
            "y": 323.96,
            "type": 3584,
            "name": "basic eyebrow left outer corner"
          },
          {
            "x": 126.28,
            "y": 323.96,
            "type": 3840,
            "name": "basic eyebrow right"
          },
          {
            "x": 126.28,
            "y": 323.96,
            "type": 4096,
            "name": "basic eyebrow right inner corner"
          },
          {
            "x": 126.28,
            "y": 323.96,
            "type": 4352,
            "name": "basic eyebrow right outer corner"
          },
          {
            "x": 126.28,
            "y": 323.96,
            "type": 4608,
            "name": "basic chin bottom"
          },
          {
            "x": 126.28,
            "y": 323.96,
            "type": 4864,
            "name": "basic chin left"
          },
          {
            "x": 126.28,
            "y": 323.96,
            "type": 5120,
            "name": "basic chin right"
          },
          {
            "x": 104.23,
            "y": 285.1,
            "type": 5376,
            "name": "basic nose left"
          },
          {
            "x": 150.21,
            "y": 291.76,
            "type": 5632,
            "name": "basic nose right"
          }
        ],
        "user_points": null,
        "tags": [
          {
            "name": "5oclock shadow",
            "value": "yes",
            "confidence": 0.91
          },
          {
            "name": "age",
            "value": "37",
            "confidence": 0.6
          },
          {
            "name": "arched eyebrows",
            "value": "no",
            "confidence": 0.85
          },
          {
            "name": "attractive",
            "value": "yes",
            "confidence": 0.22
          },
          {
            "name": "bags under eyes",
            "value": "yes",
            "confidence": 0.47
          },
          {
            "name": "bald",
            "value": "no",
            "confidence": 0.81
          },
          {
            "name": "bangs",
            "value": "no",
            "confidence": 1.0
          },
          {
            "name": "beard",
            "value": "yes",
            "confidence": 0.8
          },
          {
            "name": "big lips",
            "value": "no",
            "confidence": 0.0
          },
          {
            "name": "big nose",
            "value": "yes",
            "confidence": 0.27
          },
          {
            "name": "black hair",
            "value": "yes",
            "confidence": 0.78
          },
          {
            "name": "blond hair",
            "value": "no",
            "confidence": 1.0
          },
          {
            "name": "blurry",
            "value": "no",
            "confidence": 1.0
          },
          {
            "name": "brown hair",
            "value": "no",
            "confidence": 0.71
          },
          {
            "name": "bushy eyebrows",
            "value": "yes",
            "confidence": 0.78
          },
          {
            "name": "chubby",
            "value": "no",
            "confidence": 0.81
          },
          {
            "name": "double chin",
            "value": "no",
            "confidence": 1.0
          },
          {
            "name": "expression",
            "value": "neutral",
            "confidence": 1.0
          },
          {
            "name": "gender",
            "value": "male",
            "confidence": 1.0
          },
          {
            "name": "glasses",
            "value": "no",
            "confidence": 1.0
          },
          {
            "name": "goatee",
            "value": "yes",
            "confidence": 0.37
          },
          {
            "name": "gray hair",
            "value": "no",
            "confidence": 1.0
          },
          {
            "name": "heavy makeup",
            "value": "no",
            "confidence": 1.0
          },
          {
            "name": "high cheekbones",
            "value": "no",
            "confidence": 0.84
          },
          {
            "name": "mouth open",
            "value": "no",
            "confidence": 1.0
          },
          {
            "name": "mustache",
            "value": "yes",
            "confidence": 0.37
          },
          {
            "name": "narrow eyes",
            "value": "no",
            "confidence": 0.02
          },
          {
            "name": "oval face",
            "value": "no",
            "confidence": 0.74
          },
          {
            "name": "pale skin",
            "value": "no",
            "confidence": 0.08
          },
          {
            "name": "pitch",
            "value": "-7.58",
            "confidence": 1.0
          },
          {
            "name": "pointy nose",
            "value": "no",
            "confidence": 0.1
          },
          {
            "name": "race",
            "value": "white",
            "confidence": 1.0
          },
          {
            "name": "receding hairline",
            "value": "no",
            "confidence": 0.59
          },
          {
            "name": "rosy cheeks",
            "value": "no",
            "confidence": 1.0
          },
          {
            "name": "sideburns",
            "value": "yes",
            "confidence": 0.48
          },
          {
            "name": "straight hair",
            "value": "yes",
            "confidence": 0.78
          },
          {
            "name": "wavy hair",
            "value": "no",
            "confidence": 1.0
          },
          {
            "name": "wearing earrings",
            "value": "no",
            "confidence": 1.0
          },
          {
            "name": "wearing hat",
            "value": "no",
            "confidence": 0.57
          },
          {
            "name": "wearing lipstick",
            "value": "no",
            "confidence": 1.0
          },
          {
            "name": "wearing necklace",
            "value": "no",
            "confidence": 1.0
          },
          {
            "name": "wearing necktie",
            "value": "yes",
            "confidence": 0.23
          },
          {
            "name": "yaw",
            "value": "7.07",
            "confidence": 1.0
          },
          {
            "name": "young",
            "value": "yes",
            "confidence": 0.73
          }
        ],
        "person_id": "",
        "appearance_id": 0,
        "start": "00:00:00",
        "duration": "00:00:00"
      }
    ],
    "tags": null,
    "original_filename": "https://raw.githubusercontent.com/sarkrui/Hairstyle60k/master/Dataset/Flattop/IMG_18.jpg",
    "duration": "00:00:00"
  },
  "recognize": null
}