{
  "media": {
    "media_uuid": "09119598-27c7-4399-aa0f-05045feaff3e",
    "checksum": "4c9192d870ea21f99872b6d65e059e338e45fdc5877fa7d286b750deee5d772e",
    "faces": [
      {
        "face_uuid": "993d0e53-1534-11e9-99c4-0cc47a6c4dbd",
        "media_uuid": "09119598-27c7-4399-aa0f-05045feaff3e",
        "x": 443.69,
        "y": 256.87,
        "width": 165.37,
        "height": 215.29,
        "angle": 1.7743,
        "detection_score": 1.0,
        "points": [
          {
            "x": 361.6,
            "y": 231.97,
            "type": 512,
            "name": "basic eye left"
          },
          {
            "x": 448.37,
            "y": 229.28,
            "type": 768,
            "name": "basic eye right"
          },
          {
            "x": 344.6,
            "y": 233.21,
            "type": 1024,
            "name": "basic eye left outer"
          },
          {
            "x": 468.25,
            "y": 229.86,
            "type": 1280,
            "name": "basic eye right outer"
          },
          {
            "x": 378.54,
            "y": 231.71,
            "type": 1536,
            "name": "basic eye left inner"
          },
          {
            "x": 429.63,
            "y": 229.97,
            "type": 1792,
            "name": "basic eye right inner"
          },
          {
            "x": 378.9,
            "y": 328.7,
            "type": 2048,
            "name": "basic mouth left"
          },
          {
            "x": 443.48,
            "y": 332.46,
            "type": 2304,
            "name": "basic mouth right"
          },
          {
            "x": 395.82,
            "y": 281.85,
            "type": 2560,
            "name": "basic nose tip"
          },
          {
            "x": 410.66,
            "y": 330.75,
            "type": 2816,
            "name": "basic mouth center"
          },
          {
            "x": 410.66,
            "y": 330.75,
            "type": 3072,
            "name": "basic eyebrow left"
          },
          {
            "x": 410.66,
            "y": 330.75,
            "type": 3328,
            "name": "basic eyebrow left inner corner"
          },
          {
            "x": 410.66,
            "y": 330.75,
            "type": 3584,
            "name": "basic eyebrow left outer corner"
          },
          {
            "x": 410.66,
            "y": 330.75,
            "type": 3840,
            "name": "basic eyebrow right"
          },
          {
            "x": 410.66,
            "y": 330.75,
            "type": 4096,
            "name": "basic eyebrow right inner corner"
          },
          {
            "x": 410.66,
            "y": 330.75,
            "type": 4352,
            "name": "basic eyebrow right outer corner"
          },
          {
            "x": 410.66,
            "y": 330.75,
            "type": 4608,
            "name": "basic chin bottom"
          },
          {
            "x": 410.66,
            "y": 330.75,
            "type": 4864,
            "name": "basic chin left"
          },
          {
            "x": 410.66,
            "y": 330.75,
            "type": 5120,
            "name": "basic chin right"
          },
          {
            "x": 378.97,
            "y": 289.03,
            "type": 5376,
            "name": "basic nose left"
          },
          {
            "x": 422.01,
            "y": 291.16,
            "type": 5632,
            "name": "basic nose right"
          }
        ],
        "user_points": null,
        "tags": [
          {
            "name": "5oclock shadow",
            "value": "no",
            "confidence": 0.43
          },
          {
            "name": "age",
            "value": "17",
            "confidence": 0.6
          },
          {
            "name": "arched eyebrows",
            "value": "no",
            "confidence": 1.0
          },
          {
            "name": "attractive",
            "value": "no",
            "confidence": 1.0
          },
          {
            "name": "bags under eyes",
            "value": "no",
            "confidence": 0.16
          },
          {
            "name": "bald",
            "value": "no",
            "confidence": 0.23
          },
          {
            "name": "bangs",
            "value": "no",
            "confidence": 0.41
          },
          {
            "name": "beard",
            "value": "no",
            "confidence": 0.2
          },
          {
            "name": "big lips",
            "value": "no",
            "confidence": 0.45
          },
          {
            "name": "big nose",
            "value": "no",
            "confidence": 0.16
          },
          {
            "name": "black hair",
            "value": "no",
            "confidence": 0.74
          },
          {
            "name": "blond hair",
            "value": "no",
            "confidence": 0.82
          },
          {
            "name": "blurry",
            "value": "yes",
            "confidence": 0.29
          },
          {
            "name": "brown hair",
            "value": "no",
            "confidence": 0.35
          },
          {
            "name": "bushy eyebrows",
            "value": "no",
            "confidence": 0.94
          },
          {
            "name": "chubby",
            "value": "no",
            "confidence": 0.16
          },
          {
            "name": "double chin",
            "value": "no",
            "confidence": 0.44
          },
          {
            "name": "expression",
            "value": "neutral",
            "confidence": 0.9
          },
          {
            "name": "gender",
            "value": "male",
            "confidence": 0.58
          },
          {
            "name": "glasses",
            "value": "no",
            "confidence": 1.0
          },
          {
            "name": "goatee",
            "value": "no",
            "confidence": 0.54
          },
          {
            "name": "gray hair",
            "value": "no",
            "confidence": 0.21
          },
          {
            "name": "heavy makeup",
            "value": "no",
            "confidence": 1.0
          },
          {
            "name": "high cheekbones",
            "value": "no",
            "confidence": 0.69
          },
          {
            "name": "mouth open",
            "value": "no",
            "confidence": 0.2
          },
          {
            "name": "mustache",
            "value": "no",
            "confidence": 0.36
          },
          {
            "name": "narrow eyes",
            "value": "yes",
            "confidence": 0.24
          },
          {
            "name": "oval face",
            "value": "no",
            "confidence": 0.52
          },
          {
            "name": "pale skin",
            "value": "no",
            "confidence": 0.11
          },
          {
            "name": "pitch",
            "value": "-6.52",
            "confidence": 1.0
          },
          {
            "name": "pointy nose",
            "value": "no",
            "confidence": 0.77
          },
          {
            "name": "race",
            "value": "white",
            "confidence": 0.61
          },
          {
            "name": "receding hairline",
            "value": "no",
            "confidence": 0.35
          },
          {
            "name": "rosy cheeks",
            "value": "no",
            "confidence": 1.0
          },
          {
            "name": "sideburns",
            "value": "no",
            "confidence": 0.62
          },
          {
            "name": "straight hair",
            "value": "no",
            "confidence": 0.37
          },
          {
            "name": "wavy hair",
            "value": "no",
            "confidence": 0.85
          },
          {
            "name": "wearing earrings",
            "value": "no",
            "confidence": 0.67
          },
          {
            "name": "wearing hat",
            "value": "yes",
            "confidence": 0.23
          },
          {
            "name": "wearing lipstick",
            "value": "no",
            "confidence": 1.0
          },
          {
            "name": "wearing necklace",
            "value": "no",
            "confidence": 0.92
          },
          {
            "name": "wearing necktie",
            "value": "no",
            "confidence": 0.28
          },
          {
            "name": "yaw",
            "value": "13.96",
            "confidence": 1.0
          },
          {
            "name": "young",
            "value": "no",
            "confidence": 0.24
          }
        ],
        "person_id": "",
        "appearance_id": 0,
        "start": "00:00:00",
        "duration": "00:00:00"
      },
      {
        "face_uuid": "99b4cd20-1534-11e9-99c4-0cc47a6c4dbd",
        "media_uuid": "09119598-27c7-4399-aa0f-05045feaff3e",
        "x": 51.59,
        "y": 268.82,
        "width": 45.31,
        "height": 55.85,
        "angle": 12.157,
        "detection_score": 0.81,
        "points": [
          {
            "x": 36.93,
            "y": 264.8,
            "type": 512,
            "name": "basic eye left"
          },
          {
            "x": 65.63,
            "y": 258.61,
            "type": 768,
            "name": "basic eye right"
          },
          {
            "x": 31.05,
            "y": 266.18,
            "type": 1024,
            "name": "basic eye left outer"
          },
          {
            "x": 71.41,
            "y": 257.49,
            "type": 1280,
            "name": "basic eye right outer"
          },
          {
            "x": 42.82,
            "y": 264.07,
            "type": 1536,
            "name": "basic eye left inner"
          },
          {
            "x": 60.06,
            "y": 260.35,
            "type": 1792,
            "name": "basic eye right inner"
          },
          {
            "x": 44.53,
            "y": 288.8,
            "type": 2048,
            "name": "basic mouth left"
          },
          {
            "x": 69.6,
            "y": 280.79,
            "type": 2304,
            "name": "basic mouth right"
          },
          {
            "x": 55.26,
            "y": 276.27,
            "type": 2560,
            "name": "basic nose tip"
          },
          {
            "x": 57.28,
            "y": 285.3,
            "type": 2816,
            "name": "basic mouth center"
          },
          {
            "x": 57.28,
            "y": 285.3,
            "type": 3072,
            "name": "basic eyebrow left"
          },
          {
            "x": 57.28,
            "y": 285.3,
            "type": 3328,
            "name": "basic eyebrow left inner corner"
          },
          {
            "x": 57.28,
            "y": 285.3,
            "type": 3584,
            "name": "basic eyebrow left outer corner"
          },
          {
            "x": 57.28,
            "y": 285.3,
            "type": 3840,
            "name": "basic eyebrow right"
          },
          {
            "x": 57.28,
            "y": 285.3,
            "type": 4096,
            "name": "basic eyebrow right inner corner"
          },
          {
            "x": 57.28,
            "y": 285.3,
            "type": 4352,
            "name": "basic eyebrow right outer corner"
          },
          {
            "x": 57.28,
            "y": 285.3,
            "type": 4608,
            "name": "basic chin bottom"
          },
          {
            "x": 57.28,
            "y": 285.3,
            "type": 4864,
            "name": "basic chin left"
          },
          {
            "x": 57.28,
            "y": 285.3,
            "type": 5120,
            "name": "basic chin right"
          },
          {
            "x": 47.05,
            "y": 277.85,
            "type": 5376,
            "name": "basic nose left"
          },
          {
            "x": 62.69,
            "y": 273.78,
            "type": 5632,
            "name": "basic nose right"
          }
        ],
        "user_points": null,
        "tags": [
          {
            "name": "5oclock shadow",
            "value": "no",
            "confidence": 0.77
          },
          {
            "name": "age",
            "value": "43",
            "confidence": 0.6
          },
          {
            "name": "arched eyebrows",
            "value": "no",
            "confidence": 1.0
          },
          {
            "name": "attractive",
            "value": "no",
            "confidence": 0.66
          },
          {
            "name": "bags under eyes",
            "value": "no",
            "confidence": 1.0
          },
          {
            "name": "bald",
            "value": "no",
            "confidence": 0.37
          },
          {
            "name": "bangs",
            "value": "no",
            "confidence": 0.43
          },
          {
            "name": "beard",
            "value": "no",
            "confidence": 0.22
          },
          {
            "name": "big lips",
            "value": "no",
            "confidence": 0.25
          },
          {
            "name": "big nose",
            "value": "no",
            "confidence": 0.57
          },
          {
            "name": "black hair",
            "value": "yes",
            "confidence": 0.19
          },
          {
            "name": "blond hair",
            "value": "no",
            "confidence": 0.99
          },
          {
            "name": "blurry",
            "value": "yes",
            "confidence": 0.77
          },
          {
            "name": "brown hair",
            "value": "no",
            "confidence": 0.66
          },
          {
            "name": "bushy eyebrows",
            "value": "no",
            "confidence": 0.6
          },
          {
            "name": "chubby",
            "value": "no",
            "confidence": 0.39
          },
          {
            "name": "double chin",
            "value": "no",
            "confidence": 0.68
          },
          {
            "name": "expression",
            "value": "smile",
            "confidence": 0.3
          },
          {
            "name": "gender",
            "value": "male",
            "confidence": 0.11
          },
          {
            "name": "glasses",
            "value": "no",
            "confidence": 0.91
          },
          {
            "name": "goatee",
            "value": "no",
            "confidence": 0.35
          },
          {
            "name": "gray hair",
            "value": "no",
            "confidence": 0.97
          },
          {
            "name": "heavy makeup",
            "value": "no",
            "confidence": 0.7
          },
          {
            "name": "high cheekbones",
            "value": "no",
            "confidence": 0.01
          },
          {
            "name": "mouth open",
            "value": "yes",
            "confidence": 0.44
          },
          {
            "name": "mustache",
            "value": "no",
            "confidence": 0.36
          },
          {
            "name": "narrow eyes",
            "value": "yes",
            "confidence": 0.1
          },
          {
            "name": "oval face",
            "value": "yes",
            "confidence": 0.26
          },
          {
            "name": "pale skin",
            "value": "yes",
            "confidence": 0.11
          },
          {
            "name": "pitch",
            "value": "-6.74",
            "confidence": 1.0
          },
          {
            "name": "pointy nose",
            "value": "no",
            "confidence": 0.83
          },
          {
            "name": "race",
            "value": "white",
            "confidence": 0.61
          },
          {
            "name": "receding hairline",
            "value": "no",
            "confidence": 0.43
          },
          {
            "name": "rosy cheeks",
            "value": "no",
            "confidence": 1.0
          },
          {
            "name": "sideburns",
            "value": "no",
            "confidence": 0.61
          },
          {
            "name": "straight hair",
            "value": "no",
            "confidence": 0.43
          },
          {
            "name": "wavy hair",
            "value": "no",
            "confidence": 0.58
          },
          {
            "name": "wearing earrings",
            "value": "no",
            "confidence": 0.61
          },
          {
            "name": "wearing hat",
            "value": "yes",
            "confidence": 0.24
          },
          {
            "name": "wearing lipstick",
            "value": "no",
            "confidence": 0.69
          },
          {
            "name": "wearing necklace",
            "value": "no",
            "confidence": 0.82
          },
          {
            "name": "wearing necktie",
            "value": "no",
            "confidence": 0.97
          },
          {
            "name": "yaw",
            "value": "2.19",
            "confidence": 1.0
          },
          {
            "name": "young",
            "value": "yes",
            "confidence": 0.47
          }
        ],
        "person_id": "",
        "appearance_id": 0,
        "start": "00:00:00",
        "duration": "00:00:00"
      }
    ],
    "tags": null,
    "original_filename": "https://raw.githubusercontent.com/sarkrui/Hairstyle60k/master/Dataset/Flattop/IMG_9.jpg",
    "duration": "00:00:00"
  },
  "recognize": null
}