{
  "media": {
    "media_uuid": "93524da3-a461-4b08-9edb-c5cbe71fd3de",
    "checksum": "87a3be518b9635e9d8433f2d26f72bcd703d7c9054c43aba0f3f88903aa2620e",
    "faces": [
      {
        "face_uuid": "ce1f033d-1534-11e9-99c4-0cc47a6c4dbd",
        "media_uuid": "93524da3-a461-4b08-9edb-c5cbe71fd3de",
        "x": 273.32,
        "y": 389.09,
        "width": 249.52,
        "height": 344.89,
        "angle": -1.5466,
        "detection_score": 1.0,
        "points": [
          {
            "x": 178.73,
            "y": 356.02,
            "type": 512,
            "name": "basic eye left"
          },
          {
            "x": 300.57,
            "y": 359.31,
            "type": 768,
            "name": "basic eye right"
          },
          {
            "x": 154.45,
            "y": 355.73,
            "type": 1024,
            "name": "basic eye left outer"
          },
          {
            "x": 329.07,
            "y": 360.86,
            "type": 1280,
            "name": "basic eye right outer"
          },
          {
            "x": 202.06,
            "y": 358.33,
            "type": 1536,
            "name": "basic eye left inner"
          },
          {
            "x": 272.24,
            "y": 360.06,
            "type": 1792,
            "name": "basic eye right inner"
          },
          {
            "x": 186.4,
            "y": 489.3,
            "type": 2048,
            "name": "basic mouth left"
          },
          {
            "x": 280.37,
            "y": 493.13,
            "type": 2304,
            "name": "basic mouth right"
          },
          {
            "x": 209.39,
            "y": 437.92,
            "type": 2560,
            "name": "basic nose tip"
          },
          {
            "x": 231.07,
            "y": 492.4,
            "type": 2816,
            "name": "basic mouth center"
          },
          {
            "x": 231.07,
            "y": 492.4,
            "type": 3072,
            "name": "basic eyebrow left"
          },
          {
            "x": 231.07,
            "y": 492.4,
            "type": 3328,
            "name": "basic eyebrow left inner corner"
          },
          {
            "x": 231.07,
            "y": 492.4,
            "type": 3584,
            "name": "basic eyebrow left outer corner"
          },
          {
            "x": 231.07,
            "y": 492.4,
            "type": 3840,
            "name": "basic eyebrow right"
          },
          {
            "x": 231.07,
            "y": 492.4,
            "type": 4096,
            "name": "basic eyebrow right inner corner"
          },
          {
            "x": 231.07,
            "y": 492.4,
            "type": 4352,
            "name": "basic eyebrow right outer corner"
          },
          {
            "x": 231.07,
            "y": 492.4,
            "type": 4608,
            "name": "basic chin bottom"
          },
          {
            "x": 231.07,
            "y": 492.4,
            "type": 4864,
            "name": "basic chin left"
          },
          {
            "x": 231.07,
            "y": 492.4,
            "type": 5120,
            "name": "basic chin right"
          },
          {
            "x": 190.84,
            "y": 442.76,
            "type": 5376,
            "name": "basic nose left"
          },
          {
            "x": 252.7,
            "y": 444.9,
            "type": 5632,
            "name": "basic nose right"
          }
        ],
        "user_points": null,
        "tags": [
          {
            "name": "5oclock shadow",
            "value": "no",
            "confidence": 1.0
          },
          {
            "name": "age",
            "value": "22",
            "confidence": 0.6
          },
          {
            "name": "arched eyebrows",
            "value": "yes",
            "confidence": 0.41
          },
          {
            "name": "attractive",
            "value": "yes",
            "confidence": 1.0
          },
          {
            "name": "bags under eyes",
            "value": "no",
            "confidence": 0.67
          },
          {
            "name": "bald",
            "value": "no",
            "confidence": 0.82
          },
          {
            "name": "bangs",
            "value": "no",
            "confidence": 0.74
          },
          {
            "name": "beard",
            "value": "no",
            "confidence": 1.0
          },
          {
            "name": "big lips",
            "value": "yes",
            "confidence": 0.14
          },
          {
            "name": "big nose",
            "value": "no",
            "confidence": 0.92
          },
          {
            "name": "black hair",
            "value": "no",
            "confidence": 0.57
          },
          {
            "name": "blond hair",
            "value": "no",
            "confidence": 0.35
          },
          {
            "name": "blurry",
            "value": "no",
            "confidence": 1.0
          },
          {
            "name": "brown hair",
            "value": "yes",
            "confidence": 0.08
          },
          {
            "name": "bushy eyebrows",
            "value": "yes",
            "confidence": 0.19
          },
          {
            "name": "chubby",
            "value": "no",
            "confidence": 1.0
          },
          {
            "name": "double chin",
            "value": "no",
            "confidence": 1.0
          },
          {
            "name": "expression",
            "value": "neutral",
            "confidence": 1.0
          },
          {
            "name": "gender",
            "value": "female",
            "confidence": 0.99
          },
          {
            "name": "glasses",
            "value": "no",
            "confidence": 1.0
          },
          {
            "name": "goatee",
            "value": "no",
            "confidence": 1.0
          },
          {
            "name": "gray hair",
            "value": "no",
            "confidence": 0.9
          },
          {
            "name": "heavy makeup",
            "value": "yes",
            "confidence": 0.91
          },
          {
            "name": "high cheekbones",
            "value": "no",
            "confidence": 0.76
          },
          {
            "name": "mouth open",
            "value": "no",
            "confidence": 1.0
          },
          {
            "name": "mustache",
            "value": "no",
            "confidence": 1.0
          },
          {
            "name": "narrow eyes",
            "value": "no",
            "confidence": 0.73
          },
          {
            "name": "oval face",
            "value": "yes",
            "confidence": 0.24
          },
          {
            "name": "pale skin",
            "value": "yes",
            "confidence": 0.81
          },
          {
            "name": "pitch",
            "value": "-8",
            "confidence": 1.0
          },
          {
            "name": "pointy nose",
            "value": "yes",
            "confidence": 0.37
          },
          {
            "name": "race",
            "value": "white",
            "confidence": 0.96
          },
          {
            "name": "receding hairline",
            "value": "no",
            "confidence": 0.53
          },
          {
            "name": "rosy cheeks",
            "value": "no",
            "confidence": 0.73
          },
          {
            "name": "sideburns",
            "value": "no",
            "confidence": 1.0
          },
          {
            "name": "straight hair",
            "value": "yes",
            "confidence": 0.35
          },
          {
            "name": "wavy hair",
            "value": "no",
            "confidence": 0.57
          },
          {
            "name": "wearing earrings",
            "value": "yes",
            "confidence": 0.01
          },
          {
            "name": "wearing hat",
            "value": "no",
            "confidence": 0.78
          },
          {
            "name": "wearing lipstick",
            "value": "yes",
            "confidence": 0.96
          },
          {
            "name": "wearing necklace",
            "value": "no",
            "confidence": 0.43
          },
          {
            "name": "wearing necktie",
            "value": "no",
            "confidence": 0.76
          },
          {
            "name": "yaw",
            "value": "29.08",
            "confidence": 1.0
          },
          {
            "name": "young",
            "value": "yes",
            "confidence": 1.0
          }
        ],
        "person_id": "",
        "appearance_id": 0,
        "start": "00:00:00",
        "duration": "00:00:00"
      }
    ],
    "tags": null,
    "original_filename": "https://raw.githubusercontent.com/sarkrui/Hairstyle60k/master/Dataset/French_Twist/IMG_14.jpg",
    "duration": "00:00:00"
  },
  "recognize": null
}