{
  "media": {
    "media_uuid": "de531c29-e4fa-47e8-acdc-35a461a1ba41",
    "checksum": "22dd3cef68adcb69236da999a380b9e1181de47d1646d19a375c501688242268",
    "faces": [
      {
        "face_uuid": "e64b09d0-1534-11e9-99c4-0cc47a6c4dbd",
        "media_uuid": "de531c29-e4fa-47e8-acdc-35a461a1ba41",
        "x": 116.5,
        "y": 174.5,
        "width": 150.39,
        "height": 182.96,
        "angle": -16.7396,
        "detection_score": 1.0,
        "points": [
          {
            "x": 61.58,
            "y": 139.25,
            "type": 512,
            "name": "basic eye left"
          },
          {
            "x": 133.67,
            "y": 160.93,
            "type": 768,
            "name": "basic eye right"
          },
          {
            "x": 47.01,
            "y": 135.46,
            "type": 1024,
            "name": "basic eye left outer"
          },
          {
            "x": 149.37,
            "y": 166.63,
            "type": 1280,
            "name": "basic eye right outer"
          },
          {
            "x": 75.9,
            "y": 143.83,
            "type": 1536,
            "name": "basic eye left inner"
          },
          {
            "x": 118.34,
            "y": 156.42,
            "type": 1792,
            "name": "basic eye right inner"
          },
          {
            "x": 56.25,
            "y": 203.08,
            "type": 2048,
            "name": "basic mouth left"
          },
          {
            "x": 108.67,
            "y": 220.66,
            "type": 2304,
            "name": "basic mouth right"
          },
          {
            "x": 80.6,
            "y": 188.75,
            "type": 2560,
            "name": "basic nose tip"
          },
          {
            "x": 81.66,
            "y": 212.47,
            "type": 2816,
            "name": "basic mouth center"
          },
          {
            "x": 81.66,
            "y": 212.47,
            "type": 3072,
            "name": "basic eyebrow left"
          },
          {
            "x": 81.66,
            "y": 212.47,
            "type": 3328,
            "name": "basic eyebrow left inner corner"
          },
          {
            "x": 81.66,
            "y": 212.47,
            "type": 3584,
            "name": "basic eyebrow left outer corner"
          },
          {
            "x": 81.66,
            "y": 212.47,
            "type": 3840,
            "name": "basic eyebrow right"
          },
          {
            "x": 81.66,
            "y": 212.47,
            "type": 4096,
            "name": "basic eyebrow right inner corner"
          },
          {
            "x": 81.66,
            "y": 212.47,
            "type": 4352,
            "name": "basic eyebrow right outer corner"
          },
          {
            "x": 81.66,
            "y": 212.47,
            "type": 4608,
            "name": "basic chin bottom"
          },
          {
            "x": 81.66,
            "y": 212.47,
            "type": 4864,
            "name": "basic chin left"
          },
          {
            "x": 81.66,
            "y": 212.47,
            "type": 5120,
            "name": "basic chin right"
          },
          {
            "x": 64.77,
            "y": 185.99,
            "type": 5376,
            "name": "basic nose left"
          },
          {
            "x": 101.53,
            "y": 197.85,
            "type": 5632,
            "name": "basic nose right"
          }
        ],
        "user_points": null,
        "tags": [
          {
            "name": "5oclock shadow",
            "value": "yes",
            "confidence": 0.32
          },
          {
            "name": "age",
            "value": "23",
            "confidence": 0.6
          },
          {
            "name": "arched eyebrows",
            "value": "no",
            "confidence": 0.89
          },
          {
            "name": "attractive",
            "value": "no",
            "confidence": 0.82
          },
          {
            "name": "bags under eyes",
            "value": "yes",
            "confidence": 0.29
          },
          {
            "name": "bald",
            "value": "no",
            "confidence": 0.23
          },
          {
            "name": "bangs",
            "value": "no",
            "confidence": 0.42
          },
          {
            "name": "beard",
            "value": "yes",
            "confidence": 0.78
          },
          {
            "name": "big lips",
            "value": "yes",
            "confidence": 0.13
          },
          {
            "name": "big nose",
            "value": "yes",
            "confidence": 0.74
          },
          {
            "name": "black hair",
            "value": "yes",
            "confidence": 0.35
          },
          {
            "name": "blond hair",
            "value": "no",
            "confidence": 1.0
          },
          {
            "name": "blurry",
            "value": "no",
            "confidence": 0.33
          },
          {
            "name": "brown hair",
            "value": "no",
            "confidence": 0.88
          },
          {
            "name": "bushy eyebrows",
            "value": "yes",
            "confidence": 0.1
          },
          {
            "name": "chubby",
            "value": "yes",
            "confidence": 0.4
          },
          {
            "name": "double chin",
            "value": "yes",
            "confidence": 0.13
          },
          {
            "name": "expression",
            "value": "neutral",
            "confidence": 0.21
          },
          {
            "name": "gender",
            "value": "male",
            "confidence": 1.0
          },
          {
            "name": "glasses",
            "value": "no",
            "confidence": 1.0
          },
          {
            "name": "goatee",
            "value": "yes",
            "confidence": 0.58
          },
          {
            "name": "gray hair",
            "value": "no",
            "confidence": 0.62
          },
          {
            "name": "heavy makeup",
            "value": "no",
            "confidence": 0.99
          },
          {
            "name": "high cheekbones",
            "value": "no",
            "confidence": 0.23
          },
          {
            "name": "mouth open",
            "value": "yes",
            "confidence": 0.06
          },
          {
            "name": "mustache",
            "value": "yes",
            "confidence": 0.7
          },
          {
            "name": "narrow eyes",
            "value": "yes",
            "confidence": 0.02
          },
          {
            "name": "oval face",
            "value": "no",
            "confidence": 0.2
          },
          {
            "name": "pale skin",
            "value": "no",
            "confidence": 0.55
          },
          {
            "name": "pitch",
            "value": "-6.54",
            "confidence": 1.0
          },
          {
            "name": "pointy nose",
            "value": "no",
            "confidence": 0.89
          },
          {
            "name": "race",
            "value": "asian",
            "confidence": 0.67
          },
          {
            "name": "receding hairline",
            "value": "no",
            "confidence": 0.5
          },
          {
            "name": "rosy cheeks",
            "value": "no",
            "confidence": 1.0
          },
          {
            "name": "sideburns",
            "value": "yes",
            "confidence": 0.47
          },
          {
            "name": "straight hair",
            "value": "no",
            "confidence": 0.44
          },
          {
            "name": "wavy hair",
            "value": "no",
            "confidence": 0.58
          },
          {
            "name": "wearing earrings",
            "value": "no",
            "confidence": 0.86
          },
          {
            "name": "wearing hat",
            "value": "yes",
            "confidence": 0.23
          },
          {
            "name": "wearing lipstick",
            "value": "no",
            "confidence": 1.0
          },
          {
            "name": "wearing necklace",
            "value": "no",
            "confidence": 0.8
          },
          {
            "name": "wearing necktie",
            "value": "no",
            "confidence": 0.02
          },
          {
            "name": "yaw",
            "value": "3.52",
            "confidence": 1.0
          },
          {
            "name": "young",
            "value": "no",
            "confidence": 0.22
          }
        ],
        "person_id": "",
        "appearance_id": 0,
        "start": "00:00:00",
        "duration": "00:00:00"
      }
    ],
    "tags": null,
    "original_filename": "https://raw.githubusercontent.com/sarkrui/Hairstyle60k/master/Dataset/Hi-top_Fade/IMG_23.jpg",
    "duration": "00:00:00"
  },
  "recognize": null
}