{
  "media": {
    "media_uuid": "449215c0-b50d-48a9-b06e-7520b894ed60",
    "checksum": "f2174724035e40a8ac485fdb94a9605127f699561539b29462c97ade2baecc9d",
    "faces": [
      {
        "face_uuid": "e26fa318-1534-11e9-99c4-0cc47a6c4dbd",
        "media_uuid": "449215c0-b50d-48a9-b06e-7520b894ed60",
        "x": 275.45,
        "y": 503.76,
        "width": 324.11,
        "height": 402.16,
        "angle": -0.572,
        "detection_score": 1.0,
        "points": [
          {
            "x": 184.06,
            "y": 465.54,
            "type": 512,
            "name": "basic eye left"
          },
          {
            "x": 339.99,
            "y": 467.1,
            "type": 768,
            "name": "basic eye right"
          },
          {
            "x": 151.65,
            "y": 464.97,
            "type": 1024,
            "name": "basic eye left outer"
          },
          {
            "x": 373.73,
            "y": 467.22,
            "type": 1280,
            "name": "basic eye right outer"
          },
          {
            "x": 215.94,
            "y": 469.6,
            "type": 1536,
            "name": "basic eye left inner"
          },
          {
            "x": 306.49,
            "y": 470.49,
            "type": 1792,
            "name": "basic eye right inner"
          },
          {
            "x": 206.86,
            "y": 632.31,
            "type": 2048,
            "name": "basic mouth left"
          },
          {
            "x": 321.49,
            "y": 634.16,
            "type": 2304,
            "name": "basic mouth right"
          },
          {
            "x": 254.47,
            "y": 575.41,
            "type": 2560,
            "name": "basic nose tip"
          },
          {
            "x": 263.29,
            "y": 635.81,
            "type": 2816,
            "name": "basic mouth center"
          },
          {
            "x": 263.29,
            "y": 635.81,
            "type": 3072,
            "name": "basic eyebrow left"
          },
          {
            "x": 263.29,
            "y": 635.81,
            "type": 3328,
            "name": "basic eyebrow left inner corner"
          },
          {
            "x": 263.29,
            "y": 635.81,
            "type": 3584,
            "name": "basic eyebrow left outer corner"
          },
          {
            "x": 263.29,
            "y": 635.81,
            "type": 3840,
            "name": "basic eyebrow right"
          },
          {
            "x": 263.29,
            "y": 635.81,
            "type": 4096,
            "name": "basic eyebrow right inner corner"
          },
          {
            "x": 263.29,
            "y": 635.81,
            "type": 4352,
            "name": "basic eyebrow right outer corner"
          },
          {
            "x": 263.29,
            "y": 635.81,
            "type": 4608,
            "name": "basic chin bottom"
          },
          {
            "x": 263.29,
            "y": 635.81,
            "type": 4864,
            "name": "basic chin left"
          },
          {
            "x": 263.29,
            "y": 635.81,
            "type": 5120,
            "name": "basic chin right"
          },
          {
            "x": 218.75,
            "y": 571.2,
            "type": 5376,
            "name": "basic nose left"
          },
          {
            "x": 298.48,
            "y": 572.21,
            "type": 5632,
            "name": "basic nose right"
          }
        ],
        "user_points": null,
        "tags": [
          {
            "name": "5oclock shadow",
            "value": "yes",
            "confidence": 0.23
          },
          {
            "name": "age",
            "value": "41",
            "confidence": 0.6
          },
          {
            "name": "arched eyebrows",
            "value": "no",
            "confidence": 0.69
          },
          {
            "name": "attractive",
            "value": "no",
            "confidence": 0.96
          },
          {
            "name": "bags under eyes",
            "value": "yes",
            "confidence": 0.29
          },
          {
            "name": "bald",
            "value": "no",
            "confidence": 0.48
          },
          {
            "name": "bangs",
            "value": "no",
            "confidence": 0.56
          },
          {
            "name": "beard",
            "value": "yes",
            "confidence": 0.51
          },
          {
            "name": "big lips",
            "value": "yes",
            "confidence": 0.56
          },
          {
            "name": "big nose",
            "value": "yes",
            "confidence": 0.67
          },
          {
            "name": "black hair",
            "value": "yes",
            "confidence": 0.67
          },
          {
            "name": "blond hair",
            "value": "no",
            "confidence": 1.0
          },
          {
            "name": "blurry",
            "value": "no",
            "confidence": 0.76
          },
          {
            "name": "brown hair",
            "value": "no",
            "confidence": 0.89
          },
          {
            "name": "bushy eyebrows",
            "value": "yes",
            "confidence": 0.81
          },
          {
            "name": "chubby",
            "value": "yes",
            "confidence": 0.08
          },
          {
            "name": "double chin",
            "value": "no",
            "confidence": 0.37
          },
          {
            "name": "expression",
            "value": "neutral",
            "confidence": 1.0
          },
          {
            "name": "gender",
            "value": "male",
            "confidence": 0.86
          },
          {
            "name": "glasses",
            "value": "no",
            "confidence": 1.0
          },
          {
            "name": "goatee",
            "value": "yes",
            "confidence": 0.28
          },
          {
            "name": "gray hair",
            "value": "no",
            "confidence": 0.91
          },
          {
            "name": "heavy makeup",
            "value": "no",
            "confidence": 0.93
          },
          {
            "name": "high cheekbones",
            "value": "no",
            "confidence": 0.66
          },
          {
            "name": "mouth open",
            "value": "no",
            "confidence": 0.67
          },
          {
            "name": "mustache",
            "value": "yes",
            "confidence": 0.43
          },
          {
            "name": "narrow eyes",
            "value": "no",
            "confidence": 0.66
          },
          {
            "name": "oval face",
            "value": "no",
            "confidence": 0.31
          },
          {
            "name": "pale skin",
            "value": "no",
            "confidence": 0.75
          },
          {
            "name": "pitch",
            "value": "-7.2",
            "confidence": 1.0
          },
          {
            "name": "pointy nose",
            "value": "no",
            "confidence": 0.87
          },
          {
            "name": "race",
            "value": "black",
            "confidence": 1.0
          },
          {
            "name": "receding hairline",
            "value": "no",
            "confidence": 0.55
          },
          {
            "name": "rosy cheeks",
            "value": "no",
            "confidence": 1.0
          },
          {
            "name": "sideburns",
            "value": "yes",
            "confidence": 0.09
          },
          {
            "name": "straight hair",
            "value": "no",
            "confidence": 0.57
          },
          {
            "name": "wavy hair",
            "value": "no",
            "confidence": 0.58
          },
          {
            "name": "wearing earrings",
            "value": "no",
            "confidence": 0.51
          },
          {
            "name": "wearing hat",
            "value": "yes",
            "confidence": 0.27
          },
          {
            "name": "wearing lipstick",
            "value": "no",
            "confidence": 0.98
          },
          {
            "name": "wearing necklace",
            "value": "no",
            "confidence": 0.59
          },
          {
            "name": "wearing necktie",
            "value": "no",
            "confidence": 0.42
          },
          {
            "name": "yaw",
            "value": "0.16",
            "confidence": 1.0
          },
          {
            "name": "young",
            "value": "yes",
            "confidence": 0.25
          }
        ],
        "person_id": "",
        "appearance_id": 0,
        "start": "00:00:00",
        "duration": "00:00:00"
      }
    ],
    "tags": null,
    "original_filename": "https://raw.githubusercontent.com/sarkrui/Hairstyle60k/master/Dataset/Hi-top_Fade/IMG_18.jpg",
    "duration": "00:00:00"
  },
  "recognize": null
}