{
  "media": {
    "media_uuid": "9921feac-dddd-4235-8324-66a5489f811f",
    "checksum": "e77399ad6a57d81695609c18607acfe1da6fd0f4ee029c020a25bc6b25deab8f",
    "faces": [
      {
        "face_uuid": "de6936ee-1534-11e9-99c4-0cc47a6c4dbd",
        "media_uuid": "9921feac-dddd-4235-8324-66a5489f811f",
        "x": 434.84,
        "y": 466.59,
        "width": 209.53,
        "height": 374.43,
        "angle": -13.3528,
        "detection_score": 1.0,
        "points": [
          {
            "x": 338.05,
            "y": 415.7,
            "type": 512,
            "name": "basic eye left"
          },
          {
            "x": 510.96,
            "y": 456.74,
            "type": 768,
            "name": "basic eye right"
          },
          {
            "x": 302.64,
            "y": 407.77,
            "type": 1024,
            "name": "basic eye left outer"
          },
          {
            "x": 545.43,
            "y": 465.45,
            "type": 1280,
            "name": "basic eye right outer"
          },
          {
            "x": 372.01,
            "y": 428.19,
            "type": 1536,
            "name": "basic eye left inner"
          },
          {
            "x": 475.95,
            "y": 452.62,
            "type": 1792,
            "name": "basic eye right inner"
          },
          {
            "x": 328.81,
            "y": 585.06,
            "type": 2048,
            "name": "basic mouth left"
          },
          {
            "x": 453.32,
            "y": 602.22,
            "type": 2304,
            "name": "basic mouth right"
          },
          {
            "x": 404.87,
            "y": 519.75,
            "type": 2560,
            "name": "basic nose tip"
          },
          {
            "x": 390.29,
            "y": 593.57,
            "type": 2816,
            "name": "basic mouth center"
          },
          {
            "x": 390.29,
            "y": 593.57,
            "type": 3072,
            "name": "basic eyebrow left"
          },
          {
            "x": 390.29,
            "y": 593.57,
            "type": 3328,
            "name": "basic eyebrow left inner corner"
          },
          {
            "x": 390.29,
            "y": 593.57,
            "type": 3584,
            "name": "basic eyebrow left outer corner"
          },
          {
            "x": 390.29,
            "y": 593.57,
            "type": 3840,
            "name": "basic eyebrow right"
          },
          {
            "x": 390.29,
            "y": 593.57,
            "type": 4096,
            "name": "basic eyebrow right inner corner"
          },
          {
            "x": 390.29,
            "y": 593.57,
            "type": 4352,
            "name": "basic eyebrow right outer corner"
          },
          {
            "x": 390.29,
            "y": 593.57,
            "type": 4608,
            "name": "basic chin bottom"
          },
          {
            "x": 390.29,
            "y": 593.57,
            "type": 4864,
            "name": "basic chin left"
          },
          {
            "x": 390.29,
            "y": 593.57,
            "type": 5120,
            "name": "basic chin right"
          },
          {
            "x": 361.07,
            "y": 519.68,
            "type": 5376,
            "name": "basic nose left"
          },
          {
            "x": 446.75,
            "y": 536.42,
            "type": 5632,
            "name": "basic nose right"
          }
        ],
        "user_points": null,
        "tags": [
          {
            "name": "5oclock shadow",
            "value": "no",
            "confidence": 0.85
          },
          {
            "name": "age",
            "value": "40",
            "confidence": 0.6
          },
          {
            "name": "arched eyebrows",
            "value": "no",
            "confidence": 0.96
          },
          {
            "name": "attractive",
            "value": "no",
            "confidence": 1.0
          },
          {
            "name": "bags under eyes",
            "value": "no",
            "confidence": 0.99
          },
          {
            "name": "bald",
            "value": "no",
            "confidence": 0.28
          },
          {
            "name": "bangs",
            "value": "no",
            "confidence": 0.46
          },
          {
            "name": "beard",
            "value": "no",
            "confidence": 0.6
          },
          {
            "name": "big lips",
            "value": "no",
            "confidence": 0.07
          },
          {
            "name": "big nose",
            "value": "no",
            "confidence": 0.25
          },
          {
            "name": "black hair",
            "value": "no",
            "confidence": 0.17
          },
          {
            "name": "blond hair",
            "value": "no",
            "confidence": 1.0
          },
          {
            "name": "blurry",
            "value": "yes",
            "confidence": 0.22
          },
          {
            "name": "brown hair",
            "value": "no",
            "confidence": 0.72
          },
          {
            "name": "bushy eyebrows",
            "value": "no",
            "confidence": 0.79
          },
          {
            "name": "chubby",
            "value": "no",
            "confidence": 0.23
          },
          {
            "name": "double chin",
            "value": "no",
            "confidence": 0.58
          },
          {
            "name": "expression",
            "value": "neutral",
            "confidence": 0.83
          },
          {
            "name": "gender",
            "value": "male",
            "confidence": 0.12
          },
          {
            "name": "glasses",
            "value": "no",
            "confidence": 1.0
          },
          {
            "name": "goatee",
            "value": "no",
            "confidence": 0.79
          },
          {
            "name": "gray hair",
            "value": "no",
            "confidence": 0.64
          },
          {
            "name": "heavy makeup",
            "value": "no",
            "confidence": 0.86
          },
          {
            "name": "high cheekbones",
            "value": "no",
            "confidence": 0.56
          },
          {
            "name": "mouth open",
            "value": "no",
            "confidence": 0.12
          },
          {
            "name": "mustache",
            "value": "no",
            "confidence": 0.59
          },
          {
            "name": "narrow eyes",
            "value": "no",
            "confidence": 0.4
          },
          {
            "name": "oval face",
            "value": "no",
            "confidence": 0.17
          },
          {
            "name": "pale skin",
            "value": "yes",
            "confidence": 0.07
          },
          {
            "name": "pitch",
            "value": "-4.45",
            "confidence": 1.0
          },
          {
            "name": "pointy nose",
            "value": "no",
            "confidence": 0.85
          },
          {
            "name": "race",
            "value": "asian",
            "confidence": 1.0
          },
          {
            "name": "receding hairline",
            "value": "no",
            "confidence": 0.32
          },
          {
            "name": "rosy cheeks",
            "value": "no",
            "confidence": 1.0
          },
          {
            "name": "sideburns",
            "value": "no",
            "confidence": 1.0
          },
          {
            "name": "straight hair",
            "value": "no",
            "confidence": 0.63
          },
          {
            "name": "wavy hair",
            "value": "no",
            "confidence": 0.85
          },
          {
            "name": "wearing earrings",
            "value": "no",
            "confidence": 0.26
          },
          {
            "name": "wearing hat",
            "value": "yes",
            "confidence": 0.83
          },
          {
            "name": "wearing lipstick",
            "value": "no",
            "confidence": 0.79
          },
          {
            "name": "wearing necklace",
            "value": "no",
            "confidence": 0.52
          },
          {
            "name": "wearing necktie",
            "value": "no",
            "confidence": 0.91
          },
          {
            "name": "yaw",
            "value": "-43.42",
            "confidence": 1.0
          },
          {
            "name": "young",
            "value": "yes",
            "confidence": 0.21
          }
        ],
        "person_id": "",
        "appearance_id": 0,
        "start": "00:00:00",
        "duration": "00:00:00"
      },
      {
        "face_uuid": "dea014e7-1534-11e9-99c4-0cc47a6c4dbd",
        "media_uuid": "9921feac-dddd-4235-8324-66a5489f811f",
        "x": 391.42,
        "y": 403.08,
        "width": 221.02,
        "height": 360.09,
        "angle": -7.5553,
        "detection_score": 0.84,
        "points": [
          {
            "x": 285.95,
            "y": 343.12,
            "type": 512,
            "name": "basic eye left"
          },
          {
            "x": 451.71,
            "y": 365.11,
            "type": 768,
            "name": "basic eye right"
          },
          {
            "x": 253.12,
            "y": 339.32,
            "type": 1024,
            "name": "basic eye left outer"
          },
          {
            "x": 486.53,
            "y": 370.46,
            "type": 1280,
            "name": "basic eye right outer"
          },
          {
            "x": 317.73,
            "y": 350.96,
            "type": 1536,
            "name": "basic eye left inner"
          },
          {
            "x": 417.05,
            "y": 364.08,
            "type": 1792,
            "name": "basic eye right inner"
          },
          {
            "x": 242.61,
            "y": 491.33,
            "type": 2048,
            "name": "basic mouth left"
          },
          {
            "x": 364.29,
            "y": 520.06,
            "type": 2304,
            "name": "basic mouth right"
          },
          {
            "x": 325.37,
            "y": 437.19,
            "type": 2560,
            "name": "basic nose tip"
          },
          {
            "x": 301.16,
            "y": 504.94,
            "type": 2816,
            "name": "basic mouth center"
          },
          {
            "x": 301.16,
            "y": 504.94,
            "type": 3072,
            "name": "basic eyebrow left"
          },
          {
            "x": 301.16,
            "y": 504.94,
            "type": 3328,
            "name": "basic eyebrow left inner corner"
          },
          {
            "x": 301.16,
            "y": 504.94,
            "type": 3584,
            "name": "basic eyebrow left outer corner"
          },
          {
            "x": 301.16,
            "y": 504.94,
            "type": 3840,
            "name": "basic eyebrow right"
          },
          {
            "x": 301.16,
            "y": 504.94,
            "type": 4096,
            "name": "basic eyebrow right inner corner"
          },
          {
            "x": 301.16,
            "y": 504.94,
            "type": 4352,
            "name": "basic eyebrow right outer corner"
          },
          {
            "x": 301.16,
            "y": 504.94,
            "type": 4608,
            "name": "basic chin bottom"
          },
          {
            "x": 301.16,
            "y": 504.94,
            "type": 4864,
            "name": "basic chin left"
          },
          {
            "x": 301.16,
            "y": 504.94,
            "type": 5120,
            "name": "basic chin right"
          },
          {
            "x": 287.98,
            "y": 441.28,
            "type": 5376,
            "name": "basic nose left"
          },
          {
            "x": 373.91,
            "y": 456.14,
            "type": 5632,
            "name": "basic nose right"
          }
        ],
        "user_points": null,
        "tags": [
          {
            "name": "5oclock shadow",
            "value": "no",
            "confidence": 0.97
          },
          {
            "name": "age",
            "value": "17",
            "confidence": 0.6
          },
          {
            "name": "arched eyebrows",
            "value": "no",
            "confidence": 1.0
          },
          {
            "name": "attractive",
            "value": "no",
            "confidence": 0.81
          },
          {
            "name": "bags under eyes",
            "value": "no",
            "confidence": 0.72
          },
          {
            "name": "bald",
            "value": "no",
            "confidence": 0.15
          },
          {
            "name": "bangs",
            "value": "no",
            "confidence": 0.57
          },
          {
            "name": "beard",
            "value": "no",
            "confidence": 0.87
          },
          {
            "name": "big lips",
            "value": "no",
            "confidence": 0.45
          },
          {
            "name": "big nose",
            "value": "no",
            "confidence": 0.35
          },
          {
            "name": "black hair",
            "value": "no",
            "confidence": 0.39
          },
          {
            "name": "blond hair",
            "value": "no",
            "confidence": 0.89
          },
          {
            "name": "blurry",
            "value": "yes",
            "confidence": 0.18
          },
          {
            "name": "brown hair",
            "value": "no",
            "confidence": 0.64
          },
          {
            "name": "bushy eyebrows",
            "value": "no",
            "confidence": 0.86
          },
          {
            "name": "chubby",
            "value": "no",
            "confidence": 0.26
          },
          {
            "name": "double chin",
            "value": "no",
            "confidence": 0.43
          },
          {
            "name": "expression",
            "value": "neutral",
            "confidence": 0.22
          },
          {
            "name": "gender",
            "value": "male",
            "confidence": 0.06
          },
          {
            "name": "glasses",
            "value": "no",
            "confidence": 1.0
          },
          {
            "name": "goatee",
            "value": "no",
            "confidence": 1.0
          },
          {
            "name": "gray hair",
            "value": "no",
            "confidence": 0.35
          },
          {
            "name": "heavy makeup",
            "value": "no",
            "confidence": 0.91
          },
          {
            "name": "high cheekbones",
            "value": "no",
            "confidence": 0.3
          },
          {
            "name": "mouth open",
            "value": "yes",
            "confidence": 0.34
          },
          {
            "name": "mustache",
            "value": "no",
            "confidence": 0.87
          },
          {
            "name": "narrow eyes",
            "value": "no",
            "confidence": 0.11
          },
          {
            "name": "oval face",
            "value": "yes",
            "confidence": 0.0
          },
          {
            "name": "pale skin",
            "value": "yes",
            "confidence": 0.41
          },
          {
            "name": "pitch",
            "value": "-5.28",
            "confidence": 1.0
          },
          {
            "name": "pointy nose",
            "value": "no",
            "confidence": 0.69
          },
          {
            "name": "race",
            "value": "white",
            "confidence": 0.68
          },
          {
            "name": "receding hairline",
            "value": "no",
            "confidence": 0.19
          },
          {
            "name": "rosy cheeks",
            "value": "no",
            "confidence": 1.0
          },
          {
            "name": "sideburns",
            "value": "no",
            "confidence": 1.0
          },
          {
            "name": "straight hair",
            "value": "no",
            "confidence": 0.33
          },
          {
            "name": "wavy hair",
            "value": "no",
            "confidence": 0.95
          },
          {
            "name": "wearing earrings",
            "value": "no",
            "confidence": 0.34
          },
          {
            "name": "wearing hat",
            "value": "yes",
            "confidence": 0.55
          },
          {
            "name": "wearing lipstick",
            "value": "no",
            "confidence": 0.87
          },
          {
            "name": "wearing necklace",
            "value": "no",
            "confidence": 0.69
          },
          {
            "name": "wearing necktie",
            "value": "no",
            "confidence": 0.6
          },
          {
            "name": "yaw",
            "value": "15.32",
            "confidence": 1.0
          },
          {
            "name": "young",
            "value": "yes",
            "confidence": 0.09
          }
        ],
        "person_id": "",
        "appearance_id": 0,
        "start": "00:00:00",
        "duration": "00:00:00"
      }
    ],
    "tags": null,
    "original_filename": "https://raw.githubusercontent.com/sarkrui/Hairstyle60k/master/Dataset/Hi-top_Fade/IMG_14.jpg",
    "duration": "00:00:00"
  },
  "recognize": null
}