{
  "media": {
    "media_uuid": "95c9d183-b0c2-49bc-951e-7711e954bfbc",
    "checksum": "8d62311787a04f7822b24adda6ae9c98e8b22f021584658de60751d9ce040bf3",
    "faces": [
      {
        "face_uuid": "965e5b7d-1534-11e9-99c4-0cc47a6c4dbd",
        "media_uuid": "95c9d183-b0c2-49bc-951e-7711e954bfbc",
        "x": 181.99,
        "y": 383.19,
        "width": 254.07,
        "height": 357.12,
        "angle": -8.4301,
        "detection_score": 1.0,
        "points": [
          {
            "x": 76.21,
            "y": 329.98,
            "type": 512,
            "name": "basic eye left"
          },
          {
            "x": 207.02,
            "y": 349.36,
            "type": 768,
            "name": "basic eye right"
          },
          {
            "x": 49.9,
            "y": 326.65,
            "type": 1024,
            "name": "basic eye left outer"
          },
          {
            "x": 236.63,
            "y": 354.61,
            "type": 1280,
            "name": "basic eye right outer"
          },
          {
            "x": 101.93,
            "y": 334.99,
            "type": 1536,
            "name": "basic eye left inner"
          },
          {
            "x": 178.14,
            "y": 346.25,
            "type": 1792,
            "name": "basic eye right inner"
          },
          {
            "x": 60.74,
            "y": 466.8,
            "type": 2048,
            "name": "basic mouth left"
          },
          {
            "x": 154.92,
            "y": 492.0,
            "type": 2304,
            "name": "basic mouth right"
          },
          {
            "x": 102.5,
            "y": 415.15,
            "type": 2560,
            "name": "basic nose tip"
          },
          {
            "x": 105.75,
            "y": 479.47,
            "type": 2816,
            "name": "basic mouth center"
          },
          {
            "x": 105.75,
            "y": 479.47,
            "type": 3072,
            "name": "basic eyebrow left"
          },
          {
            "x": 105.75,
            "y": 479.47,
            "type": 3328,
            "name": "basic eyebrow left inner corner"
          },
          {
            "x": 105.75,
            "y": 479.47,
            "type": 3584,
            "name": "basic eyebrow left outer corner"
          },
          {
            "x": 105.75,
            "y": 479.47,
            "type": 3840,
            "name": "basic eyebrow right"
          },
          {
            "x": 105.75,
            "y": 479.47,
            "type": 4096,
            "name": "basic eyebrow right inner corner"
          },
          {
            "x": 105.75,
            "y": 479.47,
            "type": 4352,
            "name": "basic eyebrow right outer corner"
          },
          {
            "x": 105.75,
            "y": 479.47,
            "type": 4608,
            "name": "basic chin bottom"
          },
          {
            "x": 105.75,
            "y": 479.47,
            "type": 4864,
            "name": "basic chin left"
          },
          {
            "x": 105.75,
            "y": 479.47,
            "type": 5120,
            "name": "basic chin right"
          },
          {
            "x": 76.67,
            "y": 418.91,
            "type": 5376,
            "name": "basic nose left"
          },
          {
            "x": 144.29,
            "y": 432.79,
            "type": 5632,
            "name": "basic nose right"
          }
        ],
        "user_points": null,
        "tags": [
          {
            "name": "5oclock shadow",
            "value": "no",
            "confidence": 0.19
          },
          {
            "name": "age",
            "value": "32",
            "confidence": 0.6
          },
          {
            "name": "arched eyebrows",
            "value": "no",
            "confidence": 1.0
          },
          {
            "name": "attractive",
            "value": "no",
            "confidence": 0.33
          },
          {
            "name": "bags under eyes",
            "value": "no",
            "confidence": 0.81
          },
          {
            "name": "bald",
            "value": "no",
            "confidence": 1.0
          },
          {
            "name": "bangs",
            "value": "no",
            "confidence": 0.26
          },
          {
            "name": "beard",
            "value": "no",
            "confidence": 0.56
          },
          {
            "name": "big lips",
            "value": "no",
            "confidence": 0.27
          },
          {
            "name": "big nose",
            "value": "no",
            "confidence": 0.69
          },
          {
            "name": "black hair",
            "value": "yes",
            "confidence": 0.63
          },
          {
            "name": "blond hair",
            "value": "no",
            "confidence": 1.0
          },
          {
            "name": "blurry",
            "value": "no",
            "confidence": 0.15
          },
          {
            "name": "brown hair",
            "value": "no",
            "confidence": 0.62
          },
          {
            "name": "bushy eyebrows",
            "value": "no",
            "confidence": 0.43
          },
          {
            "name": "chubby",
            "value": "no",
            "confidence": 1.0
          },
          {
            "name": "double chin",
            "value": "no",
            "confidence": 1.0
          },
          {
            "name": "expression",
            "value": "neutral",
            "confidence": 1.0
          },
          {
            "name": "gender",
            "value": "male",
            "confidence": 0.55
          },
          {
            "name": "glasses",
            "value": "no",
            "confidence": 1.0
          },
          {
            "name": "goatee",
            "value": "no",
            "confidence": 0.96
          },
          {
            "name": "gray hair",
            "value": "no",
            "confidence": 1.0
          },
          {
            "name": "heavy makeup",
            "value": "no",
            "confidence": 0.92
          },
          {
            "name": "high cheekbones",
            "value": "no",
            "confidence": 0.78
          },
          {
            "name": "mouth open",
            "value": "no",
            "confidence": 0.52
          },
          {
            "name": "mustache",
            "value": "no",
            "confidence": 0.83
          },
          {
            "name": "narrow eyes",
            "value": "no",
            "confidence": 0.65
          },
          {
            "name": "oval face",
            "value": "no",
            "confidence": 0.4
          },
          {
            "name": "pale skin",
            "value": "yes",
            "confidence": 0.1
          },
          {
            "name": "pitch",
            "value": "-5.72",
            "confidence": 1.0
          },
          {
            "name": "pointy nose",
            "value": "no",
            "confidence": 0.35
          },
          {
            "name": "race",
            "value": "asian",
            "confidence": 0.88
          },
          {
            "name": "receding hairline",
            "value": "no",
            "confidence": 0.87
          },
          {
            "name": "rosy cheeks",
            "value": "no",
            "confidence": 1.0
          },
          {
            "name": "sideburns",
            "value": "no",
            "confidence": 1.0
          },
          {
            "name": "straight hair",
            "value": "yes",
            "confidence": 0.43
          },
          {
            "name": "wavy hair",
            "value": "no",
            "confidence": 0.98
          },
          {
            "name": "wearing earrings",
            "value": "no",
            "confidence": 0.68
          },
          {
            "name": "wearing hat",
            "value": "no",
            "confidence": 0.16
          },
          {
            "name": "wearing lipstick",
            "value": "no",
            "confidence": 0.87
          },
          {
            "name": "wearing necklace",
            "value": "no",
            "confidence": 0.84
          },
          {
            "name": "wearing necktie",
            "value": "no",
            "confidence": 0.57
          },
          {
            "name": "yaw",
            "value": "56.15",
            "confidence": 1.0
          },
          {
            "name": "young",
            "value": "yes",
            "confidence": 0.84
          }
        ],
        "person_id": "",
        "appearance_id": 0,
        "start": "00:00:00",
        "duration": "00:00:00"
      }
    ],
    "tags": null,
    "original_filename": "https://raw.githubusercontent.com/sarkrui/Hairstyle60k/master/Dataset/Flattop/IMG_6.jpg",
    "duration": "00:00:00"
  },
  "recognize": null
}