{
  "media": {
    "media_uuid": "473e9cdf-8ff1-43d9-b8d3-86e82e9cda6d",
    "checksum": "9bca9bf5103a6b103e3233c5bed50b3ed34aa217de5ee5907cf81eb59d846221",
    "faces": [
      {
        "face_uuid": "df865a4c-1534-11e9-99c4-0cc47a6c4dbd",
        "media_uuid": "473e9cdf-8ff1-43d9-b8d3-86e82e9cda6d",
        "x": 401.08,
        "y": 434.5,
        "width": 356.5,
        "height": 445.06,
        "angle": 9.3898,
        "detection_score": 1.0,
        "points": [
          {
            "x": 333.38,
            "y": 401.3,
            "type": 512,
            "name": "basic eye left"
          },
          {
            "x": 528.06,
            "y": 369.1,
            "type": 768,
            "name": "basic eye right"
          },
          {
            "x": 290.65,
            "y": 409.28,
            "type": 1024,
            "name": "basic eye left outer"
          },
          {
            "x": 566.74,
            "y": 363.72,
            "type": 1280,
            "name": "basic eye right outer"
          },
          {
            "x": 375.4,
            "y": 395.51,
            "type": 1536,
            "name": "basic eye left inner"
          },
          {
            "x": 490.46,
            "y": 376.42,
            "type": 1792,
            "name": "basic eye right inner"
          },
          {
            "x": 388.84,
            "y": 598.39,
            "type": 2048,
            "name": "basic mouth left"
          },
          {
            "x": 553.95,
            "y": 572.35,
            "type": 2304,
            "name": "basic mouth right"
          },
          {
            "x": 488.03,
            "y": 485.92,
            "type": 2560,
            "name": "basic nose tip"
          },
          {
            "x": 474.79,
            "y": 585.82,
            "type": 2816,
            "name": "basic mouth center"
          },
          {
            "x": 474.79,
            "y": 585.82,
            "type": 3072,
            "name": "basic eyebrow left"
          },
          {
            "x": 474.79,
            "y": 585.82,
            "type": 3328,
            "name": "basic eyebrow left inner corner"
          },
          {
            "x": 474.79,
            "y": 585.82,
            "type": 3584,
            "name": "basic eyebrow left outer corner"
          },
          {
            "x": 474.79,
            "y": 585.82,
            "type": 3840,
            "name": "basic eyebrow right"
          },
          {
            "x": 474.79,
            "y": 585.82,
            "type": 4096,
            "name": "basic eyebrow right inner corner"
          },
          {
            "x": 474.79,
            "y": 585.82,
            "type": 4352,
            "name": "basic eyebrow right outer corner"
          },
          {
            "x": 474.79,
            "y": 585.82,
            "type": 4608,
            "name": "basic chin bottom"
          },
          {
            "x": 474.79,
            "y": 585.82,
            "type": 4864,
            "name": "basic chin left"
          },
          {
            "x": 474.79,
            "y": 585.82,
            "type": 5120,
            "name": "basic chin right"
          },
          {
            "x": 423.85,
            "y": 504.87,
            "type": 5376,
            "name": "basic nose left"
          },
          {
            "x": 525.68,
            "y": 488.32,
            "type": 5632,
            "name": "basic nose right"
          }
        ],
        "user_points": null,
        "tags": [
          {
            "name": "5oclock shadow",
            "value": "yes",
            "confidence": 0.01
          },
          {
            "name": "age",
            "value": "27",
            "confidence": 0.6
          },
          {
            "name": "arched eyebrows",
            "value": "no",
            "confidence": 0.89
          },
          {
            "name": "attractive",
            "value": "no",
            "confidence": 1.0
          },
          {
            "name": "bags under eyes",
            "value": "no",
            "confidence": 0.2
          },
          {
            "name": "bald",
            "value": "no",
            "confidence": 0.57
          },
          {
            "name": "bangs",
            "value": "yes",
            "confidence": 0.17
          },
          {
            "name": "beard",
            "value": "yes",
            "confidence": 0.44
          },
          {
            "name": "big lips",
            "value": "yes",
            "confidence": 0.22
          },
          {
            "name": "big nose",
            "value": "yes",
            "confidence": 0.62
          },
          {
            "name": "black hair",
            "value": "yes",
            "confidence": 0.61
          },
          {
            "name": "blond hair",
            "value": "no",
            "confidence": 1.0
          },
          {
            "name": "blurry",
            "value": "no",
            "confidence": 0.2
          },
          {
            "name": "brown hair",
            "value": "no",
            "confidence": 0.86
          },
          {
            "name": "bushy eyebrows",
            "value": "yes",
            "confidence": 0.16
          },
          {
            "name": "chubby",
            "value": "yes",
            "confidence": 0.45
          },
          {
            "name": "double chin",
            "value": "no",
            "confidence": 0.04
          },
          {
            "name": "expression",
            "value": "neutral",
            "confidence": 1.0
          },
          {
            "name": "gender",
            "value": "male",
            "confidence": 0.94
          },
          {
            "name": "glasses",
            "value": "no",
            "confidence": 1.0
          },
          {
            "name": "goatee",
            "value": "yes",
            "confidence": 0.18
          },
          {
            "name": "gray hair",
            "value": "no",
            "confidence": 0.83
          },
          {
            "name": "heavy makeup",
            "value": "no",
            "confidence": 0.89
          },
          {
            "name": "high cheekbones",
            "value": "no",
            "confidence": 0.6
          },
          {
            "name": "mouth open",
            "value": "no",
            "confidence": 0.45
          },
          {
            "name": "mustache",
            "value": "yes",
            "confidence": 0.41
          },
          {
            "name": "narrow eyes",
            "value": "no",
            "confidence": 0.46
          },
          {
            "name": "oval face",
            "value": "no",
            "confidence": 0.04
          },
          {
            "name": "pale skin",
            "value": "no",
            "confidence": 0.76
          },
          {
            "name": "pitch",
            "value": "-5.47",
            "confidence": 1.0
          },
          {
            "name": "pointy nose",
            "value": "no",
            "confidence": 1.0
          },
          {
            "name": "race",
            "value": "white",
            "confidence": 0.72
          },
          {
            "name": "receding hairline",
            "value": "no",
            "confidence": 0.87
          },
          {
            "name": "rosy cheeks",
            "value": "no",
            "confidence": 0.97
          },
          {
            "name": "sideburns",
            "value": "no",
            "confidence": 0.0
          },
          {
            "name": "straight hair",
            "value": "no",
            "confidence": 0.81
          },
          {
            "name": "wavy hair",
            "value": "no",
            "confidence": 0.09
          },
          {
            "name": "wearing earrings",
            "value": "no",
            "confidence": 0.54
          },
          {
            "name": "wearing hat",
            "value": "yes",
            "confidence": 0.33
          },
          {
            "name": "wearing lipstick",
            "value": "no",
            "confidence": 0.91
          },
          {
            "name": "wearing necklace",
            "value": "no",
            "confidence": 0.57
          },
          {
            "name": "wearing necktie",
            "value": "no",
            "confidence": 0.38
          },
          {
            "name": "yaw",
            "value": "-60.83",
            "confidence": 1.0
          },
          {
            "name": "young",
            "value": "no",
            "confidence": 0.18
          }
        ],
        "person_id": "",
        "appearance_id": 0,
        "start": "00:00:00",
        "duration": "00:00:00"
      }
    ],
    "tags": null,
    "original_filename": "https://raw.githubusercontent.com/sarkrui/Hairstyle60k/master/Dataset/Hi-top_Fade/IMG_15.jpg",
    "duration": "00:00:00"
  },
  "recognize": null
}