{
  "media": {
    "media_uuid": "89a88981-7b96-41df-8f55-eb4566704418",
    "checksum": "57c56fed0a9e8c713ad28691b9bb30f3b872ace2edfd629c16c32d01d0746954",
    "faces": [
      {
        "face_uuid": "dc6b218f-1534-11e9-99c4-0cc47a6c4dbd",
        "media_uuid": "89a88981-7b96-41df-8f55-eb4566704418",
        "x": 192.53,
        "y": 374.11,
        "width": 247.57,
        "height": 339.31,
        "angle": -3.4536,
        "detection_score": 1.0,
        "points": [
          {
            "x": 133.19,
            "y": 334.09,
            "type": 512,
            "name": "basic eye left"
          },
          {
            "x": 261.17,
            "y": 341.81,
            "type": 768,
            "name": "basic eye right"
          },
          {
            "x": 108.12,
            "y": 333.37,
            "type": 1024,
            "name": "basic eye left outer"
          },
          {
            "x": 289.47,
            "y": 344.8,
            "type": 1280,
            "name": "basic eye right outer"
          },
          {
            "x": 156.94,
            "y": 337.28,
            "type": 1536,
            "name": "basic eye left inner"
          },
          {
            "x": 233.03,
            "y": 341.79,
            "type": 1792,
            "name": "basic eye right inner"
          },
          {
            "x": 111.46,
            "y": 474.14,
            "type": 2048,
            "name": "basic mouth left"
          },
          {
            "x": 199.57,
            "y": 492.3,
            "type": 2304,
            "name": "basic mouth right"
          },
          {
            "x": 156.03,
            "y": 411.02,
            "type": 2560,
            "name": "basic nose tip"
          },
          {
            "x": 153.73,
            "y": 483.18,
            "type": 2816,
            "name": "basic mouth center"
          },
          {
            "x": 153.73,
            "y": 483.18,
            "type": 3072,
            "name": "basic eyebrow left"
          },
          {
            "x": 153.73,
            "y": 483.18,
            "type": 3328,
            "name": "basic eyebrow left inner corner"
          },
          {
            "x": 153.73,
            "y": 483.18,
            "type": 3584,
            "name": "basic eyebrow left outer corner"
          },
          {
            "x": 153.73,
            "y": 483.18,
            "type": 3840,
            "name": "basic eyebrow right"
          },
          {
            "x": 153.73,
            "y": 483.18,
            "type": 4096,
            "name": "basic eyebrow right inner corner"
          },
          {
            "x": 153.73,
            "y": 483.18,
            "type": 4352,
            "name": "basic eyebrow right outer corner"
          },
          {
            "x": 153.73,
            "y": 483.18,
            "type": 4608,
            "name": "basic chin bottom"
          },
          {
            "x": 153.73,
            "y": 483.18,
            "type": 4864,
            "name": "basic chin left"
          },
          {
            "x": 153.73,
            "y": 483.18,
            "type": 5120,
            "name": "basic chin right"
          },
          {
            "x": 132.86,
            "y": 418.85,
            "type": 5376,
            "name": "basic nose left"
          },
          {
            "x": 195.93,
            "y": 427.94,
            "type": 5632,
            "name": "basic nose right"
          }
        ],
        "user_points": null,
        "tags": [
          {
            "name": "5oclock shadow",
            "value": "yes",
            "confidence": 0.07
          },
          {
            "name": "age",
            "value": "38",
            "confidence": 0.6
          },
          {
            "name": "arched eyebrows",
            "value": "no",
            "confidence": 0.99
          },
          {
            "name": "attractive",
            "value": "no",
            "confidence": 1.0
          },
          {
            "name": "bags under eyes",
            "value": "yes",
            "confidence": 0.29
          },
          {
            "name": "bald",
            "value": "no",
            "confidence": 0.45
          },
          {
            "name": "bangs",
            "value": "no",
            "confidence": 0.33
          },
          {
            "name": "beard",
            "value": "yes",
            "confidence": 0.05
          },
          {
            "name": "big lips",
            "value": "no",
            "confidence": 0.6
          },
          {
            "name": "big nose",
            "value": "yes",
            "confidence": 0.18
          },
          {
            "name": "black hair",
            "value": "no",
            "confidence": 0.21
          },
          {
            "name": "blond hair",
            "value": "no",
            "confidence": 1.0
          },
          {
            "name": "blurry",
            "value": "no",
            "confidence": 0.31
          },
          {
            "name": "brown hair",
            "value": "no",
            "confidence": 0.5
          },
          {
            "name": "bushy eyebrows",
            "value": "no",
            "confidence": 0.24
          },
          {
            "name": "chubby",
            "value": "yes",
            "confidence": 0.19
          },
          {
            "name": "double chin",
            "value": "no",
            "confidence": 0.11
          },
          {
            "name": "expression",
            "value": "neutral",
            "confidence": 1.0
          },
          {
            "name": "gender",
            "value": "male",
            "confidence": 0.93
          },
          {
            "name": "glasses",
            "value": "no",
            "confidence": 1.0
          },
          {
            "name": "goatee",
            "value": "no",
            "confidence": 0.32
          },
          {
            "name": "gray hair",
            "value": "no",
            "confidence": 0.17
          },
          {
            "name": "heavy makeup",
            "value": "no",
            "confidence": 0.89
          },
          {
            "name": "high cheekbones",
            "value": "no",
            "confidence": 0.83
          },
          {
            "name": "mouth open",
            "value": "no",
            "confidence": 0.61
          },
          {
            "name": "mustache",
            "value": "no",
            "confidence": 0.02
          },
          {
            "name": "narrow eyes",
            "value": "yes",
            "confidence": 0.33
          },
          {
            "name": "oval face",
            "value": "no",
            "confidence": 0.67
          },
          {
            "name": "pale skin",
            "value": "no",
            "confidence": 0.46
          },
          {
            "name": "pitch",
            "value": "-4.93",
            "confidence": 1.0
          },
          {
            "name": "pointy nose",
            "value": "no",
            "confidence": 0.67
          },
          {
            "name": "race",
            "value": "asian",
            "confidence": 0.98
          },
          {
            "name": "receding hairline",
            "value": "no",
            "confidence": 0.69
          },
          {
            "name": "rosy cheeks",
            "value": "no",
            "confidence": 1.0
          },
          {
            "name": "sideburns",
            "value": "no",
            "confidence": 0.32
          },
          {
            "name": "straight hair",
            "value": "no",
            "confidence": 0.01
          },
          {
            "name": "wavy hair",
            "value": "no",
            "confidence": 0.65
          },
          {
            "name": "wearing earrings",
            "value": "no",
            "confidence": 0.76
          },
          {
            "name": "wearing hat",
            "value": "no",
            "confidence": 0.05
          },
          {
            "name": "wearing lipstick",
            "value": "no",
            "confidence": 0.94
          },
          {
            "name": "wearing necklace",
            "value": "no",
            "confidence": 1.0
          },
          {
            "name": "wearing necktie",
            "value": "yes",
            "confidence": 0.31
          },
          {
            "name": "yaw",
            "value": "64.71",
            "confidence": 1.0
          },
          {
            "name": "young",
            "value": "no",
            "confidence": 0.58
          }
        ],
        "person_id": "",
        "appearance_id": 0,
        "start": "00:00:00",
        "duration": "00:00:00"
      }
    ],
    "tags": null,
    "original_filename": "https://raw.githubusercontent.com/sarkrui/Hairstyle60k/master/Dataset/Hi-top_Fade/IMG_12.jpg",
    "duration": "00:00:00"
  },
  "recognize": null
}