{
  "media": {
    "media_uuid": "d96ea1b3-35d0-4e06-a1b2-8c8fa2f02b96",
    "checksum": "d63f5478064e52934842dae068c50520b2bed1d67bf0818f30d3ed2f1793aeb7",
    "faces": [
      {
        "face_uuid": "f7895e6e-1534-11e9-99c4-0cc47a6c4dbd",
        "media_uuid": "d96ea1b3-35d0-4e06-a1b2-8c8fa2f02b96",
        "x": 300.07,
        "y": 173.04,
        "width": 100.03,
        "height": 125.04,
        "angle": -9.9014,
        "detection_score": 1.0,
        "points": [
          {
            "x": 272.44,
            "y": 153.34,
            "type": 512,
            "name": "basic eye left"
          },
          {
            "x": 318.22,
            "y": 161.33,
            "type": 768,
            "name": "basic eye right"
          },
          {
            "x": 262.91,
            "y": 151.53,
            "type": 1024,
            "name": "basic eye left outer"
          },
          {
            "x": 328.38,
            "y": 162.97,
            "type": 1280,
            "name": "basic eye right outer"
          },
          {
            "x": 281.68,
            "y": 156.27,
            "type": 1536,
            "name": "basic eye left inner"
          },
          {
            "x": 307.89,
            "y": 160.85,
            "type": 1792,
            "name": "basic eye right inner"
          },
          {
            "x": 270.25,
            "y": 207.36,
            "type": 2048,
            "name": "basic mouth left"
          },
          {
            "x": 305.66,
            "y": 213.29,
            "type": 2304,
            "name": "basic mouth right"
          },
          {
            "x": 285.86,
            "y": 191.14,
            "type": 2560,
            "name": "basic nose tip"
          },
          {
            "x": 287.44,
            "y": 211.09,
            "type": 2816,
            "name": "basic mouth center"
          },
          {
            "x": 287.44,
            "y": 211.09,
            "type": 3072,
            "name": "basic eyebrow left"
          },
          {
            "x": 287.44,
            "y": 211.09,
            "type": 3328,
            "name": "basic eyebrow left inner corner"
          },
          {
            "x": 287.44,
            "y": 211.09,
            "type": 3584,
            "name": "basic eyebrow left outer corner"
          },
          {
            "x": 287.44,
            "y": 211.09,
            "type": 3840,
            "name": "basic eyebrow right"
          },
          {
            "x": 287.44,
            "y": 211.09,
            "type": 4096,
            "name": "basic eyebrow right inner corner"
          },
          {
            "x": 287.44,
            "y": 211.09,
            "type": 4352,
            "name": "basic eyebrow right outer corner"
          },
          {
            "x": 287.44,
            "y": 211.09,
            "type": 4608,
            "name": "basic chin bottom"
          },
          {
            "x": 287.44,
            "y": 211.09,
            "type": 4864,
            "name": "basic chin left"
          },
          {
            "x": 287.44,
            "y": 211.09,
            "type": 5120,
            "name": "basic chin right"
          },
          {
            "x": 276.39,
            "y": 189.85,
            "type": 5376,
            "name": "basic nose left"
          },
          {
            "x": 299.23,
            "y": 193.73,
            "type": 5632,
            "name": "basic nose right"
          }
        ],
        "user_points": null,
        "tags": [
          {
            "name": "5oclock shadow",
            "value": "no",
            "confidence": 0.76
          },
          {
            "name": "age",
            "value": "15",
            "confidence": 0.6
          },
          {
            "name": "arched eyebrows",
            "value": "no",
            "confidence": 1.0
          },
          {
            "name": "attractive",
            "value": "no",
            "confidence": 0.32
          },
          {
            "name": "bags under eyes",
            "value": "no",
            "confidence": 0.52
          },
          {
            "name": "bald",
            "value": "no",
            "confidence": 0.86
          },
          {
            "name": "bangs",
            "value": "yes",
            "confidence": 0.77
          },
          {
            "name": "beard",
            "value": "no",
            "confidence": 0.77
          },
          {
            "name": "big lips",
            "value": "no",
            "confidence": 0.47
          },
          {
            "name": "big nose",
            "value": "no",
            "confidence": 0.63
          },
          {
            "name": "black hair",
            "value": "no",
            "confidence": 0.06
          },
          {
            "name": "blond hair",
            "value": "no",
            "confidence": 0.81
          },
          {
            "name": "blurry",
            "value": "yes",
            "confidence": 0.01
          },
          {
            "name": "brown hair",
            "value": "no",
            "confidence": 0.54
          },
          {
            "name": "bushy eyebrows",
            "value": "no",
            "confidence": 0.48
          },
          {
            "name": "chubby",
            "value": "no",
            "confidence": 1.0
          },
          {
            "name": "double chin",
            "value": "no",
            "confidence": 1.0
          },
          {
            "name": "expression",
            "value": "neutral",
            "confidence": 0.88
          },
          {
            "name": "gender",
            "value": "male",
            "confidence": 0.25
          },
          {
            "name": "glasses",
            "value": "no",
            "confidence": 1.0
          },
          {
            "name": "goatee",
            "value": "no",
            "confidence": 1.0
          },
          {
            "name": "gray hair",
            "value": "no",
            "confidence": 0.86
          },
          {
            "name": "heavy makeup",
            "value": "no",
            "confidence": 0.78
          },
          {
            "name": "high cheekbones",
            "value": "no",
            "confidence": 0.76
          },
          {
            "name": "mouth open",
            "value": "no",
            "confidence": 0.91
          },
          {
            "name": "mustache",
            "value": "no",
            "confidence": 0.98
          },
          {
            "name": "narrow eyes",
            "value": "no",
            "confidence": 0.17
          },
          {
            "name": "oval face",
            "value": "no",
            "confidence": 0.08
          },
          {
            "name": "pale skin",
            "value": "yes",
            "confidence": 0.52
          },
          {
            "name": "pitch",
            "value": "-6.81",
            "confidence": 1.0
          },
          {
            "name": "pointy nose",
            "value": "no",
            "confidence": 0.45
          },
          {
            "name": "race",
            "value": "white",
            "confidence": 0.98
          },
          {
            "name": "receding hairline",
            "value": "no",
            "confidence": 1.0
          },
          {
            "name": "rosy cheeks",
            "value": "no",
            "confidence": 1.0
          },
          {
            "name": "sideburns",
            "value": "no",
            "confidence": 1.0
          },
          {
            "name": "straight hair",
            "value": "yes",
            "confidence": 0.29
          },
          {
            "name": "wavy hair",
            "value": "no",
            "confidence": 0.88
          },
          {
            "name": "wearing earrings",
            "value": "no",
            "confidence": 0.98
          },
          {
            "name": "wearing hat",
            "value": "yes",
            "confidence": 0.17
          },
          {
            "name": "wearing lipstick",
            "value": "no",
            "confidence": 0.68
          },
          {
            "name": "wearing necklace",
            "value": "no",
            "confidence": 0.77
          },
          {
            "name": "wearing necktie",
            "value": "no",
            "confidence": 0.69
          },
          {
            "name": "yaw",
            "value": "7.06",
            "confidence": 1.0
          },
          {
            "name": "young",
            "value": "yes",
            "confidence": 0.68
          }
        ],
        "person_id": "",
        "appearance_id": 0,
        "start": "00:00:00",
        "duration": "00:00:00"
      }
    ],
    "tags": null,
    "original_filename": "https://raw.githubusercontent.com/sarkrui/Hairstyle60k/master/Dataset/Hime_Cut/IMG_19.jpg",
    "duration": "00:00:00"
  },
  "recognize": null
}