{
  "media": {
    "media_uuid": "b5ac6f73-eb34-4832-a7c5-e0e789763952",
    "checksum": "3d480fb93ed60d28c912702f7f25cd181f8e69df5f2f20dc7473e170c180bd28",
    "faces": [
      {
        "face_uuid": "f27e0d80-1534-11e9-99c4-0cc47a6c4dbd",
        "media_uuid": "b5ac6f73-eb34-4832-a7c5-e0e789763952",
        "x": 219.5,
        "y": 192.0,
        "width": 224.63,
        "height": 286.76,
        "angle": 8.7186,
        "detection_score": 1.0,
        "points": [
          {
            "x": 175.69,
            "y": 160.68,
            "type": 512,
            "name": "basic eye left"
          },
          {
            "x": 276.62,
            "y": 145.2,
            "type": 768,
            "name": "basic eye right"
          },
          {
            "x": 152.98,
            "y": 166.09,
            "type": 1024,
            "name": "basic eye left outer"
          },
          {
            "x": 296.73,
            "y": 143.83,
            "type": 1280,
            "name": "basic eye right outer"
          },
          {
            "x": 197.74,
            "y": 157.7,
            "type": 1536,
            "name": "basic eye left inner"
          },
          {
            "x": 257.83,
            "y": 148.66,
            "type": 1792,
            "name": "basic eye right inner"
          },
          {
            "x": 218.32,
            "y": 272.25,
            "type": 2048,
            "name": "basic mouth left"
          },
          {
            "x": 285.57,
            "y": 261.78,
            "type": 2304,
            "name": "basic mouth right"
          },
          {
            "x": 250.92,
            "y": 192.49,
            "type": 2560,
            "name": "basic nose tip"
          },
          {
            "x": 253.16,
            "y": 264.76,
            "type": 2816,
            "name": "basic mouth center"
          },
          {
            "x": 253.16,
            "y": 264.76,
            "type": 3072,
            "name": "basic eyebrow left"
          },
          {
            "x": 253.16,
            "y": 264.76,
            "type": 3328,
            "name": "basic eyebrow left inner corner"
          },
          {
            "x": 253.16,
            "y": 264.76,
            "type": 3584,
            "name": "basic eyebrow left outer corner"
          },
          {
            "x": 253.16,
            "y": 264.76,
            "type": 3840,
            "name": "basic eyebrow right"
          },
          {
            "x": 253.16,
            "y": 264.76,
            "type": 4096,
            "name": "basic eyebrow right inner corner"
          },
          {
            "x": 253.16,
            "y": 264.76,
            "type": 4352,
            "name": "basic eyebrow right outer corner"
          },
          {
            "x": 253.16,
            "y": 264.76,
            "type": 4608,
            "name": "basic chin bottom"
          },
          {
            "x": 253.16,
            "y": 264.76,
            "type": 4864,
            "name": "basic chin left"
          },
          {
            "x": 253.16,
            "y": 264.76,
            "type": 5120,
            "name": "basic chin right"
          },
          {
            "x": 223.28,
            "y": 213.72,
            "type": 5376,
            "name": "basic nose left"
          },
          {
            "x": 269.9,
            "y": 206.35,
            "type": 5632,
            "name": "basic nose right"
          }
        ],
        "user_points": null,
        "tags": [
          {
            "name": "5oclock shadow",
            "value": "no",
            "confidence": 1.0
          },
          {
            "name": "age",
            "value": "14",
            "confidence": 0.6
          },
          {
            "name": "arched eyebrows",
            "value": "no",
            "confidence": 0.27
          },
          {
            "name": "attractive",
            "value": "yes",
            "confidence": 0.34
          },
          {
            "name": "bags under eyes",
            "value": "no",
            "confidence": 1.0
          },
          {
            "name": "bald",
            "value": "no",
            "confidence": 0.88
          },
          {
            "name": "bangs",
            "value": "yes",
            "confidence": 0.92
          },
          {
            "name": "beard",
            "value": "no",
            "confidence": 1.0
          },
          {
            "name": "big lips",
            "value": "yes",
            "confidence": 0.02
          },
          {
            "name": "big nose",
            "value": "no",
            "confidence": 1.0
          },
          {
            "name": "black hair",
            "value": "no",
            "confidence": 0.44
          },
          {
            "name": "blond hair",
            "value": "no",
            "confidence": 0.0
          },
          {
            "name": "blurry",
            "value": "no",
            "confidence": 0.81
          },
          {
            "name": "brown hair",
            "value": "no",
            "confidence": 0.59
          },
          {
            "name": "bushy eyebrows",
            "value": "no",
            "confidence": 0.79
          },
          {
            "name": "chubby",
            "value": "no",
            "confidence": 1.0
          },
          {
            "name": "double chin",
            "value": "no",
            "confidence": 1.0
          },
          {
            "name": "expression",
            "value": "neutral",
            "confidence": 0.84
          },
          {
            "name": "gender",
            "value": "female",
            "confidence": 0.99
          },
          {
            "name": "glasses",
            "value": "no",
            "confidence": 1.0
          },
          {
            "name": "goatee",
            "value": "no",
            "confidence": 1.0
          },
          {
            "name": "gray hair",
            "value": "no",
            "confidence": 0.8
          },
          {
            "name": "heavy makeup",
            "value": "yes",
            "confidence": 0.77
          },
          {
            "name": "high cheekbones",
            "value": "no",
            "confidence": 0.93
          },
          {
            "name": "mouth open",
            "value": "yes",
            "confidence": 0.58
          },
          {
            "name": "mustache",
            "value": "no",
            "confidence": 1.0
          },
          {
            "name": "narrow eyes",
            "value": "no",
            "confidence": 0.22
          },
          {
            "name": "oval face",
            "value": "yes",
            "confidence": 0.08
          },
          {
            "name": "pale skin",
            "value": "yes",
            "confidence": 0.81
          },
          {
            "name": "pitch",
            "value": "-8.25",
            "confidence": 1.0
          },
          {
            "name": "pointy nose",
            "value": "no",
            "confidence": 0.16
          },
          {
            "name": "race",
            "value": "white",
            "confidence": 1.0
          },
          {
            "name": "receding hairline",
            "value": "no",
            "confidence": 1.0
          },
          {
            "name": "rosy cheeks",
            "value": "no",
            "confidence": 0.9
          },
          {
            "name": "sideburns",
            "value": "no",
            "confidence": 1.0
          },
          {
            "name": "straight hair",
            "value": "yes",
            "confidence": 0.72
          },
          {
            "name": "wavy hair",
            "value": "no",
            "confidence": 0.87
          },
          {
            "name": "wearing earrings",
            "value": "no",
            "confidence": 0.43
          },
          {
            "name": "wearing hat",
            "value": "no",
            "confidence": 0.19
          },
          {
            "name": "wearing lipstick",
            "value": "yes",
            "confidence": 0.81
          },
          {
            "name": "wearing necklace",
            "value": "no",
            "confidence": 0.08
          },
          {
            "name": "wearing necktie",
            "value": "no",
            "confidence": 0.96
          },
          {
            "name": "yaw",
            "value": "-6.96",
            "confidence": 1.0
          },
          {
            "name": "young",
            "value": "yes",
            "confidence": 0.83
          }
        ],
        "person_id": "",
        "appearance_id": 0,
        "start": "00:00:00",
        "duration": "00:00:00"
      }
    ],
    "tags": null,
    "original_filename": "https://raw.githubusercontent.com/sarkrui/Hairstyle60k/master/Dataset/Hime_Cut/IMG_14.jpg",
    "duration": "00:00:00"
  },
  "recognize": null
}