{
  "media": {
    "media_uuid": "a08f0565-8b44-4991-a2d3-08e56a44435e",
    "checksum": "c94b6a0f2375eda97f66bf5f77239a777a72e2c3f6a4ee11d5695d487d7141e4",
    "faces": [
      {
        "face_uuid": "eaa5c2e6-1534-11e9-99c4-0cc47a6c4dbd",
        "media_uuid": "a08f0565-8b44-4991-a2d3-08e56a44435e",
        "x": 98.5,
        "y": 127.5,
        "width": 75.37,
        "height": 105.89,
        "angle": 12.1732,
        "detection_score": 0.98,
        "points": [
          {
            "x": 73.29,
            "y": 121.38,
            "type": 512,
            "name": "basic eye left"
          },
          {
            "x": 109.21,
            "y": 113.63,
            "type": 768,
            "name": "basic eye right"
          },
          {
            "x": 66.01,
            "y": 122.95,
            "type": 1024,
            "name": "basic eye left outer"
          },
          {
            "x": 117.64,
            "y": 111.88,
            "type": 1280,
            "name": "basic eye right outer"
          },
          {
            "x": 80.54,
            "y": 120.43,
            "type": 1536,
            "name": "basic eye left inner"
          },
          {
            "x": 100.9,
            "y": 116.0,
            "type": 1792,
            "name": "basic eye right inner"
          },
          {
            "x": 86.61,
            "y": 162.44,
            "type": 2048,
            "name": "basic mouth left"
          },
          {
            "x": 113.81,
            "y": 156.42,
            "type": 2304,
            "name": "basic mouth right"
          },
          {
            "x": 90.16,
            "y": 144.37,
            "type": 2560,
            "name": "basic nose tip"
          },
          {
            "x": 99.81,
            "y": 159.86,
            "type": 2816,
            "name": "basic mouth center"
          },
          {
            "x": 99.81,
            "y": 159.86,
            "type": 3072,
            "name": "basic eyebrow left"
          },
          {
            "x": 99.81,
            "y": 159.86,
            "type": 3328,
            "name": "basic eyebrow left inner corner"
          },
          {
            "x": 99.81,
            "y": 159.86,
            "type": 3584,
            "name": "basic eyebrow left outer corner"
          },
          {
            "x": 99.81,
            "y": 159.86,
            "type": 3840,
            "name": "basic eyebrow right"
          },
          {
            "x": 99.81,
            "y": 159.86,
            "type": 4096,
            "name": "basic eyebrow right inner corner"
          },
          {
            "x": 99.81,
            "y": 159.86,
            "type": 4352,
            "name": "basic eyebrow right outer corner"
          },
          {
            "x": 99.81,
            "y": 159.86,
            "type": 4608,
            "name": "basic chin bottom"
          },
          {
            "x": 99.81,
            "y": 159.86,
            "type": 4864,
            "name": "basic chin left"
          },
          {
            "x": 99.81,
            "y": 159.86,
            "type": 5120,
            "name": "basic chin right"
          },
          {
            "x": 84.26,
            "y": 146.46,
            "type": 5376,
            "name": "basic nose left"
          },
          {
            "x": 102.59,
            "y": 142.43,
            "type": 5632,
            "name": "basic nose right"
          }
        ],
        "user_points": null,
        "tags": [
          {
            "name": "5oclock shadow",
            "value": "no",
            "confidence": 1.0
          },
          {
            "name": "age",
            "value": "38",
            "confidence": 0.6
          },
          {
            "name": "arched eyebrows",
            "value": "no",
            "confidence": 0.78
          },
          {
            "name": "attractive",
            "value": "yes",
            "confidence": 0.6
          },
          {
            "name": "bags under eyes",
            "value": "no",
            "confidence": 0.96
          },
          {
            "name": "bald",
            "value": "no",
            "confidence": 0.91
          },
          {
            "name": "bangs",
            "value": "yes",
            "confidence": 0.97
          },
          {
            "name": "beard",
            "value": "no",
            "confidence": 1.0
          },
          {
            "name": "big lips",
            "value": "no",
            "confidence": 0.36
          },
          {
            "name": "big nose",
            "value": "no",
            "confidence": 0.94
          },
          {
            "name": "black hair",
            "value": "yes",
            "confidence": 0.9
          },
          {
            "name": "blond hair",
            "value": "no",
            "confidence": 0.89
          },
          {
            "name": "blurry",
            "value": "no",
            "confidence": 0.75
          },
          {
            "name": "brown hair",
            "value": "no",
            "confidence": 0.69
          },
          {
            "name": "bushy eyebrows",
            "value": "no",
            "confidence": 0.42
          },
          {
            "name": "chubby",
            "value": "no",
            "confidence": 0.98
          },
          {
            "name": "double chin",
            "value": "no",
            "confidence": 1.0
          },
          {
            "name": "expression",
            "value": "neutral",
            "confidence": 0.82
          },
          {
            "name": "gender",
            "value": "female",
            "confidence": 0.82
          },
          {
            "name": "glasses",
            "value": "no",
            "confidence": 1.0
          },
          {
            "name": "goatee",
            "value": "no",
            "confidence": 1.0
          },
          {
            "name": "gray hair",
            "value": "no",
            "confidence": 0.97
          },
          {
            "name": "heavy makeup",
            "value": "yes",
            "confidence": 0.37
          },
          {
            "name": "high cheekbones",
            "value": "no",
            "confidence": 0.65
          },
          {
            "name": "mouth open",
            "value": "no",
            "confidence": 0.88
          },
          {
            "name": "mustache",
            "value": "no",
            "confidence": 1.0
          },
          {
            "name": "narrow eyes",
            "value": "no",
            "confidence": 0.75
          },
          {
            "name": "oval face",
            "value": "yes",
            "confidence": 0.77
          },
          {
            "name": "pale skin",
            "value": "yes",
            "confidence": 0.58
          },
          {
            "name": "pitch",
            "value": "-8.15",
            "confidence": 1.0
          },
          {
            "name": "pointy nose",
            "value": "no",
            "confidence": 0.54
          },
          {
            "name": "race",
            "value": "white",
            "confidence": 0.98
          },
          {
            "name": "receding hairline",
            "value": "no",
            "confidence": 0.98
          },
          {
            "name": "rosy cheeks",
            "value": "no",
            "confidence": 0.83
          },
          {
            "name": "sideburns",
            "value": "no",
            "confidence": 1.0
          },
          {
            "name": "straight hair",
            "value": "yes",
            "confidence": 0.83
          },
          {
            "name": "wavy hair",
            "value": "no",
            "confidence": 0.7
          },
          {
            "name": "wearing earrings",
            "value": "no",
            "confidence": 0.6
          },
          {
            "name": "wearing hat",
            "value": "no",
            "confidence": 0.91
          },
          {
            "name": "wearing lipstick",
            "value": "yes",
            "confidence": 0.57
          },
          {
            "name": "wearing necklace",
            "value": "no",
            "confidence": 0.55
          },
          {
            "name": "wearing necktie",
            "value": "no",
            "confidence": 0.72
          },
          {
            "name": "yaw",
            "value": "22.58",
            "confidence": 1.0
          },
          {
            "name": "young",
            "value": "yes",
            "confidence": 0.95
          }
        ],
        "person_id": "",
        "appearance_id": 0,
        "start": "00:00:00",
        "duration": "00:00:00"
      }
    ],
    "tags": null,
    "original_filename": "https://raw.githubusercontent.com/sarkrui/Hairstyle60k/master/Dataset/Hime_Cut/IMG_5.jpg",
    "duration": "00:00:00"
  },
  "recognize": null
}