{
  "media": {
    "media_uuid": "3d991e3b-1089-4ebe-a202-424aa102692b",
    "checksum": "10ae0399a698c03685c787b6d92fc9e3500d8e969e9da9021e478bc36ff37ded",
    "faces": [
      {
        "face_uuid": "fa1df26d-1534-11e9-99c4-0cc47a6c4dbd",
        "media_uuid": "3d991e3b-1089-4ebe-a202-424aa102692b",
        "x": 249.22,
        "y": 157.7,
        "width": 116.59,
        "height": 143.27,
        "angle": 0.5035,
        "detection_score": 0.98,
        "points": [
          {
            "x": 221.38,
            "y": 146.27,
            "type": 512,
            "name": "basic eye left"
          },
          {
            "x": 278.81,
            "y": 145.76,
            "type": 768,
            "name": "basic eye right"
          },
          {
            "x": 209.21,
            "y": 146.61,
            "type": 1024,
            "name": "basic eye left outer"
          },
          {
            "x": 290.88,
            "y": 145.86,
            "type": 1280,
            "name": "basic eye right outer"
          },
          {
            "x": 233.32,
            "y": 147.75,
            "type": 1536,
            "name": "basic eye left inner"
          },
          {
            "x": 266.99,
            "y": 147.46,
            "type": 1792,
            "name": "basic eye right inner"
          },
          {
            "x": 232.95,
            "y": 208.66,
            "type": 2048,
            "name": "basic mouth left"
          },
          {
            "x": 270.04,
            "y": 207.35,
            "type": 2304,
            "name": "basic mouth right"
          },
          {
            "x": 250.97,
            "y": 182.46,
            "type": 2560,
            "name": "basic nose tip"
          },
          {
            "x": 251.58,
            "y": 208.31,
            "type": 2816,
            "name": "basic mouth center"
          },
          {
            "x": 251.58,
            "y": 208.31,
            "type": 3072,
            "name": "basic eyebrow left"
          },
          {
            "x": 251.58,
            "y": 208.31,
            "type": 3328,
            "name": "basic eyebrow left inner corner"
          },
          {
            "x": 251.58,
            "y": 208.31,
            "type": 3584,
            "name": "basic eyebrow left outer corner"
          },
          {
            "x": 251.58,
            "y": 208.31,
            "type": 3840,
            "name": "basic eyebrow right"
          },
          {
            "x": 251.58,
            "y": 208.31,
            "type": 4096,
            "name": "basic eyebrow right inner corner"
          },
          {
            "x": 251.58,
            "y": 208.31,
            "type": 4352,
            "name": "basic eyebrow right outer corner"
          },
          {
            "x": 251.58,
            "y": 208.31,
            "type": 4608,
            "name": "basic chin bottom"
          },
          {
            "x": 251.58,
            "y": 208.31,
            "type": 4864,
            "name": "basic chin left"
          },
          {
            "x": 251.58,
            "y": 208.31,
            "type": 5120,
            "name": "basic chin right"
          },
          {
            "x": 237.69,
            "y": 184.81,
            "type": 5376,
            "name": "basic nose left"
          },
          {
            "x": 264.19,
            "y": 184.19,
            "type": 5632,
            "name": "basic nose right"
          }
        ],
        "user_points": null,
        "tags": [
          {
            "name": "5oclock shadow",
            "value": "no",
            "confidence": 1.0
          },
          {
            "name": "age",
            "value": "11",
            "confidence": 0.6
          },
          {
            "name": "arched eyebrows",
            "value": "no",
            "confidence": 0.36
          },
          {
            "name": "attractive",
            "value": "yes",
            "confidence": 0.7
          },
          {
            "name": "bags under eyes",
            "value": "no",
            "confidence": 1.0
          },
          {
            "name": "bald",
            "value": "no",
            "confidence": 0.86
          },
          {
            "name": "bangs",
            "value": "yes",
            "confidence": 0.9
          },
          {
            "name": "beard",
            "value": "no",
            "confidence": 1.0
          },
          {
            "name": "big lips",
            "value": "no",
            "confidence": 0.27
          },
          {
            "name": "big nose",
            "value": "no",
            "confidence": 1.0
          },
          {
            "name": "black hair",
            "value": "no",
            "confidence": 0.98
          },
          {
            "name": "blond hair",
            "value": "no",
            "confidence": 0.9
          },
          {
            "name": "blurry",
            "value": "no",
            "confidence": 1.0
          },
          {
            "name": "brown hair",
            "value": "yes",
            "confidence": 1.0
          },
          {
            "name": "bushy eyebrows",
            "value": "no",
            "confidence": 0.63
          },
          {
            "name": "chubby",
            "value": "no",
            "confidence": 1.0
          },
          {
            "name": "double chin",
            "value": "no",
            "confidence": 1.0
          },
          {
            "name": "expression",
            "value": "neutral",
            "confidence": 0.99
          },
          {
            "name": "gender",
            "value": "female",
            "confidence": 0.85
          },
          {
            "name": "glasses",
            "value": "no",
            "confidence": 1.0
          },
          {
            "name": "goatee",
            "value": "no",
            "confidence": 0.98
          },
          {
            "name": "gray hair",
            "value": "no",
            "confidence": 0.86
          },
          {
            "name": "heavy makeup",
            "value": "yes",
            "confidence": 0.58
          },
          {
            "name": "high cheekbones",
            "value": "no",
            "confidence": 1.0
          },
          {
            "name": "mouth open",
            "value": "no",
            "confidence": 0.45
          },
          {
            "name": "mustache",
            "value": "no",
            "confidence": 1.0
          },
          {
            "name": "narrow eyes",
            "value": "no",
            "confidence": 0.76
          },
          {
            "name": "oval face",
            "value": "yes",
            "confidence": 0.41
          },
          {
            "name": "pale skin",
            "value": "yes",
            "confidence": 0.58
          },
          {
            "name": "pitch",
            "value": "-7.27",
            "confidence": 1.0
          },
          {
            "name": "pointy nose",
            "value": "no",
            "confidence": 0.13
          },
          {
            "name": "race",
            "value": "white",
            "confidence": 1.0
          },
          {
            "name": "receding hairline",
            "value": "no",
            "confidence": 1.0
          },
          {
            "name": "rosy cheeks",
            "value": "no",
            "confidence": 0.89
          },
          {
            "name": "sideburns",
            "value": "no",
            "confidence": 0.98
          },
          {
            "name": "straight hair",
            "value": "yes",
            "confidence": 0.31
          },
          {
            "name": "wavy hair",
            "value": "no",
            "confidence": 0.32
          },
          {
            "name": "wearing earrings",
            "value": "no",
            "confidence": 0.42
          },
          {
            "name": "wearing hat",
            "value": "no",
            "confidence": 1.0
          },
          {
            "name": "wearing lipstick",
            "value": "yes",
            "confidence": 0.72
          },
          {
            "name": "wearing necklace",
            "value": "no",
            "confidence": 0.5
          },
          {
            "name": "wearing necktie",
            "value": "no",
            "confidence": 0.73
          },
          {
            "name": "yaw",
            "value": "11.06",
            "confidence": 1.0
          },
          {
            "name": "young",
            "value": "yes",
            "confidence": 0.76
          }
        ],
        "person_id": "",
        "appearance_id": 0,
        "start": "00:00:00",
        "duration": "00:00:00"
      }
    ],
    "tags": null,
    "original_filename": "https://raw.githubusercontent.com/sarkrui/Hairstyle60k/master/Dataset/Hime_Cut/IMG_22.jpg",
    "duration": "00:00:00"
  },
  "recognize": null
}