{
  "media": {
    "media_uuid": "e8d186dc-51c7-4a25-9bab-b4d9bb9ec21a",
    "checksum": "f85b3d19a663c05b9c1031e790f1d4c1cbedd127ea49084ec4e74133cfd896a3",
    "faces": [
      {
        "face_uuid": "e8bafe2e-1534-11e9-99c4-0cc47a6c4dbd",
        "media_uuid": "e8d186dc-51c7-4a25-9bab-b4d9bb9ec21a",
        "x": 268.82,
        "y": 181.82,
        "width": 33.9,
        "height": 42.88,
        "angle": 6.0175,
        "detection_score": 0.99,
        "points": [
          {
            "x": 256.53,
            "y": 173.98,
            "type": 512,
            "name": "basic eye left"
          },
          {
            "x": 277.37,
            "y": 171.78,
            "type": 768,
            "name": "basic eye right"
          },
          {
            "x": 252.41,
            "y": 174.38,
            "type": 1024,
            "name": "basic eye left outer"
          },
          {
            "x": 281.85,
            "y": 171.29,
            "type": 1280,
            "name": "basic eye right outer"
          },
          {
            "x": 260.68,
            "y": 174.25,
            "type": 1536,
            "name": "basic eye left inner"
          },
          {
            "x": 272.93,
            "y": 172.93,
            "type": 1792,
            "name": "basic eye right inner"
          },
          {
            "x": 261.82,
            "y": 196.88,
            "type": 2048,
            "name": "basic mouth left"
          },
          {
            "x": 276.93,
            "y": 195.25,
            "type": 2304,
            "name": "basic mouth right"
          },
          {
            "x": 266.32,
            "y": 187.34,
            "type": 2560,
            "name": "basic nose tip"
          },
          {
            "x": 269.22,
            "y": 196.3,
            "type": 2816,
            "name": "basic mouth center"
          },
          {
            "x": 269.22,
            "y": 196.3,
            "type": 3072,
            "name": "basic eyebrow left"
          },
          {
            "x": 269.22,
            "y": 196.3,
            "type": 3328,
            "name": "basic eyebrow left inner corner"
          },
          {
            "x": 269.22,
            "y": 196.3,
            "type": 3584,
            "name": "basic eyebrow left outer corner"
          },
          {
            "x": 269.22,
            "y": 196.3,
            "type": 3840,
            "name": "basic eyebrow right"
          },
          {
            "x": 269.22,
            "y": 196.3,
            "type": 4096,
            "name": "basic eyebrow right inner corner"
          },
          {
            "x": 269.22,
            "y": 196.3,
            "type": 4352,
            "name": "basic eyebrow right outer corner"
          },
          {
            "x": 269.22,
            "y": 196.3,
            "type": 4608,
            "name": "basic chin bottom"
          },
          {
            "x": 269.22,
            "y": 196.3,
            "type": 4864,
            "name": "basic chin left"
          },
          {
            "x": 269.22,
            "y": 196.3,
            "type": 5120,
            "name": "basic chin right"
          },
          {
            "x": 262.3,
            "y": 188.5,
            "type": 5376,
            "name": "basic nose left"
          },
          {
            "x": 272.44,
            "y": 187.38,
            "type": 5632,
            "name": "basic nose right"
          }
        ],
        "user_points": null,
        "tags": [
          {
            "name": "5oclock shadow",
            "value": "no",
            "confidence": 0.5
          },
          {
            "name": "age",
            "value": "14",
            "confidence": 0.6
          },
          {
            "name": "arched eyebrows",
            "value": "no",
            "confidence": 1.0
          },
          {
            "name": "attractive",
            "value": "no",
            "confidence": 0.91
          },
          {
            "name": "bags under eyes",
            "value": "no",
            "confidence": 0.82
          },
          {
            "name": "bald",
            "value": "no",
            "confidence": 0.51
          },
          {
            "name": "bangs",
            "value": "no",
            "confidence": 0.13
          },
          {
            "name": "beard",
            "value": "no",
            "confidence": 0.04
          },
          {
            "name": "big lips",
            "value": "no",
            "confidence": 0.5
          },
          {
            "name": "big nose",
            "value": "no",
            "confidence": 0.36
          },
          {
            "name": "black hair",
            "value": "yes",
            "confidence": 0.15
          },
          {
            "name": "blond hair",
            "value": "no",
            "confidence": 0.92
          },
          {
            "name": "blurry",
            "value": "yes",
            "confidence": 0.79
          },
          {
            "name": "brown hair",
            "value": "no",
            "confidence": 0.65
          },
          {
            "name": "bushy eyebrows",
            "value": "no",
            "confidence": 0.71
          },
          {
            "name": "chubby",
            "value": "no",
            "confidence": 0.44
          },
          {
            "name": "double chin",
            "value": "no",
            "confidence": 0.63
          },
          {
            "name": "expression",
            "value": "neutral",
            "confidence": 0.39
          },
          {
            "name": "gender",
            "value": "male",
            "confidence": 0.57
          },
          {
            "name": "glasses",
            "value": "no",
            "confidence": 1.0
          },
          {
            "name": "goatee",
            "value": "no",
            "confidence": 0.32
          },
          {
            "name": "gray hair",
            "value": "no",
            "confidence": 0.7
          },
          {
            "name": "heavy makeup",
            "value": "no",
            "confidence": 0.89
          },
          {
            "name": "high cheekbones",
            "value": "no",
            "confidence": 0.36
          },
          {
            "name": "mouth open",
            "value": "no",
            "confidence": 0.11
          },
          {
            "name": "mustache",
            "value": "no",
            "confidence": 0.23
          },
          {
            "name": "narrow eyes",
            "value": "no",
            "confidence": 0.16
          },
          {
            "name": "oval face",
            "value": "no",
            "confidence": 0.11
          },
          {
            "name": "pale skin",
            "value": "yes",
            "confidence": 0.17
          },
          {
            "name": "pitch",
            "value": "-7.88",
            "confidence": 1.0
          },
          {
            "name": "pointy nose",
            "value": "no",
            "confidence": 0.55
          },
          {
            "name": "race",
            "value": "asian",
            "confidence": 0.79
          },
          {
            "name": "receding hairline",
            "value": "no",
            "confidence": 0.59
          },
          {
            "name": "rosy cheeks",
            "value": "no",
            "confidence": 1.0
          },
          {
            "name": "sideburns",
            "value": "no",
            "confidence": 0.5
          },
          {
            "name": "straight hair",
            "value": "no",
            "confidence": 0.43
          },
          {
            "name": "wavy hair",
            "value": "no",
            "confidence": 0.25
          },
          {
            "name": "wearing earrings",
            "value": "no",
            "confidence": 1.0
          },
          {
            "name": "wearing hat",
            "value": "no",
            "confidence": 0.34
          },
          {
            "name": "wearing lipstick",
            "value": "no",
            "confidence": 0.81
          },
          {
            "name": "wearing necklace",
            "value": "no",
            "confidence": 0.91
          },
          {
            "name": "wearing necktie",
            "value": "no",
            "confidence": 0.68
          },
          {
            "name": "yaw",
            "value": "5.27",
            "confidence": 1.0
          },
          {
            "name": "young",
            "value": "yes",
            "confidence": 0.01
          }
        ],
        "person_id": "",
        "appearance_id": 0,
        "start": "00:00:00",
        "duration": "00:00:00"
      }
    ],
    "tags": null,
    "original_filename": "https://raw.githubusercontent.com/sarkrui/Hairstyle60k/master/Dataset/Hime_Cut/IMG_3.jpg",
    "duration": "00:00:00"
  },
  "recognize": null
}