{
  "media": {
    "media_uuid": "2760345a-f16f-405e-a963-b4122d8068d4",
    "checksum": "cad014bdc60c7379b57de583bb2cd03635d76cdcf901a51417def9e3014ab106",
    "faces": [
      {
        "face_uuid": "08acf964-1535-11e9-99c4-0cc47a6c4dbd",
        "media_uuid": "2760345a-f16f-405e-a963-b4122d8068d4",
        "x": 361.0,
        "y": 325.5,
        "width": 215.99,
        "height": 272.88,
        "angle": -19.7113,
        "detection_score": 0.97,
        "points": [
          {
            "x": 335.74,
            "y": 289.25,
            "type": 512,
            "name": "basic eye left"
          },
          {
            "x": 434.0,
            "y": 324.45,
            "type": 768,
            "name": "basic eye right"
          },
          {
            "x": 313.08,
            "y": 280.92,
            "type": 1024,
            "name": "basic eye left outer"
          },
          {
            "x": 454.43,
            "y": 331.38,
            "type": 1280,
            "name": "basic eye right outer"
          },
          {
            "x": 357.7,
            "y": 298.58,
            "type": 1536,
            "name": "basic eye left inner"
          },
          {
            "x": 413.64,
            "y": 318.78,
            "type": 1792,
            "name": "basic eye right inner"
          },
          {
            "x": 307.21,
            "y": 388.46,
            "type": 2048,
            "name": "basic mouth left"
          },
          {
            "x": 383.9,
            "y": 413.44,
            "type": 2304,
            "name": "basic mouth right"
          },
          {
            "x": 373.1,
            "y": 382.17,
            "type": 2560,
            "name": "basic nose tip"
          },
          {
            "x": 346.32,
            "y": 403.34,
            "type": 2816,
            "name": "basic mouth center"
          },
          {
            "x": 346.32,
            "y": 403.34,
            "type": 3072,
            "name": "basic eyebrow left"
          },
          {
            "x": 346.32,
            "y": 403.34,
            "type": 3328,
            "name": "basic eyebrow left inner corner"
          },
          {
            "x": 346.32,
            "y": 403.34,
            "type": 3584,
            "name": "basic eyebrow left outer corner"
          },
          {
            "x": 346.32,
            "y": 403.34,
            "type": 3840,
            "name": "basic eyebrow right"
          },
          {
            "x": 346.32,
            "y": 403.34,
            "type": 4096,
            "name": "basic eyebrow right inner corner"
          },
          {
            "x": 346.32,
            "y": 403.34,
            "type": 4352,
            "name": "basic eyebrow right outer corner"
          },
          {
            "x": 346.32,
            "y": 403.34,
            "type": 4608,
            "name": "basic chin bottom"
          },
          {
            "x": 346.32,
            "y": 403.34,
            "type": 4864,
            "name": "basic chin left"
          },
          {
            "x": 346.32,
            "y": 403.34,
            "type": 5120,
            "name": "basic chin right"
          },
          {
            "x": 341.24,
            "y": 364.9,
            "type": 5376,
            "name": "basic nose left"
          },
          {
            "x": 393.37,
            "y": 382.42,
            "type": 5632,
            "name": "basic nose right"
          }
        ],
        "user_points": null,
        "tags": [
          {
            "name": "5oclock shadow",
            "value": "no",
            "confidence": 0.86
          },
          {
            "name": "age",
            "value": "12",
            "confidence": 0.6
          },
          {
            "name": "arched eyebrows",
            "value": "no",
            "confidence": 0.97
          },
          {
            "name": "attractive",
            "value": "no",
            "confidence": 0.56
          },
          {
            "name": "bags under eyes",
            "value": "no",
            "confidence": 0.96
          },
          {
            "name": "bald",
            "value": "no",
            "confidence": 0.46
          },
          {
            "name": "bangs",
            "value": "no",
            "confidence": 0.33
          },
          {
            "name": "beard",
            "value": "no",
            "confidence": 0.52
          },
          {
            "name": "big lips",
            "value": "no",
            "confidence": 0.45
          },
          {
            "name": "big nose",
            "value": "no",
            "confidence": 0.93
          },
          {
            "name": "black hair",
            "value": "no",
            "confidence": 0.64
          },
          {
            "name": "blond hair",
            "value": "no",
            "confidence": 0.46
          },
          {
            "name": "blurry",
            "value": "yes",
            "confidence": 0.53
          },
          {
            "name": "brown hair",
            "value": "no",
            "confidence": 0.32
          },
          {
            "name": "bushy eyebrows",
            "value": "no",
            "confidence": 0.85
          },
          {
            "name": "chubby",
            "value": "no",
            "confidence": 1.0
          },
          {
            "name": "double chin",
            "value": "no",
            "confidence": 1.0
          },
          {
            "name": "expression",
            "value": "neutral",
            "confidence": 0.71
          },
          {
            "name": "gender",
            "value": "female",
            "confidence": 0.13
          },
          {
            "name": "glasses",
            "value": "no",
            "confidence": 1.0
          },
          {
            "name": "goatee",
            "value": "no",
            "confidence": 0.74
          },
          {
            "name": "gray hair",
            "value": "no",
            "confidence": 0.64
          },
          {
            "name": "heavy makeup",
            "value": "no",
            "confidence": 0.86
          },
          {
            "name": "high cheekbones",
            "value": "no",
            "confidence": 0.54
          },
          {
            "name": "mouth open",
            "value": "no",
            "confidence": 0.39
          },
          {
            "name": "mustache",
            "value": "no",
            "confidence": 0.79
          },
          {
            "name": "narrow eyes",
            "value": "no",
            "confidence": 0.08
          },
          {
            "name": "oval face",
            "value": "no",
            "confidence": 0.18
          },
          {
            "name": "pale skin",
            "value": "yes",
            "confidence": 0.61
          },
          {
            "name": "pitch",
            "value": "-6.73",
            "confidence": 1.0
          },
          {
            "name": "pointy nose",
            "value": "no",
            "confidence": 0.26
          },
          {
            "name": "race",
            "value": "white",
            "confidence": 1.0
          },
          {
            "name": "receding hairline",
            "value": "no",
            "confidence": 0.26
          },
          {
            "name": "rosy cheeks",
            "value": "no",
            "confidence": 1.0
          },
          {
            "name": "sideburns",
            "value": "no",
            "confidence": 0.96
          },
          {
            "name": "straight hair",
            "value": "no",
            "confidence": 0.27
          },
          {
            "name": "wavy hair",
            "value": "no",
            "confidence": 0.77
          },
          {
            "name": "wearing earrings",
            "value": "no",
            "confidence": 0.45
          },
          {
            "name": "wearing hat",
            "value": "no",
            "confidence": 0.2
          },
          {
            "name": "wearing lipstick",
            "value": "no",
            "confidence": 0.75
          },
          {
            "name": "wearing necklace",
            "value": "no",
            "confidence": 0.82
          },
          {
            "name": "wearing necktie",
            "value": "no",
            "confidence": 0.95
          },
          {
            "name": "yaw",
            "value": "-3.19",
            "confidence": 1.0
          },
          {
            "name": "young",
            "value": "yes",
            "confidence": 0.49
          }
        ],
        "person_id": "",
        "appearance_id": 0,
        "start": "00:00:00",
        "duration": "00:00:00"
      }
    ],
    "tags": null,
    "original_filename": "https://raw.githubusercontent.com/sarkrui/Hairstyle60k/master/Dataset/Horseshoe_Flattop/IMG_16.jpg",
    "duration": "00:00:00"
  },
  "recognize": null
}