{
  "media": {
    "media_uuid": "b4c1a1ee-4678-4ac1-98ce-f06c53aa559a",
    "checksum": "5a253b14d60d0bd362faf446c774659ffa6c3a3ca15e5faccc362e0ab58d882a",
    "faces": [
      {
        "face_uuid": "0384615e-1535-11e9-99c4-0cc47a6c4dbd",
        "media_uuid": "b4c1a1ee-4678-4ac1-98ce-f06c53aa559a",
        "x": 228.71,
        "y": 271.26,
        "width": 223.35,
        "height": 297.79,
        "angle": -0.1228,
        "detection_score": 1.0,
        "points": [
          {
            "x": 175.36,
            "y": 231.43,
            "type": 512,
            "name": "basic eye left"
          },
          {
            "x": 291.04,
            "y": 231.67,
            "type": 768,
            "name": "basic eye right"
          },
          {
            "x": 150.78,
            "y": 232.33,
            "type": 1024,
            "name": "basic eye left outer"
          },
          {
            "x": 314.9,
            "y": 232.71,
            "type": 1280,
            "name": "basic eye right outer"
          },
          {
            "x": 199.83,
            "y": 233.06,
            "type": 1536,
            "name": "basic eye left inner"
          },
          {
            "x": 267.13,
            "y": 233.21,
            "type": 1792,
            "name": "basic eye right inner"
          },
          {
            "x": 184.5,
            "y": 351.17,
            "type": 2048,
            "name": "basic mouth left"
          },
          {
            "x": 278.24,
            "y": 353.4,
            "type": 2304,
            "name": "basic mouth right"
          },
          {
            "x": 237.33,
            "y": 297.21,
            "type": 2560,
            "name": "basic nose tip"
          },
          {
            "x": 231.89,
            "y": 353.04,
            "type": 2816,
            "name": "basic mouth center"
          },
          {
            "x": 231.89,
            "y": 353.04,
            "type": 3072,
            "name": "basic eyebrow left"
          },
          {
            "x": 231.89,
            "y": 353.04,
            "type": 3328,
            "name": "basic eyebrow left inner corner"
          },
          {
            "x": 231.89,
            "y": 353.04,
            "type": 3584,
            "name": "basic eyebrow left outer corner"
          },
          {
            "x": 231.89,
            "y": 353.04,
            "type": 3840,
            "name": "basic eyebrow right"
          },
          {
            "x": 231.89,
            "y": 353.04,
            "type": 4096,
            "name": "basic eyebrow right inner corner"
          },
          {
            "x": 231.89,
            "y": 353.04,
            "type": 4352,
            "name": "basic eyebrow right outer corner"
          },
          {
            "x": 231.89,
            "y": 353.04,
            "type": 4608,
            "name": "basic chin bottom"
          },
          {
            "x": 231.89,
            "y": 353.04,
            "type": 4864,
            "name": "basic chin left"
          },
          {
            "x": 231.89,
            "y": 353.04,
            "type": 5120,
            "name": "basic chin right"
          },
          {
            "x": 204.87,
            "y": 305.61,
            "type": 5376,
            "name": "basic nose left"
          },
          {
            "x": 265.2,
            "y": 306.29,
            "type": 5632,
            "name": "basic nose right"
          }
        ],
        "user_points": null,
        "tags": [
          {
            "name": "5oclock shadow",
            "value": "yes",
            "confidence": 0.07
          },
          {
            "name": "age",
            "value": "40",
            "confidence": 0.6
          },
          {
            "name": "arched eyebrows",
            "value": "no",
            "confidence": 0.97
          },
          {
            "name": "attractive",
            "value": "no",
            "confidence": 0.9
          },
          {
            "name": "bags under eyes",
            "value": "yes",
            "confidence": 0.08
          },
          {
            "name": "bald",
            "value": "yes",
            "confidence": 0.79
          },
          {
            "name": "bangs",
            "value": "no",
            "confidence": 1.0
          },
          {
            "name": "beard",
            "value": "yes",
            "confidence": 1.0
          },
          {
            "name": "big lips",
            "value": "no",
            "confidence": 0.04
          },
          {
            "name": "big nose",
            "value": "yes",
            "confidence": 0.65
          },
          {
            "name": "black hair",
            "value": "no",
            "confidence": 0.39
          },
          {
            "name": "blond hair",
            "value": "no",
            "confidence": 1.0
          },
          {
            "name": "blurry",
            "value": "yes",
            "confidence": 0.08
          },
          {
            "name": "brown hair",
            "value": "no",
            "confidence": 0.92
          },
          {
            "name": "bushy eyebrows",
            "value": "no",
            "confidence": 0.28
          },
          {
            "name": "chubby",
            "value": "yes",
            "confidence": 0.71
          },
          {
            "name": "double chin",
            "value": "yes",
            "confidence": 0.3
          },
          {
            "name": "expression",
            "value": "neutral",
            "confidence": 0.62
          },
          {
            "name": "gender",
            "value": "male",
            "confidence": 1.0
          },
          {
            "name": "glasses",
            "value": "no",
            "confidence": 1.0
          },
          {
            "name": "goatee",
            "value": "yes",
            "confidence": 1.0
          },
          {
            "name": "gray hair",
            "value": "yes",
            "confidence": 0.01
          },
          {
            "name": "heavy makeup",
            "value": "no",
            "confidence": 0.93
          },
          {
            "name": "high cheekbones",
            "value": "no",
            "confidence": 0.37
          },
          {
            "name": "mouth open",
            "value": "no",
            "confidence": 0.56
          },
          {
            "name": "mustache",
            "value": "yes",
            "confidence": 1.0
          },
          {
            "name": "narrow eyes",
            "value": "no",
            "confidence": 0.21
          },
          {
            "name": "oval face",
            "value": "yes",
            "confidence": 0.13
          },
          {
            "name": "pale skin",
            "value": "no",
            "confidence": 0.74
          },
          {
            "name": "pitch",
            "value": "-8.36",
            "confidence": 1.0
          },
          {
            "name": "pointy nose",
            "value": "no",
            "confidence": 0.99
          },
          {
            "name": "race",
            "value": "white",
            "confidence": 1.0
          },
          {
            "name": "receding hairline",
            "value": "yes",
            "confidence": 0.47
          },
          {
            "name": "rosy cheeks",
            "value": "no",
            "confidence": 1.0
          },
          {
            "name": "sideburns",
            "value": "yes",
            "confidence": 0.94
          },
          {
            "name": "straight hair",
            "value": "no",
            "confidence": 0.82
          },
          {
            "name": "wavy hair",
            "value": "no",
            "confidence": 1.0
          },
          {
            "name": "wearing earrings",
            "value": "no",
            "confidence": 0.79
          },
          {
            "name": "wearing hat",
            "value": "yes",
            "confidence": 0.21
          },
          {
            "name": "wearing lipstick",
            "value": "no",
            "confidence": 1.0
          },
          {
            "name": "wearing necklace",
            "value": "no",
            "confidence": 0.97
          },
          {
            "name": "wearing necktie",
            "value": "yes",
            "confidence": 0.03
          },
          {
            "name": "yaw",
            "value": "-2.87",
            "confidence": 1.0
          },
          {
            "name": "young",
            "value": "no",
            "confidence": 0.51
          }
        ],
        "person_id": "",
        "appearance_id": 0,
        "start": "00:00:00",
        "duration": "00:00:00"
      },
      {
        "face_uuid": "03b1ac09-1535-11e9-99c4-0cc47a6c4dbd",
        "media_uuid": "b4c1a1ee-4678-4ac1-98ce-f06c53aa559a",
        "x": 707.4,
        "y": 833.28,
        "width": 241.84,
        "height": 306.56,
        "angle": -1.558,
        "detection_score": 1.0,
        "points": [
          {
            "x": 647.61,
            "y": 818.19,
            "type": 512,
            "name": "basic eye left"
          },
          {
            "x": 763.17,
            "y": 821.33,
            "type": 768,
            "name": "basic eye right"
          },
          {
            "x": 623.51,
            "y": 817.38,
            "type": 1024,
            "name": "basic eye left outer"
          },
          {
            "x": 787.84,
            "y": 821.92,
            "type": 1280,
            "name": "basic eye right outer"
          },
          {
            "x": 671.52,
            "y": 820.78,
            "type": 1536,
            "name": "basic eye left inner"
          },
          {
            "x": 738.29,
            "y": 822.54,
            "type": 1792,
            "name": "basic eye right inner"
          },
          {
            "x": 647.83,
            "y": 930.82,
            "type": 2048,
            "name": "basic mouth left"
          },
          {
            "x": 751.22,
            "y": 932.53,
            "type": 2304,
            "name": "basic mouth right"
          },
          {
            "x": 698.82,
            "y": 900.29,
            "type": 2560,
            "name": "basic nose tip"
          },
          {
            "x": 699.19,
            "y": 935.69,
            "type": 2816,
            "name": "basic mouth center"
          },
          {
            "x": 699.19,
            "y": 935.69,
            "type": 3072,
            "name": "basic eyebrow left"
          },
          {
            "x": 699.19,
            "y": 935.69,
            "type": 3328,
            "name": "basic eyebrow left inner corner"
          },
          {
            "x": 699.19,
            "y": 935.69,
            "type": 3584,
            "name": "basic eyebrow left outer corner"
          },
          {
            "x": 699.19,
            "y": 935.69,
            "type": 3840,
            "name": "basic eyebrow right"
          },
          {
            "x": 699.19,
            "y": 935.69,
            "type": 4096,
            "name": "basic eyebrow right inner corner"
          },
          {
            "x": 699.19,
            "y": 935.69,
            "type": 4352,
            "name": "basic eyebrow right outer corner"
          },
          {
            "x": 699.19,
            "y": 935.69,
            "type": 4608,
            "name": "basic chin bottom"
          },
          {
            "x": 699.19,
            "y": 935.69,
            "type": 4864,
            "name": "basic chin left"
          },
          {
            "x": 699.19,
            "y": 935.69,
            "type": 5120,
            "name": "basic chin right"
          },
          {
            "x": 669.02,
            "y": 895.34,
            "type": 5376,
            "name": "basic nose left"
          },
          {
            "x": 732.09,
            "y": 896.79,
            "type": 5632,
            "name": "basic nose right"
          }
        ],
        "user_points": null,
        "tags": [
          {
            "name": "5oclock shadow",
            "value": "no",
            "confidence": 0.68
          },
          {
            "name": "age",
            "value": "33",
            "confidence": 0.6
          },
          {
            "name": "arched eyebrows",
            "value": "no",
            "confidence": 1.0
          },
          {
            "name": "attractive",
            "value": "no",
            "confidence": 0.87
          },
          {
            "name": "bags under eyes",
            "value": "yes",
            "confidence": 0.02
          },
          {
            "name": "bald",
            "value": "yes",
            "confidence": 0.49
          },
          {
            "name": "bangs",
            "value": "no",
            "confidence": 0.69
          },
          {
            "name": "beard",
            "value": "yes",
            "confidence": 0.03
          },
          {
            "name": "big lips",
            "value": "no",
            "confidence": 0.65
          },
          {
            "name": "big nose",
            "value": "yes",
            "confidence": 0.05
          },
          {
            "name": "black hair",
            "value": "no",
            "confidence": 0.74
          },
          {
            "name": "blond hair",
            "value": "no",
            "confidence": 0.71
          },
          {
            "name": "blurry",
            "value": "yes",
            "confidence": 0.51
          },
          {
            "name": "brown hair",
            "value": "no",
            "confidence": 0.7
          },
          {
            "name": "bushy eyebrows",
            "value": "no",
            "confidence": 1.0
          },
          {
            "name": "chubby",
            "value": "yes",
            "confidence": 0.13
          },
          {
            "name": "double chin",
            "value": "no",
            "confidence": 0.09
          },
          {
            "name": "expression",
            "value": "neutral",
            "confidence": 0.46
          },
          {
            "name": "gender",
            "value": "male",
            "confidence": 0.62
          },
          {
            "name": "glasses",
            "value": "no",
            "confidence": 1.0
          },
          {
            "name": "goatee",
            "value": "no",
            "confidence": 0.11
          },
          {
            "name": "gray hair",
            "value": "yes",
            "confidence": 0.19
          },
          {
            "name": "heavy makeup",
            "value": "no",
            "confidence": 0.92
          },
          {
            "name": "high cheekbones",
            "value": "no",
            "confidence": 0.27
          },
          {
            "name": "mouth open",
            "value": "no",
            "confidence": 0.38
          },
          {
            "name": "mustache",
            "value": "no",
            "confidence": 0.03
          },
          {
            "name": "narrow eyes",
            "value": "yes",
            "confidence": 0.19
          },
          {
            "name": "oval face",
            "value": "no",
            "confidence": 0.2
          },
          {
            "name": "pale skin",
            "value": "no",
            "confidence": 0.06
          },
          {
            "name": "pitch",
            "value": "-7.31",
            "confidence": 1.0
          },
          {
            "name": "pointy nose",
            "value": "no",
            "confidence": 0.73
          },
          {
            "name": "race",
            "value": "white",
            "confidence": 0.92
          },
          {
            "name": "receding hairline",
            "value": "yes",
            "confidence": 0.51
          },
          {
            "name": "rosy cheeks",
            "value": "no",
            "confidence": 1.0
          },
          {
            "name": "sideburns",
            "value": "no",
            "confidence": 0.2
          },
          {
            "name": "straight hair",
            "value": "no",
            "confidence": 0.45
          },
          {
            "name": "wavy hair",
            "value": "no",
            "confidence": 0.96
          },
          {
            "name": "wearing earrings",
            "value": "no",
            "confidence": 0.85
          },
          {
            "name": "wearing hat",
            "value": "no",
            "confidence": 0.37
          },
          {
            "name": "wearing lipstick",
            "value": "no",
            "confidence": 1.0
          },
          {
            "name": "wearing necklace",
            "value": "no",
            "confidence": 1.0
          },
          {
            "name": "wearing necktie",
            "value": "no",
            "confidence": 0.15
          },
          {
            "name": "yaw",
            "value": "-14.14",
            "confidence": 1.0
          },
          {
            "name": "young",
            "value": "no",
            "confidence": 0.41
          }
        ],
        "person_id": "",
        "appearance_id": 0,
        "start": "00:00:00",
        "duration": "00:00:00"
      }
    ],
    "tags": null,
    "original_filename": "https://raw.githubusercontent.com/sarkrui/Hairstyle60k/master/Dataset/Horseshoe_Flattop/IMG_10.jpg",
    "duration": "00:00:00"
  },
  "recognize": null
}