{
  "media": {
    "media_uuid": "867a276b-e145-4670-b967-718ea246562a",
    "checksum": "f9b17130b2b357c7646990153ec88019cca9eaabbe7f192b4fcaa278245ade53",
    "faces": [
      {
        "face_uuid": "0d371e03-1535-11e9-99c4-0cc47a6c4dbd",
        "media_uuid": "867a276b-e145-4670-b967-718ea246562a",
        "x": 156.5,
        "y": 164.5,
        "width": 142.36,
        "height": 174.84,
        "angle": -3.5328,
        "detection_score": 1.0,
        "points": [
          {
            "x": 110.95,
            "y": 147.89,
            "type": 512,
            "name": "basic eye left"
          },
          {
            "x": 175.11,
            "y": 151.85,
            "type": 768,
            "name": "basic eye right"
          },
          {
            "x": 97.76,
            "y": 147.38,
            "type": 1024,
            "name": "basic eye left outer"
          },
          {
            "x": 189.58,
            "y": 153.17,
            "type": 1280,
            "name": "basic eye right outer"
          },
          {
            "x": 123.69,
            "y": 149.28,
            "type": 1536,
            "name": "basic eye left inner"
          },
          {
            "x": 160.82,
            "y": 151.52,
            "type": 1792,
            "name": "basic eye right inner"
          },
          {
            "x": 114.96,
            "y": 216.53,
            "type": 2048,
            "name": "basic mouth left"
          },
          {
            "x": 162.05,
            "y": 220.24,
            "type": 2304,
            "name": "basic mouth right"
          },
          {
            "x": 132.6,
            "y": 187.82,
            "type": 2560,
            "name": "basic nose tip"
          },
          {
            "x": 137.66,
            "y": 218.65,
            "type": 2816,
            "name": "basic mouth center"
          },
          {
            "x": 137.66,
            "y": 218.65,
            "type": 3072,
            "name": "basic eyebrow left"
          },
          {
            "x": 137.66,
            "y": 218.65,
            "type": 3328,
            "name": "basic eyebrow left inner corner"
          },
          {
            "x": 137.66,
            "y": 218.65,
            "type": 3584,
            "name": "basic eyebrow left outer corner"
          },
          {
            "x": 137.66,
            "y": 218.65,
            "type": 3840,
            "name": "basic eyebrow right"
          },
          {
            "x": 137.66,
            "y": 218.65,
            "type": 4096,
            "name": "basic eyebrow right inner corner"
          },
          {
            "x": 137.66,
            "y": 218.65,
            "type": 4352,
            "name": "basic eyebrow right outer corner"
          },
          {
            "x": 137.66,
            "y": 218.65,
            "type": 4608,
            "name": "basic chin bottom"
          },
          {
            "x": 137.66,
            "y": 218.65,
            "type": 4864,
            "name": "basic chin left"
          },
          {
            "x": 137.66,
            "y": 218.65,
            "type": 5120,
            "name": "basic chin right"
          },
          {
            "x": 120.17,
            "y": 189.0,
            "type": 5376,
            "name": "basic nose left"
          },
          {
            "x": 152.74,
            "y": 191.37,
            "type": 5632,
            "name": "basic nose right"
          }
        ],
        "user_points": null,
        "tags": [
          {
            "name": "5oclock shadow",
            "value": "no",
            "confidence": 0.16
          },
          {
            "name": "age",
            "value": "18",
            "confidence": 0.6
          },
          {
            "name": "arched eyebrows",
            "value": "no",
            "confidence": 1.0
          },
          {
            "name": "attractive",
            "value": "no",
            "confidence": 1.0
          },
          {
            "name": "bags under eyes",
            "value": "no",
            "confidence": 0.61
          },
          {
            "name": "bald",
            "value": "yes",
            "confidence": 0.37
          },
          {
            "name": "bangs",
            "value": "no",
            "confidence": 1.0
          },
          {
            "name": "beard",
            "value": "yes",
            "confidence": 0.6
          },
          {
            "name": "big lips",
            "value": "no",
            "confidence": 0.33
          },
          {
            "name": "big nose",
            "value": "no",
            "confidence": 0.14
          },
          {
            "name": "black hair",
            "value": "no",
            "confidence": 0.12
          },
          {
            "name": "blond hair",
            "value": "no",
            "confidence": 1.0
          },
          {
            "name": "blurry",
            "value": "yes",
            "confidence": 0.51
          },
          {
            "name": "brown hair",
            "value": "no",
            "confidence": 0.57
          },
          {
            "name": "bushy eyebrows",
            "value": "no",
            "confidence": 0.47
          },
          {
            "name": "chubby",
            "value": "yes",
            "confidence": 0.32
          },
          {
            "name": "double chin",
            "value": "no",
            "confidence": 0.26
          },
          {
            "name": "expression",
            "value": "neutral",
            "confidence": 1.0
          },
          {
            "name": "gender",
            "value": "male",
            "confidence": 0.96
          },
          {
            "name": "glasses",
            "value": "yes",
            "confidence": 0.99
          },
          {
            "name": "goatee",
            "value": "yes",
            "confidence": 0.43
          },
          {
            "name": "gray hair",
            "value": "no",
            "confidence": 0.35
          },
          {
            "name": "heavy makeup",
            "value": "no",
            "confidence": 1.0
          },
          {
            "name": "high cheekbones",
            "value": "no",
            "confidence": 0.72
          },
          {
            "name": "mouth open",
            "value": "no",
            "confidence": 0.82
          },
          {
            "name": "mustache",
            "value": "yes",
            "confidence": 0.44
          },
          {
            "name": "narrow eyes",
            "value": "no",
            "confidence": 0.37
          },
          {
            "name": "oval face",
            "value": "yes",
            "confidence": 0.11
          },
          {
            "name": "pale skin",
            "value": "no",
            "confidence": 0.97
          },
          {
            "name": "pitch",
            "value": "-6.37",
            "confidence": 1.0
          },
          {
            "name": "pointy nose",
            "value": "no",
            "confidence": 1.0
          },
          {
            "name": "race",
            "value": "white",
            "confidence": 0.95
          },
          {
            "name": "receding hairline",
            "value": "yes",
            "confidence": 0.55
          },
          {
            "name": "rosy cheeks",
            "value": "no",
            "confidence": 1.0
          },
          {
            "name": "sideburns",
            "value": "yes",
            "confidence": 0.23
          },
          {
            "name": "straight hair",
            "value": "no",
            "confidence": 0.36
          },
          {
            "name": "wavy hair",
            "value": "no",
            "confidence": 1.0
          },
          {
            "name": "wearing earrings",
            "value": "no",
            "confidence": 0.63
          },
          {
            "name": "wearing hat",
            "value": "no",
            "confidence": 0.31
          },
          {
            "name": "wearing lipstick",
            "value": "no",
            "confidence": 1.0
          },
          {
            "name": "wearing necklace",
            "value": "no",
            "confidence": 1.0
          },
          {
            "name": "wearing necktie",
            "value": "no",
            "confidence": 0.18
          },
          {
            "name": "yaw",
            "value": "40.89",
            "confidence": 1.0
          },
          {
            "name": "young",
            "value": "no",
            "confidence": 0.17
          }
        ],
        "person_id": "",
        "appearance_id": 0,
        "start": "00:00:00",
        "duration": "00:00:00"
      },
      {
        "face_uuid": "0d6b0274-1535-11e9-99c4-0cc47a6c4dbd",
        "media_uuid": "867a276b-e145-4670-b967-718ea246562a",
        "x": 337.0,
        "y": 165.0,
        "width": 38.95,
        "height": 48.68,
        "angle": -0.9822,
        "detection_score": 1.0,
        "points": [
          {
            "x": 328.36,
            "y": 161.64,
            "type": 512,
            "name": "basic eye left"
          },
          {
            "x": 348.75,
            "y": 161.98,
            "type": 768,
            "name": "basic eye right"
          },
          {
            "x": 324.11,
            "y": 161.74,
            "type": 1024,
            "name": "basic eye left outer"
          },
          {
            "x": 352.94,
            "y": 162.21,
            "type": 1280,
            "name": "basic eye right outer"
          },
          {
            "x": 332.57,
            "y": 161.85,
            "type": 1536,
            "name": "basic eye left inner"
          },
          {
            "x": 344.55,
            "y": 162.07,
            "type": 1792,
            "name": "basic eye right inner"
          },
          {
            "x": 327.79,
            "y": 183.12,
            "type": 2048,
            "name": "basic mouth left"
          },
          {
            "x": 343.62,
            "y": 183.71,
            "type": 2304,
            "name": "basic mouth right"
          },
          {
            "x": 338.35,
            "y": 172.2,
            "type": 2560,
            "name": "basic nose tip"
          },
          {
            "x": 335.69,
            "y": 183.32,
            "type": 2816,
            "name": "basic mouth center"
          },
          {
            "x": 335.69,
            "y": 183.32,
            "type": 3072,
            "name": "basic eyebrow left"
          },
          {
            "x": 335.69,
            "y": 183.32,
            "type": 3328,
            "name": "basic eyebrow left inner corner"
          },
          {
            "x": 335.69,
            "y": 183.32,
            "type": 3584,
            "name": "basic eyebrow left outer corner"
          },
          {
            "x": 335.69,
            "y": 183.32,
            "type": 3840,
            "name": "basic eyebrow right"
          },
          {
            "x": 335.69,
            "y": 183.32,
            "type": 4096,
            "name": "basic eyebrow right inner corner"
          },
          {
            "x": 335.69,
            "y": 183.32,
            "type": 4352,
            "name": "basic eyebrow right outer corner"
          },
          {
            "x": 335.69,
            "y": 183.32,
            "type": 4608,
            "name": "basic chin bottom"
          },
          {
            "x": 335.69,
            "y": 183.32,
            "type": 4864,
            "name": "basic chin left"
          },
          {
            "x": 335.69,
            "y": 183.32,
            "type": 5120,
            "name": "basic chin right"
          },
          {
            "x": 332.67,
            "y": 173.62,
            "type": 5376,
            "name": "basic nose left"
          },
          {
            "x": 343.35,
            "y": 173.83,
            "type": 5632,
            "name": "basic nose right"
          }
        ],
        "user_points": null,
        "tags": [
          {
            "name": "5oclock shadow",
            "value": "no",
            "confidence": 0.53
          },
          {
            "name": "age",
            "value": "09",
            "confidence": 0.6
          },
          {
            "name": "arched eyebrows",
            "value": "no",
            "confidence": 1.0
          },
          {
            "name": "attractive",
            "value": "no",
            "confidence": 0.97
          },
          {
            "name": "bags under eyes",
            "value": "no",
            "confidence": 0.86
          },
          {
            "name": "bald",
            "value": "no",
            "confidence": 0.27
          },
          {
            "name": "bangs",
            "value": "no",
            "confidence": 1.0
          },
          {
            "name": "beard",
            "value": "no",
            "confidence": 0.21
          },
          {
            "name": "big lips",
            "value": "no",
            "confidence": 1.0
          },
          {
            "name": "big nose",
            "value": "no",
            "confidence": 1.0
          },
          {
            "name": "black hair",
            "value": "no",
            "confidence": 0.37
          },
          {
            "name": "blond hair",
            "value": "no",
            "confidence": 0.84
          },
          {
            "name": "blurry",
            "value": "yes",
            "confidence": 1.0
          },
          {
            "name": "brown hair",
            "value": "no",
            "confidence": 0.35
          },
          {
            "name": "bushy eyebrows",
            "value": "no",
            "confidence": 0.63
          },
          {
            "name": "chubby",
            "value": "no",
            "confidence": 0.26
          },
          {
            "name": "double chin",
            "value": "no",
            "confidence": 0.68
          },
          {
            "name": "expression",
            "value": "neutral",
            "confidence": 0.95
          },
          {
            "name": "gender",
            "value": "male",
            "confidence": 0.64
          },
          {
            "name": "glasses",
            "value": "no",
            "confidence": 1.0
          },
          {
            "name": "goatee",
            "value": "no",
            "confidence": 0.55
          },
          {
            "name": "gray hair",
            "value": "no",
            "confidence": 0.43
          },
          {
            "name": "heavy makeup",
            "value": "no",
            "confidence": 0.93
          },
          {
            "name": "high cheekbones",
            "value": "no",
            "confidence": 0.75
          },
          {
            "name": "mouth open",
            "value": "no",
            "confidence": 0.23
          },
          {
            "name": "mustache",
            "value": "no",
            "confidence": 0.44
          },
          {
            "name": "narrow eyes",
            "value": "yes",
            "confidence": 0.4
          },
          {
            "name": "oval face",
            "value": "no",
            "confidence": 0.04
          },
          {
            "name": "pale skin",
            "value": "no",
            "confidence": 0.5
          },
          {
            "name": "pitch",
            "value": "-6.87",
            "confidence": 1.0
          },
          {
            "name": "pointy nose",
            "value": "no",
            "confidence": 0.83
          },
          {
            "name": "race",
            "value": "white",
            "confidence": 0.92
          },
          {
            "name": "receding hairline",
            "value": "no",
            "confidence": 0.1
          },
          {
            "name": "rosy cheeks",
            "value": "no",
            "confidence": 1.0
          },
          {
            "name": "sideburns",
            "value": "no",
            "confidence": 0.61
          },
          {
            "name": "straight hair",
            "value": "no",
            "confidence": 0.28
          },
          {
            "name": "wavy hair",
            "value": "no",
            "confidence": 0.83
          },
          {
            "name": "wearing earrings",
            "value": "no",
            "confidence": 0.68
          },
          {
            "name": "wearing hat",
            "value": "no",
            "confidence": 0.16
          },
          {
            "name": "wearing lipstick",
            "value": "no",
            "confidence": 1.0
          },
          {
            "name": "wearing necklace",
            "value": "no",
            "confidence": 1.0
          },
          {
            "name": "wearing necktie",
            "value": "no",
            "confidence": 0.27
          },
          {
            "name": "yaw",
            "value": "4.98",
            "confidence": 1.0
          },
          {
            "name": "young",
            "value": "no",
            "confidence": 0.01
          }
        ],
        "person_id": "",
        "appearance_id": 0,
        "start": "00:00:00",
        "duration": "00:00:00"
      }
    ],
    "tags": null,
    "original_filename": "https://raw.githubusercontent.com/sarkrui/Hairstyle60k/master/Dataset/Horseshoe_Flattop/IMG_20.jpg",
    "duration": "00:00:00"
  },
  "recognize": null
}