{
  "media": {
    "media_uuid": "4db724fa-b3ea-4e7d-9547-986111323d5a",
    "checksum": "aa508430d442ab509511e189e64087946963219da6aaf53adfb66e3c020dcb5d",
    "faces": [
      {
        "face_uuid": "ffbc8a85-1534-11e9-99c4-0cc47a6c4dbd",
        "media_uuid": "4db724fa-b3ea-4e7d-9547-986111323d5a",
        "x": 67.0,
        "y": 403.0,
        "width": 107.4,
        "height": 159.18,
        "angle": 13.6323,
        "detection_score": 1.0,
        "points": [
          {
            "x": 5.3,
            "y": 389.71,
            "type": 512,
            "name": "basic eye left"
          },
          {
            "x": 78.94,
            "y": 371.85,
            "type": 768,
            "name": "basic eye right"
          },
          {
            "x": -8.31,
            "y": 393.78,
            "type": 1024,
            "name": "basic eye left outer"
          },
          {
            "x": 95.37,
            "y": 368.86,
            "type": 1280,
            "name": "basic eye right outer"
          },
          {
            "x": 19.2,
            "y": 387.34,
            "type": 1536,
            "name": "basic eye left inner"
          },
          {
            "x": 63.38,
            "y": 376.52,
            "type": 1792,
            "name": "basic eye right inner"
          },
          {
            "x": -16.1,
            "y": 474.3,
            "type": 2048,
            "name": "basic mouth left"
          },
          {
            "x": 62.76,
            "y": 460.05,
            "type": 2304,
            "name": "basic mouth right"
          },
          {
            "x": 13.78,
            "y": 417.29,
            "type": 2560,
            "name": "basic nose tip"
          },
          {
            "x": 21.76,
            "y": 467.19,
            "type": 2816,
            "name": "basic mouth center"
          },
          {
            "x": 21.76,
            "y": 467.19,
            "type": 3072,
            "name": "basic eyebrow left"
          },
          {
            "x": 21.76,
            "y": 467.19,
            "type": 3328,
            "name": "basic eyebrow left inner corner"
          },
          {
            "x": 21.76,
            "y": 467.19,
            "type": 3584,
            "name": "basic eyebrow left outer corner"
          },
          {
            "x": 21.76,
            "y": 467.19,
            "type": 3840,
            "name": "basic eyebrow right"
          },
          {
            "x": 21.76,
            "y": 467.19,
            "type": 4096,
            "name": "basic eyebrow right inner corner"
          },
          {
            "x": 21.76,
            "y": 467.19,
            "type": 4352,
            "name": "basic eyebrow right outer corner"
          },
          {
            "x": 21.76,
            "y": 467.19,
            "type": 4608,
            "name": "basic chin bottom"
          },
          {
            "x": 21.76,
            "y": 467.19,
            "type": 4864,
            "name": "basic chin left"
          },
          {
            "x": 21.76,
            "y": 467.19,
            "type": 5120,
            "name": "basic chin right"
          },
          {
            "x": -0.56,
            "y": 429.15,
            "type": 5376,
            "name": "basic nose left"
          },
          {
            "x": 43.61,
            "y": 421.43,
            "type": 5632,
            "name": "basic nose right"
          }
        ],
        "user_points": null,
        "tags": [
          {
            "name": "5oclock shadow",
            "value": "no",
            "confidence": 0.82
          },
          {
            "name": "age",
            "value": "39",
            "confidence": 0.6
          },
          {
            "name": "arched eyebrows",
            "value": "no",
            "confidence": 1.0
          },
          {
            "name": "attractive",
            "value": "no",
            "confidence": 1.0
          },
          {
            "name": "bags under eyes",
            "value": "no",
            "confidence": 1.0
          },
          {
            "name": "bald",
            "value": "no",
            "confidence": 0.16
          },
          {
            "name": "bangs",
            "value": "no",
            "confidence": 0.82
          },
          {
            "name": "beard",
            "value": "no",
            "confidence": 0.14
          },
          {
            "name": "big lips",
            "value": "no",
            "confidence": 0.32
          },
          {
            "name": "big nose",
            "value": "no",
            "confidence": 0.5
          },
          {
            "name": "black hair",
            "value": "no",
            "confidence": 0.45
          },
          {
            "name": "blond hair",
            "value": "no",
            "confidence": 0.86
          },
          {
            "name": "blurry",
            "value": "yes",
            "confidence": 0.68
          },
          {
            "name": "brown hair",
            "value": "no",
            "confidence": 0.46
          },
          {
            "name": "bushy eyebrows",
            "value": "no",
            "confidence": 0.66
          },
          {
            "name": "chubby",
            "value": "no",
            "confidence": 0.11
          },
          {
            "name": "double chin",
            "value": "no",
            "confidence": 0.56
          },
          {
            "name": "expression",
            "value": "neutral",
            "confidence": 0.78
          },
          {
            "name": "gender",
            "value": "male",
            "confidence": 0.25
          },
          {
            "name": "glasses",
            "value": "no",
            "confidence": 1.0
          },
          {
            "name": "goatee",
            "value": "no",
            "confidence": 0.3
          },
          {
            "name": "gray hair",
            "value": "no",
            "confidence": 0.58
          },
          {
            "name": "heavy makeup",
            "value": "no",
            "confidence": 0.85
          },
          {
            "name": "high cheekbones",
            "value": "no",
            "confidence": 0.55
          },
          {
            "name": "mouth open",
            "value": "yes",
            "confidence": 0.26
          },
          {
            "name": "mustache",
            "value": "no",
            "confidence": 0.25
          },
          {
            "name": "narrow eyes",
            "value": "no",
            "confidence": 0.16
          },
          {
            "name": "oval face",
            "value": "yes",
            "confidence": 0.14
          },
          {
            "name": "pale skin",
            "value": "no",
            "confidence": 0.19
          },
          {
            "name": "pitch",
            "value": "-6",
            "confidence": 1.0
          },
          {
            "name": "pointy nose",
            "value": "no",
            "confidence": 1.0
          },
          {
            "name": "race",
            "value": "asian",
            "confidence": 0.64
          },
          {
            "name": "receding hairline",
            "value": "no",
            "confidence": 0.21
          },
          {
            "name": "rosy cheeks",
            "value": "no",
            "confidence": 1.0
          },
          {
            "name": "sideburns",
            "value": "no",
            "confidence": 0.58
          },
          {
            "name": "straight hair",
            "value": "no",
            "confidence": 0.97
          },
          {
            "name": "wavy hair",
            "value": "no",
            "confidence": 0.55
          },
          {
            "name": "wearing earrings",
            "value": "no",
            "confidence": 0.39
          },
          {
            "name": "wearing hat",
            "value": "yes",
            "confidence": 0.59
          },
          {
            "name": "wearing lipstick",
            "value": "no",
            "confidence": 0.91
          },
          {
            "name": "wearing necklace",
            "value": "no",
            "confidence": 0.86
          },
          {
            "name": "wearing necktie",
            "value": "no",
            "confidence": 0.93
          },
          {
            "name": "yaw",
            "value": "35.93",
            "confidence": 1.0
          },
          {
            "name": "young",
            "value": "yes",
            "confidence": 0.2
          }
        ],
        "person_id": "",
        "appearance_id": 0,
        "start": "00:00:00",
        "duration": "00:00:00"
      },
      {
        "face_uuid": "ffe85ef3-1534-11e9-99c4-0cc47a6c4dbd",
        "media_uuid": "4db724fa-b3ea-4e7d-9547-986111323d5a",
        "x": 239.0,
        "y": 195.5,
        "width": 199.03,
        "height": 238.27,
        "angle": 1.1484,
        "detection_score": 1.0,
        "points": [
          {
            "x": 173.06,
            "y": 165.51,
            "type": 512,
            "name": "basic eye left"
          },
          {
            "x": 267.03,
            "y": 163.63,
            "type": 768,
            "name": "basic eye right"
          },
          {
            "x": 154.7,
            "y": 166.61,
            "type": 1024,
            "name": "basic eye left outer"
          },
          {
            "x": 288.13,
            "y": 164.05,
            "type": 1280,
            "name": "basic eye right outer"
          },
          {
            "x": 191.25,
            "y": 166.05,
            "type": 1536,
            "name": "basic eye left inner"
          },
          {
            "x": 246.25,
            "y": 164.93,
            "type": 1792,
            "name": "basic eye right inner"
          },
          {
            "x": 179.74,
            "y": 247.61,
            "type": 2048,
            "name": "basic mouth left"
          },
          {
            "x": 273.31,
            "y": 244.44,
            "type": 2304,
            "name": "basic mouth right"
          },
          {
            "x": 210.42,
            "y": 214.11,
            "type": 2560,
            "name": "basic nose tip"
          },
          {
            "x": 225.41,
            "y": 248.5,
            "type": 2816,
            "name": "basic mouth center"
          },
          {
            "x": 225.41,
            "y": 248.5,
            "type": 3072,
            "name": "basic eyebrow left"
          },
          {
            "x": 225.41,
            "y": 248.5,
            "type": 3328,
            "name": "basic eyebrow left inner corner"
          },
          {
            "x": 225.41,
            "y": 248.5,
            "type": 3584,
            "name": "basic eyebrow left outer corner"
          },
          {
            "x": 225.41,
            "y": 248.5,
            "type": 3840,
            "name": "basic eyebrow right"
          },
          {
            "x": 225.41,
            "y": 248.5,
            "type": 4096,
            "name": "basic eyebrow right inner corner"
          },
          {
            "x": 225.41,
            "y": 248.5,
            "type": 4352,
            "name": "basic eyebrow right outer corner"
          },
          {
            "x": 225.41,
            "y": 248.5,
            "type": 4608,
            "name": "basic chin bottom"
          },
          {
            "x": 225.41,
            "y": 248.5,
            "type": 4864,
            "name": "basic chin left"
          },
          {
            "x": 225.41,
            "y": 248.5,
            "type": 5120,
            "name": "basic chin right"
          },
          {
            "x": 190.53,
            "y": 219.93,
            "type": 5376,
            "name": "basic nose left"
          },
          {
            "x": 242.69,
            "y": 218.01,
            "type": 5632,
            "name": "basic nose right"
          }
        ],
        "user_points": null,
        "tags": [
          {
            "name": "5oclock shadow",
            "value": "no",
            "confidence": 0.33
          },
          {
            "name": "age",
            "value": "29",
            "confidence": 0.6
          },
          {
            "name": "arched eyebrows",
            "value": "no",
            "confidence": 1.0
          },
          {
            "name": "attractive",
            "value": "no",
            "confidence": 0.83
          },
          {
            "name": "bags under eyes",
            "value": "yes",
            "confidence": 0.02
          },
          {
            "name": "bald",
            "value": "no",
            "confidence": 0.14
          },
          {
            "name": "bangs",
            "value": "no",
            "confidence": 1.0
          },
          {
            "name": "beard",
            "value": "yes",
            "confidence": 0.12
          },
          {
            "name": "big lips",
            "value": "no",
            "confidence": 0.39
          },
          {
            "name": "big nose",
            "value": "no",
            "confidence": 0.1
          },
          {
            "name": "black hair",
            "value": "no",
            "confidence": 0.59
          },
          {
            "name": "blond hair",
            "value": "no",
            "confidence": 0.7
          },
          {
            "name": "blurry",
            "value": "yes",
            "confidence": 0.2
          },
          {
            "name": "brown hair",
            "value": "no",
            "confidence": 0.02
          },
          {
            "name": "bushy eyebrows",
            "value": "no",
            "confidence": 0.56
          },
          {
            "name": "chubby",
            "value": "no",
            "confidence": 0.26
          },
          {
            "name": "double chin",
            "value": "no",
            "confidence": 0.72
          },
          {
            "name": "expression",
            "value": "neutral",
            "confidence": 0.83
          },
          {
            "name": "gender",
            "value": "male",
            "confidence": 0.42
          },
          {
            "name": "glasses",
            "value": "no",
            "confidence": 1.0
          },
          {
            "name": "goatee",
            "value": "yes",
            "confidence": 0.0
          },
          {
            "name": "gray hair",
            "value": "no",
            "confidence": 0.59
          },
          {
            "name": "heavy makeup",
            "value": "no",
            "confidence": 0.95
          },
          {
            "name": "high cheekbones",
            "value": "no",
            "confidence": 0.42
          },
          {
            "name": "mouth open",
            "value": "no",
            "confidence": 0.71
          },
          {
            "name": "mustache",
            "value": "no",
            "confidence": 0.02
          },
          {
            "name": "narrow eyes",
            "value": "no",
            "confidence": 0.27
          },
          {
            "name": "oval face",
            "value": "no",
            "confidence": 0.07
          },
          {
            "name": "pale skin",
            "value": "no",
            "confidence": 0.56
          },
          {
            "name": "pitch",
            "value": "-6.87",
            "confidence": 1.0
          },
          {
            "name": "pointy nose",
            "value": "no",
            "confidence": 1.0
          },
          {
            "name": "race",
            "value": "white",
            "confidence": 1.0
          },
          {
            "name": "receding hairline",
            "value": "yes",
            "confidence": 0.08
          },
          {
            "name": "rosy cheeks",
            "value": "no",
            "confidence": 1.0
          },
          {
            "name": "sideburns",
            "value": "no",
            "confidence": 0.11
          },
          {
            "name": "straight hair",
            "value": "yes",
            "confidence": 0.01
          },
          {
            "name": "wavy hair",
            "value": "no",
            "confidence": 1.0
          },
          {
            "name": "wearing earrings",
            "value": "no",
            "confidence": 0.66
          },
          {
            "name": "wearing hat",
            "value": "no",
            "confidence": 0.23
          },
          {
            "name": "wearing lipstick",
            "value": "no",
            "confidence": 1.0
          },
          {
            "name": "wearing necklace",
            "value": "no",
            "confidence": 0.89
          },
          {
            "name": "wearing necktie",
            "value": "no",
            "confidence": 0.64
          },
          {
            "name": "yaw",
            "value": "25.64",
            "confidence": 1.0
          },
          {
            "name": "young",
            "value": "yes",
            "confidence": 0.2
          }
        ],
        "person_id": "",
        "appearance_id": 0,
        "start": "00:00:00",
        "duration": "00:00:00"
      }
    ],
    "tags": null,
    "original_filename": "https://raw.githubusercontent.com/sarkrui/Hairstyle60k/master/Dataset/Horseshoe_Flattop/IMG_6.jpg",
    "duration": "00:00:00"
  },
  "recognize": null
}