{
  "media": {
    "media_uuid": "0e0309a2-bd6b-4a8c-a80f-89baec6a31c9",
    "checksum": "17b84ca761e6bdc4babc9c3e1cfb55f780e1443c03f4b0fbfb69993a1ed851dc",
    "faces": [
      {
        "face_uuid": "1e1e3db6-1535-11e9-99c4-0cc47a6c4dbd",
        "media_uuid": "0e0309a2-bd6b-4a8c-a80f-89baec6a31c9",
        "x": 300.8,
        "y": 325.63,
        "width": 289.78,
        "height": 385.64,
        "angle": -0.1483,
        "detection_score": 1.0,
        "points": [
          {
            "x": 229.99,
            "y": 294.07,
            "type": 512,
            "name": "basic eye left"
          },
          {
            "x": 370.06,
            "y": 294.43,
            "type": 768,
            "name": "basic eye right"
          },
          {
            "x": 200.92,
            "y": 294.53,
            "type": 1024,
            "name": "basic eye left outer"
          },
          {
            "x": 400.58,
            "y": 295.11,
            "type": 1280,
            "name": "basic eye right outer"
          },
          {
            "x": 258.47,
            "y": 296.52,
            "type": 1536,
            "name": "basic eye left inner"
          },
          {
            "x": 340.04,
            "y": 296.66,
            "type": 1792,
            "name": "basic eye right inner"
          },
          {
            "x": 243.57,
            "y": 433.73,
            "type": 2048,
            "name": "basic mouth left"
          },
          {
            "x": 356.83,
            "y": 434.44,
            "type": 2304,
            "name": "basic mouth right"
          },
          {
            "x": 292.82,
            "y": 376.56,
            "type": 2560,
            "name": "basic nose tip"
          },
          {
            "x": 299.51,
            "y": 436.23,
            "type": 2816,
            "name": "basic mouth center"
          },
          {
            "x": 299.51,
            "y": 436.23,
            "type": 3072,
            "name": "basic eyebrow left"
          },
          {
            "x": 299.51,
            "y": 436.23,
            "type": 3328,
            "name": "basic eyebrow left inner corner"
          },
          {
            "x": 299.51,
            "y": 436.23,
            "type": 3584,
            "name": "basic eyebrow left outer corner"
          },
          {
            "x": 299.51,
            "y": 436.23,
            "type": 3840,
            "name": "basic eyebrow right"
          },
          {
            "x": 299.51,
            "y": 436.23,
            "type": 4096,
            "name": "basic eyebrow right inner corner"
          },
          {
            "x": 299.51,
            "y": 436.23,
            "type": 4352,
            "name": "basic eyebrow right outer corner"
          },
          {
            "x": 299.51,
            "y": 436.23,
            "type": 4608,
            "name": "basic chin bottom"
          },
          {
            "x": 299.51,
            "y": 436.23,
            "type": 4864,
            "name": "basic chin left"
          },
          {
            "x": 299.51,
            "y": 436.23,
            "type": 5120,
            "name": "basic chin right"
          },
          {
            "x": 261.45,
            "y": 381.7,
            "type": 5376,
            "name": "basic nose left"
          },
          {
            "x": 330.95,
            "y": 381.98,
            "type": 5632,
            "name": "basic nose right"
          }
        ],
        "user_points": null,
        "tags": [
          {
            "name": "5oclock shadow",
            "value": "yes",
            "confidence": 0.46
          },
          {
            "name": "age",
            "value": "21",
            "confidence": 0.6
          },
          {
            "name": "arched eyebrows",
            "value": "no",
            "confidence": 0.69
          },
          {
            "name": "attractive",
            "value": "yes",
            "confidence": 0.37
          },
          {
            "name": "bags under eyes",
            "value": "yes",
            "confidence": 0.18
          },
          {
            "name": "bald",
            "value": "no",
            "confidence": 1.0
          },
          {
            "name": "bangs",
            "value": "no",
            "confidence": 1.0
          },
          {
            "name": "beard",
            "value": "no",
            "confidence": 0.29
          },
          {
            "name": "big lips",
            "value": "no",
            "confidence": 0.56
          },
          {
            "name": "big nose",
            "value": "no",
            "confidence": 0.25
          },
          {
            "name": "black hair",
            "value": "no",
            "confidence": 0.08
          },
          {
            "name": "blond hair",
            "value": "no",
            "confidence": 0.98
          },
          {
            "name": "blurry",
            "value": "no",
            "confidence": 0.81
          },
          {
            "name": "brown hair",
            "value": "yes",
            "confidence": 0.2
          },
          {
            "name": "bushy eyebrows",
            "value": "yes",
            "confidence": 0.06
          },
          {
            "name": "chubby",
            "value": "no",
            "confidence": 1.0
          },
          {
            "name": "double chin",
            "value": "no",
            "confidence": 0.95
          },
          {
            "name": "expression",
            "value": "neutral",
            "confidence": 0.36
          },
          {
            "name": "gender",
            "value": "male",
            "confidence": 0.97
          },
          {
            "name": "glasses",
            "value": "no",
            "confidence": 1.0
          },
          {
            "name": "goatee",
            "value": "no",
            "confidence": 0.97
          },
          {
            "name": "gray hair",
            "value": "no",
            "confidence": 1.0
          },
          {
            "name": "heavy makeup",
            "value": "no",
            "confidence": 1.0
          },
          {
            "name": "high cheekbones",
            "value": "no",
            "confidence": 0.52
          },
          {
            "name": "mouth open",
            "value": "no",
            "confidence": 1.0
          },
          {
            "name": "mustache",
            "value": "no",
            "confidence": 0.91
          },
          {
            "name": "narrow eyes",
            "value": "no",
            "confidence": 0.29
          },
          {
            "name": "oval face",
            "value": "yes",
            "confidence": 0.01
          },
          {
            "name": "pale skin",
            "value": "no",
            "confidence": 0.38
          },
          {
            "name": "pitch",
            "value": "-8.45",
            "confidence": 1.0
          },
          {
            "name": "pointy nose",
            "value": "no",
            "confidence": 0.23
          },
          {
            "name": "race",
            "value": "white",
            "confidence": 1.0
          },
          {
            "name": "receding hairline",
            "value": "no",
            "confidence": 0.54
          },
          {
            "name": "rosy cheeks",
            "value": "no",
            "confidence": 0.98
          },
          {
            "name": "sideburns",
            "value": "no",
            "confidence": 0.87
          },
          {
            "name": "straight hair",
            "value": "yes",
            "confidence": 0.79
          },
          {
            "name": "wavy hair",
            "value": "no",
            "confidence": 1.0
          },
          {
            "name": "wearing earrings",
            "value": "no",
            "confidence": 0.81
          },
          {
            "name": "wearing hat",
            "value": "no",
            "confidence": 0.89
          },
          {
            "name": "wearing lipstick",
            "value": "no",
            "confidence": 1.0
          },
          {
            "name": "wearing necklace",
            "value": "no",
            "confidence": 1.0
          },
          {
            "name": "wearing necktie",
            "value": "yes",
            "confidence": 0.23
          },
          {
            "name": "yaw",
            "value": "14.51",
            "confidence": 1.0
          },
          {
            "name": "young",
            "value": "yes",
            "confidence": 0.74
          }
        ],
        "person_id": "",
        "appearance_id": 0,
        "start": "00:00:00",
        "duration": "00:00:00"
      }
    ],
    "tags": null,
    "original_filename": "https://raw.githubusercontent.com/sarkrui/Hairstyle60k/master/Dataset/Induction_Cut/IMG_15.jpg",
    "duration": "00:00:00"
  },
  "recognize": null
}