{
  "media": {
    "media_uuid": "286789af-cb4b-4e72-aae5-b6d3ee21229a",
    "checksum": "5b083e8a0de7c5183e1bac4ec6f475696f52667362e182494c28fe376def782b",
    "faces": [
      {
        "face_uuid": "128222c4-1535-11e9-99c4-0cc47a6c4dbd",
        "media_uuid": "286789af-cb4b-4e72-aae5-b6d3ee21229a",
        "x": 96.0,
        "y": 109.5,
        "width": 85.84,
        "height": 115.4,
        "angle": 4.4561,
        "detection_score": 1.0,
        "points": [
          {
            "x": 68.04,
            "y": 100.19,
            "type": 512,
            "name": "basic eye left"
          },
          {
            "x": 107.37,
            "y": 97.12,
            "type": 768,
            "name": "basic eye right"
          },
          {
            "x": 59.94,
            "y": 100.78,
            "type": 1024,
            "name": "basic eye left outer"
          },
          {
            "x": 116.63,
            "y": 96.42,
            "type": 1280,
            "name": "basic eye right outer"
          },
          {
            "x": 75.99,
            "y": 99.76,
            "type": 1536,
            "name": "basic eye left inner"
          },
          {
            "x": 98.16,
            "y": 98.02,
            "type": 1792,
            "name": "basic eye right inner"
          },
          {
            "x": 74.42,
            "y": 139.12,
            "type": 2048,
            "name": "basic mouth left"
          },
          {
            "x": 111.02,
            "y": 136.66,
            "type": 2304,
            "name": "basic mouth right"
          },
          {
            "x": 83.56,
            "y": 126.48,
            "type": 2560,
            "name": "basic nose tip"
          },
          {
            "x": 92.16,
            "y": 139.0,
            "type": 2816,
            "name": "basic mouth center"
          },
          {
            "x": 92.16,
            "y": 139.0,
            "type": 3072,
            "name": "basic eyebrow left"
          },
          {
            "x": 92.16,
            "y": 139.0,
            "type": 3328,
            "name": "basic eyebrow left inner corner"
          },
          {
            "x": 92.16,
            "y": 139.0,
            "type": 3584,
            "name": "basic eyebrow left outer corner"
          },
          {
            "x": 92.16,
            "y": 139.0,
            "type": 3840,
            "name": "basic eyebrow right"
          },
          {
            "x": 92.16,
            "y": 139.0,
            "type": 4096,
            "name": "basic eyebrow right inner corner"
          },
          {
            "x": 92.16,
            "y": 139.0,
            "type": 4352,
            "name": "basic eyebrow right outer corner"
          },
          {
            "x": 92.16,
            "y": 139.0,
            "type": 4608,
            "name": "basic chin bottom"
          },
          {
            "x": 92.16,
            "y": 139.0,
            "type": 4864,
            "name": "basic chin left"
          },
          {
            "x": 92.16,
            "y": 139.0,
            "type": 5120,
            "name": "basic chin right"
          },
          {
            "x": 75.65,
            "y": 125.32,
            "type": 5376,
            "name": "basic nose left"
          },
          {
            "x": 97.88,
            "y": 123.7,
            "type": 5632,
            "name": "basic nose right"
          }
        ],
        "user_points": null,
        "tags": [
          {
            "name": "5oclock shadow",
            "value": "yes",
            "confidence": 0.5
          },
          {
            "name": "age",
            "value": "34",
            "confidence": 0.6
          },
          {
            "name": "arched eyebrows",
            "value": "no",
            "confidence": 0.99
          },
          {
            "name": "attractive",
            "value": "no",
            "confidence": 0.29
          },
          {
            "name": "bags under eyes",
            "value": "yes",
            "confidence": 0.46
          },
          {
            "name": "bald",
            "value": "no",
            "confidence": 0.03
          },
          {
            "name": "bangs",
            "value": "no",
            "confidence": 0.87
          },
          {
            "name": "beard",
            "value": "yes",
            "confidence": 0.24
          },
          {
            "name": "big lips",
            "value": "no",
            "confidence": 0.76
          },
          {
            "name": "big nose",
            "value": "yes",
            "confidence": 0.19
          },
          {
            "name": "black hair",
            "value": "no",
            "confidence": 0.82
          },
          {
            "name": "blond hair",
            "value": "no",
            "confidence": 0.4
          },
          {
            "name": "blurry",
            "value": "no",
            "confidence": 0.22
          },
          {
            "name": "brown hair",
            "value": "no",
            "confidence": 0.19
          },
          {
            "name": "bushy eyebrows",
            "value": "no",
            "confidence": 0.75
          },
          {
            "name": "chubby",
            "value": "no",
            "confidence": 0.32
          },
          {
            "name": "double chin",
            "value": "no",
            "confidence": 0.0
          },
          {
            "name": "expression",
            "value": "smile",
            "confidence": 1.0
          },
          {
            "name": "gender",
            "value": "male",
            "confidence": 1.0
          },
          {
            "name": "glasses",
            "value": "no",
            "confidence": 1.0
          },
          {
            "name": "goatee",
            "value": "no",
            "confidence": 0.21
          },
          {
            "name": "gray hair",
            "value": "no",
            "confidence": 0.02
          },
          {
            "name": "heavy makeup",
            "value": "no",
            "confidence": 1.0
          },
          {
            "name": "high cheekbones",
            "value": "yes",
            "confidence": 0.79
          },
          {
            "name": "mouth open",
            "value": "yes",
            "confidence": 1.0
          },
          {
            "name": "mustache",
            "value": "no",
            "confidence": 0.25
          },
          {
            "name": "narrow eyes",
            "value": "yes",
            "confidence": 0.22
          },
          {
            "name": "oval face",
            "value": "yes",
            "confidence": 0.06
          },
          {
            "name": "pale skin",
            "value": "no",
            "confidence": 0.79
          },
          {
            "name": "pitch",
            "value": "-7.94",
            "confidence": 1.0
          },
          {
            "name": "pointy nose",
            "value": "yes",
            "confidence": 0.06
          },
          {
            "name": "race",
            "value": "white",
            "confidence": 1.0
          },
          {
            "name": "receding hairline",
            "value": "yes",
            "confidence": 0.29
          },
          {
            "name": "rosy cheeks",
            "value": "no",
            "confidence": 0.62
          },
          {
            "name": "sideburns",
            "value": "no",
            "confidence": 0.26
          },
          {
            "name": "straight hair",
            "value": "yes",
            "confidence": 0.39
          },
          {
            "name": "wavy hair",
            "value": "no",
            "confidence": 1.0
          },
          {
            "name": "wearing earrings",
            "value": "no",
            "confidence": 0.99
          },
          {
            "name": "wearing hat",
            "value": "no",
            "confidence": 1.0
          },
          {
            "name": "wearing lipstick",
            "value": "no",
            "confidence": 1.0
          },
          {
            "name": "wearing necklace",
            "value": "no",
            "confidence": 1.0
          },
          {
            "name": "wearing necktie",
            "value": "yes",
            "confidence": 0.28
          },
          {
            "name": "yaw",
            "value": "24",
            "confidence": 1.0
          },
          {
            "name": "young",
            "value": "no",
            "confidence": 0.23
          }
        ],
        "person_id": "",
        "appearance_id": 0,
        "start": "00:00:00",
        "duration": "00:00:00"
      }
    ],
    "tags": null,
    "original_filename": "https://raw.githubusercontent.com/sarkrui/Hairstyle60k/master/Dataset/Induction_Cut/IMG_3.jpg",
    "duration": "00:00:00"
  },
  "recognize": null
}