{
  "media": {
    "media_uuid": "dc4c96d4-b461-40cc-982f-5db090f0bebc",
    "checksum": "8714b11da7a0b7a0147687345c031d62ad6d2c622a98756d394618f59b560927",
    "faces": [
      {
        "face_uuid": "217c9857-1535-11e9-99c4-0cc47a6c4dbd",
        "media_uuid": "dc4c96d4-b461-40cc-982f-5db090f0bebc",
        "x": 179.0,
        "y": 241.5,
        "width": 202.84,
        "height": 282.26,
        "angle": -2.7244,
        "detection_score": 1.0,
        "points": [
          {
            "x": 114.53,
            "y": 215.02,
            "type": 512,
            "name": "basic eye left"
          },
          {
            "x": 211.73,
            "y": 219.65,
            "type": 768,
            "name": "basic eye right"
          },
          {
            "x": 94.2,
            "y": 214.03,
            "type": 1024,
            "name": "basic eye left outer"
          },
          {
            "x": 233.72,
            "y": 220.83,
            "type": 1280,
            "name": "basic eye right outer"
          },
          {
            "x": 134.47,
            "y": 217.03,
            "type": 1536,
            "name": "basic eye left inner"
          },
          {
            "x": 189.94,
            "y": 219.56,
            "type": 1792,
            "name": "basic eye right inner"
          },
          {
            "x": 121.18,
            "y": 313.5,
            "type": 2048,
            "name": "basic mouth left"
          },
          {
            "x": 203.75,
            "y": 317.61,
            "type": 2304,
            "name": "basic mouth right"
          },
          {
            "x": 151.08,
            "y": 284.18,
            "type": 2560,
            "name": "basic nose tip"
          },
          {
            "x": 161.43,
            "y": 318.04,
            "type": 2816,
            "name": "basic mouth center"
          },
          {
            "x": 161.43,
            "y": 318.04,
            "type": 3072,
            "name": "basic eyebrow left"
          },
          {
            "x": 161.43,
            "y": 318.04,
            "type": 3328,
            "name": "basic eyebrow left inner corner"
          },
          {
            "x": 161.43,
            "y": 318.04,
            "type": 3584,
            "name": "basic eyebrow left outer corner"
          },
          {
            "x": 161.43,
            "y": 318.04,
            "type": 3840,
            "name": "basic eyebrow right"
          },
          {
            "x": 161.43,
            "y": 318.04,
            "type": 4096,
            "name": "basic eyebrow right inner corner"
          },
          {
            "x": 161.43,
            "y": 318.04,
            "type": 4352,
            "name": "basic eyebrow right outer corner"
          },
          {
            "x": 161.43,
            "y": 318.04,
            "type": 4608,
            "name": "basic chin bottom"
          },
          {
            "x": 161.43,
            "y": 318.04,
            "type": 4864,
            "name": "basic chin left"
          },
          {
            "x": 161.43,
            "y": 318.04,
            "type": 5120,
            "name": "basic chin right"
          },
          {
            "x": 130.58,
            "y": 280.65,
            "type": 5376,
            "name": "basic nose left"
          },
          {
            "x": 181.88,
            "y": 283.02,
            "type": 5632,
            "name": "basic nose right"
          }
        ],
        "user_points": null,
        "tags": [
          {
            "name": "5oclock shadow",
            "value": "no",
            "confidence": 1.0
          },
          {
            "name": "age",
            "value": "41",
            "confidence": 0.6
          },
          {
            "name": "arched eyebrows",
            "value": "yes",
            "confidence": 0.21
          },
          {
            "name": "attractive",
            "value": "yes",
            "confidence": 1.0
          },
          {
            "name": "bags under eyes",
            "value": "no",
            "confidence": 0.99
          },
          {
            "name": "bald",
            "value": "no",
            "confidence": 0.64
          },
          {
            "name": "bangs",
            "value": "no",
            "confidence": 1.0
          },
          {
            "name": "beard",
            "value": "no",
            "confidence": 1.0
          },
          {
            "name": "big lips",
            "value": "no",
            "confidence": 0.15
          },
          {
            "name": "big nose",
            "value": "no",
            "confidence": 0.86
          },
          {
            "name": "black hair",
            "value": "no",
            "confidence": 1.0
          },
          {
            "name": "blond hair",
            "value": "yes",
            "confidence": 0.38
          },
          {
            "name": "blurry",
            "value": "no",
            "confidence": 1.0
          },
          {
            "name": "brown hair",
            "value": "no",
            "confidence": 0.0
          },
          {
            "name": "bushy eyebrows",
            "value": "no",
            "confidence": 0.93
          },
          {
            "name": "chubby",
            "value": "no",
            "confidence": 1.0
          },
          {
            "name": "double chin",
            "value": "no",
            "confidence": 0.88
          },
          {
            "name": "expression",
            "value": "smile",
            "confidence": 1.0
          },
          {
            "name": "gender",
            "value": "female",
            "confidence": 0.91
          },
          {
            "name": "glasses",
            "value": "no",
            "confidence": 1.0
          },
          {
            "name": "goatee",
            "value": "no",
            "confidence": 1.0
          },
          {
            "name": "gray hair",
            "value": "no",
            "confidence": 0.6
          },
          {
            "name": "heavy makeup",
            "value": "yes",
            "confidence": 0.86
          },
          {
            "name": "high cheekbones",
            "value": "yes",
            "confidence": 0.95
          },
          {
            "name": "mouth open",
            "value": "yes",
            "confidence": 0.99
          },
          {
            "name": "mustache",
            "value": "no",
            "confidence": 1.0
          },
          {
            "name": "narrow eyes",
            "value": "no",
            "confidence": 1.0
          },
          {
            "name": "oval face",
            "value": "yes",
            "confidence": 0.66
          },
          {
            "name": "pale skin",
            "value": "yes",
            "confidence": 0.06
          },
          {
            "name": "pitch",
            "value": "-7.26",
            "confidence": 1.0
          },
          {
            "name": "pointy nose",
            "value": "yes",
            "confidence": 0.68
          },
          {
            "name": "race",
            "value": "white",
            "confidence": 1.0
          },
          {
            "name": "receding hairline",
            "value": "yes",
            "confidence": 0.18
          },
          {
            "name": "rosy cheeks",
            "value": "yes",
            "confidence": 0.58
          },
          {
            "name": "sideburns",
            "value": "no",
            "confidence": 1.0
          },
          {
            "name": "straight hair",
            "value": "no",
            "confidence": 0.12
          },
          {
            "name": "wavy hair",
            "value": "no",
            "confidence": 0.19
          },
          {
            "name": "wearing earrings",
            "value": "yes",
            "confidence": 0.8
          },
          {
            "name": "wearing hat",
            "value": "no",
            "confidence": 1.0
          },
          {
            "name": "wearing lipstick",
            "value": "yes",
            "confidence": 0.95
          },
          {
            "name": "wearing necklace",
            "value": "no",
            "confidence": 0.12
          },
          {
            "name": "wearing necktie",
            "value": "no",
            "confidence": 0.79
          },
          {
            "name": "yaw",
            "value": "8.77",
            "confidence": 1.0
          },
          {
            "name": "young",
            "value": "yes",
            "confidence": 0.46
          }
        ],
        "person_id": "",
        "appearance_id": 0,
        "start": "00:00:00",
        "duration": "00:00:00"
      }
    ],
    "tags": null,
    "original_filename": "https://raw.githubusercontent.com/sarkrui/Hairstyle60k/master/Dataset/Induction_Cut/IMG_19.jpg",
    "duration": "00:00:00"
  },
  "recognize": null
}