{
  "media": {
    "media_uuid": "e69129a1-a7b1-490d-a553-0ca1edd5b224",
    "checksum": "1dad7eddfb5ff42029e91e3e5b9ba272dd8bf3865f7224b8b46e3706f5c878ad",
    "faces": [
      {
        "face_uuid": "143a4453-1535-11e9-99c4-0cc47a6c4dbd",
        "media_uuid": "e69129a1-a7b1-490d-a553-0ca1edd5b224",
        "x": 105.72,
        "y": 957.68,
        "width": 147.72,
        "height": 200.9,
        "angle": 9.5565,
        "detection_score": 1.0,
        "points": [
          {
            "x": 66.44,
            "y": 937.06,
            "type": 512,
            "name": "basic eye left"
          },
          {
            "x": 135.1,
            "y": 925.5,
            "type": 768,
            "name": "basic eye right"
          },
          {
            "x": 51.31,
            "y": 939.64,
            "type": 1024,
            "name": "basic eye left outer"
          },
          {
            "x": 150.13,
            "y": 923.0,
            "type": 1280,
            "name": "basic eye right outer"
          },
          {
            "x": 81.58,
            "y": 935.32,
            "type": 1536,
            "name": "basic eye left inner"
          },
          {
            "x": 120.35,
            "y": 928.81,
            "type": 1792,
            "name": "basic eye right inner"
          },
          {
            "x": 89.28,
            "y": 1013.71,
            "type": 2048,
            "name": "basic mouth left"
          },
          {
            "x": 140.29,
            "y": 1005.29,
            "type": 2304,
            "name": "basic mouth right"
          },
          {
            "x": 108.95,
            "y": 978.98,
            "type": 2560,
            "name": "basic nose tip"
          },
          {
            "x": 114.84,
            "y": 1010.0,
            "type": 2816,
            "name": "basic mouth center"
          },
          {
            "x": 114.84,
            "y": 1010.0,
            "type": 3072,
            "name": "basic eyebrow left"
          },
          {
            "x": 114.84,
            "y": 1010.0,
            "type": 3328,
            "name": "basic eyebrow left inner corner"
          },
          {
            "x": 114.84,
            "y": 1010.0,
            "type": 3584,
            "name": "basic eyebrow left outer corner"
          },
          {
            "x": 114.84,
            "y": 1010.0,
            "type": 3840,
            "name": "basic eyebrow right"
          },
          {
            "x": 114.84,
            "y": 1010.0,
            "type": 4096,
            "name": "basic eyebrow right inner corner"
          },
          {
            "x": 114.84,
            "y": 1010.0,
            "type": 4352,
            "name": "basic eyebrow right outer corner"
          },
          {
            "x": 114.84,
            "y": 1010.0,
            "type": 4608,
            "name": "basic chin bottom"
          },
          {
            "x": 114.84,
            "y": 1010.0,
            "type": 4864,
            "name": "basic chin left"
          },
          {
            "x": 114.84,
            "y": 1010.0,
            "type": 5120,
            "name": "basic chin right"
          },
          {
            "x": 91.51,
            "y": 981.51,
            "type": 5376,
            "name": "basic nose left"
          },
          {
            "x": 126.66,
            "y": 975.7,
            "type": 5632,
            "name": "basic nose right"
          }
        ],
        "user_points": null,
        "tags": [
          {
            "name": "5oclock shadow",
            "value": "yes",
            "confidence": 0.46
          },
          {
            "name": "age",
            "value": "41",
            "confidence": 0.6
          },
          {
            "name": "arched eyebrows",
            "value": "no",
            "confidence": 0.49
          },
          {
            "name": "attractive",
            "value": "no",
            "confidence": 0.55
          },
          {
            "name": "bags under eyes",
            "value": "yes",
            "confidence": 0.29
          },
          {
            "name": "bald",
            "value": "yes",
            "confidence": 0.81
          },
          {
            "name": "bangs",
            "value": "no",
            "confidence": 1.0
          },
          {
            "name": "beard",
            "value": "yes",
            "confidence": 1.0
          },
          {
            "name": "big lips",
            "value": "yes",
            "confidence": 0.09
          },
          {
            "name": "big nose",
            "value": "yes",
            "confidence": 0.75
          },
          {
            "name": "black hair",
            "value": "no",
            "confidence": 0.56
          },
          {
            "name": "blond hair",
            "value": "no",
            "confidence": 1.0
          },
          {
            "name": "blurry",
            "value": "no",
            "confidence": 1.0
          },
          {
            "name": "brown hair",
            "value": "no",
            "confidence": 0.78
          },
          {
            "name": "bushy eyebrows",
            "value": "yes",
            "confidence": 0.42
          },
          {
            "name": "chubby",
            "value": "yes",
            "confidence": 0.39
          },
          {
            "name": "double chin",
            "value": "yes",
            "confidence": 0.03
          },
          {
            "name": "expression",
            "value": "neutral",
            "confidence": 1.0
          },
          {
            "name": "gender",
            "value": "male",
            "confidence": 1.0
          },
          {
            "name": "glasses",
            "value": "no",
            "confidence": 1.0
          },
          {
            "name": "goatee",
            "value": "yes",
            "confidence": 1.0
          },
          {
            "name": "gray hair",
            "value": "yes",
            "confidence": 0.07
          },
          {
            "name": "heavy makeup",
            "value": "no",
            "confidence": 0.99
          },
          {
            "name": "high cheekbones",
            "value": "no",
            "confidence": 0.88
          },
          {
            "name": "mouth open",
            "value": "no",
            "confidence": 0.91
          },
          {
            "name": "mustache",
            "value": "yes",
            "confidence": 1.0
          },
          {
            "name": "narrow eyes",
            "value": "no",
            "confidence": 1.0
          },
          {
            "name": "oval face",
            "value": "yes",
            "confidence": 0.25
          },
          {
            "name": "pale skin",
            "value": "no",
            "confidence": 0.54
          },
          {
            "name": "pitch",
            "value": "-10.03",
            "confidence": 1.0
          },
          {
            "name": "pointy nose",
            "value": "no",
            "confidence": 0.35
          },
          {
            "name": "race",
            "value": "white",
            "confidence": 1.0
          },
          {
            "name": "receding hairline",
            "value": "yes",
            "confidence": 0.67
          },
          {
            "name": "rosy cheeks",
            "value": "no",
            "confidence": 0.92
          },
          {
            "name": "sideburns",
            "value": "yes",
            "confidence": 1.0
          },
          {
            "name": "straight hair",
            "value": "no",
            "confidence": 0.72
          },
          {
            "name": "wavy hair",
            "value": "no",
            "confidence": 0.99
          },
          {
            "name": "wearing earrings",
            "value": "no",
            "confidence": 0.64
          },
          {
            "name": "wearing hat",
            "value": "no",
            "confidence": 0.38
          },
          {
            "name": "wearing lipstick",
            "value": "no",
            "confidence": 0.98
          },
          {
            "name": "wearing necklace",
            "value": "no",
            "confidence": 0.92
          },
          {
            "name": "wearing necktie",
            "value": "yes",
            "confidence": 0.38
          },
          {
            "name": "yaw",
            "value": "-1.9",
            "confidence": 1.0
          },
          {
            "name": "young",
            "value": "no",
            "confidence": 0.4
          }
        ],
        "person_id": "",
        "appearance_id": 0,
        "start": "00:00:00",
        "duration": "00:00:00"
      },
      {
        "face_uuid": "1465306a-1535-11e9-99c4-0cc47a6c4dbd",
        "media_uuid": "e69129a1-a7b1-490d-a553-0ca1edd5b224",
        "x": 321.04,
        "y": 949.12,
        "width": 176.0,
        "height": 223.32,
        "angle": 4.0486,
        "detection_score": 1.0,
        "points": [
          {
            "x": 272.75,
            "y": 930.72,
            "type": 512,
            "name": "basic eye left"
          },
          {
            "x": 350.39,
            "y": 925.22,
            "type": 768,
            "name": "basic eye right"
          },
          {
            "x": 256.92,
            "y": 932.54,
            "type": 1024,
            "name": "basic eye left outer"
          },
          {
            "x": 367.3,
            "y": 924.78,
            "type": 1280,
            "name": "basic eye right outer"
          },
          {
            "x": 288.75,
            "y": 930.49,
            "type": 1536,
            "name": "basic eye left inner"
          },
          {
            "x": 333.52,
            "y": 927.32,
            "type": 1792,
            "name": "basic eye right inner"
          },
          {
            "x": 285.7,
            "y": 1019.11,
            "type": 2048,
            "name": "basic mouth left"
          },
          {
            "x": 348.84,
            "y": 1013.42,
            "type": 2304,
            "name": "basic mouth right"
          },
          {
            "x": 307.63,
            "y": 972.71,
            "type": 2560,
            "name": "basic nose tip"
          },
          {
            "x": 316.66,
            "y": 1016.28,
            "type": 2816,
            "name": "basic mouth center"
          },
          {
            "x": 316.66,
            "y": 1016.28,
            "type": 3072,
            "name": "basic eyebrow left"
          },
          {
            "x": 316.66,
            "y": 1016.28,
            "type": 3328,
            "name": "basic eyebrow left inner corner"
          },
          {
            "x": 316.66,
            "y": 1016.28,
            "type": 3584,
            "name": "basic eyebrow left outer corner"
          },
          {
            "x": 316.66,
            "y": 1016.28,
            "type": 3840,
            "name": "basic eyebrow right"
          },
          {
            "x": 316.66,
            "y": 1016.28,
            "type": 4096,
            "name": "basic eyebrow right inner corner"
          },
          {
            "x": 316.66,
            "y": 1016.28,
            "type": 4352,
            "name": "basic eyebrow right outer corner"
          },
          {
            "x": 316.66,
            "y": 1016.28,
            "type": 4608,
            "name": "basic chin bottom"
          },
          {
            "x": 316.66,
            "y": 1016.28,
            "type": 4864,
            "name": "basic chin left"
          },
          {
            "x": 316.66,
            "y": 1016.28,
            "type": 5120,
            "name": "basic chin right"
          },
          {
            "x": 291.18,
            "y": 981.4,
            "type": 5376,
            "name": "basic nose left"
          },
          {
            "x": 331.51,
            "y": 978.07,
            "type": 5632,
            "name": "basic nose right"
          }
        ],
        "user_points": null,
        "tags": [
          {
            "name": "5oclock shadow",
            "value": "yes",
            "confidence": 0.19
          },
          {
            "name": "age",
            "value": "23",
            "confidence": 0.6
          },
          {
            "name": "arched eyebrows",
            "value": "no",
            "confidence": 0.62
          },
          {
            "name": "attractive",
            "value": "no",
            "confidence": 0.5
          },
          {
            "name": "bags under eyes",
            "value": "no",
            "confidence": 0.23
          },
          {
            "name": "bald",
            "value": "no",
            "confidence": 0.11
          },
          {
            "name": "bangs",
            "value": "no",
            "confidence": 1.0
          },
          {
            "name": "beard",
            "value": "no",
            "confidence": 0.03
          },
          {
            "name": "big lips",
            "value": "no",
            "confidence": 0.09
          },
          {
            "name": "big nose",
            "value": "yes",
            "confidence": 0.01
          },
          {
            "name": "black hair",
            "value": "yes",
            "confidence": 0.1
          },
          {
            "name": "blond hair",
            "value": "no",
            "confidence": 1.0
          },
          {
            "name": "blurry",
            "value": "no",
            "confidence": 0.97
          },
          {
            "name": "brown hair",
            "value": "no",
            "confidence": 0.86
          },
          {
            "name": "bushy eyebrows",
            "value": "yes",
            "confidence": 0.69
          },
          {
            "name": "chubby",
            "value": "no",
            "confidence": 0.35
          },
          {
            "name": "double chin",
            "value": "no",
            "confidence": 0.69
          },
          {
            "name": "expression",
            "value": "neutral",
            "confidence": 1.0
          },
          {
            "name": "gender",
            "value": "male",
            "confidence": 1.0
          },
          {
            "name": "glasses",
            "value": "no",
            "confidence": 1.0
          },
          {
            "name": "goatee",
            "value": "no",
            "confidence": 0.36
          },
          {
            "name": "gray hair",
            "value": "no",
            "confidence": 0.72
          },
          {
            "name": "heavy makeup",
            "value": "no",
            "confidence": 1.0
          },
          {
            "name": "high cheekbones",
            "value": "no",
            "confidence": 0.78
          },
          {
            "name": "mouth open",
            "value": "no",
            "confidence": 0.88
          },
          {
            "name": "mustache",
            "value": "no",
            "confidence": 0.3
          },
          {
            "name": "narrow eyes",
            "value": "no",
            "confidence": 1.0
          },
          {
            "name": "oval face",
            "value": "yes",
            "confidence": 0.48
          },
          {
            "name": "pale skin",
            "value": "no",
            "confidence": 0.53
          },
          {
            "name": "pitch",
            "value": "-9.35",
            "confidence": 1.0
          },
          {
            "name": "pointy nose",
            "value": "no",
            "confidence": 0.6
          },
          {
            "name": "race",
            "value": "white",
            "confidence": 1.0
          },
          {
            "name": "receding hairline",
            "value": "yes",
            "confidence": 0.16
          },
          {
            "name": "rosy cheeks",
            "value": "no",
            "confidence": 1.0
          },
          {
            "name": "sideburns",
            "value": "no",
            "confidence": 0.57
          },
          {
            "name": "straight hair",
            "value": "no",
            "confidence": 0.05
          },
          {
            "name": "wavy hair",
            "value": "no",
            "confidence": 1.0
          },
          {
            "name": "wearing earrings",
            "value": "no",
            "confidence": 0.52
          },
          {
            "name": "wearing hat",
            "value": "no",
            "confidence": 0.16
          },
          {
            "name": "wearing lipstick",
            "value": "no",
            "confidence": 1.0
          },
          {
            "name": "wearing necklace",
            "value": "no",
            "confidence": 1.0
          },
          {
            "name": "wearing necktie",
            "value": "yes",
            "confidence": 0.05
          },
          {
            "name": "yaw",
            "value": "13.04",
            "confidence": 1.0
          },
          {
            "name": "young",
            "value": "yes",
            "confidence": 0.64
          }
        ],
        "person_id": "",
        "appearance_id": 0,
        "start": "00:00:00",
        "duration": "00:00:00"
      },
      {
        "face_uuid": "14867373-1535-11e9-99c4-0cc47a6c4dbd",
        "media_uuid": "e69129a1-a7b1-490d-a553-0ca1edd5b224",
        "x": 346.69,
        "y": 286.84,
        "width": 260.77,
        "height": 354.11,
        "angle": -1.5776,
        "detection_score": 1.0,
        "points": [
          {
            "x": 280.78,
            "y": 254.54,
            "type": 512,
            "name": "basic eye left"
          },
          {
            "x": 411.07,
            "y": 258.13,
            "type": 768,
            "name": "basic eye right"
          },
          {
            "x": 252.96,
            "y": 253.58,
            "type": 1024,
            "name": "basic eye left outer"
          },
          {
            "x": 439.19,
            "y": 258.68,
            "type": 1280,
            "name": "basic eye right outer"
          },
          {
            "x": 308.1,
            "y": 258.23,
            "type": 1536,
            "name": "basic eye left inner"
          },
          {
            "x": 383.24,
            "y": 260.3,
            "type": 1792,
            "name": "basic eye right inner"
          },
          {
            "x": 287.67,
            "y": 385.32,
            "type": 2048,
            "name": "basic mouth left"
          },
          {
            "x": 396.26,
            "y": 387.63,
            "type": 2304,
            "name": "basic mouth right"
          },
          {
            "x": 341.52,
            "y": 346.94,
            "type": 2560,
            "name": "basic nose tip"
          },
          {
            "x": 341.89,
            "y": 389.92,
            "type": 2816,
            "name": "basic mouth center"
          },
          {
            "x": 341.89,
            "y": 389.92,
            "type": 3072,
            "name": "basic eyebrow left"
          },
          {
            "x": 341.89,
            "y": 389.92,
            "type": 3328,
            "name": "basic eyebrow left inner corner"
          },
          {
            "x": 341.89,
            "y": 389.92,
            "type": 3584,
            "name": "basic eyebrow left outer corner"
          },
          {
            "x": 341.89,
            "y": 389.92,
            "type": 3840,
            "name": "basic eyebrow right"
          },
          {
            "x": 341.89,
            "y": 389.92,
            "type": 4096,
            "name": "basic eyebrow right inner corner"
          },
          {
            "x": 341.89,
            "y": 389.92,
            "type": 4352,
            "name": "basic eyebrow right outer corner"
          },
          {
            "x": 341.89,
            "y": 389.92,
            "type": 4608,
            "name": "basic chin bottom"
          },
          {
            "x": 341.89,
            "y": 389.92,
            "type": 4864,
            "name": "basic chin left"
          },
          {
            "x": 341.89,
            "y": 389.92,
            "type": 5120,
            "name": "basic chin right"
          },
          {
            "x": 309.22,
            "y": 343.16,
            "type": 5376,
            "name": "basic nose left"
          },
          {
            "x": 375.79,
            "y": 344.78,
            "type": 5632,
            "name": "basic nose right"
          }
        ],
        "user_points": null,
        "tags": [
          {
            "name": "5oclock shadow",
            "value": "yes",
            "confidence": 0.83
          },
          {
            "name": "age",
            "value": "29",
            "confidence": 0.6
          },
          {
            "name": "arched eyebrows",
            "value": "no",
            "confidence": 0.85
          },
          {
            "name": "attractive",
            "value": "yes",
            "confidence": 0.01
          },
          {
            "name": "bags under eyes",
            "value": "yes",
            "confidence": 0.17
          },
          {
            "name": "bald",
            "value": "yes",
            "confidence": 0.08
          },
          {
            "name": "bangs",
            "value": "no",
            "confidence": 0.91
          },
          {
            "name": "beard",
            "value": "yes",
            "confidence": 0.86
          },
          {
            "name": "big lips",
            "value": "no",
            "confidence": 0.46
          },
          {
            "name": "big nose",
            "value": "yes",
            "confidence": 0.24
          },
          {
            "name": "black hair",
            "value": "no",
            "confidence": 0.86
          },
          {
            "name": "blond hair",
            "value": "no",
            "confidence": 0.69
          },
          {
            "name": "blurry",
            "value": "no",
            "confidence": 1.0
          },
          {
            "name": "brown hair",
            "value": "no",
            "confidence": 0.24
          },
          {
            "name": "bushy eyebrows",
            "value": "no",
            "confidence": 0.52
          },
          {
            "name": "chubby",
            "value": "no",
            "confidence": 0.44
          },
          {
            "name": "double chin",
            "value": "no",
            "confidence": 0.54
          },
          {
            "name": "expression",
            "value": "neutral",
            "confidence": 0.66
          },
          {
            "name": "gender",
            "value": "male",
            "confidence": 0.99
          },
          {
            "name": "glasses",
            "value": "no",
            "confidence": 1.0
          },
          {
            "name": "goatee",
            "value": "yes",
            "confidence": 0.44
          },
          {
            "name": "gray hair",
            "value": "no",
            "confidence": 0.25
          },
          {
            "name": "heavy makeup",
            "value": "no",
            "confidence": 0.97
          },
          {
            "name": "high cheekbones",
            "value": "no",
            "confidence": 0.85
          },
          {
            "name": "mouth open",
            "value": "no",
            "confidence": 1.0
          },
          {
            "name": "mustache",
            "value": "yes",
            "confidence": 0.31
          },
          {
            "name": "narrow eyes",
            "value": "no",
            "confidence": 1.0
          },
          {
            "name": "oval face",
            "value": "yes",
            "confidence": 0.18
          },
          {
            "name": "pale skin",
            "value": "no",
            "confidence": 0.24
          },
          {
            "name": "pitch",
            "value": "-8.24",
            "confidence": 1.0
          },
          {
            "name": "pointy nose",
            "value": "yes",
            "confidence": 0.02
          },
          {
            "name": "race",
            "value": "white",
            "confidence": 1.0
          },
          {
            "name": "receding hairline",
            "value": "yes",
            "confidence": 0.33
          },
          {
            "name": "rosy cheeks",
            "value": "no",
            "confidence": 0.9
          },
          {
            "name": "sideburns",
            "value": "yes",
            "confidence": 0.45
          },
          {
            "name": "straight hair",
            "value": "yes",
            "confidence": 0.04
          },
          {
            "name": "wavy hair",
            "value": "no",
            "confidence": 1.0
          },
          {
            "name": "wearing earrings",
            "value": "no",
            "confidence": 0.82
          },
          {
            "name": "wearing hat",
            "value": "no",
            "confidence": 0.71
          },
          {
            "name": "wearing lipstick",
            "value": "no",
            "confidence": 0.94
          },
          {
            "name": "wearing necklace",
            "value": "no",
            "confidence": 1.0
          },
          {
            "name": "wearing necktie",
            "value": "yes",
            "confidence": 0.28
          },
          {
            "name": "yaw",
            "value": "4.93",
            "confidence": 1.0
          },
          {
            "name": "young",
            "value": "yes",
            "confidence": 0.09
          }
        ],
        "person_id": "",
        "appearance_id": 0,
        "start": "00:00:00",
        "duration": "00:00:00"
      },
      {
        "face_uuid": "14add511-1535-11e9-99c4-0cc47a6c4dbd",
        "media_uuid": "e69129a1-a7b1-490d-a553-0ca1edd5b224",
        "x": 557.35,
        "y": 954.57,
        "width": 137.95,
        "height": 195.79,
        "angle": 3.8721,
        "detection_score": 1.0,
        "points": [
          {
            "x": 517.0,
            "y": 938.76,
            "type": 512,
            "name": "basic eye left"
          },
          {
            "x": 586.76,
            "y": 934.04,
            "type": 768,
            "name": "basic eye right"
          },
          {
            "x": 502.39,
            "y": 939.65,
            "type": 1024,
            "name": "basic eye left outer"
          },
          {
            "x": 602.23,
            "y": 932.93,
            "type": 1280,
            "name": "basic eye right outer"
          },
          {
            "x": 531.52,
            "y": 939.47,
            "type": 1536,
            "name": "basic eye left inner"
          },
          {
            "x": 571.47,
            "y": 936.73,
            "type": 1792,
            "name": "basic eye right inner"
          },
          {
            "x": 529.25,
            "y": 1014.39,
            "type": 2048,
            "name": "basic mouth left"
          },
          {
            "x": 582.51,
            "y": 1011.94,
            "type": 2304,
            "name": "basic mouth right"
          },
          {
            "x": 549.62,
            "y": 986.53,
            "type": 2560,
            "name": "basic nose tip"
          },
          {
            "x": 555.53,
            "y": 1014.42,
            "type": 2816,
            "name": "basic mouth center"
          },
          {
            "x": 555.53,
            "y": 1014.42,
            "type": 3072,
            "name": "basic eyebrow left"
          },
          {
            "x": 555.53,
            "y": 1014.42,
            "type": 3328,
            "name": "basic eyebrow left inner corner"
          },
          {
            "x": 555.53,
            "y": 1014.42,
            "type": 3584,
            "name": "basic eyebrow left outer corner"
          },
          {
            "x": 555.53,
            "y": 1014.42,
            "type": 3840,
            "name": "basic eyebrow right"
          },
          {
            "x": 555.53,
            "y": 1014.42,
            "type": 4096,
            "name": "basic eyebrow right inner corner"
          },
          {
            "x": 555.53,
            "y": 1014.42,
            "type": 4352,
            "name": "basic eyebrow right outer corner"
          },
          {
            "x": 555.53,
            "y": 1014.42,
            "type": 4608,
            "name": "basic chin bottom"
          },
          {
            "x": 555.53,
            "y": 1014.42,
            "type": 4864,
            "name": "basic chin left"
          },
          {
            "x": 555.53,
            "y": 1014.42,
            "type": 5120,
            "name": "basic chin right"
          },
          {
            "x": 534.84,
            "y": 987.78,
            "type": 5376,
            "name": "basic nose left"
          },
          {
            "x": 569.51,
            "y": 985.88,
            "type": 5632,
            "name": "basic nose right"
          }
        ],
        "user_points": null,
        "tags": [
          {
            "name": "5oclock shadow",
            "value": "no",
            "confidence": 0.18
          },
          {
            "name": "age",
            "value": "16",
            "confidence": 0.6
          },
          {
            "name": "arched eyebrows",
            "value": "no",
            "confidence": 0.9
          },
          {
            "name": "attractive",
            "value": "no",
            "confidence": 0.11
          },
          {
            "name": "bags under eyes",
            "value": "no",
            "confidence": 0.0
          },
          {
            "name": "bald",
            "value": "yes",
            "confidence": 0.08
          },
          {
            "name": "bangs",
            "value": "no",
            "confidence": 0.76
          },
          {
            "name": "beard",
            "value": "no",
            "confidence": 0.53
          },
          {
            "name": "big lips",
            "value": "no",
            "confidence": 0.44
          },
          {
            "name": "big nose",
            "value": "no",
            "confidence": 0.01
          },
          {
            "name": "black hair",
            "value": "no",
            "confidence": 0.64
          },
          {
            "name": "blond hair",
            "value": "no",
            "confidence": 0.53
          },
          {
            "name": "blurry",
            "value": "no",
            "confidence": 1.0
          },
          {
            "name": "brown hair",
            "value": "no",
            "confidence": 0.75
          },
          {
            "name": "bushy eyebrows",
            "value": "no",
            "confidence": 0.43
          },
          {
            "name": "chubby",
            "value": "no",
            "confidence": 0.6
          },
          {
            "name": "double chin",
            "value": "no",
            "confidence": 0.68
          },
          {
            "name": "expression",
            "value": "neutral",
            "confidence": 0.95
          },
          {
            "name": "gender",
            "value": "male",
            "confidence": 0.85
          },
          {
            "name": "glasses",
            "value": "no",
            "confidence": 1.0
          },
          {
            "name": "goatee",
            "value": "no",
            "confidence": 1.0
          },
          {
            "name": "gray hair",
            "value": "no",
            "confidence": 0.14
          },
          {
            "name": "heavy makeup",
            "value": "no",
            "confidence": 1.0
          },
          {
            "name": "high cheekbones",
            "value": "no",
            "confidence": 0.98
          },
          {
            "name": "mouth open",
            "value": "no",
            "confidence": 0.93
          },
          {
            "name": "mustache",
            "value": "no",
            "confidence": 0.84
          },
          {
            "name": "narrow eyes",
            "value": "no",
            "confidence": 1.0
          },
          {
            "name": "oval face",
            "value": "yes",
            "confidence": 0.26
          },
          {
            "name": "pale skin",
            "value": "yes",
            "confidence": 0.35
          },
          {
            "name": "pitch",
            "value": "-8.62",
            "confidence": 1.0
          },
          {
            "name": "pointy nose",
            "value": "no",
            "confidence": 0.28
          },
          {
            "name": "race",
            "value": "white",
            "confidence": 1.0
          },
          {
            "name": "receding hairline",
            "value": "yes",
            "confidence": 0.34
          },
          {
            "name": "rosy cheeks",
            "value": "no",
            "confidence": 1.0
          },
          {
            "name": "sideburns",
            "value": "no",
            "confidence": 1.0
          },
          {
            "name": "straight hair",
            "value": "yes",
            "confidence": 0.22
          },
          {
            "name": "wavy hair",
            "value": "no",
            "confidence": 1.0
          },
          {
            "name": "wearing earrings",
            "value": "no",
            "confidence": 0.86
          },
          {
            "name": "wearing hat",
            "value": "no",
            "confidence": 0.54
          },
          {
            "name": "wearing lipstick",
            "value": "no",
            "confidence": 1.0
          },
          {
            "name": "wearing necklace",
            "value": "no",
            "confidence": 1.0
          },
          {
            "name": "wearing necktie",
            "value": "yes",
            "confidence": 0.31
          },
          {
            "name": "yaw",
            "value": "12.44",
            "confidence": 1.0
          },
          {
            "name": "young",
            "value": "yes",
            "confidence": 0.31
          }
        ],
        "person_id": "",
        "appearance_id": 0,
        "start": "00:00:00",
        "duration": "00:00:00"
      }
    ],
    "tags": null,
    "original_filename": "https://raw.githubusercontent.com/sarkrui/Hairstyle60k/master/Dataset/Induction_Cut/IMG_5.jpg",
    "duration": "00:00:00"
  },
  "recognize": null
}