{
  "media": {
    "media_uuid": "821d275d-92d6-46f4-a212-a788606a2915",
    "checksum": "0c0c7b0c5e009977e20a2b518d5149062e717490ea4f55fd02699bfa9001dcd3",
    "faces": [
      {
        "face_uuid": "24cf8b24-1535-11e9-99c4-0cc47a6c4dbd",
        "media_uuid": "821d275d-92d6-46f4-a212-a788606a2915",
        "x": 302.0,
        "y": 216.0,
        "width": 230.94,
        "height": 314.92,
        "angle": -18.4888,
        "detection_score": 1.0,
        "points": [
          {
            "x": 244.92,
            "y": 173.77,
            "type": 512,
            "name": "basic eye left"
          },
          {
            "x": 352.99,
            "y": 209.91,
            "type": 768,
            "name": "basic eye right"
          },
          {
            "x": 222.7,
            "y": 167.11,
            "type": 1024,
            "name": "basic eye left outer"
          },
          {
            "x": 376.89,
            "y": 218.86,
            "type": 1280,
            "name": "basic eye right outer"
          },
          {
            "x": 266.58,
            "y": 181.43,
            "type": 1536,
            "name": "basic eye left inner"
          },
          {
            "x": 328.78,
            "y": 202.08,
            "type": 1792,
            "name": "basic eye right inner"
          },
          {
            "x": 213.88,
            "y": 275.09,
            "type": 2048,
            "name": "basic mouth left"
          },
          {
            "x": 313.58,
            "y": 309.96,
            "type": 2304,
            "name": "basic mouth right"
          },
          {
            "x": 266.06,
            "y": 248.74,
            "type": 2560,
            "name": "basic nose tip"
          },
          {
            "x": 261.87,
            "y": 294.75,
            "type": 2816,
            "name": "basic mouth center"
          },
          {
            "x": 261.87,
            "y": 294.75,
            "type": 3072,
            "name": "basic eyebrow left"
          },
          {
            "x": 261.87,
            "y": 294.75,
            "type": 3328,
            "name": "basic eyebrow left inner corner"
          },
          {
            "x": 261.87,
            "y": 294.75,
            "type": 3584,
            "name": "basic eyebrow left outer corner"
          },
          {
            "x": 261.87,
            "y": 294.75,
            "type": 3840,
            "name": "basic eyebrow right"
          },
          {
            "x": 261.87,
            "y": 294.75,
            "type": 4096,
            "name": "basic eyebrow right inner corner"
          },
          {
            "x": 261.87,
            "y": 294.75,
            "type": 4352,
            "name": "basic eyebrow right outer corner"
          },
          {
            "x": 261.87,
            "y": 294.75,
            "type": 4608,
            "name": "basic chin bottom"
          },
          {
            "x": 261.87,
            "y": 294.75,
            "type": 4864,
            "name": "basic chin left"
          },
          {
            "x": 261.87,
            "y": 294.75,
            "type": 5120,
            "name": "basic chin right"
          },
          {
            "x": 242.4,
            "y": 241.26,
            "type": 5376,
            "name": "basic nose left"
          },
          {
            "x": 300.3,
            "y": 261.25,
            "type": 5632,
            "name": "basic nose right"
          }
        ],
        "user_points": null,
        "tags": [
          {
            "name": "5oclock shadow",
            "value": "yes",
            "confidence": 0.46
          },
          {
            "name": "age",
            "value": "47",
            "confidence": 0.6
          },
          {
            "name": "arched eyebrows",
            "value": "no",
            "confidence": 0.23
          },
          {
            "name": "attractive",
            "value": "yes",
            "confidence": 0.36
          },
          {
            "name": "bags under eyes",
            "value": "yes",
            "confidence": 0.78
          },
          {
            "name": "bald",
            "value": "no",
            "confidence": 0.91
          },
          {
            "name": "bangs",
            "value": "no",
            "confidence": 0.86
          },
          {
            "name": "beard",
            "value": "no",
            "confidence": 0.39
          },
          {
            "name": "big lips",
            "value": "no",
            "confidence": 0.21
          },
          {
            "name": "big nose",
            "value": "yes",
            "confidence": 0.56
          },
          {
            "name": "black hair",
            "value": "no",
            "confidence": 0.74
          },
          {
            "name": "blond hair",
            "value": "no",
            "confidence": 0.21
          },
          {
            "name": "blurry",
            "value": "no",
            "confidence": 1.0
          },
          {
            "name": "brown hair",
            "value": "no",
            "confidence": 0.1
          },
          {
            "name": "bushy eyebrows",
            "value": "yes",
            "confidence": 1.0
          },
          {
            "name": "chubby",
            "value": "no",
            "confidence": 0.8
          },
          {
            "name": "double chin",
            "value": "no",
            "confidence": 0.36
          },
          {
            "name": "expression",
            "value": "smile",
            "confidence": 1.0
          },
          {
            "name": "gender",
            "value": "male",
            "confidence": 1.0
          },
          {
            "name": "glasses",
            "value": "no",
            "confidence": 1.0
          },
          {
            "name": "goatee",
            "value": "no",
            "confidence": 0.89
          },
          {
            "name": "gray hair",
            "value": "no",
            "confidence": 0.54
          },
          {
            "name": "heavy makeup",
            "value": "no",
            "confidence": 1.0
          },
          {
            "name": "high cheekbones",
            "value": "yes",
            "confidence": 0.7
          },
          {
            "name": "mouth open",
            "value": "yes",
            "confidence": 0.97
          },
          {
            "name": "mustache",
            "value": "no",
            "confidence": 0.75
          },
          {
            "name": "narrow eyes",
            "value": "yes",
            "confidence": 0.46
          },
          {
            "name": "oval face",
            "value": "no",
            "confidence": 0.01
          },
          {
            "name": "pale skin",
            "value": "no",
            "confidence": 0.17
          },
          {
            "name": "pitch",
            "value": "-8.74",
            "confidence": 1.0
          },
          {
            "name": "pointy nose",
            "value": "no",
            "confidence": 0.06
          },
          {
            "name": "race",
            "value": "white",
            "confidence": 1.0
          },
          {
            "name": "receding hairline",
            "value": "no",
            "confidence": 0.56
          },
          {
            "name": "rosy cheeks",
            "value": "no",
            "confidence": 0.69
          },
          {
            "name": "sideburns",
            "value": "no",
            "confidence": 0.87
          },
          {
            "name": "straight hair",
            "value": "yes",
            "confidence": 0.19
          },
          {
            "name": "wavy hair",
            "value": "no",
            "confidence": 0.47
          },
          {
            "name": "wearing earrings",
            "value": "no",
            "confidence": 0.74
          },
          {
            "name": "wearing hat",
            "value": "no",
            "confidence": 0.71
          },
          {
            "name": "wearing lipstick",
            "value": "no",
            "confidence": 0.99
          },
          {
            "name": "wearing necklace",
            "value": "no",
            "confidence": 0.91
          },
          {
            "name": "wearing necktie",
            "value": "yes",
            "confidence": 0.26
          },
          {
            "name": "yaw",
            "value": "15.29",
            "confidence": 1.0
          },
          {
            "name": "young",
            "value": "yes",
            "confidence": 0.58
          }
        ],
        "person_id": "",
        "appearance_id": 0,
        "start": "00:00:00",
        "duration": "00:00:00"
      }
    ],
    "tags": null,
    "original_filename": "https://raw.githubusercontent.com/sarkrui/Hairstyle60k/master/Dataset/Induction_Cut/IMG_22.jpg",
    "duration": "00:00:00"
  },
  "recognize": null
}