{
  "media": {
    "media_uuid": "cdb6188d-24da-44c8-bbd6-c2284a3480a7",
    "checksum": "09a1c685771f9aef07b9d4304717cccc0a58090f8fa017c435c94a90fc06e5a5",
    "faces": [
      {
        "face_uuid": "1d3b79b0-1535-11e9-99c4-0cc47a6c4dbd",
        "media_uuid": "cdb6188d-24da-44c8-bbd6-c2284a3480a7",
        "x": 243.62,
        "y": 283.95,
        "width": 186.12,
        "height": 231.87,
        "angle": 0.553,
        "detection_score": 1.0,
        "points": [
          {
            "x": 197.42,
            "y": 259.99,
            "type": 512,
            "name": "basic eye left"
          },
          {
            "x": 287.71,
            "y": 259.12,
            "type": 768,
            "name": "basic eye right"
          },
          {
            "x": 177.45,
            "y": 259.45,
            "type": 1024,
            "name": "basic eye left outer"
          },
          {
            "x": 307.49,
            "y": 258.2,
            "type": 1280,
            "name": "basic eye right outer"
          },
          {
            "x": 217.19,
            "y": 262.45,
            "type": 1536,
            "name": "basic eye left inner"
          },
          {
            "x": 268.14,
            "y": 261.92,
            "type": 1792,
            "name": "basic eye right inner"
          },
          {
            "x": 208.12,
            "y": 365.16,
            "type": 2048,
            "name": "basic mouth left"
          },
          {
            "x": 276.15,
            "y": 364.66,
            "type": 2304,
            "name": "basic mouth right"
          },
          {
            "x": 242.98,
            "y": 335.6,
            "type": 2560,
            "name": "basic nose tip"
          },
          {
            "x": 242.18,
            "y": 366.9,
            "type": 2816,
            "name": "basic mouth center"
          },
          {
            "x": 242.18,
            "y": 366.9,
            "type": 3072,
            "name": "basic eyebrow left"
          },
          {
            "x": 242.18,
            "y": 366.9,
            "type": 3328,
            "name": "basic eyebrow left inner corner"
          },
          {
            "x": 242.18,
            "y": 366.9,
            "type": 3584,
            "name": "basic eyebrow left outer corner"
          },
          {
            "x": 242.18,
            "y": 366.9,
            "type": 3840,
            "name": "basic eyebrow right"
          },
          {
            "x": 242.18,
            "y": 366.9,
            "type": 4096,
            "name": "basic eyebrow right inner corner"
          },
          {
            "x": 242.18,
            "y": 366.9,
            "type": 4352,
            "name": "basic eyebrow right outer corner"
          },
          {
            "x": 242.18,
            "y": 366.9,
            "type": 4608,
            "name": "basic chin bottom"
          },
          {
            "x": 242.18,
            "y": 366.9,
            "type": 4864,
            "name": "basic chin left"
          },
          {
            "x": 242.18,
            "y": 366.9,
            "type": 5120,
            "name": "basic chin right"
          },
          {
            "x": 219.92,
            "y": 330.22,
            "type": 5376,
            "name": "basic nose left"
          },
          {
            "x": 265.88,
            "y": 329.77,
            "type": 5632,
            "name": "basic nose right"
          }
        ],
        "user_points": null,
        "tags": [
          {
            "name": "5oclock shadow",
            "value": "no",
            "confidence": 0.13
          },
          {
            "name": "age",
            "value": "23",
            "confidence": 0.6
          },
          {
            "name": "arched eyebrows",
            "value": "no",
            "confidence": 0.94
          },
          {
            "name": "attractive",
            "value": "no",
            "confidence": 0.94
          },
          {
            "name": "bags under eyes",
            "value": "no",
            "confidence": 0.4
          },
          {
            "name": "bald",
            "value": "no",
            "confidence": 0.59
          },
          {
            "name": "bangs",
            "value": "yes",
            "confidence": 0.03
          },
          {
            "name": "beard",
            "value": "yes",
            "confidence": 0.27
          },
          {
            "name": "big lips",
            "value": "no",
            "confidence": 0.24
          },
          {
            "name": "big nose",
            "value": "yes",
            "confidence": 0.16
          },
          {
            "name": "black hair",
            "value": "yes",
            "confidence": 0.58
          },
          {
            "name": "blond hair",
            "value": "no",
            "confidence": 1.0
          },
          {
            "name": "blurry",
            "value": "yes",
            "confidence": 0.38
          },
          {
            "name": "brown hair",
            "value": "no",
            "confidence": 1.0
          },
          {
            "name": "bushy eyebrows",
            "value": "no",
            "confidence": 0.38
          },
          {
            "name": "chubby",
            "value": "no",
            "confidence": 0.33
          },
          {
            "name": "double chin",
            "value": "no",
            "confidence": 0.61
          },
          {
            "name": "expression",
            "value": "neutral",
            "confidence": 0.93
          },
          {
            "name": "gender",
            "value": "male",
            "confidence": 0.75
          },
          {
            "name": "glasses",
            "value": "no",
            "confidence": 1.0
          },
          {
            "name": "goatee",
            "value": "yes",
            "confidence": 0.01
          },
          {
            "name": "gray hair",
            "value": "no",
            "confidence": 0.74
          },
          {
            "name": "heavy makeup",
            "value": "no",
            "confidence": 1.0
          },
          {
            "name": "high cheekbones",
            "value": "no",
            "confidence": 0.79
          },
          {
            "name": "mouth open",
            "value": "no",
            "confidence": 0.75
          },
          {
            "name": "mustache",
            "value": "yes",
            "confidence": 0.08
          },
          {
            "name": "narrow eyes",
            "value": "no",
            "confidence": 0.22
          },
          {
            "name": "oval face",
            "value": "no",
            "confidence": 0.6
          },
          {
            "name": "pale skin",
            "value": "no",
            "confidence": 0.03
          },
          {
            "name": "pitch",
            "value": "-8.2",
            "confidence": 1.0
          },
          {
            "name": "pointy nose",
            "value": "no",
            "confidence": 0.42
          },
          {
            "name": "race",
            "value": "white",
            "confidence": 1.0
          },
          {
            "name": "receding hairline",
            "value": "no",
            "confidence": 0.58
          },
          {
            "name": "rosy cheeks",
            "value": "no",
            "confidence": 1.0
          },
          {
            "name": "sideburns",
            "value": "no",
            "confidence": 0.13
          },
          {
            "name": "straight hair",
            "value": "no",
            "confidence": 0.42
          },
          {
            "name": "wavy hair",
            "value": "no",
            "confidence": 0.29
          },
          {
            "name": "wearing earrings",
            "value": "no",
            "confidence": 0.91
          },
          {
            "name": "wearing hat",
            "value": "no",
            "confidence": 0.16
          },
          {
            "name": "wearing lipstick",
            "value": "no",
            "confidence": 0.92
          },
          {
            "name": "wearing necklace",
            "value": "no",
            "confidence": 0.67
          },
          {
            "name": "wearing necktie",
            "value": "no",
            "confidence": 0.64
          },
          {
            "name": "yaw",
            "value": "5.55",
            "confidence": 1.0
          },
          {
            "name": "young",
            "value": "no",
            "confidence": 0.04
          }
        ],
        "person_id": "",
        "appearance_id": 0,
        "start": "00:00:00",
        "duration": "00:00:00"
      }
    ],
    "tags": null,
    "original_filename": "https://raw.githubusercontent.com/sarkrui/Hairstyle60k/master/Dataset/Induction_Cut/IMG_14.jpg",
    "duration": "00:00:00"
  },
  "recognize": null
}