{
  "media": {
    "media_uuid": "0c765c38-1a7a-4eed-b5db-7689e7bc3f40",
    "checksum": "d826c59aae59278f3b56f52e17013a5c833818a6439d143db3251f6bb30b5e97",
    "faces": [
      {
        "face_uuid": "11bdaa83-1535-11e9-99c4-0cc47a6c4dbd",
        "media_uuid": "0c765c38-1a7a-4eed-b5db-7689e7bc3f40",
        "x": 484.15,
        "y": 273.13,
        "width": 162.8,
        "height": 212.3,
        "angle": -0.1526,
        "detection_score": 0.94,
        "points": [
          {
            "x": 453.2,
            "y": 252.72,
            "type": 512,
            "name": "basic eye left"
          },
          {
            "x": 528.89,
            "y": 252.92,
            "type": 768,
            "name": "basic eye right"
          },
          {
            "x": 437.11,
            "y": 253.25,
            "type": 1024,
            "name": "basic eye left outer"
          },
          {
            "x": 544.62,
            "y": 253.61,
            "type": 1280,
            "name": "basic eye right outer"
          },
          {
            "x": 469.04,
            "y": 253.41,
            "type": 1536,
            "name": "basic eye left inner"
          },
          {
            "x": 513.38,
            "y": 253.47,
            "type": 1792,
            "name": "basic eye right inner"
          },
          {
            "x": 459.92,
            "y": 328.44,
            "type": 2048,
            "name": "basic mouth left"
          },
          {
            "x": 512.41,
            "y": 332.22,
            "type": 2304,
            "name": "basic mouth right"
          },
          {
            "x": 494.06,
            "y": 293.57,
            "type": 2560,
            "name": "basic nose tip"
          },
          {
            "x": 486.77,
            "y": 330.17,
            "type": 2816,
            "name": "basic mouth center"
          },
          {
            "x": 486.77,
            "y": 330.17,
            "type": 3072,
            "name": "basic eyebrow left"
          },
          {
            "x": 486.77,
            "y": 330.17,
            "type": 3328,
            "name": "basic eyebrow left inner corner"
          },
          {
            "x": 486.77,
            "y": 330.17,
            "type": 3584,
            "name": "basic eyebrow left outer corner"
          },
          {
            "x": 486.77,
            "y": 330.17,
            "type": 3840,
            "name": "basic eyebrow right"
          },
          {
            "x": 486.77,
            "y": 330.17,
            "type": 4096,
            "name": "basic eyebrow right inner corner"
          },
          {
            "x": 486.77,
            "y": 330.17,
            "type": 4352,
            "name": "basic eyebrow right outer corner"
          },
          {
            "x": 486.77,
            "y": 330.17,
            "type": 4608,
            "name": "basic chin bottom"
          },
          {
            "x": 486.77,
            "y": 330.17,
            "type": 4864,
            "name": "basic chin left"
          },
          {
            "x": 486.77,
            "y": 330.17,
            "type": 5120,
            "name": "basic chin right"
          },
          {
            "x": 473.28,
            "y": 298.62,
            "type": 5376,
            "name": "basic nose left"
          },
          {
            "x": 510.78,
            "y": 300.37,
            "type": 5632,
            "name": "basic nose right"
          }
        ],
        "user_points": null,
        "tags": [
          {
            "name": "5oclock shadow",
            "value": "no",
            "confidence": 0.27
          },
          {
            "name": "age",
            "value": "45",
            "confidence": 0.6
          },
          {
            "name": "arched eyebrows",
            "value": "no",
            "confidence": 1.0
          },
          {
            "name": "attractive",
            "value": "no",
            "confidence": 0.83
          },
          {
            "name": "bags under eyes",
            "value": "no",
            "confidence": 0.41
          },
          {
            "name": "bald",
            "value": "no",
            "confidence": 0.7
          },
          {
            "name": "bangs",
            "value": "no",
            "confidence": 0.29
          },
          {
            "name": "beard",
            "value": "no",
            "confidence": 0.42
          },
          {
            "name": "big lips",
            "value": "no",
            "confidence": 0.78
          },
          {
            "name": "big nose",
            "value": "no",
            "confidence": 0.63
          },
          {
            "name": "black hair",
            "value": "no",
            "confidence": 1.0
          },
          {
            "name": "blond hair",
            "value": "yes",
            "confidence": 0.15
          },
          {
            "name": "blurry",
            "value": "yes",
            "confidence": 0.27
          },
          {
            "name": "brown hair",
            "value": "no",
            "confidence": 0.44
          },
          {
            "name": "bushy eyebrows",
            "value": "no",
            "confidence": 0.8
          },
          {
            "name": "chubby",
            "value": "no",
            "confidence": 0.74
          },
          {
            "name": "double chin",
            "value": "no",
            "confidence": 0.93
          },
          {
            "name": "expression",
            "value": "neutral",
            "confidence": 0.99
          },
          {
            "name": "gender",
            "value": "male",
            "confidence": 0.7
          },
          {
            "name": "glasses",
            "value": "no",
            "confidence": 0.95
          },
          {
            "name": "goatee",
            "value": "no",
            "confidence": 0.75
          },
          {
            "name": "gray hair",
            "value": "no",
            "confidence": 0.16
          },
          {
            "name": "heavy makeup",
            "value": "no",
            "confidence": 0.91
          },
          {
            "name": "high cheekbones",
            "value": "no",
            "confidence": 0.85
          },
          {
            "name": "mouth open",
            "value": "no",
            "confidence": 0.35
          },
          {
            "name": "mustache",
            "value": "no",
            "confidence": 0.69
          },
          {
            "name": "narrow eyes",
            "value": "yes",
            "confidence": 0.41
          },
          {
            "name": "oval face",
            "value": "no",
            "confidence": 0.49
          },
          {
            "name": "pale skin",
            "value": "no",
            "confidence": 0.11
          },
          {
            "name": "pitch",
            "value": "-6.67",
            "confidence": 1.0
          },
          {
            "name": "pointy nose",
            "value": "no",
            "confidence": 0.34
          },
          {
            "name": "race",
            "value": "asian",
            "confidence": 1.0
          },
          {
            "name": "receding hairline",
            "value": "no",
            "confidence": 0.47
          },
          {
            "name": "rosy cheeks",
            "value": "no",
            "confidence": 1.0
          },
          {
            "name": "sideburns",
            "value": "no",
            "confidence": 0.76
          },
          {
            "name": "straight hair",
            "value": "yes",
            "confidence": 0.33
          },
          {
            "name": "wavy hair",
            "value": "no",
            "confidence": 0.88
          },
          {
            "name": "wearing earrings",
            "value": "no",
            "confidence": 0.68
          },
          {
            "name": "wearing hat",
            "value": "no",
            "confidence": 0.48
          },
          {
            "name": "wearing lipstick",
            "value": "no",
            "confidence": 0.95
          },
          {
            "name": "wearing necklace",
            "value": "no",
            "confidence": 0.82
          },
          {
            "name": "wearing necktie",
            "value": "no",
            "confidence": 0.39
          },
          {
            "name": "yaw",
            "value": "-23.35",
            "confidence": 1.0
          },
          {
            "name": "young",
            "value": "yes",
            "confidence": 0.12
          }
        ],
        "person_id": "",
        "appearance_id": 0,
        "start": "00:00:00",
        "duration": "00:00:00"
      }
    ],
    "tags": null,
    "original_filename": "https://raw.githubusercontent.com/sarkrui/Hairstyle60k/master/Dataset/Induction_Cut/IMG_2.jpg",
    "duration": "00:00:00"
  },
  "recognize": null
}