{
  "media": {
    "media_uuid": "b49eb282-6340-4577-ac5d-7848db0a3d68",
    "checksum": "f101c96c50c1fd58d4e092c8ed996b480b5b216b5d91829cb16b5db5a6164850",
    "faces": [
      {
        "face_uuid": "1b7c3c7e-1535-11e9-99c4-0cc47a6c4dbd",
        "media_uuid": "b49eb282-6340-4577-ac5d-7848db0a3d68",
        "x": 212.5,
        "y": 220.0,
        "width": 208.85,
        "height": 289.91,
        "angle": -10.6069,
        "detection_score": 1.0,
        "points": [
          {
            "x": 182.16,
            "y": 185.42,
            "type": 512,
            "name": "basic eye left"
          },
          {
            "x": 275.27,
            "y": 202.86,
            "type": 768,
            "name": "basic eye right"
          },
          {
            "x": 160.93,
            "y": 181.92,
            "type": 1024,
            "name": "basic eye left outer"
          },
          {
            "x": 294.84,
            "y": 206.9,
            "type": 1280,
            "name": "basic eye right outer"
          },
          {
            "x": 203.04,
            "y": 189.62,
            "type": 1536,
            "name": "basic eye left inner"
          },
          {
            "x": 255.87,
            "y": 199.62,
            "type": 1792,
            "name": "basic eye right inner"
          },
          {
            "x": 173.27,
            "y": 293.97,
            "type": 2048,
            "name": "basic mouth left"
          },
          {
            "x": 248.83,
            "y": 307.37,
            "type": 2304,
            "name": "basic mouth right"
          },
          {
            "x": 225.56,
            "y": 254.42,
            "type": 2560,
            "name": "basic nose tip"
          },
          {
            "x": 211.84,
            "y": 301.17,
            "type": 2816,
            "name": "basic mouth center"
          },
          {
            "x": 211.84,
            "y": 301.17,
            "type": 3072,
            "name": "basic eyebrow left"
          },
          {
            "x": 211.84,
            "y": 301.17,
            "type": 3328,
            "name": "basic eyebrow left inner corner"
          },
          {
            "x": 211.84,
            "y": 301.17,
            "type": 3584,
            "name": "basic eyebrow left outer corner"
          },
          {
            "x": 211.84,
            "y": 301.17,
            "type": 3840,
            "name": "basic eyebrow right"
          },
          {
            "x": 211.84,
            "y": 301.17,
            "type": 4096,
            "name": "basic eyebrow right inner corner"
          },
          {
            "x": 211.84,
            "y": 301.17,
            "type": 4352,
            "name": "basic eyebrow right outer corner"
          },
          {
            "x": 211.84,
            "y": 301.17,
            "type": 4608,
            "name": "basic chin bottom"
          },
          {
            "x": 211.84,
            "y": 301.17,
            "type": 4864,
            "name": "basic chin left"
          },
          {
            "x": 211.84,
            "y": 301.17,
            "type": 5120,
            "name": "basic chin right"
          },
          {
            "x": 196.87,
            "y": 251.88,
            "type": 5376,
            "name": "basic nose left"
          },
          {
            "x": 246.37,
            "y": 260.86,
            "type": 5632,
            "name": "basic nose right"
          }
        ],
        "user_points": null,
        "tags": [
          {
            "name": "5oclock shadow",
            "value": "yes",
            "confidence": 0.49
          },
          {
            "name": "age",
            "value": "37",
            "confidence": 0.6
          },
          {
            "name": "arched eyebrows",
            "value": "no",
            "confidence": 0.76
          },
          {
            "name": "attractive",
            "value": "no",
            "confidence": 0.49
          },
          {
            "name": "bags under eyes",
            "value": "yes",
            "confidence": 0.6
          },
          {
            "name": "bald",
            "value": "yes",
            "confidence": 0.74
          },
          {
            "name": "bangs",
            "value": "no",
            "confidence": 1.0
          },
          {
            "name": "beard",
            "value": "yes",
            "confidence": 0.95
          },
          {
            "name": "big lips",
            "value": "no",
            "confidence": 0.16
          },
          {
            "name": "big nose",
            "value": "yes",
            "confidence": 0.66
          },
          {
            "name": "black hair",
            "value": "no",
            "confidence": 0.83
          },
          {
            "name": "blond hair",
            "value": "no",
            "confidence": 0.92
          },
          {
            "name": "blurry",
            "value": "no",
            "confidence": 1.0
          },
          {
            "name": "brown hair",
            "value": "no",
            "confidence": 0.64
          },
          {
            "name": "bushy eyebrows",
            "value": "no",
            "confidence": 0.08
          },
          {
            "name": "chubby",
            "value": "yes",
            "confidence": 0.25
          },
          {
            "name": "double chin",
            "value": "no",
            "confidence": 0.02
          },
          {
            "name": "expression",
            "value": "neutral",
            "confidence": 0.93
          },
          {
            "name": "gender",
            "value": "male",
            "confidence": 0.99
          },
          {
            "name": "glasses",
            "value": "no",
            "confidence": 1.0
          },
          {
            "name": "goatee",
            "value": "yes",
            "confidence": 0.78
          },
          {
            "name": "gray hair",
            "value": "yes",
            "confidence": 0.22
          },
          {
            "name": "heavy makeup",
            "value": "no",
            "confidence": 1.0
          },
          {
            "name": "high cheekbones",
            "value": "no",
            "confidence": 0.72
          },
          {
            "name": "mouth open",
            "value": "no",
            "confidence": 1.0
          },
          {
            "name": "mustache",
            "value": "yes",
            "confidence": 0.67
          },
          {
            "name": "narrow eyes",
            "value": "no",
            "confidence": 1.0
          },
          {
            "name": "oval face",
            "value": "yes",
            "confidence": 0.26
          },
          {
            "name": "pale skin",
            "value": "no",
            "confidence": 0.52
          },
          {
            "name": "pitch",
            "value": "-8.41",
            "confidence": 1.0
          },
          {
            "name": "pointy nose",
            "value": "no",
            "confidence": 0.22
          },
          {
            "name": "race",
            "value": "white",
            "confidence": 1.0
          },
          {
            "name": "receding hairline",
            "value": "yes",
            "confidence": 0.73
          },
          {
            "name": "rosy cheeks",
            "value": "no",
            "confidence": 0.92
          },
          {
            "name": "sideburns",
            "value": "yes",
            "confidence": 0.66
          },
          {
            "name": "straight hair",
            "value": "no",
            "confidence": 0.52
          },
          {
            "name": "wavy hair",
            "value": "no",
            "confidence": 1.0
          },
          {
            "name": "wearing earrings",
            "value": "no",
            "confidence": 0.84
          },
          {
            "name": "wearing hat",
            "value": "no",
            "confidence": 0.45
          },
          {
            "name": "wearing lipstick",
            "value": "no",
            "confidence": 1.0
          },
          {
            "name": "wearing necklace",
            "value": "no",
            "confidence": 1.0
          },
          {
            "name": "wearing necktie",
            "value": "yes",
            "confidence": 0.47
          },
          {
            "name": "yaw",
            "value": "-20.59",
            "confidence": 1.0
          },
          {
            "name": "young",
            "value": "no",
            "confidence": 0.43
          }
        ],
        "person_id": "",
        "appearance_id": 0,
        "start": "00:00:00",
        "duration": "00:00:00"
      }
    ],
    "tags": null,
    "original_filename": "https://raw.githubusercontent.com/sarkrui/Hairstyle60k/master/Dataset/Induction_Cut/IMG_12.jpg",
    "duration": "00:00:00"
  },
  "recognize": null
}