{
  "media": {
    "media_uuid": "d952f616-02d3-4850-a619-e396787663e4",
    "checksum": "28c15111cdd733db85406b71a88d971546a4559c690e4924d8203df727aa923f",
    "faces": [
      {
        "face_uuid": "19efe453-1535-11e9-99c4-0cc47a6c4dbd",
        "media_uuid": "d952f616-02d3-4850-a619-e396787663e4",
        "x": 258.73,
        "y": 370.23,
        "width": 307.78,
        "height": 390.4,
        "angle": 17.9365,
        "detection_score": 1.0,
        "points": [
          {
            "x": 132.97,
            "y": 350.71,
            "type": 512,
            "name": "basic eye left"
          },
          {
            "x": 258.02,
            "y": 310.23,
            "type": 768,
            "name": "basic eye right"
          },
          {
            "x": 107.7,
            "y": 359.04,
            "type": 1024,
            "name": "basic eye left outer"
          },
          {
            "x": 288.25,
            "y": 301.21,
            "type": 1280,
            "name": "basic eye right outer"
          },
          {
            "x": 158.25,
            "y": 342.93,
            "type": 1536,
            "name": "basic eye left inner"
          },
          {
            "x": 228.99,
            "y": 319.75,
            "type": 1792,
            "name": "basic eye right inner"
          },
          {
            "x": 189.31,
            "y": 490.58,
            "type": 2048,
            "name": "basic mouth left"
          },
          {
            "x": 299.86,
            "y": 459.68,
            "type": 2304,
            "name": "basic mouth right"
          },
          {
            "x": 200.73,
            "y": 426.11,
            "type": 2560,
            "name": "basic nose tip"
          },
          {
            "x": 242.76,
            "y": 477.38,
            "type": 2816,
            "name": "basic mouth center"
          },
          {
            "x": 242.76,
            "y": 477.38,
            "type": 3072,
            "name": "basic eyebrow left"
          },
          {
            "x": 242.76,
            "y": 477.38,
            "type": 3328,
            "name": "basic eyebrow left inner corner"
          },
          {
            "x": 242.76,
            "y": 477.38,
            "type": 3584,
            "name": "basic eyebrow left outer corner"
          },
          {
            "x": 242.76,
            "y": 477.38,
            "type": 3840,
            "name": "basic eyebrow right"
          },
          {
            "x": 242.76,
            "y": 477.38,
            "type": 4096,
            "name": "basic eyebrow right inner corner"
          },
          {
            "x": 242.76,
            "y": 477.38,
            "type": 4352,
            "name": "basic eyebrow right outer corner"
          },
          {
            "x": 242.76,
            "y": 477.38,
            "type": 4608,
            "name": "basic chin bottom"
          },
          {
            "x": 242.76,
            "y": 477.38,
            "type": 4864,
            "name": "basic chin left"
          },
          {
            "x": 242.76,
            "y": 477.38,
            "type": 5120,
            "name": "basic chin right"
          },
          {
            "x": 178.94,
            "y": 434.6,
            "type": 5376,
            "name": "basic nose left"
          },
          {
            "x": 248.04,
            "y": 414.03,
            "type": 5632,
            "name": "basic nose right"
          }
        ],
        "user_points": null,
        "tags": [
          {
            "name": "5oclock shadow",
            "value": "yes",
            "confidence": 1.0
          },
          {
            "name": "age",
            "value": "48",
            "confidence": 0.6
          },
          {
            "name": "arched eyebrows",
            "value": "no",
            "confidence": 0.94
          },
          {
            "name": "attractive",
            "value": "yes",
            "confidence": 0.18
          },
          {
            "name": "bags under eyes",
            "value": "yes",
            "confidence": 0.08
          },
          {
            "name": "bald",
            "value": "no",
            "confidence": 0.41
          },
          {
            "name": "bangs",
            "value": "no",
            "confidence": 0.97
          },
          {
            "name": "beard",
            "value": "yes",
            "confidence": 1.0
          },
          {
            "name": "big lips",
            "value": "no",
            "confidence": 0.2
          },
          {
            "name": "big nose",
            "value": "yes",
            "confidence": 0.08
          },
          {
            "name": "black hair",
            "value": "yes",
            "confidence": 0.41
          },
          {
            "name": "blond hair",
            "value": "no",
            "confidence": 1.0
          },
          {
            "name": "blurry",
            "value": "no",
            "confidence": 0.99
          },
          {
            "name": "brown hair",
            "value": "no",
            "confidence": 0.32
          },
          {
            "name": "bushy eyebrows",
            "value": "yes",
            "confidence": 0.42
          },
          {
            "name": "chubby",
            "value": "no",
            "confidence": 0.61
          },
          {
            "name": "double chin",
            "value": "no",
            "confidence": 0.62
          },
          {
            "name": "expression",
            "value": "neutral",
            "confidence": 0.2
          },
          {
            "name": "gender",
            "value": "male",
            "confidence": 1.0
          },
          {
            "name": "glasses",
            "value": "no",
            "confidence": 1.0
          },
          {
            "name": "goatee",
            "value": "yes",
            "confidence": 0.88
          },
          {
            "name": "gray hair",
            "value": "no",
            "confidence": 0.95
          },
          {
            "name": "heavy makeup",
            "value": "no",
            "confidence": 1.0
          },
          {
            "name": "high cheekbones",
            "value": "no",
            "confidence": 0.61
          },
          {
            "name": "mouth open",
            "value": "yes",
            "confidence": 0.29
          },
          {
            "name": "mustache",
            "value": "yes",
            "confidence": 0.73
          },
          {
            "name": "narrow eyes",
            "value": "no",
            "confidence": 0.9
          },
          {
            "name": "oval face",
            "value": "no",
            "confidence": 0.21
          },
          {
            "name": "pale skin",
            "value": "no",
            "confidence": 0.69
          },
          {
            "name": "pitch",
            "value": "-7.13",
            "confidence": 1.0
          },
          {
            "name": "pointy nose",
            "value": "yes",
            "confidence": 0.33
          },
          {
            "name": "race",
            "value": "asian",
            "confidence": 0.72
          },
          {
            "name": "receding hairline",
            "value": "no",
            "confidence": 0.29
          },
          {
            "name": "rosy cheeks",
            "value": "no",
            "confidence": 0.95
          },
          {
            "name": "sideburns",
            "value": "yes",
            "confidence": 0.95
          },
          {
            "name": "straight hair",
            "value": "yes",
            "confidence": 0.57
          },
          {
            "name": "wavy hair",
            "value": "no",
            "confidence": 1.0
          },
          {
            "name": "wearing earrings",
            "value": "no",
            "confidence": 1.0
          },
          {
            "name": "wearing hat",
            "value": "no",
            "confidence": 1.0
          },
          {
            "name": "wearing lipstick",
            "value": "no",
            "confidence": 1.0
          },
          {
            "name": "wearing necklace",
            "value": "no",
            "confidence": 1.0
          },
          {
            "name": "wearing necktie",
            "value": "yes",
            "confidence": 0.36
          },
          {
            "name": "yaw",
            "value": "40.86",
            "confidence": 1.0
          },
          {
            "name": "young",
            "value": "yes",
            "confidence": 0.39
          }
        ],
        "person_id": "",
        "appearance_id": 0,
        "start": "00:00:00",
        "duration": "00:00:00"
      }
    ],
    "tags": null,
    "original_filename": "https://raw.githubusercontent.com/sarkrui/Hairstyle60k/master/Dataset/Induction_Cut/IMG_11.jpg",
    "duration": "00:00:00"
  },
  "recognize": null
}