{
  "media": {
    "media_uuid": "260cc734-d062-4b0a-a9e1-0e3f49f69ec9",
    "checksum": "ffd7fea6d034aa160872bbb4f4147d1bd5cc9ce52f8574e9c4f58dc2b4d180fc",
    "faces": [
      {
        "face_uuid": "20a2a76f-1535-11e9-99c4-0cc47a6c4dbd",
        "media_uuid": "260cc734-d062-4b0a-a9e1-0e3f49f69ec9",
        "x": 212.0,
        "y": 243.0,
        "width": 266.23,
        "height": 390.72,
        "angle": -7.7709,
        "detection_score": 1.0,
        "points": [
          {
            "x": 200.35,
            "y": 203.22,
            "type": 512,
            "name": "basic eye left"
          },
          {
            "x": 326.86,
            "y": 220.48,
            "type": 768,
            "name": "basic eye right"
          },
          {
            "x": 169.43,
            "y": 200.27,
            "type": 1024,
            "name": "basic eye left outer"
          },
          {
            "x": 351.87,
            "y": 224.91,
            "type": 1280,
            "name": "basic eye right outer"
          },
          {
            "x": 230.37,
            "y": 206.39,
            "type": 1536,
            "name": "basic eye left inner"
          },
          {
            "x": 302.35,
            "y": 216.44,
            "type": 1792,
            "name": "basic eye right inner"
          },
          {
            "x": 197.9,
            "y": 350.74,
            "type": 2048,
            "name": "basic mouth left"
          },
          {
            "x": 299.15,
            "y": 363.27,
            "type": 2304,
            "name": "basic mouth right"
          },
          {
            "x": 286.27,
            "y": 291.06,
            "type": 2560,
            "name": "basic nose tip"
          },
          {
            "x": 251.12,
            "y": 356.92,
            "type": 2816,
            "name": "basic mouth center"
          },
          {
            "x": 251.12,
            "y": 356.92,
            "type": 3072,
            "name": "basic eyebrow left"
          },
          {
            "x": 251.12,
            "y": 356.92,
            "type": 3328,
            "name": "basic eyebrow left inner corner"
          },
          {
            "x": 251.12,
            "y": 356.92,
            "type": 3584,
            "name": "basic eyebrow left outer corner"
          },
          {
            "x": 251.12,
            "y": 356.92,
            "type": 3840,
            "name": "basic eyebrow right"
          },
          {
            "x": 251.12,
            "y": 356.92,
            "type": 4096,
            "name": "basic eyebrow right inner corner"
          },
          {
            "x": 251.12,
            "y": 356.92,
            "type": 4352,
            "name": "basic eyebrow right outer corner"
          },
          {
            "x": 251.12,
            "y": 356.92,
            "type": 4608,
            "name": "basic chin bottom"
          },
          {
            "x": 251.12,
            "y": 356.92,
            "type": 4864,
            "name": "basic chin left"
          },
          {
            "x": 251.12,
            "y": 356.92,
            "type": 5120,
            "name": "basic chin right"
          },
          {
            "x": 236.31,
            "y": 294.09,
            "type": 5376,
            "name": "basic nose left"
          },
          {
            "x": 305.64,
            "y": 302.57,
            "type": 5632,
            "name": "basic nose right"
          }
        ],
        "user_points": null,
        "tags": [
          {
            "name": "5oclock shadow",
            "value": "yes",
            "confidence": 0.52
          },
          {
            "name": "age",
            "value": "29",
            "confidence": 0.6
          },
          {
            "name": "arched eyebrows",
            "value": "no",
            "confidence": 1.0
          },
          {
            "name": "attractive",
            "value": "no",
            "confidence": 0.82
          },
          {
            "name": "bags under eyes",
            "value": "yes",
            "confidence": 0.09
          },
          {
            "name": "bald",
            "value": "no",
            "confidence": 0.04
          },
          {
            "name": "bangs",
            "value": "no",
            "confidence": 1.0
          },
          {
            "name": "beard",
            "value": "yes",
            "confidence": 0.41
          },
          {
            "name": "big lips",
            "value": "no",
            "confidence": 0.5
          },
          {
            "name": "big nose",
            "value": "no",
            "confidence": 0.12
          },
          {
            "name": "black hair",
            "value": "no",
            "confidence": 0.75
          },
          {
            "name": "blond hair",
            "value": "no",
            "confidence": 0.8
          },
          {
            "name": "blurry",
            "value": "no",
            "confidence": 0.38
          },
          {
            "name": "brown hair",
            "value": "no",
            "confidence": 0.35
          },
          {
            "name": "bushy eyebrows",
            "value": "no",
            "confidence": 0.19
          },
          {
            "name": "chubby",
            "value": "no",
            "confidence": 0.4
          },
          {
            "name": "double chin",
            "value": "no",
            "confidence": 0.65
          },
          {
            "name": "expression",
            "value": "neutral",
            "confidence": 1.0
          },
          {
            "name": "gender",
            "value": "male",
            "confidence": 1.0
          },
          {
            "name": "glasses",
            "value": "no",
            "confidence": 1.0
          },
          {
            "name": "goatee",
            "value": "yes",
            "confidence": 0.06
          },
          {
            "name": "gray hair",
            "value": "no",
            "confidence": 0.3
          },
          {
            "name": "heavy makeup",
            "value": "no",
            "confidence": 0.93
          },
          {
            "name": "high cheekbones",
            "value": "no",
            "confidence": 0.79
          },
          {
            "name": "mouth open",
            "value": "no",
            "confidence": 0.67
          },
          {
            "name": "mustache",
            "value": "yes",
            "confidence": 0.02
          },
          {
            "name": "narrow eyes",
            "value": "no",
            "confidence": 0.42
          },
          {
            "name": "oval face",
            "value": "no",
            "confidence": 0.33
          },
          {
            "name": "pale skin",
            "value": "no",
            "confidence": 0.83
          },
          {
            "name": "pitch",
            "value": "-7.55",
            "confidence": 1.0
          },
          {
            "name": "pointy nose",
            "value": "no",
            "confidence": 0.16
          },
          {
            "name": "race",
            "value": "white",
            "confidence": 0.98
          },
          {
            "name": "receding hairline",
            "value": "yes",
            "confidence": 0.12
          },
          {
            "name": "rosy cheeks",
            "value": "no",
            "confidence": 0.87
          },
          {
            "name": "sideburns",
            "value": "yes",
            "confidence": 0.01
          },
          {
            "name": "straight hair",
            "value": "no",
            "confidence": 0.19
          },
          {
            "name": "wavy hair",
            "value": "no",
            "confidence": 1.0
          },
          {
            "name": "wearing earrings",
            "value": "no",
            "confidence": 0.75
          },
          {
            "name": "wearing hat",
            "value": "no",
            "confidence": 0.14
          },
          {
            "name": "wearing lipstick",
            "value": "no",
            "confidence": 1.0
          },
          {
            "name": "wearing necklace",
            "value": "no",
            "confidence": 1.0
          },
          {
            "name": "wearing necktie",
            "value": "no",
            "confidence": 0.12
          },
          {
            "name": "yaw",
            "value": "-23.54",
            "confidence": 1.0
          },
          {
            "name": "young",
            "value": "no",
            "confidence": 0.01
          }
        ],
        "person_id": "",
        "appearance_id": 0,
        "start": "00:00:00",
        "duration": "00:00:00"
      }
    ],
    "tags": null,
    "original_filename": "https://raw.githubusercontent.com/sarkrui/Hairstyle60k/master/Dataset/Induction_Cut/IMG_18.jpg",
    "duration": "00:00:00"
  },
  "recognize": null
}