{
  "media": {
    "media_uuid": "b80e8120-90ba-44c5-aacd-c845ac7160a6",
    "checksum": "314116c2faa8396fe8fd597e76c05af9fc3565ee338db644f34f855b78fedd21",
    "faces": [
      {
        "face_uuid": "2b4cd04f-1535-11e9-99c4-0cc47a6c4dbd",
        "media_uuid": "b80e8120-90ba-44c5-aacd-c845ac7160a6",
        "x": 289.06,
        "y": 345.05,
        "width": 250.71,
        "height": 351.6,
        "angle": -5.8536,
        "detection_score": 1.0,
        "points": [
          {
            "x": 245.45,
            "y": 300.06,
            "type": 512,
            "name": "basic eye left"
          },
          {
            "x": 399.16,
            "y": 315.81,
            "type": 768,
            "name": "basic eye right"
          },
          {
            "x": 211.78,
            "y": 298.08,
            "type": 1024,
            "name": "basic eye left outer"
          },
          {
            "x": 428.03,
            "y": 319.84,
            "type": 1280,
            "name": "basic eye right outer"
          },
          {
            "x": 278.11,
            "y": 306.28,
            "type": 1536,
            "name": "basic eye left inner"
          },
          {
            "x": 369.82,
            "y": 315.88,
            "type": 1792,
            "name": "basic eye right inner"
          },
          {
            "x": 246.41,
            "y": 449.52,
            "type": 2048,
            "name": "basic mouth left"
          },
          {
            "x": 385.68,
            "y": 461.37,
            "type": 2304,
            "name": "basic mouth right"
          },
          {
            "x": 348.94,
            "y": 395.75,
            "type": 2560,
            "name": "basic nose tip"
          },
          {
            "x": 318.52,
            "y": 458.14,
            "type": 2816,
            "name": "basic mouth center"
          },
          {
            "x": 318.52,
            "y": 458.14,
            "type": 3072,
            "name": "basic eyebrow left"
          },
          {
            "x": 318.52,
            "y": 458.14,
            "type": 3328,
            "name": "basic eyebrow left inner corner"
          },
          {
            "x": 318.52,
            "y": 458.14,
            "type": 3584,
            "name": "basic eyebrow left outer corner"
          },
          {
            "x": 318.52,
            "y": 458.14,
            "type": 3840,
            "name": "basic eyebrow right"
          },
          {
            "x": 318.52,
            "y": 458.14,
            "type": 4096,
            "name": "basic eyebrow right inner corner"
          },
          {
            "x": 318.52,
            "y": 458.14,
            "type": 4352,
            "name": "basic eyebrow right outer corner"
          },
          {
            "x": 318.52,
            "y": 458.14,
            "type": 4608,
            "name": "basic chin bottom"
          },
          {
            "x": 318.52,
            "y": 458.14,
            "type": 4864,
            "name": "basic chin left"
          },
          {
            "x": 318.52,
            "y": 458.14,
            "type": 5120,
            "name": "basic chin right"
          },
          {
            "x": 294.04,
            "y": 401.82,
            "type": 5376,
            "name": "basic nose left"
          },
          {
            "x": 376.06,
            "y": 408.92,
            "type": 5632,
            "name": "basic nose right"
          }
        ],
        "user_points": null,
        "tags": [
          {
            "name": "5oclock shadow",
            "value": "no",
            "confidence": 0.09
          },
          {
            "name": "age",
            "value": "22",
            "confidence": 0.6
          },
          {
            "name": "arched eyebrows",
            "value": "no",
            "confidence": 1.0
          },
          {
            "name": "attractive",
            "value": "no",
            "confidence": 0.41
          },
          {
            "name": "bags under eyes",
            "value": "yes",
            "confidence": 0.02
          },
          {
            "name": "bald",
            "value": "no",
            "confidence": 0.99
          },
          {
            "name": "bangs",
            "value": "yes",
            "confidence": 0.52
          },
          {
            "name": "beard",
            "value": "no",
            "confidence": 0.54
          },
          {
            "name": "big lips",
            "value": "no",
            "confidence": 0.61
          },
          {
            "name": "big nose",
            "value": "no",
            "confidence": 0.02
          },
          {
            "name": "black hair",
            "value": "no",
            "confidence": 1.0
          },
          {
            "name": "blond hair",
            "value": "no",
            "confidence": 0.39
          },
          {
            "name": "blurry",
            "value": "no",
            "confidence": 0.68
          },
          {
            "name": "brown hair",
            "value": "yes",
            "confidence": 0.72
          },
          {
            "name": "bushy eyebrows",
            "value": "no",
            "confidence": 0.46
          },
          {
            "name": "chubby",
            "value": "no",
            "confidence": 0.57
          },
          {
            "name": "double chin",
            "value": "no",
            "confidence": 0.62
          },
          {
            "name": "expression",
            "value": "neutral",
            "confidence": 0.4
          },
          {
            "name": "gender",
            "value": "male",
            "confidence": 1.0
          },
          {
            "name": "glasses",
            "value": "no",
            "confidence": 1.0
          },
          {
            "name": "goatee",
            "value": "no",
            "confidence": 0.95
          },
          {
            "name": "gray hair",
            "value": "no",
            "confidence": 0.27
          },
          {
            "name": "heavy makeup",
            "value": "no",
            "confidence": 0.87
          },
          {
            "name": "high cheekbones",
            "value": "no",
            "confidence": 0.59
          },
          {
            "name": "mouth open",
            "value": "yes",
            "confidence": 0.26
          },
          {
            "name": "mustache",
            "value": "no",
            "confidence": 0.71
          },
          {
            "name": "narrow eyes",
            "value": "no",
            "confidence": 0.02
          },
          {
            "name": "oval face",
            "value": "no",
            "confidence": 0.33
          },
          {
            "name": "pale skin",
            "value": "yes",
            "confidence": 0.11
          },
          {
            "name": "pitch",
            "value": "-6.63",
            "confidence": 1.0
          },
          {
            "name": "pointy nose",
            "value": "no",
            "confidence": 0.59
          },
          {
            "name": "race",
            "value": "white",
            "confidence": 0.99
          },
          {
            "name": "receding hairline",
            "value": "no",
            "confidence": 1.0
          },
          {
            "name": "rosy cheeks",
            "value": "no",
            "confidence": 0.95
          },
          {
            "name": "sideburns",
            "value": "no",
            "confidence": 0.91
          },
          {
            "name": "straight hair",
            "value": "yes",
            "confidence": 0.5
          },
          {
            "name": "wavy hair",
            "value": "no",
            "confidence": 0.57
          },
          {
            "name": "wearing earrings",
            "value": "no",
            "confidence": 0.93
          },
          {
            "name": "wearing hat",
            "value": "no",
            "confidence": 0.5
          },
          {
            "name": "wearing lipstick",
            "value": "no",
            "confidence": 0.9
          },
          {
            "name": "wearing necklace",
            "value": "no",
            "confidence": 0.86
          },
          {
            "name": "wearing necktie",
            "value": "yes",
            "confidence": 0.12
          },
          {
            "name": "yaw",
            "value": "-36.1",
            "confidence": 1.0
          },
          {
            "name": "young",
            "value": "yes",
            "confidence": 0.06
          }
        ],
        "person_id": "",
        "appearance_id": 0,
        "start": "00:00:00",
        "duration": "00:00:00"
      }
    ],
    "tags": null,
    "original_filename": "https://raw.githubusercontent.com/sarkrui/Hairstyle60k/master/Dataset/Jimmy_Lin_Hairstyle/IMG_6.jpg",
    "duration": "00:00:00"
  },
  "recognize": null
}