{
  "media": {
    "media_uuid": "94f0a18a-e7f3-47c9-a192-83e13f64dd5d",
    "checksum": "3cf8ecc469b5b2a6a938278bb74044204f08ef5fcb0043f04ba778b96ca451d8",
    "faces": [
      {
        "face_uuid": "3c28d527-1535-11e9-99c4-0cc47a6c4dbd",
        "media_uuid": "94f0a18a-e7f3-47c9-a192-83e13f64dd5d",
        "x": 64.5,
        "y": 95.5,
        "width": 71.41,
        "height": 94.26,
        "angle": -0.0122,
        "detection_score": 1.0,
        "points": [
          {
            "x": 47.58,
            "y": 84.73,
            "type": 512,
            "name": "basic eye left"
          },
          {
            "x": 83.75,
            "y": 84.74,
            "type": 768,
            "name": "basic eye right"
          },
          {
            "x": 39.98,
            "y": 84.9,
            "type": 1024,
            "name": "basic eye left outer"
          },
          {
            "x": 91.28,
            "y": 84.9,
            "type": 1280,
            "name": "basic eye right outer"
          },
          {
            "x": 55.17,
            "y": 85.4,
            "type": 1536,
            "name": "basic eye left inner"
          },
          {
            "x": 76.27,
            "y": 85.41,
            "type": 1792,
            "name": "basic eye right inner"
          },
          {
            "x": 50.13,
            "y": 120.64,
            "type": 2048,
            "name": "basic mouth left"
          },
          {
            "x": 80.46,
            "y": 120.8,
            "type": 2304,
            "name": "basic mouth right"
          },
          {
            "x": 65.92,
            "y": 106.89,
            "type": 2560,
            "name": "basic nose tip"
          },
          {
            "x": 65.33,
            "y": 121.42,
            "type": 2816,
            "name": "basic mouth center"
          },
          {
            "x": 65.33,
            "y": 121.42,
            "type": 3072,
            "name": "basic eyebrow left"
          },
          {
            "x": 65.33,
            "y": 121.42,
            "type": 3328,
            "name": "basic eyebrow left inner corner"
          },
          {
            "x": 65.33,
            "y": 121.42,
            "type": 3584,
            "name": "basic eyebrow left outer corner"
          },
          {
            "x": 65.33,
            "y": 121.42,
            "type": 3840,
            "name": "basic eyebrow right"
          },
          {
            "x": 65.33,
            "y": 121.42,
            "type": 4096,
            "name": "basic eyebrow right inner corner"
          },
          {
            "x": 65.33,
            "y": 121.42,
            "type": 4352,
            "name": "basic eyebrow right outer corner"
          },
          {
            "x": 65.33,
            "y": 121.42,
            "type": 4608,
            "name": "basic chin bottom"
          },
          {
            "x": 65.33,
            "y": 121.42,
            "type": 4864,
            "name": "basic chin left"
          },
          {
            "x": 65.33,
            "y": 121.42,
            "type": 5120,
            "name": "basic chin right"
          },
          {
            "x": 56.31,
            "y": 107.39,
            "type": 5376,
            "name": "basic nose left"
          },
          {
            "x": 75.2,
            "y": 107.48,
            "type": 5632,
            "name": "basic nose right"
          }
        ],
        "user_points": null,
        "tags": [
          {
            "name": "5oclock shadow",
            "value": "no",
            "confidence": 0.96
          },
          {
            "name": "age",
            "value": "18",
            "confidence": 0.6
          },
          {
            "name": "arched eyebrows",
            "value": "no",
            "confidence": 0.57
          },
          {
            "name": "attractive",
            "value": "yes",
            "confidence": 0.63
          },
          {
            "name": "bags under eyes",
            "value": "no",
            "confidence": 0.37
          },
          {
            "name": "bald",
            "value": "no",
            "confidence": 0.96
          },
          {
            "name": "bangs",
            "value": "yes",
            "confidence": 0.26
          },
          {
            "name": "beard",
            "value": "no",
            "confidence": 1.0
          },
          {
            "name": "big lips",
            "value": "no",
            "confidence": 0.6
          },
          {
            "name": "big nose",
            "value": "no",
            "confidence": 0.3
          },
          {
            "name": "black hair",
            "value": "yes",
            "confidence": 0.95
          },
          {
            "name": "blond hair",
            "value": "no",
            "confidence": 0.87
          },
          {
            "name": "blurry",
            "value": "no",
            "confidence": 0.93
          },
          {
            "name": "brown hair",
            "value": "no",
            "confidence": 0.76
          },
          {
            "name": "bushy eyebrows",
            "value": "yes",
            "confidence": 0.14
          },
          {
            "name": "chubby",
            "value": "no",
            "confidence": 0.54
          },
          {
            "name": "double chin",
            "value": "no",
            "confidence": 0.79
          },
          {
            "name": "expression",
            "value": "smile",
            "confidence": 0.29
          },
          {
            "name": "gender",
            "value": "male",
            "confidence": 0.07
          },
          {
            "name": "glasses",
            "value": "no",
            "confidence": 1.0
          },
          {
            "name": "goatee",
            "value": "no",
            "confidence": 1.0
          },
          {
            "name": "gray hair",
            "value": "no",
            "confidence": 1.0
          },
          {
            "name": "heavy makeup",
            "value": "no",
            "confidence": 0.53
          },
          {
            "name": "high cheekbones",
            "value": "yes",
            "confidence": 0.02
          },
          {
            "name": "mouth open",
            "value": "no",
            "confidence": 0.88
          },
          {
            "name": "mustache",
            "value": "no",
            "confidence": 1.0
          },
          {
            "name": "narrow eyes",
            "value": "no",
            "confidence": 0.91
          },
          {
            "name": "oval face",
            "value": "yes",
            "confidence": 1.0
          },
          {
            "name": "pale skin",
            "value": "yes",
            "confidence": 0.28
          },
          {
            "name": "pitch",
            "value": "-9.66",
            "confidence": 1.0
          },
          {
            "name": "pointy nose",
            "value": "no",
            "confidence": 1.0
          },
          {
            "name": "race",
            "value": "asian",
            "confidence": 1.0
          },
          {
            "name": "receding hairline",
            "value": "no",
            "confidence": 0.81
          },
          {
            "name": "rosy cheeks",
            "value": "no",
            "confidence": 1.0
          },
          {
            "name": "sideburns",
            "value": "no",
            "confidence": 1.0
          },
          {
            "name": "straight hair",
            "value": "yes",
            "confidence": 1.0
          },
          {
            "name": "wavy hair",
            "value": "no",
            "confidence": 1.0
          },
          {
            "name": "wearing earrings",
            "value": "no",
            "confidence": 0.48
          },
          {
            "name": "wearing hat",
            "value": "no",
            "confidence": 0.76
          },
          {
            "name": "wearing lipstick",
            "value": "no",
            "confidence": 0.27
          },
          {
            "name": "wearing necklace",
            "value": "no",
            "confidence": 0.72
          },
          {
            "name": "wearing necktie",
            "value": "no",
            "confidence": 0.15
          },
          {
            "name": "yaw",
            "value": "0.48",
            "confidence": 1.0
          },
          {
            "name": "young",
            "value": "yes",
            "confidence": 1.0
          }
        ],
        "person_id": "",
        "appearance_id": 0,
        "start": "00:00:00",
        "duration": "00:00:00"
      }
    ],
    "tags": null,
    "original_filename": "https://raw.githubusercontent.com/sarkrui/Hairstyle60k/master/Dataset/Jimmy_Lin_Hairstyle/IMG_21.jpg",
    "duration": "00:00:00"
  },
  "recognize": null
}