{
  "media": {
    "media_uuid": "70f0335b-0c1c-443e-a251-6c52c50bc0b4",
    "checksum": "e1278af424bcebf77eaa6f338be1852df55e620e7b60f0b882733afba96d2619",
    "faces": [
      {
        "face_uuid": "37b1e385-1535-11e9-99c4-0cc47a6c4dbd",
        "media_uuid": "70f0335b-0c1c-443e-a251-6c52c50bc0b4",
        "x": 98.5,
        "y": 159.5,
        "width": 110.04,
        "height": 150.23,
        "angle": 0.9633,
        "detection_score": 1.0,
        "points": [
          {
            "x": 64.44,
            "y": 149.21,
            "type": 512,
            "name": "basic eye left"
          },
          {
            "x": 116.47,
            "y": 148.34,
            "type": 768,
            "name": "basic eye right"
          },
          {
            "x": 53.65,
            "y": 149.39,
            "type": 1024,
            "name": "basic eye left outer"
          },
          {
            "x": 128.05,
            "y": 148.18,
            "type": 1280,
            "name": "basic eye right outer"
          },
          {
            "x": 75.0,
            "y": 149.99,
            "type": 1536,
            "name": "basic eye left inner"
          },
          {
            "x": 104.93,
            "y": 149.46,
            "type": 1792,
            "name": "basic eye right inner"
          },
          {
            "x": 72.11,
            "y": 203.98,
            "type": 2048,
            "name": "basic mouth left"
          },
          {
            "x": 112.96,
            "y": 202.86,
            "type": 2304,
            "name": "basic mouth right"
          },
          {
            "x": 86.85,
            "y": 184.19,
            "type": 2560,
            "name": "basic nose tip"
          },
          {
            "x": 92.14,
            "y": 204.45,
            "type": 2816,
            "name": "basic mouth center"
          },
          {
            "x": 92.14,
            "y": 204.45,
            "type": 3072,
            "name": "basic eyebrow left"
          },
          {
            "x": 92.14,
            "y": 204.45,
            "type": 3328,
            "name": "basic eyebrow left inner corner"
          },
          {
            "x": 92.14,
            "y": 204.45,
            "type": 3584,
            "name": "basic eyebrow left outer corner"
          },
          {
            "x": 92.14,
            "y": 204.45,
            "type": 3840,
            "name": "basic eyebrow right"
          },
          {
            "x": 92.14,
            "y": 204.45,
            "type": 4096,
            "name": "basic eyebrow right inner corner"
          },
          {
            "x": 92.14,
            "y": 204.45,
            "type": 4352,
            "name": "basic eyebrow right outer corner"
          },
          {
            "x": 92.14,
            "y": 204.45,
            "type": 4608,
            "name": "basic chin bottom"
          },
          {
            "x": 92.14,
            "y": 204.45,
            "type": 4864,
            "name": "basic chin left"
          },
          {
            "x": 92.14,
            "y": 204.45,
            "type": 5120,
            "name": "basic chin right"
          },
          {
            "x": 76.06,
            "y": 185.0,
            "type": 5376,
            "name": "basic nose left"
          },
          {
            "x": 102.26,
            "y": 184.31,
            "type": 5632,
            "name": "basic nose right"
          }
        ],
        "user_points": null,
        "tags": [
          {
            "name": "5oclock shadow",
            "value": "no",
            "confidence": 0.01
          },
          {
            "name": "age",
            "value": "14",
            "confidence": 0.6
          },
          {
            "name": "arched eyebrows",
            "value": "no",
            "confidence": 0.71
          },
          {
            "name": "attractive",
            "value": "yes",
            "confidence": 0.45
          },
          {
            "name": "bags under eyes",
            "value": "no",
            "confidence": 0.63
          },
          {
            "name": "bald",
            "value": "no",
            "confidence": 0.87
          },
          {
            "name": "bangs",
            "value": "no",
            "confidence": 1.0
          },
          {
            "name": "beard",
            "value": "no",
            "confidence": 0.43
          },
          {
            "name": "big lips",
            "value": "no",
            "confidence": 0.46
          },
          {
            "name": "big nose",
            "value": "no",
            "confidence": 0.43
          },
          {
            "name": "black hair",
            "value": "no",
            "confidence": 0.03
          },
          {
            "name": "blond hair",
            "value": "no",
            "confidence": 1.0
          },
          {
            "name": "blurry",
            "value": "no",
            "confidence": 0.98
          },
          {
            "name": "brown hair",
            "value": "yes",
            "confidence": 0.13
          },
          {
            "name": "bushy eyebrows",
            "value": "no",
            "confidence": 0.34
          },
          {
            "name": "chubby",
            "value": "no",
            "confidence": 0.81
          },
          {
            "name": "double chin",
            "value": "no",
            "confidence": 0.86
          },
          {
            "name": "expression",
            "value": "neutral",
            "confidence": 0.88
          },
          {
            "name": "gender",
            "value": "male",
            "confidence": 0.84
          },
          {
            "name": "glasses",
            "value": "no",
            "confidence": 1.0
          },
          {
            "name": "goatee",
            "value": "no",
            "confidence": 0.99
          },
          {
            "name": "gray hair",
            "value": "no",
            "confidence": 0.98
          },
          {
            "name": "heavy makeup",
            "value": "no",
            "confidence": 0.9
          },
          {
            "name": "high cheekbones",
            "value": "no",
            "confidence": 1.0
          },
          {
            "name": "mouth open",
            "value": "no",
            "confidence": 0.59
          },
          {
            "name": "mustache",
            "value": "no",
            "confidence": 0.81
          },
          {
            "name": "narrow eyes",
            "value": "no",
            "confidence": 1.0
          },
          {
            "name": "oval face",
            "value": "yes",
            "confidence": 0.16
          },
          {
            "name": "pale skin",
            "value": "yes",
            "confidence": 0.52
          },
          {
            "name": "pitch",
            "value": "-7.21",
            "confidence": 1.0
          },
          {
            "name": "pointy nose",
            "value": "no",
            "confidence": 0.45
          },
          {
            "name": "race",
            "value": "white",
            "confidence": 1.0
          },
          {
            "name": "receding hairline",
            "value": "no",
            "confidence": 0.27
          },
          {
            "name": "rosy cheeks",
            "value": "no",
            "confidence": 1.0
          },
          {
            "name": "sideburns",
            "value": "no",
            "confidence": 0.95
          },
          {
            "name": "straight hair",
            "value": "yes",
            "confidence": 0.16
          },
          {
            "name": "wavy hair",
            "value": "no",
            "confidence": 0.28
          },
          {
            "name": "wearing earrings",
            "value": "no",
            "confidence": 0.7
          },
          {
            "name": "wearing hat",
            "value": "no",
            "confidence": 1.0
          },
          {
            "name": "wearing lipstick",
            "value": "no",
            "confidence": 0.88
          },
          {
            "name": "wearing necklace",
            "value": "no",
            "confidence": 1.0
          },
          {
            "name": "wearing necktie",
            "value": "yes",
            "confidence": 0.27
          },
          {
            "name": "yaw",
            "value": "18.03",
            "confidence": 1.0
          },
          {
            "name": "young",
            "value": "yes",
            "confidence": 0.65
          }
        ],
        "person_id": "",
        "appearance_id": 0,
        "start": "00:00:00",
        "duration": "00:00:00"
      }
    ],
    "tags": null,
    "original_filename": "https://raw.githubusercontent.com/sarkrui/Hairstyle60k/master/Dataset/Jimmy_Lin_Hairstyle/IMG_17.jpg",
    "duration": "00:00:00"
  },
  "recognize": null
}