{
  "media": {
    "media_uuid": "5fcc1982-ee8f-4045-8fff-60c172c32674",
    "checksum": "13e495a3eaae3c20d832bf2f5830962d957c692be55be3093bfcc163bc6768ec",
    "faces": [
      {
        "face_uuid": "262c7e95-1535-11e9-99c4-0cc47a6c4dbd",
        "media_uuid": "5fcc1982-ee8f-4045-8fff-60c172c32674",
        "x": 172.0,
        "y": 166.5,
        "width": 187.34,
        "height": 257.11,
        "angle": -7.0347,
        "detection_score": 1.0,
        "points": [
          {
            "x": 93.13,
            "y": 117.87,
            "type": 512,
            "name": "basic eye left"
          },
          {
            "x": 186.59,
            "y": 129.4,
            "type": 768,
            "name": "basic eye right"
          },
          {
            "x": 75.12,
            "y": 116.23,
            "type": 1024,
            "name": "basic eye left outer"
          },
          {
            "x": 208.63,
            "y": 133.03,
            "type": 1280,
            "name": "basic eye right outer"
          },
          {
            "x": 110.67,
            "y": 120.82,
            "type": 1536,
            "name": "basic eye left inner"
          },
          {
            "x": 165.14,
            "y": 127.47,
            "type": 1792,
            "name": "basic eye right inner"
          },
          {
            "x": 83.15,
            "y": 226.55,
            "type": 2048,
            "name": "basic mouth left"
          },
          {
            "x": 153.43,
            "y": 243.38,
            "type": 2304,
            "name": "basic mouth right"
          },
          {
            "x": 109.34,
            "y": 180.94,
            "type": 2560,
            "name": "basic nose tip"
          },
          {
            "x": 116.2,
            "y": 234.56,
            "type": 2816,
            "name": "basic mouth center"
          },
          {
            "x": 116.2,
            "y": 234.56,
            "type": 3072,
            "name": "basic eyebrow left"
          },
          {
            "x": 116.2,
            "y": 234.56,
            "type": 3328,
            "name": "basic eyebrow left inner corner"
          },
          {
            "x": 116.2,
            "y": 234.56,
            "type": 3584,
            "name": "basic eyebrow left outer corner"
          },
          {
            "x": 116.2,
            "y": 234.56,
            "type": 3840,
            "name": "basic eyebrow right"
          },
          {
            "x": 116.2,
            "y": 234.56,
            "type": 4096,
            "name": "basic eyebrow right inner corner"
          },
          {
            "x": 116.2,
            "y": 234.56,
            "type": 4352,
            "name": "basic eyebrow right outer corner"
          },
          {
            "x": 116.2,
            "y": 234.56,
            "type": 4608,
            "name": "basic chin bottom"
          },
          {
            "x": 116.2,
            "y": 234.56,
            "type": 4864,
            "name": "basic chin left"
          },
          {
            "x": 116.2,
            "y": 234.56,
            "type": 5120,
            "name": "basic chin right"
          },
          {
            "x": 94.0,
            "y": 184.8,
            "type": 5376,
            "name": "basic nose left"
          },
          {
            "x": 142.28,
            "y": 194.25,
            "type": 5632,
            "name": "basic nose right"
          }
        ],
        "user_points": null,
        "tags": [
          {
            "name": "5oclock shadow",
            "value": "no",
            "confidence": 0.04
          },
          {
            "name": "age",
            "value": "36",
            "confidence": 0.6
          },
          {
            "name": "arched eyebrows",
            "value": "no",
            "confidence": 0.94
          },
          {
            "name": "attractive",
            "value": "no",
            "confidence": 0.09
          },
          {
            "name": "bags under eyes",
            "value": "no",
            "confidence": 0.78
          },
          {
            "name": "bald",
            "value": "no",
            "confidence": 0.97
          },
          {
            "name": "bangs",
            "value": "yes",
            "confidence": 0.7
          },
          {
            "name": "beard",
            "value": "no",
            "confidence": 0.19
          },
          {
            "name": "big lips",
            "value": "no",
            "confidence": 0.28
          },
          {
            "name": "big nose",
            "value": "no",
            "confidence": 0.47
          },
          {
            "name": "black hair",
            "value": "no",
            "confidence": 0.02
          },
          {
            "name": "blond hair",
            "value": "no",
            "confidence": 1.0
          },
          {
            "name": "blurry",
            "value": "no",
            "confidence": 0.35
          },
          {
            "name": "brown hair",
            "value": "no",
            "confidence": 0.39
          },
          {
            "name": "bushy eyebrows",
            "value": "no",
            "confidence": 0.14
          },
          {
            "name": "chubby",
            "value": "no",
            "confidence": 1.0
          },
          {
            "name": "double chin",
            "value": "no",
            "confidence": 1.0
          },
          {
            "name": "expression",
            "value": "neutral",
            "confidence": 0.99
          },
          {
            "name": "gender",
            "value": "male",
            "confidence": 0.75
          },
          {
            "name": "glasses",
            "value": "no",
            "confidence": 1.0
          },
          {
            "name": "goatee",
            "value": "no",
            "confidence": 0.61
          },
          {
            "name": "gray hair",
            "value": "no",
            "confidence": 1.0
          },
          {
            "name": "heavy makeup",
            "value": "no",
            "confidence": 0.8
          },
          {
            "name": "high cheekbones",
            "value": "no",
            "confidence": 0.97
          },
          {
            "name": "mouth open",
            "value": "no",
            "confidence": 1.0
          },
          {
            "name": "mustache",
            "value": "no",
            "confidence": 0.56
          },
          {
            "name": "narrow eyes",
            "value": "no",
            "confidence": 0.3
          },
          {
            "name": "oval face",
            "value": "no",
            "confidence": 0.4
          },
          {
            "name": "pale skin",
            "value": "yes",
            "confidence": 0.48
          },
          {
            "name": "pitch",
            "value": "-6.13",
            "confidence": 1.0
          },
          {
            "name": "pointy nose",
            "value": "no",
            "confidence": 0.1
          },
          {
            "name": "race",
            "value": "asian",
            "confidence": 0.46
          },
          {
            "name": "receding hairline",
            "value": "no",
            "confidence": 1.0
          },
          {
            "name": "rosy cheeks",
            "value": "no",
            "confidence": 1.0
          },
          {
            "name": "sideburns",
            "value": "no",
            "confidence": 0.59
          },
          {
            "name": "straight hair",
            "value": "yes",
            "confidence": 0.1
          },
          {
            "name": "wavy hair",
            "value": "no",
            "confidence": 0.69
          },
          {
            "name": "wearing earrings",
            "value": "no",
            "confidence": 0.91
          },
          {
            "name": "wearing hat",
            "value": "yes",
            "confidence": 0.24
          },
          {
            "name": "wearing lipstick",
            "value": "no",
            "confidence": 0.76
          },
          {
            "name": "wearing necklace",
            "value": "no",
            "confidence": 0.84
          },
          {
            "name": "wearing necktie",
            "value": "no",
            "confidence": 0.53
          },
          {
            "name": "yaw",
            "value": "50",
            "confidence": 1.0
          },
          {
            "name": "young",
            "value": "yes",
            "confidence": 0.95
          }
        ],
        "person_id": "",
        "appearance_id": 0,
        "start": "00:00:00",
        "duration": "00:00:00"
      }
    ],
    "tags": null,
    "original_filename": "https://raw.githubusercontent.com/sarkrui/Hairstyle60k/master/Dataset/Jimmy_Lin_Hairstyle/IMG_1.jpg",
    "duration": "00:00:00"
  },
  "recognize": null
}