{
  "media": {
    "media_uuid": "e94f4603-56a3-4f65-a2f9-84d385eb6bbd",
    "checksum": "9217c996ce94438e3110287c090bd59263817411317d4c9191440778c02db35f",
    "faces": [
      {
        "face_uuid": "31ba817e-1535-11e9-99c4-0cc47a6c4dbd",
        "media_uuid": "e94f4603-56a3-4f65-a2f9-84d385eb6bbd",
        "x": 205.0,
        "y": 231.0,
        "width": 137.5,
        "height": 183.33,
        "angle": -5.1933,
        "detection_score": 1.0,
        "points": [
          {
            "x": 172.89,
            "y": 213.95,
            "type": 512,
            "name": "basic eye left"
          },
          {
            "x": 238.39,
            "y": 219.9,
            "type": 768,
            "name": "basic eye right"
          },
          {
            "x": 158.68,
            "y": 212.79,
            "type": 1024,
            "name": "basic eye left outer"
          },
          {
            "x": 252.46,
            "y": 221.29,
            "type": 1280,
            "name": "basic eye right outer"
          },
          {
            "x": 186.89,
            "y": 216.48,
            "type": 1536,
            "name": "basic eye left inner"
          },
          {
            "x": 224.37,
            "y": 219.89,
            "type": 1792,
            "name": "basic eye right inner"
          },
          {
            "x": 176.78,
            "y": 288.0,
            "type": 2048,
            "name": "basic mouth left"
          },
          {
            "x": 223.37,
            "y": 292.21,
            "type": 2304,
            "name": "basic mouth right"
          },
          {
            "x": 202.47,
            "y": 261.79,
            "type": 2560,
            "name": "basic nose tip"
          },
          {
            "x": 200.08,
            "y": 290.62,
            "type": 2816,
            "name": "basic mouth center"
          },
          {
            "x": 200.08,
            "y": 290.62,
            "type": 3072,
            "name": "basic eyebrow left"
          },
          {
            "x": 200.08,
            "y": 290.62,
            "type": 3328,
            "name": "basic eyebrow left inner corner"
          },
          {
            "x": 200.08,
            "y": 290.62,
            "type": 3584,
            "name": "basic eyebrow left outer corner"
          },
          {
            "x": 200.08,
            "y": 290.62,
            "type": 3840,
            "name": "basic eyebrow right"
          },
          {
            "x": 200.08,
            "y": 290.62,
            "type": 4096,
            "name": "basic eyebrow right inner corner"
          },
          {
            "x": 200.08,
            "y": 290.62,
            "type": 4352,
            "name": "basic eyebrow right outer corner"
          },
          {
            "x": 200.08,
            "y": 290.62,
            "type": 4608,
            "name": "basic chin bottom"
          },
          {
            "x": 200.08,
            "y": 290.62,
            "type": 4864,
            "name": "basic chin left"
          },
          {
            "x": 200.08,
            "y": 290.62,
            "type": 5120,
            "name": "basic chin right"
          },
          {
            "x": 185.83,
            "y": 260.9,
            "type": 5376,
            "name": "basic nose left"
          },
          {
            "x": 218.65,
            "y": 263.9,
            "type": 5632,
            "name": "basic nose right"
          }
        ],
        "user_points": null,
        "tags": [
          {
            "name": "5oclock shadow",
            "value": "yes",
            "confidence": 0.4
          },
          {
            "name": "age",
            "value": "23",
            "confidence": 0.6
          },
          {
            "name": "arched eyebrows",
            "value": "no",
            "confidence": 0.4
          },
          {
            "name": "attractive",
            "value": "yes",
            "confidence": 0.16
          },
          {
            "name": "bags under eyes",
            "value": "no",
            "confidence": 0.37
          },
          {
            "name": "bald",
            "value": "no",
            "confidence": 0.81
          },
          {
            "name": "bangs",
            "value": "no",
            "confidence": 1.0
          },
          {
            "name": "beard",
            "value": "yes",
            "confidence": 0.14
          },
          {
            "name": "big lips",
            "value": "no",
            "confidence": 0.27
          },
          {
            "name": "big nose",
            "value": "no",
            "confidence": 0.15
          },
          {
            "name": "black hair",
            "value": "yes",
            "confidence": 1.0
          },
          {
            "name": "blond hair",
            "value": "no",
            "confidence": 1.0
          },
          {
            "name": "blurry",
            "value": "no",
            "confidence": 1.0
          },
          {
            "name": "brown hair",
            "value": "no",
            "confidence": 1.0
          },
          {
            "name": "bushy eyebrows",
            "value": "yes",
            "confidence": 0.81
          },
          {
            "name": "chubby",
            "value": "no",
            "confidence": 0.89
          },
          {
            "name": "double chin",
            "value": "no",
            "confidence": 1.0
          },
          {
            "name": "expression",
            "value": "neutral",
            "confidence": 1.0
          },
          {
            "name": "gender",
            "value": "male",
            "confidence": 0.87
          },
          {
            "name": "glasses",
            "value": "no",
            "confidence": 1.0
          },
          {
            "name": "goatee",
            "value": "no",
            "confidence": 0.32
          },
          {
            "name": "gray hair",
            "value": "no",
            "confidence": 1.0
          },
          {
            "name": "heavy makeup",
            "value": "no",
            "confidence": 0.91
          },
          {
            "name": "high cheekbones",
            "value": "no",
            "confidence": 0.99
          },
          {
            "name": "mouth open",
            "value": "no",
            "confidence": 1.0
          },
          {
            "name": "mustache",
            "value": "no",
            "confidence": 0.23
          },
          {
            "name": "narrow eyes",
            "value": "no",
            "confidence": 1.0
          },
          {
            "name": "oval face",
            "value": "yes",
            "confidence": 0.06
          },
          {
            "name": "pale skin",
            "value": "no",
            "confidence": 0.2
          },
          {
            "name": "pitch",
            "value": "-8.19",
            "confidence": 1.0
          },
          {
            "name": "pointy nose",
            "value": "yes",
            "confidence": 0.06
          },
          {
            "name": "race",
            "value": "asian",
            "confidence": 0.99
          },
          {
            "name": "receding hairline",
            "value": "no",
            "confidence": 0.33
          },
          {
            "name": "rosy cheeks",
            "value": "no",
            "confidence": 0.94
          },
          {
            "name": "sideburns",
            "value": "no",
            "confidence": 0.36
          },
          {
            "name": "straight hair",
            "value": "yes",
            "confidence": 0.67
          },
          {
            "name": "wavy hair",
            "value": "no",
            "confidence": 1.0
          },
          {
            "name": "wearing earrings",
            "value": "no",
            "confidence": 0.74
          },
          {
            "name": "wearing hat",
            "value": "no",
            "confidence": 0.88
          },
          {
            "name": "wearing lipstick",
            "value": "no",
            "confidence": 0.91
          },
          {
            "name": "wearing necklace",
            "value": "no",
            "confidence": 0.95
          },
          {
            "name": "wearing necktie",
            "value": "yes",
            "confidence": 0.07
          },
          {
            "name": "yaw",
            "value": "4.77",
            "confidence": 1.0
          },
          {
            "name": "young",
            "value": "yes",
            "confidence": 0.88
          }
        ],
        "person_id": "",
        "appearance_id": 0,
        "start": "00:00:00",
        "duration": "00:00:00"
      }
    ],
    "tags": null,
    "original_filename": "https://raw.githubusercontent.com/sarkrui/Hairstyle60k/master/Dataset/Jimmy_Lin_Hairstyle/IMG_11.jpg",
    "duration": "00:00:00"
  },
  "recognize": null
}