{
  "media": {
    "media_uuid": "f45fa301-bc6c-4d71-950c-e11d01b867b7",
    "checksum": "5db0c3bf912b66fce4a13f8ba9876694fc878f0b5f2bc086de4c0581bb469ff7",
    "faces": [
      {
        "face_uuid": "2ffdf1f8-1535-11e9-99c4-0cc47a6c4dbd",
        "media_uuid": "f45fa301-bc6c-4d71-950c-e11d01b867b7",
        "x": 225.0,
        "y": 227.0,
        "width": 175.62,
        "height": 221.43,
        "angle": -17.8815,
        "detection_score": 1.0,
        "points": [
          {
            "x": 178.67,
            "y": 197.33,
            "type": 512,
            "name": "basic eye left"
          },
          {
            "x": 256.74,
            "y": 222.52,
            "type": 768,
            "name": "basic eye right"
          },
          {
            "x": 162.3,
            "y": 192.17,
            "type": 1024,
            "name": "basic eye left outer"
          },
          {
            "x": 273.61,
            "y": 228.17,
            "type": 1280,
            "name": "basic eye right outer"
          },
          {
            "x": 194.36,
            "y": 204.08,
            "type": 1536,
            "name": "basic eye left inner"
          },
          {
            "x": 239.41,
            "y": 218.55,
            "type": 1792,
            "name": "basic eye right inner"
          },
          {
            "x": 162.29,
            "y": 285.43,
            "type": 2048,
            "name": "basic mouth left"
          },
          {
            "x": 221.74,
            "y": 304.87,
            "type": 2304,
            "name": "basic mouth right"
          },
          {
            "x": 196.99,
            "y": 260.77,
            "type": 2560,
            "name": "basic nose tip"
          },
          {
            "x": 191.24,
            "y": 295.93,
            "type": 2816,
            "name": "basic mouth center"
          },
          {
            "x": 191.24,
            "y": 295.93,
            "type": 3072,
            "name": "basic eyebrow left"
          },
          {
            "x": 191.24,
            "y": 295.93,
            "type": 3328,
            "name": "basic eyebrow left inner corner"
          },
          {
            "x": 191.24,
            "y": 295.93,
            "type": 3584,
            "name": "basic eyebrow left outer corner"
          },
          {
            "x": 191.24,
            "y": 295.93,
            "type": 3840,
            "name": "basic eyebrow right"
          },
          {
            "x": 191.24,
            "y": 295.93,
            "type": 4096,
            "name": "basic eyebrow right inner corner"
          },
          {
            "x": 191.24,
            "y": 295.93,
            "type": 4352,
            "name": "basic eyebrow right outer corner"
          },
          {
            "x": 191.24,
            "y": 295.93,
            "type": 4608,
            "name": "basic chin bottom"
          },
          {
            "x": 191.24,
            "y": 295.93,
            "type": 4864,
            "name": "basic chin left"
          },
          {
            "x": 191.24,
            "y": 295.93,
            "type": 5120,
            "name": "basic chin right"
          },
          {
            "x": 179.13,
            "y": 256.11,
            "type": 5376,
            "name": "basic nose left"
          },
          {
            "x": 218.7,
            "y": 269.04,
            "type": 5632,
            "name": "basic nose right"
          }
        ],
        "user_points": null,
        "tags": [
          {
            "name": "5oclock shadow",
            "value": "yes",
            "confidence": 0.03
          },
          {
            "name": "age",
            "value": "19",
            "confidence": 0.6
          },
          {
            "name": "arched eyebrows",
            "value": "no",
            "confidence": 0.85
          },
          {
            "name": "attractive",
            "value": "no",
            "confidence": 0.17
          },
          {
            "name": "bags under eyes",
            "value": "yes",
            "confidence": 0.5
          },
          {
            "name": "bald",
            "value": "no",
            "confidence": 1.0
          },
          {
            "name": "bangs",
            "value": "yes",
            "confidence": 1.0
          },
          {
            "name": "beard",
            "value": "no",
            "confidence": 0.24
          },
          {
            "name": "big lips",
            "value": "no",
            "confidence": 0.36
          },
          {
            "name": "big nose",
            "value": "yes",
            "confidence": 0.08
          },
          {
            "name": "black hair",
            "value": "no",
            "confidence": 0.99
          },
          {
            "name": "blond hair",
            "value": "no",
            "confidence": 0.96
          },
          {
            "name": "blurry",
            "value": "no",
            "confidence": 0.91
          },
          {
            "name": "brown hair",
            "value": "yes",
            "confidence": 1.0
          },
          {
            "name": "bushy eyebrows",
            "value": "yes",
            "confidence": 0.13
          },
          {
            "name": "chubby",
            "value": "no",
            "confidence": 0.66
          },
          {
            "name": "double chin",
            "value": "no",
            "confidence": 0.9
          },
          {
            "name": "expression",
            "value": "neutral",
            "confidence": 0.95
          },
          {
            "name": "gender",
            "value": "male",
            "confidence": 1.0
          },
          {
            "name": "glasses",
            "value": "no",
            "confidence": 1.0
          },
          {
            "name": "goatee",
            "value": "no",
            "confidence": 0.58
          },
          {
            "name": "gray hair",
            "value": "no",
            "confidence": 0.82
          },
          {
            "name": "heavy makeup",
            "value": "no",
            "confidence": 1.0
          },
          {
            "name": "high cheekbones",
            "value": "no",
            "confidence": 0.79
          },
          {
            "name": "mouth open",
            "value": "no",
            "confidence": 0.94
          },
          {
            "name": "mustache",
            "value": "no",
            "confidence": 0.53
          },
          {
            "name": "narrow eyes",
            "value": "no",
            "confidence": 0.2
          },
          {
            "name": "oval face",
            "value": "yes",
            "confidence": 0.01
          },
          {
            "name": "pale skin",
            "value": "no",
            "confidence": 0.15
          },
          {
            "name": "pitch",
            "value": "-8.65",
            "confidence": 1.0
          },
          {
            "name": "pointy nose",
            "value": "no",
            "confidence": 0.75
          },
          {
            "name": "race",
            "value": "asian",
            "confidence": 0.99
          },
          {
            "name": "receding hairline",
            "value": "no",
            "confidence": 1.0
          },
          {
            "name": "rosy cheeks",
            "value": "no",
            "confidence": 1.0
          },
          {
            "name": "sideburns",
            "value": "no",
            "confidence": 0.48
          },
          {
            "name": "straight hair",
            "value": "yes",
            "confidence": 0.03
          },
          {
            "name": "wavy hair",
            "value": "no",
            "confidence": 0.0
          },
          {
            "name": "wearing earrings",
            "value": "no",
            "confidence": 1.0
          },
          {
            "name": "wearing hat",
            "value": "no",
            "confidence": 0.84
          },
          {
            "name": "wearing lipstick",
            "value": "no",
            "confidence": 1.0
          },
          {
            "name": "wearing necklace",
            "value": "no",
            "confidence": 0.88
          },
          {
            "name": "wearing necktie",
            "value": "no",
            "confidence": 0.12
          },
          {
            "name": "yaw",
            "value": "6.78",
            "confidence": 1.0
          },
          {
            "name": "young",
            "value": "yes",
            "confidence": 0.52
          }
        ],
        "person_id": "",
        "appearance_id": 0,
        "start": "00:00:00",
        "duration": "00:00:00"
      }
    ],
    "tags": null,
    "original_filename": "https://raw.githubusercontent.com/sarkrui/Hairstyle60k/master/Dataset/Jimmy_Lin_Hairstyle/IMG_10.jpg",
    "duration": "00:00:00"
  },
  "recognize": null
}