{
  "media": {
    "media_uuid": "73514e7a-cba5-417c-a43c-e9c6d8aa6f33",
    "checksum": "0df0ec9348f2237146ef182aa2423f8677cff83a62b07d1d62c0c557fd7ada14",
    "faces": [
      {
        "face_uuid": "5354b2d3-1535-11e9-99c4-0cc47a6c4dbd",
        "media_uuid": "73514e7a-cba5-417c-a43c-e9c6d8aa6f33",
        "x": 496.84,
        "y": 505.92,
        "width": 364.75,
        "height": 513.41,
        "angle": 6.3486,
        "detection_score": 1.0,
        "points": [
          {
            "x": 383.0,
            "y": 453.91,
            "type": 512,
            "name": "basic eye left"
          },
          {
            "x": 571.9,
            "y": 432.89,
            "type": 768,
            "name": "basic eye right"
          },
          {
            "x": 342.9,
            "y": 458.78,
            "type": 1024,
            "name": "basic eye left outer"
          },
          {
            "x": 612.26,
            "y": 428.87,
            "type": 1280,
            "name": "basic eye right outer"
          },
          {
            "x": 423.14,
            "y": 451.75,
            "type": 1536,
            "name": "basic eye left inner"
          },
          {
            "x": 532.37,
            "y": 439.59,
            "type": 1792,
            "name": "basic eye right inner"
          },
          {
            "x": 395.93,
            "y": 621.94,
            "type": 2048,
            "name": "basic mouth left"
          },
          {
            "x": 584.93,
            "y": 603.34,
            "type": 2304,
            "name": "basic mouth right"
          },
          {
            "x": 487.5,
            "y": 560.81,
            "type": 2560,
            "name": "basic nose tip"
          },
          {
            "x": 491.19,
            "y": 619.95,
            "type": 2816,
            "name": "basic mouth center"
          },
          {
            "x": 491.19,
            "y": 619.95,
            "type": 3072,
            "name": "basic eyebrow left"
          },
          {
            "x": 491.19,
            "y": 619.95,
            "type": 3328,
            "name": "basic eyebrow left inner corner"
          },
          {
            "x": 491.19,
            "y": 619.95,
            "type": 3584,
            "name": "basic eyebrow left outer corner"
          },
          {
            "x": 491.19,
            "y": 619.95,
            "type": 3840,
            "name": "basic eyebrow right"
          },
          {
            "x": 491.19,
            "y": 619.95,
            "type": 4096,
            "name": "basic eyebrow right inner corner"
          },
          {
            "x": 491.19,
            "y": 619.95,
            "type": 4352,
            "name": "basic eyebrow right outer corner"
          },
          {
            "x": 491.19,
            "y": 619.95,
            "type": 4608,
            "name": "basic chin bottom"
          },
          {
            "x": 491.19,
            "y": 619.95,
            "type": 4864,
            "name": "basic chin left"
          },
          {
            "x": 491.19,
            "y": 619.95,
            "type": 5120,
            "name": "basic chin right"
          },
          {
            "x": 435.56,
            "y": 561.56,
            "type": 5376,
            "name": "basic nose left"
          },
          {
            "x": 539.04,
            "y": 550.74,
            "type": 5632,
            "name": "basic nose right"
          }
        ],
        "user_points": null,
        "tags": [
          {
            "name": "5oclock shadow",
            "value": "no",
            "confidence": 1.0
          },
          {
            "name": "age",
            "value": "32",
            "confidence": 0.6
          },
          {
            "name": "arched eyebrows",
            "value": "yes",
            "confidence": 0.11
          },
          {
            "name": "attractive",
            "value": "yes",
            "confidence": 1.0
          },
          {
            "name": "bags under eyes",
            "value": "no",
            "confidence": 0.59
          },
          {
            "name": "bald",
            "value": "no",
            "confidence": 1.0
          },
          {
            "name": "bangs",
            "value": "yes",
            "confidence": 0.85
          },
          {
            "name": "beard",
            "value": "no",
            "confidence": 1.0
          },
          {
            "name": "big lips",
            "value": "no",
            "confidence": 0.12
          },
          {
            "name": "big nose",
            "value": "no",
            "confidence": 0.78
          },
          {
            "name": "black hair",
            "value": "no",
            "confidence": 1.0
          },
          {
            "name": "blond hair",
            "value": "yes",
            "confidence": 0.91
          },
          {
            "name": "blurry",
            "value": "no",
            "confidence": 1.0
          },
          {
            "name": "brown hair",
            "value": "no",
            "confidence": 0.47
          },
          {
            "name": "bushy eyebrows",
            "value": "no",
            "confidence": 0.31
          },
          {
            "name": "chubby",
            "value": "no",
            "confidence": 1.0
          },
          {
            "name": "double chin",
            "value": "no",
            "confidence": 1.0
          },
          {
            "name": "expression",
            "value": "smile",
            "confidence": 0.94
          },
          {
            "name": "gender",
            "value": "female",
            "confidence": 0.91
          },
          {
            "name": "glasses",
            "value": "no",
            "confidence": 1.0
          },
          {
            "name": "goatee",
            "value": "no",
            "confidence": 1.0
          },
          {
            "name": "gray hair",
            "value": "no",
            "confidence": 0.71
          },
          {
            "name": "heavy makeup",
            "value": "yes",
            "confidence": 1.0
          },
          {
            "name": "high cheekbones",
            "value": "yes",
            "confidence": 1.0
          },
          {
            "name": "mouth open",
            "value": "yes",
            "confidence": 0.97
          },
          {
            "name": "mustache",
            "value": "no",
            "confidence": 0.97
          },
          {
            "name": "narrow eyes",
            "value": "no",
            "confidence": 0.29
          },
          {
            "name": "oval face",
            "value": "yes",
            "confidence": 0.99
          },
          {
            "name": "pale skin",
            "value": "no",
            "confidence": 0.12
          },
          {
            "name": "pitch",
            "value": "-9.88",
            "confidence": 1.0
          },
          {
            "name": "pointy nose",
            "value": "yes",
            "confidence": 0.33
          },
          {
            "name": "race",
            "value": "white",
            "confidence": 1.0
          },
          {
            "name": "receding hairline",
            "value": "no",
            "confidence": 1.0
          },
          {
            "name": "rosy cheeks",
            "value": "yes",
            "confidence": 0.78
          },
          {
            "name": "sideburns",
            "value": "no",
            "confidence": 0.97
          },
          {
            "name": "straight hair",
            "value": "yes",
            "confidence": 0.27
          },
          {
            "name": "wavy hair",
            "value": "no",
            "confidence": 0.02
          },
          {
            "name": "wearing earrings",
            "value": "yes",
            "confidence": 0.1
          },
          {
            "name": "wearing hat",
            "value": "no",
            "confidence": 0.82
          },
          {
            "name": "wearing lipstick",
            "value": "yes",
            "confidence": 0.98
          },
          {
            "name": "wearing necklace",
            "value": "yes",
            "confidence": 0.23
          },
          {
            "name": "wearing necktie",
            "value": "no",
            "confidence": 0.88
          },
          {
            "name": "yaw",
            "value": "-0.59",
            "confidence": 1.0
          },
          {
            "name": "young",
            "value": "yes",
            "confidence": 0.62
          }
        ],
        "person_id": "",
        "appearance_id": 0,
        "start": "00:00:00",
        "duration": "00:00:00"
      }
    ],
    "tags": null,
    "original_filename": "https://raw.githubusercontent.com/sarkrui/Hairstyle60k/master/Dataset/Layered_Hair/IMG_20.jpg",
    "duration": "00:00:00"
  },
  "recognize": null
}