{
  "media": {
    "media_uuid": "90f856bf-838e-44b8-a29c-1494b371b9c8",
    "checksum": "d149e0ffc60584abac4aa422b841ea8df21c57cce4bc91bf6ac317aad4eb91c9",
    "faces": [
      {
        "face_uuid": "49cfb412-1535-11e9-99c4-0cc47a6c4dbd",
        "media_uuid": "90f856bf-838e-44b8-a29c-1494b371b9c8",
        "x": 247.0,
        "y": 140.5,
        "width": 137.08,
        "height": 191.35,
        "angle": -1.1715,
        "detection_score": 1.0,
        "points": [
          {
            "x": 218.04,
            "y": 123.71,
            "type": 512,
            "name": "basic eye left"
          },
          {
            "x": 284.93,
            "y": 125.07,
            "type": 768,
            "name": "basic eye right"
          },
          {
            "x": 202.96,
            "y": 123.67,
            "type": 1024,
            "name": "basic eye left outer"
          },
          {
            "x": 298.61,
            "y": 125.54,
            "type": 1280,
            "name": "basic eye right outer"
          },
          {
            "x": 233.07,
            "y": 124.47,
            "type": 1536,
            "name": "basic eye left inner"
          },
          {
            "x": 271.47,
            "y": 125.34,
            "type": 1792,
            "name": "basic eye right inner"
          },
          {
            "x": 220.87,
            "y": 190.78,
            "type": 2048,
            "name": "basic mouth left"
          },
          {
            "x": 283.21,
            "y": 191.05,
            "type": 2304,
            "name": "basic mouth right"
          },
          {
            "x": 258.49,
            "y": 166.66,
            "type": 2560,
            "name": "basic nose tip"
          },
          {
            "x": 252.68,
            "y": 192.53,
            "type": 2816,
            "name": "basic mouth center"
          },
          {
            "x": 252.68,
            "y": 192.53,
            "type": 3072,
            "name": "basic eyebrow left"
          },
          {
            "x": 252.68,
            "y": 192.53,
            "type": 3328,
            "name": "basic eyebrow left inner corner"
          },
          {
            "x": 252.68,
            "y": 192.53,
            "type": 3584,
            "name": "basic eyebrow left outer corner"
          },
          {
            "x": 252.68,
            "y": 192.53,
            "type": 3840,
            "name": "basic eyebrow right"
          },
          {
            "x": 252.68,
            "y": 192.53,
            "type": 4096,
            "name": "basic eyebrow right inner corner"
          },
          {
            "x": 252.68,
            "y": 192.53,
            "type": 4352,
            "name": "basic eyebrow right outer corner"
          },
          {
            "x": 252.68,
            "y": 192.53,
            "type": 4608,
            "name": "basic chin bottom"
          },
          {
            "x": 252.68,
            "y": 192.53,
            "type": 4864,
            "name": "basic chin left"
          },
          {
            "x": 252.68,
            "y": 192.53,
            "type": 5120,
            "name": "basic chin right"
          },
          {
            "x": 237.09,
            "y": 165.76,
            "type": 5376,
            "name": "basic nose left"
          },
          {
            "x": 273.29,
            "y": 166.29,
            "type": 5632,
            "name": "basic nose right"
          }
        ],
        "user_points": null,
        "tags": [
          {
            "name": "5oclock shadow",
            "value": "no",
            "confidence": 1.0
          },
          {
            "name": "age",
            "value": "27",
            "confidence": 0.6
          },
          {
            "name": "arched eyebrows",
            "value": "yes",
            "confidence": 0.15
          },
          {
            "name": "attractive",
            "value": "yes",
            "confidence": 1.0
          },
          {
            "name": "bags under eyes",
            "value": "no",
            "confidence": 0.75
          },
          {
            "name": "bald",
            "value": "no",
            "confidence": 1.0
          },
          {
            "name": "bangs",
            "value": "no",
            "confidence": 0.84
          },
          {
            "name": "beard",
            "value": "no",
            "confidence": 1.0
          },
          {
            "name": "big lips",
            "value": "no",
            "confidence": 0.3
          },
          {
            "name": "big nose",
            "value": "no",
            "confidence": 1.0
          },
          {
            "name": "black hair",
            "value": "no",
            "confidence": 0.94
          },
          {
            "name": "blond hair",
            "value": "no",
            "confidence": 0.04
          },
          {
            "name": "blurry",
            "value": "no",
            "confidence": 0.85
          },
          {
            "name": "brown hair",
            "value": "yes",
            "confidence": 0.59
          },
          {
            "name": "bushy eyebrows",
            "value": "no",
            "confidence": 0.68
          },
          {
            "name": "chubby",
            "value": "no",
            "confidence": 1.0
          },
          {
            "name": "double chin",
            "value": "no",
            "confidence": 1.0
          },
          {
            "name": "expression",
            "value": "smile",
            "confidence": 1.0
          },
          {
            "name": "gender",
            "value": "female",
            "confidence": 0.98
          },
          {
            "name": "glasses",
            "value": "no",
            "confidence": 1.0
          },
          {
            "name": "goatee",
            "value": "no",
            "confidence": 1.0
          },
          {
            "name": "gray hair",
            "value": "no",
            "confidence": 1.0
          },
          {
            "name": "heavy makeup",
            "value": "yes",
            "confidence": 0.85
          },
          {
            "name": "high cheekbones",
            "value": "yes",
            "confidence": 0.91
          },
          {
            "name": "mouth open",
            "value": "yes",
            "confidence": 1.0
          },
          {
            "name": "mustache",
            "value": "no",
            "confidence": 1.0
          },
          {
            "name": "narrow eyes",
            "value": "no",
            "confidence": 0.02
          },
          {
            "name": "oval face",
            "value": "yes",
            "confidence": 0.77
          },
          {
            "name": "pale skin",
            "value": "yes",
            "confidence": 0.13
          },
          {
            "name": "pitch",
            "value": "-9.1",
            "confidence": 1.0
          },
          {
            "name": "pointy nose",
            "value": "yes",
            "confidence": 0.15
          },
          {
            "name": "race",
            "value": "white",
            "confidence": 1.0
          },
          {
            "name": "receding hairline",
            "value": "no",
            "confidence": 0.88
          },
          {
            "name": "rosy cheeks",
            "value": "yes",
            "confidence": 0.07
          },
          {
            "name": "sideburns",
            "value": "no",
            "confidence": 1.0
          },
          {
            "name": "straight hair",
            "value": "yes",
            "confidence": 0.33
          },
          {
            "name": "wavy hair",
            "value": "yes",
            "confidence": 0.05
          },
          {
            "name": "wearing earrings",
            "value": "no",
            "confidence": 0.37
          },
          {
            "name": "wearing hat",
            "value": "no",
            "confidence": 1.0
          },
          {
            "name": "wearing lipstick",
            "value": "yes",
            "confidence": 1.0
          },
          {
            "name": "wearing necklace",
            "value": "no",
            "confidence": 0.16
          },
          {
            "name": "wearing necktie",
            "value": "no",
            "confidence": 0.87
          },
          {
            "name": "yaw",
            "value": "-0.44",
            "confidence": 1.0
          },
          {
            "name": "young",
            "value": "yes",
            "confidence": 0.82
          }
        ],
        "person_id": "",
        "appearance_id": 0,
        "start": "00:00:00",
        "duration": "00:00:00"
      }
    ],
    "tags": null,
    "original_filename": "https://raw.githubusercontent.com/sarkrui/Hairstyle60k/master/Dataset/Layered_Hair/IMG_11.jpg",
    "duration": "00:00:00"
  },
  "recognize": null
}