{
  "media": {
    "media_uuid": "2030ae59-bc11-4105-9959-a2612d6894bf",
    "checksum": "de129a0b45a643e01ef8b6151616c54358c0cebef5df36b0945397842284abb6",
    "faces": [
      {
        "face_uuid": "41de5993-1535-11e9-99c4-0cc47a6c4dbd",
        "media_uuid": "2030ae59-bc11-4105-9959-a2612d6894bf",
        "x": 236.0,
        "y": 170.0,
        "width": 133.7,
        "height": 185.28,
        "angle": 3.9057,
        "detection_score": 1.0,
        "points": [
          {
            "x": 197.92,
            "y": 157.02,
            "type": 512,
            "name": "basic eye left"
          },
          {
            "x": 263.49,
            "y": 152.55,
            "type": 768,
            "name": "basic eye right"
          },
          {
            "x": 183.96,
            "y": 158.11,
            "type": 1024,
            "name": "basic eye left outer"
          },
          {
            "x": 277.47,
            "y": 151.71,
            "type": 1280,
            "name": "basic eye right outer"
          },
          {
            "x": 211.83,
            "y": 157.48,
            "type": 1536,
            "name": "basic eye left inner"
          },
          {
            "x": 249.85,
            "y": 154.89,
            "type": 1792,
            "name": "basic eye right inner"
          },
          {
            "x": 210.63,
            "y": 225.89,
            "type": 2048,
            "name": "basic mouth left"
          },
          {
            "x": 260.64,
            "y": 222.88,
            "type": 2304,
            "name": "basic mouth right"
          },
          {
            "x": 234.14,
            "y": 197.89,
            "type": 2560,
            "name": "basic nose tip"
          },
          {
            "x": 235.79,
            "y": 225.45,
            "type": 2816,
            "name": "basic mouth center"
          },
          {
            "x": 235.79,
            "y": 225.45,
            "type": 3072,
            "name": "basic eyebrow left"
          },
          {
            "x": 235.79,
            "y": 225.45,
            "type": 3328,
            "name": "basic eyebrow left inner corner"
          },
          {
            "x": 235.79,
            "y": 225.45,
            "type": 3584,
            "name": "basic eyebrow left outer corner"
          },
          {
            "x": 235.79,
            "y": 225.45,
            "type": 3840,
            "name": "basic eyebrow right"
          },
          {
            "x": 235.79,
            "y": 225.45,
            "type": 4096,
            "name": "basic eyebrow right inner corner"
          },
          {
            "x": 235.79,
            "y": 225.45,
            "type": 4352,
            "name": "basic eyebrow right outer corner"
          },
          {
            "x": 235.79,
            "y": 225.45,
            "type": 4608,
            "name": "basic chin bottom"
          },
          {
            "x": 235.79,
            "y": 225.45,
            "type": 4864,
            "name": "basic chin left"
          },
          {
            "x": 235.79,
            "y": 225.45,
            "type": 5120,
            "name": "basic chin right"
          },
          {
            "x": 217.99,
            "y": 200.01,
            "type": 5376,
            "name": "basic nose left"
          },
          {
            "x": 250.08,
            "y": 198.06,
            "type": 5632,
            "name": "basic nose right"
          }
        ],
        "user_points": null,
        "tags": [
          {
            "name": "5oclock shadow",
            "value": "no",
            "confidence": 0.98
          },
          {
            "name": "age",
            "value": "22",
            "confidence": 0.6
          },
          {
            "name": "arched eyebrows",
            "value": "yes",
            "confidence": 0.05
          },
          {
            "name": "attractive",
            "value": "yes",
            "confidence": 0.4
          },
          {
            "name": "bags under eyes",
            "value": "no",
            "confidence": 0.87
          },
          {
            "name": "bald",
            "value": "no",
            "confidence": 0.91
          },
          {
            "name": "bangs",
            "value": "no",
            "confidence": 0.87
          },
          {
            "name": "beard",
            "value": "no",
            "confidence": 0.92
          },
          {
            "name": "big lips",
            "value": "no",
            "confidence": 0.18
          },
          {
            "name": "big nose",
            "value": "no",
            "confidence": 1.0
          },
          {
            "name": "black hair",
            "value": "no",
            "confidence": 0.97
          },
          {
            "name": "blond hair",
            "value": "yes",
            "confidence": 0.76
          },
          {
            "name": "blurry",
            "value": "no",
            "confidence": 0.7
          },
          {
            "name": "brown hair",
            "value": "no",
            "confidence": 0.08
          },
          {
            "name": "bushy eyebrows",
            "value": "no",
            "confidence": 0.83
          },
          {
            "name": "chubby",
            "value": "no",
            "confidence": 0.98
          },
          {
            "name": "double chin",
            "value": "no",
            "confidence": 1.0
          },
          {
            "name": "expression",
            "value": "neutral",
            "confidence": 0.86
          },
          {
            "name": "gender",
            "value": "female",
            "confidence": 0.95
          },
          {
            "name": "glasses",
            "value": "no",
            "confidence": 1.0
          },
          {
            "name": "goatee",
            "value": "no",
            "confidence": 0.81
          },
          {
            "name": "gray hair",
            "value": "no",
            "confidence": 0.86
          },
          {
            "name": "heavy makeup",
            "value": "yes",
            "confidence": 0.5
          },
          {
            "name": "high cheekbones",
            "value": "no",
            "confidence": 0.41
          },
          {
            "name": "mouth open",
            "value": "no",
            "confidence": 0.8
          },
          {
            "name": "mustache",
            "value": "no",
            "confidence": 0.89
          },
          {
            "name": "narrow eyes",
            "value": "no",
            "confidence": 0.67
          },
          {
            "name": "oval face",
            "value": "yes",
            "confidence": 0.47
          },
          {
            "name": "pale skin",
            "value": "no",
            "confidence": 0.27
          },
          {
            "name": "pitch",
            "value": "-8.29",
            "confidence": 1.0
          },
          {
            "name": "pointy nose",
            "value": "yes",
            "confidence": 0.07
          },
          {
            "name": "race",
            "value": "white",
            "confidence": 0.89
          },
          {
            "name": "receding hairline",
            "value": "no",
            "confidence": 0.67
          },
          {
            "name": "rosy cheeks",
            "value": "no",
            "confidence": 0.42
          },
          {
            "name": "sideburns",
            "value": "no",
            "confidence": 0.81
          },
          {
            "name": "straight hair",
            "value": "yes",
            "confidence": 0.73
          },
          {
            "name": "wavy hair",
            "value": "no",
            "confidence": 0.23
          },
          {
            "name": "wearing earrings",
            "value": "no",
            "confidence": 0.85
          },
          {
            "name": "wearing hat",
            "value": "no",
            "confidence": 1.0
          },
          {
            "name": "wearing lipstick",
            "value": "yes",
            "confidence": 0.75
          },
          {
            "name": "wearing necklace",
            "value": "no",
            "confidence": 0.07
          },
          {
            "name": "wearing necktie",
            "value": "no",
            "confidence": 0.88
          },
          {
            "name": "yaw",
            "value": "3.07",
            "confidence": 1.0
          },
          {
            "name": "young",
            "value": "yes",
            "confidence": 0.89
          }
        ],
        "person_id": "",
        "appearance_id": 0,
        "start": "00:00:00",
        "duration": "00:00:00"
      }
    ],
    "tags": null,
    "original_filename": "https://raw.githubusercontent.com/sarkrui/Hairstyle60k/master/Dataset/Layered_Hair/IMG_3.jpg",
    "duration": "00:00:00"
  },
  "recognize": null
}