{
  "media": {
    "media_uuid": "c3ae0e4b-6cc7-4229-9627-58097c316690",
    "checksum": "d8481c081c6c357410a8f2c90b97cd8e8224aad984e1d7f4ed0e5aaa97216dc1",
    "faces": [
      {
        "face_uuid": "4f8155f5-1535-11e9-99c4-0cc47a6c4dbd",
        "media_uuid": "c3ae0e4b-6cc7-4229-9627-58097c316690",
        "x": 188.5,
        "y": 223.0,
        "width": 178.26,
        "height": 234.5,
        "angle": -1.3715,
        "detection_score": 1.0,
        "points": [
          {
            "x": 126.56,
            "y": 200.95,
            "type": 512,
            "name": "basic eye left"
          },
          {
            "x": 207.23,
            "y": 202.88,
            "type": 768,
            "name": "basic eye right"
          },
          {
            "x": 110.37,
            "y": 200.97,
            "type": 1024,
            "name": "basic eye left outer"
          },
          {
            "x": 226.07,
            "y": 204.03,
            "type": 1280,
            "name": "basic eye right outer"
          },
          {
            "x": 142.29,
            "y": 201.71,
            "type": 1536,
            "name": "basic eye left inner"
          },
          {
            "x": 188.7,
            "y": 202.68,
            "type": 1792,
            "name": "basic eye right inner"
          },
          {
            "x": 129.49,
            "y": 284.19,
            "type": 2048,
            "name": "basic mouth left"
          },
          {
            "x": 198.25,
            "y": 286.75,
            "type": 2304,
            "name": "basic mouth right"
          },
          {
            "x": 150.19,
            "y": 251.62,
            "type": 2560,
            "name": "basic nose tip"
          },
          {
            "x": 162.66,
            "y": 286.67,
            "type": 2816,
            "name": "basic mouth center"
          },
          {
            "x": 162.66,
            "y": 286.67,
            "type": 3072,
            "name": "basic eyebrow left"
          },
          {
            "x": 162.66,
            "y": 286.67,
            "type": 3328,
            "name": "basic eyebrow left inner corner"
          },
          {
            "x": 162.66,
            "y": 286.67,
            "type": 3584,
            "name": "basic eyebrow left outer corner"
          },
          {
            "x": 162.66,
            "y": 286.67,
            "type": 3840,
            "name": "basic eyebrow right"
          },
          {
            "x": 162.66,
            "y": 286.67,
            "type": 4096,
            "name": "basic eyebrow right inner corner"
          },
          {
            "x": 162.66,
            "y": 286.67,
            "type": 4352,
            "name": "basic eyebrow right outer corner"
          },
          {
            "x": 162.66,
            "y": 286.67,
            "type": 4608,
            "name": "basic chin bottom"
          },
          {
            "x": 162.66,
            "y": 286.67,
            "type": 4864,
            "name": "basic chin left"
          },
          {
            "x": 162.66,
            "y": 286.67,
            "type": 5120,
            "name": "basic chin right"
          },
          {
            "x": 135.53,
            "y": 253.42,
            "type": 5376,
            "name": "basic nose left"
          },
          {
            "x": 178.28,
            "y": 255.1,
            "type": 5632,
            "name": "basic nose right"
          }
        ],
        "user_points": null,
        "tags": [
          {
            "name": "5oclock shadow",
            "value": "no",
            "confidence": 1.0
          },
          {
            "name": "age",
            "value": "22",
            "confidence": 0.6
          },
          {
            "name": "arched eyebrows",
            "value": "no",
            "confidence": 0.04
          },
          {
            "name": "attractive",
            "value": "yes",
            "confidence": 1.0
          },
          {
            "name": "bags under eyes",
            "value": "no",
            "confidence": 0.41
          },
          {
            "name": "bald",
            "value": "no",
            "confidence": 1.0
          },
          {
            "name": "bangs",
            "value": "yes",
            "confidence": 0.44
          },
          {
            "name": "beard",
            "value": "no",
            "confidence": 0.94
          },
          {
            "name": "big lips",
            "value": "no",
            "confidence": 0.23
          },
          {
            "name": "big nose",
            "value": "no",
            "confidence": 0.96
          },
          {
            "name": "black hair",
            "value": "no",
            "confidence": 0.94
          },
          {
            "name": "blond hair",
            "value": "yes",
            "confidence": 0.47
          },
          {
            "name": "blurry",
            "value": "no",
            "confidence": 0.9
          },
          {
            "name": "brown hair",
            "value": "yes",
            "confidence": 0.21
          },
          {
            "name": "bushy eyebrows",
            "value": "no",
            "confidence": 0.56
          },
          {
            "name": "chubby",
            "value": "no",
            "confidence": 1.0
          },
          {
            "name": "double chin",
            "value": "no",
            "confidence": 1.0
          },
          {
            "name": "expression",
            "value": "smile",
            "confidence": 1.0
          },
          {
            "name": "gender",
            "value": "female",
            "confidence": 0.97
          },
          {
            "name": "glasses",
            "value": "no",
            "confidence": 1.0
          },
          {
            "name": "goatee",
            "value": "no",
            "confidence": 1.0
          },
          {
            "name": "gray hair",
            "value": "no",
            "confidence": 1.0
          },
          {
            "name": "heavy makeup",
            "value": "yes",
            "confidence": 0.77
          },
          {
            "name": "high cheekbones",
            "value": "yes",
            "confidence": 1.0
          },
          {
            "name": "mouth open",
            "value": "yes",
            "confidence": 0.96
          },
          {
            "name": "mustache",
            "value": "no",
            "confidence": 1.0
          },
          {
            "name": "narrow eyes",
            "value": "yes",
            "confidence": 0.16
          },
          {
            "name": "oval face",
            "value": "yes",
            "confidence": 0.74
          },
          {
            "name": "pale skin",
            "value": "no",
            "confidence": 0.16
          },
          {
            "name": "pitch",
            "value": "-8.36",
            "confidence": 1.0
          },
          {
            "name": "pointy nose",
            "value": "no",
            "confidence": 0.12
          },
          {
            "name": "race",
            "value": "white",
            "confidence": 1.0
          },
          {
            "name": "receding hairline",
            "value": "no",
            "confidence": 1.0
          },
          {
            "name": "rosy cheeks",
            "value": "yes",
            "confidence": 0.08
          },
          {
            "name": "sideburns",
            "value": "no",
            "confidence": 0.93
          },
          {
            "name": "straight hair",
            "value": "yes",
            "confidence": 0.25
          },
          {
            "name": "wavy hair",
            "value": "yes",
            "confidence": 0.04
          },
          {
            "name": "wearing earrings",
            "value": "no",
            "confidence": 0.1
          },
          {
            "name": "wearing hat",
            "value": "no",
            "confidence": 0.92
          },
          {
            "name": "wearing lipstick",
            "value": "yes",
            "confidence": 0.9
          },
          {
            "name": "wearing necklace",
            "value": "yes",
            "confidence": 0.12
          },
          {
            "name": "wearing necktie",
            "value": "no",
            "confidence": 1.0
          },
          {
            "name": "yaw",
            "value": "10.45",
            "confidence": 1.0
          },
          {
            "name": "young",
            "value": "yes",
            "confidence": 0.88
          }
        ],
        "person_id": "",
        "appearance_id": 0,
        "start": "00:00:00",
        "duration": "00:00:00"
      }
    ],
    "tags": null,
    "original_filename": "https://raw.githubusercontent.com/sarkrui/Hairstyle60k/master/Dataset/Layered_Hair/IMG_16.jpg",
    "duration": "00:00:00"
  },
  "recognize": null
}