{
  "media": {
    "media_uuid": "15fbeb49-ca86-4673-bc15-312bfd182e35",
    "checksum": "280d65a700e745fd9f309575dc64ecb0989e6c114efa654433e6192d0d53873a",
    "faces": [
      {
        "face_uuid": "6a82720a-1535-11e9-99c4-0cc47a6c4dbd",
        "media_uuid": "15fbeb49-ca86-4673-bc15-312bfd182e35",
        "x": 429.09,
        "y": 464.13,
        "width": 254.81,
        "height": 351.67,
        "angle": -1.9205,
        "detection_score": 1.0,
        "points": [
          {
            "x": 341.95,
            "y": 427.83,
            "type": 512,
            "name": "basic eye left"
          },
          {
            "x": 476.21,
            "y": 432.33,
            "type": 768,
            "name": "basic eye right"
          },
          {
            "x": 313.89,
            "y": 427.02,
            "type": 1024,
            "name": "basic eye left outer"
          },
          {
            "x": 505.79,
            "y": 433.56,
            "type": 1280,
            "name": "basic eye right outer"
          },
          {
            "x": 369.42,
            "y": 431.07,
            "type": 1536,
            "name": "basic eye left inner"
          },
          {
            "x": 447.05,
            "y": 433.63,
            "type": 1792,
            "name": "basic eye right inner"
          },
          {
            "x": 354.85,
            "y": 561.46,
            "type": 2048,
            "name": "basic mouth left"
          },
          {
            "x": 459.45,
            "y": 566.29,
            "type": 2304,
            "name": "basic mouth right"
          },
          {
            "x": 397.03,
            "y": 519.04,
            "type": 2560,
            "name": "basic nose tip"
          },
          {
            "x": 406.03,
            "y": 566.43,
            "type": 2816,
            "name": "basic mouth center"
          },
          {
            "x": 406.03,
            "y": 566.43,
            "type": 3072,
            "name": "basic eyebrow left"
          },
          {
            "x": 406.03,
            "y": 566.43,
            "type": 3328,
            "name": "basic eyebrow left inner corner"
          },
          {
            "x": 406.03,
            "y": 566.43,
            "type": 3584,
            "name": "basic eyebrow left outer corner"
          },
          {
            "x": 406.03,
            "y": 566.43,
            "type": 3840,
            "name": "basic eyebrow right"
          },
          {
            "x": 406.03,
            "y": 566.43,
            "type": 4096,
            "name": "basic eyebrow right inner corner"
          },
          {
            "x": 406.03,
            "y": 566.43,
            "type": 4352,
            "name": "basic eyebrow right outer corner"
          },
          {
            "x": 406.03,
            "y": 566.43,
            "type": 4608,
            "name": "basic chin bottom"
          },
          {
            "x": 406.03,
            "y": 566.43,
            "type": 4864,
            "name": "basic chin left"
          },
          {
            "x": 406.03,
            "y": 566.43,
            "type": 5120,
            "name": "basic chin right"
          },
          {
            "x": 368.27,
            "y": 515.48,
            "type": 5376,
            "name": "basic nose left"
          },
          {
            "x": 435.74,
            "y": 518.33,
            "type": 5632,
            "name": "basic nose right"
          }
        ],
        "user_points": null,
        "tags": [
          {
            "name": "5oclock shadow",
            "value": "no",
            "confidence": 1.0
          },
          {
            "name": "age",
            "value": "24",
            "confidence": 0.6
          },
          {
            "name": "arched eyebrows",
            "value": "yes",
            "confidence": 0.41
          },
          {
            "name": "attractive",
            "value": "yes",
            "confidence": 0.18
          },
          {
            "name": "bags under eyes",
            "value": "no",
            "confidence": 0.33
          },
          {
            "name": "bald",
            "value": "no",
            "confidence": 0.55
          },
          {
            "name": "bangs",
            "value": "no",
            "confidence": 0.6
          },
          {
            "name": "beard",
            "value": "no",
            "confidence": 1.0
          },
          {
            "name": "big lips",
            "value": "yes",
            "confidence": 0.22
          },
          {
            "name": "big nose",
            "value": "no",
            "confidence": 0.36
          },
          {
            "name": "black hair",
            "value": "no",
            "confidence": 0.17
          },
          {
            "name": "blond hair",
            "value": "no",
            "confidence": 0.55
          },
          {
            "name": "blurry",
            "value": "no",
            "confidence": 0.89
          },
          {
            "name": "brown hair",
            "value": "no",
            "confidence": 0.57
          },
          {
            "name": "bushy eyebrows",
            "value": "no",
            "confidence": 0.53
          },
          {
            "name": "chubby",
            "value": "no",
            "confidence": 0.34
          },
          {
            "name": "double chin",
            "value": "no",
            "confidence": 0.51
          },
          {
            "name": "expression",
            "value": "neutral",
            "confidence": 0.09
          },
          {
            "name": "gender",
            "value": "female",
            "confidence": 1.0
          },
          {
            "name": "glasses",
            "value": "no",
            "confidence": 1.0
          },
          {
            "name": "goatee",
            "value": "no",
            "confidence": 1.0
          },
          {
            "name": "gray hair",
            "value": "no",
            "confidence": 0.54
          },
          {
            "name": "heavy makeup",
            "value": "yes",
            "confidence": 0.67
          },
          {
            "name": "high cheekbones",
            "value": "yes",
            "confidence": 0.25
          },
          {
            "name": "mouth open",
            "value": "no",
            "confidence": 0.43
          },
          {
            "name": "mustache",
            "value": "no",
            "confidence": 1.0
          },
          {
            "name": "narrow eyes",
            "value": "no",
            "confidence": 0.23
          },
          {
            "name": "oval face",
            "value": "yes",
            "confidence": 0.03
          },
          {
            "name": "pale skin",
            "value": "yes",
            "confidence": 0.06
          },
          {
            "name": "pitch",
            "value": "-8.5",
            "confidence": 1.0
          },
          {
            "name": "pointy nose",
            "value": "no",
            "confidence": 0.22
          },
          {
            "name": "race",
            "value": "white",
            "confidence": 1.0
          },
          {
            "name": "receding hairline",
            "value": "yes",
            "confidence": 0.13
          },
          {
            "name": "rosy cheeks",
            "value": "no",
            "confidence": 0.29
          },
          {
            "name": "sideburns",
            "value": "no",
            "confidence": 1.0
          },
          {
            "name": "straight hair",
            "value": "no",
            "confidence": 0.63
          },
          {
            "name": "wavy hair",
            "value": "no",
            "confidence": 0.46
          },
          {
            "name": "wearing earrings",
            "value": "yes",
            "confidence": 1.0
          },
          {
            "name": "wearing hat",
            "value": "no",
            "confidence": 0.15
          },
          {
            "name": "wearing lipstick",
            "value": "yes",
            "confidence": 0.73
          },
          {
            "name": "wearing necklace",
            "value": "yes",
            "confidence": 0.07
          },
          {
            "name": "wearing necktie",
            "value": "no",
            "confidence": 0.99
          },
          {
            "name": "yaw",
            "value": "16.52",
            "confidence": 1.0
          },
          {
            "name": "young",
            "value": "yes",
            "confidence": 0.25
          }
        ],
        "person_id": "",
        "appearance_id": 0,
        "start": "00:00:00",
        "duration": "00:00:00"
      }
    ],
    "tags": null,
    "original_filename": "https://raw.githubusercontent.com/sarkrui/Hairstyle60k/master/Dataset/Liberty_Spikes_Hair/IMG_18.jpg",
    "duration": "00:00:00"
  },
  "recognize": null
}