{
  "media": {
    "media_uuid": "cfc06cfa-4265-45e9-8943-207bb286510f",
    "checksum": "fa733830bcfceac2f73f82998925ac0bfe81f8fb3ecc92a2b66f90fe0c4b5cf0",
    "faces": [
      {
        "face_uuid": "6ec178a0-1535-11e9-99c4-0cc47a6c4dbd",
        "media_uuid": "cfc06cfa-4265-45e9-8943-207bb286510f",
        "x": 222.0,
        "y": 172.5,
        "width": 129.73,
        "height": 168.84,
        "angle": 0.6653,
        "detection_score": 1.0,
        "points": [
          {
            "x": 177.54,
            "y": 159.63,
            "type": 512,
            "name": "basic eye left"
          },
          {
            "x": 236.81,
            "y": 158.95,
            "type": 768,
            "name": "basic eye right"
          },
          {
            "x": 165.46,
            "y": 159.83,
            "type": 1024,
            "name": "basic eye left outer"
          },
          {
            "x": 250.51,
            "y": 159.02,
            "type": 1280,
            "name": "basic eye right outer"
          },
          {
            "x": 189.42,
            "y": 160.25,
            "type": 1536,
            "name": "basic eye left inner"
          },
          {
            "x": 223.11,
            "y": 159.76,
            "type": 1792,
            "name": "basic eye right inner"
          },
          {
            "x": 181.53,
            "y": 228.53,
            "type": 2048,
            "name": "basic mouth left"
          },
          {
            "x": 230.17,
            "y": 229.51,
            "type": 2304,
            "name": "basic mouth right"
          },
          {
            "x": 198.05,
            "y": 200.98,
            "type": 2560,
            "name": "basic nose tip"
          },
          {
            "x": 205.12,
            "y": 229.6,
            "type": 2816,
            "name": "basic mouth center"
          },
          {
            "x": 205.12,
            "y": 229.6,
            "type": 3072,
            "name": "basic eyebrow left"
          },
          {
            "x": 205.12,
            "y": 229.6,
            "type": 3328,
            "name": "basic eyebrow left inner corner"
          },
          {
            "x": 205.12,
            "y": 229.6,
            "type": 3584,
            "name": "basic eyebrow left outer corner"
          },
          {
            "x": 205.12,
            "y": 229.6,
            "type": 3840,
            "name": "basic eyebrow right"
          },
          {
            "x": 205.12,
            "y": 229.6,
            "type": 4096,
            "name": "basic eyebrow right inner corner"
          },
          {
            "x": 205.12,
            "y": 229.6,
            "type": 4352,
            "name": "basic eyebrow right outer corner"
          },
          {
            "x": 205.12,
            "y": 229.6,
            "type": 4608,
            "name": "basic chin bottom"
          },
          {
            "x": 205.12,
            "y": 229.6,
            "type": 4864,
            "name": "basic chin left"
          },
          {
            "x": 205.12,
            "y": 229.6,
            "type": 5120,
            "name": "basic chin right"
          },
          {
            "x": 186.34,
            "y": 202.58,
            "type": 5376,
            "name": "basic nose left"
          },
          {
            "x": 218.2,
            "y": 203.08,
            "type": 5632,
            "name": "basic nose right"
          }
        ],
        "user_points": null,
        "tags": [
          {
            "name": "5oclock shadow",
            "value": "yes",
            "confidence": 0.38
          },
          {
            "name": "age",
            "value": "25",
            "confidence": 0.6
          },
          {
            "name": "arched eyebrows",
            "value": "no",
            "confidence": 1.0
          },
          {
            "name": "attractive",
            "value": "no",
            "confidence": 0.72
          },
          {
            "name": "bags under eyes",
            "value": "no",
            "confidence": 0.41
          },
          {
            "name": "bald",
            "value": "no",
            "confidence": 1.0
          },
          {
            "name": "bangs",
            "value": "no",
            "confidence": 0.41
          },
          {
            "name": "beard",
            "value": "yes",
            "confidence": 0.17
          },
          {
            "name": "big lips",
            "value": "no",
            "confidence": 0.41
          },
          {
            "name": "big nose",
            "value": "no",
            "confidence": 0.45
          },
          {
            "name": "black hair",
            "value": "no",
            "confidence": 0.58
          },
          {
            "name": "blond hair",
            "value": "no",
            "confidence": 0.81
          },
          {
            "name": "blurry",
            "value": "yes",
            "confidence": 0.19
          },
          {
            "name": "brown hair",
            "value": "yes",
            "confidence": 0.43
          },
          {
            "name": "bushy eyebrows",
            "value": "no",
            "confidence": 0.06
          },
          {
            "name": "chubby",
            "value": "no",
            "confidence": 0.87
          },
          {
            "name": "double chin",
            "value": "no",
            "confidence": 1.0
          },
          {
            "name": "expression",
            "value": "neutral",
            "confidence": 0.9
          },
          {
            "name": "gender",
            "value": "male",
            "confidence": 1.0
          },
          {
            "name": "glasses",
            "value": "no",
            "confidence": 1.0
          },
          {
            "name": "goatee",
            "value": "no",
            "confidence": 0.23
          },
          {
            "name": "gray hair",
            "value": "no",
            "confidence": 0.95
          },
          {
            "name": "heavy makeup",
            "value": "no",
            "confidence": 0.97
          },
          {
            "name": "high cheekbones",
            "value": "no",
            "confidence": 0.77
          },
          {
            "name": "mouth open",
            "value": "no",
            "confidence": 0.98
          },
          {
            "name": "mustache",
            "value": "no",
            "confidence": 0.24
          },
          {
            "name": "narrow eyes",
            "value": "no",
            "confidence": 0.04
          },
          {
            "name": "oval face",
            "value": "no",
            "confidence": 0.62
          },
          {
            "name": "pale skin",
            "value": "no",
            "confidence": 0.53
          },
          {
            "name": "pitch",
            "value": "-6.78",
            "confidence": 1.0
          },
          {
            "name": "pointy nose",
            "value": "no",
            "confidence": 0.26
          },
          {
            "name": "race",
            "value": "asian",
            "confidence": 0.94
          },
          {
            "name": "receding hairline",
            "value": "no",
            "confidence": 0.95
          },
          {
            "name": "rosy cheeks",
            "value": "no",
            "confidence": 1.0
          },
          {
            "name": "sideburns",
            "value": "no",
            "confidence": 0.3
          },
          {
            "name": "straight hair",
            "value": "no",
            "confidence": 0.08
          },
          {
            "name": "wavy hair",
            "value": "no",
            "confidence": 0.23
          },
          {
            "name": "wearing earrings",
            "value": "no",
            "confidence": 0.94
          },
          {
            "name": "wearing hat",
            "value": "no",
            "confidence": 0.55
          },
          {
            "name": "wearing lipstick",
            "value": "no",
            "confidence": 1.0
          },
          {
            "name": "wearing necklace",
            "value": "no",
            "confidence": 0.88
          },
          {
            "name": "wearing necktie",
            "value": "no",
            "confidence": 0.56
          },
          {
            "name": "yaw",
            "value": "35.74",
            "confidence": 1.0
          },
          {
            "name": "young",
            "value": "yes",
            "confidence": 0.45
          }
        ],
        "person_id": "",
        "appearance_id": 0,
        "start": "00:00:00",
        "duration": "00:00:00"
      }
    ],
    "tags": null,
    "original_filename": "https://raw.githubusercontent.com/sarkrui/Hairstyle60k/master/Dataset/Liberty_Spikes_Hair/IMG_22.jpg",
    "duration": "00:00:00"
  },
  "recognize": null
}