{
  "media": {
    "media_uuid": "6ba51799-eccd-40f3-9011-d7778f789afb",
    "checksum": "66727363d16d141b11261011a226ebfd3ecb69ac15a8562b9ed111d6d17a7284",
    "faces": [
      {
        "face_uuid": "5a2c5f3b-1535-11e9-99c4-0cc47a6c4dbd",
        "media_uuid": "6ba51799-eccd-40f3-9011-d7778f789afb",
        "x": 408.25,
        "y": 243.23,
        "width": 97.04,
        "height": 117.99,
        "angle": 0.3833,
        "detection_score": 1.0,
        "points": [
          {
            "x": 391.25,
            "y": 233.27,
            "type": 512,
            "name": "basic eye left"
          },
          {
            "x": 434.21,
            "y": 232.99,
            "type": 768,
            "name": "basic eye right"
          },
          {
            "x": 381.51,
            "y": 234.27,
            "type": 1024,
            "name": "basic eye left outer"
          },
          {
            "x": 442.51,
            "y": 233.8,
            "type": 1280,
            "name": "basic eye right outer"
          },
          {
            "x": 400.78,
            "y": 233.06,
            "type": 1536,
            "name": "basic eye left inner"
          },
          {
            "x": 426.16,
            "y": 232.96,
            "type": 1792,
            "name": "basic eye right inner"
          },
          {
            "x": 399.09,
            "y": 279.86,
            "type": 2048,
            "name": "basic mouth left"
          },
          {
            "x": 430.76,
            "y": 279.63,
            "type": 2304,
            "name": "basic mouth right"
          },
          {
            "x": 421.0,
            "y": 249.54,
            "type": 2560,
            "name": "basic nose tip"
          },
          {
            "x": 415.64,
            "y": 278.95,
            "type": 2816,
            "name": "basic mouth center"
          },
          {
            "x": 415.64,
            "y": 278.95,
            "type": 3072,
            "name": "basic eyebrow left"
          },
          {
            "x": 415.64,
            "y": 278.95,
            "type": 3328,
            "name": "basic eyebrow left inner corner"
          },
          {
            "x": 415.64,
            "y": 278.95,
            "type": 3584,
            "name": "basic eyebrow left outer corner"
          },
          {
            "x": 415.64,
            "y": 278.95,
            "type": 3840,
            "name": "basic eyebrow right"
          },
          {
            "x": 415.64,
            "y": 278.95,
            "type": 4096,
            "name": "basic eyebrow right inner corner"
          },
          {
            "x": 415.64,
            "y": 278.95,
            "type": 4352,
            "name": "basic eyebrow right outer corner"
          },
          {
            "x": 415.64,
            "y": 278.95,
            "type": 4608,
            "name": "basic chin bottom"
          },
          {
            "x": 415.64,
            "y": 278.95,
            "type": 4864,
            "name": "basic chin left"
          },
          {
            "x": 415.64,
            "y": 278.95,
            "type": 5120,
            "name": "basic chin right"
          },
          {
            "x": 406.91,
            "y": 256.94,
            "type": 5376,
            "name": "basic nose left"
          },
          {
            "x": 428.12,
            "y": 256.75,
            "type": 5632,
            "name": "basic nose right"
          }
        ],
        "user_points": null,
        "tags": [
          {
            "name": "5oclock shadow",
            "value": "yes",
            "confidence": 0.09
          },
          {
            "name": "age",
            "value": "43",
            "confidence": 0.6
          },
          {
            "name": "arched eyebrows",
            "value": "no",
            "confidence": 1.0
          },
          {
            "name": "attractive",
            "value": "no",
            "confidence": 1.0
          },
          {
            "name": "bags under eyes",
            "value": "no",
            "confidence": 0.92
          },
          {
            "name": "bald",
            "value": "no",
            "confidence": 0.29
          },
          {
            "name": "bangs",
            "value": "no",
            "confidence": 0.52
          },
          {
            "name": "beard",
            "value": "yes",
            "confidence": 0.6
          },
          {
            "name": "big lips",
            "value": "no",
            "confidence": 0.3
          },
          {
            "name": "big nose",
            "value": "no",
            "confidence": 0.2
          },
          {
            "name": "black hair",
            "value": "no",
            "confidence": 0.52
          },
          {
            "name": "blond hair",
            "value": "no",
            "confidence": 0.43
          },
          {
            "name": "blurry",
            "value": "yes",
            "confidence": 0.28
          },
          {
            "name": "brown hair",
            "value": "no",
            "confidence": 0.5
          },
          {
            "name": "bushy eyebrows",
            "value": "no",
            "confidence": 0.03
          },
          {
            "name": "chubby",
            "value": "no",
            "confidence": 0.21
          },
          {
            "name": "double chin",
            "value": "no",
            "confidence": 0.65
          },
          {
            "name": "expression",
            "value": "neutral",
            "confidence": 0.94
          },
          {
            "name": "gender",
            "value": "male",
            "confidence": 1.0
          },
          {
            "name": "glasses",
            "value": "no",
            "confidence": 1.0
          },
          {
            "name": "goatee",
            "value": "yes",
            "confidence": 0.43
          },
          {
            "name": "gray hair",
            "value": "no",
            "confidence": 0.5
          },
          {
            "name": "heavy makeup",
            "value": "no",
            "confidence": 0.94
          },
          {
            "name": "high cheekbones",
            "value": "no",
            "confidence": 0.89
          },
          {
            "name": "mouth open",
            "value": "no",
            "confidence": 0.01
          },
          {
            "name": "mustache",
            "value": "yes",
            "confidence": 0.38
          },
          {
            "name": "narrow eyes",
            "value": "no",
            "confidence": 0.5
          },
          {
            "name": "oval face",
            "value": "no",
            "confidence": 0.01
          },
          {
            "name": "pale skin",
            "value": "no",
            "confidence": 0.46
          },
          {
            "name": "pitch",
            "value": "-8.14",
            "confidence": 1.0
          },
          {
            "name": "pointy nose",
            "value": "no",
            "confidence": 0.9
          },
          {
            "name": "race",
            "value": "white",
            "confidence": 1.0
          },
          {
            "name": "receding hairline",
            "value": "no",
            "confidence": 0.42
          },
          {
            "name": "rosy cheeks",
            "value": "no",
            "confidence": 1.0
          },
          {
            "name": "sideburns",
            "value": "yes",
            "confidence": 0.22
          },
          {
            "name": "straight hair",
            "value": "no",
            "confidence": 0.61
          },
          {
            "name": "wavy hair",
            "value": "no",
            "confidence": 0.45
          },
          {
            "name": "wearing earrings",
            "value": "no",
            "confidence": 0.63
          },
          {
            "name": "wearing hat",
            "value": "yes",
            "confidence": 0.01
          },
          {
            "name": "wearing lipstick",
            "value": "no",
            "confidence": 1.0
          },
          {
            "name": "wearing necklace",
            "value": "no",
            "confidence": 0.86
          },
          {
            "name": "wearing necktie",
            "value": "no",
            "confidence": 0.71
          },
          {
            "name": "yaw",
            "value": "-23.78",
            "confidence": 1.0
          },
          {
            "name": "young",
            "value": "yes",
            "confidence": 0.25
          }
        ],
        "person_id": "",
        "appearance_id": 0,
        "start": "00:00:00",
        "duration": "00:00:00"
      }
    ],
    "tags": null,
    "original_filename": "https://raw.githubusercontent.com/sarkrui/Hairstyle60k/master/Dataset/Liberty_Spikes_Hair/IMG_4.jpg",
    "duration": "00:00:00"
  },
  "recognize": null
}