{
  "media": {
    "media_uuid": "e9ce5b73-d27d-4816-a33a-128fe6398ef5",
    "checksum": "5ad30c0528b2e5ff0066420c3ba28b95fd289f7da5853bf9a2b3f944c665f213",
    "faces": [
      {
        "face_uuid": "64bec8a0-1535-11e9-99c4-0cc47a6c4dbd",
        "media_uuid": "e9ce5b73-d27d-4816-a33a-128fe6398ef5",
        "x": 455.5,
        "y": 55.5,
        "width": 29.57,
        "height": 41.02,
        "angle": -2.6479,
        "detection_score": 1.0,
        "points": [
          {
            "x": 446.33,
            "y": 50.85,
            "type": 512,
            "name": "basic eye left"
          },
          {
            "x": 460.08,
            "y": 51.48,
            "type": 768,
            "name": "basic eye right"
          },
          {
            "x": 443.48,
            "y": 50.75,
            "type": 1024,
            "name": "basic eye left outer"
          },
          {
            "x": 463.35,
            "y": 51.71,
            "type": 1280,
            "name": "basic eye right outer"
          },
          {
            "x": 449.15,
            "y": 50.99,
            "type": 1536,
            "name": "basic eye left inner"
          },
          {
            "x": 456.83,
            "y": 51.31,
            "type": 1792,
            "name": "basic eye right inner"
          },
          {
            "x": 447.24,
            "y": 67.33,
            "type": 2048,
            "name": "basic mouth left"
          },
          {
            "x": 458.25,
            "y": 67.65,
            "type": 2304,
            "name": "basic mouth right"
          },
          {
            "x": 450.47,
            "y": 60.67,
            "type": 2560,
            "name": "basic nose tip"
          },
          {
            "x": 452.56,
            "y": 67.55,
            "type": 2816,
            "name": "basic mouth center"
          },
          {
            "x": 452.56,
            "y": 67.55,
            "type": 3072,
            "name": "basic eyebrow left"
          },
          {
            "x": 452.56,
            "y": 67.55,
            "type": 3328,
            "name": "basic eyebrow left inner corner"
          },
          {
            "x": 452.56,
            "y": 67.55,
            "type": 3584,
            "name": "basic eyebrow left outer corner"
          },
          {
            "x": 452.56,
            "y": 67.55,
            "type": 3840,
            "name": "basic eyebrow right"
          },
          {
            "x": 452.56,
            "y": 67.55,
            "type": 4096,
            "name": "basic eyebrow right inner corner"
          },
          {
            "x": 452.56,
            "y": 67.55,
            "type": 4352,
            "name": "basic eyebrow right outer corner"
          },
          {
            "x": 452.56,
            "y": 67.55,
            "type": 4608,
            "name": "basic chin bottom"
          },
          {
            "x": 452.56,
            "y": 67.55,
            "type": 4864,
            "name": "basic chin left"
          },
          {
            "x": 452.56,
            "y": 67.55,
            "type": 5120,
            "name": "basic chin right"
          },
          {
            "x": 447.93,
            "y": 60.46,
            "type": 5376,
            "name": "basic nose left"
          },
          {
            "x": 455.41,
            "y": 60.78,
            "type": 5632,
            "name": "basic nose right"
          }
        ],
        "user_points": null,
        "tags": [
          {
            "name": "5oclock shadow",
            "value": "yes",
            "confidence": 0.38
          },
          {
            "name": "age",
            "value": "41",
            "confidence": 0.6
          },
          {
            "name": "arched eyebrows",
            "value": "no",
            "confidence": 1.0
          },
          {
            "name": "attractive",
            "value": "no",
            "confidence": 0.65
          },
          {
            "name": "bags under eyes",
            "value": "no",
            "confidence": 0.57
          },
          {
            "name": "bald",
            "value": "no",
            "confidence": 0.78
          },
          {
            "name": "bangs",
            "value": "no",
            "confidence": 0.95
          },
          {
            "name": "beard",
            "value": "yes",
            "confidence": 0.75
          },
          {
            "name": "big lips",
            "value": "no",
            "confidence": 0.94
          },
          {
            "name": "big nose",
            "value": "no",
            "confidence": 0.66
          },
          {
            "name": "black hair",
            "value": "no",
            "confidence": 0.6
          },
          {
            "name": "blond hair",
            "value": "no",
            "confidence": 0.7
          },
          {
            "name": "blurry",
            "value": "yes",
            "confidence": 0.77
          },
          {
            "name": "brown hair",
            "value": "yes",
            "confidence": 0.68
          },
          {
            "name": "bushy eyebrows",
            "value": "no",
            "confidence": 0.35
          },
          {
            "name": "chubby",
            "value": "no",
            "confidence": 0.58
          },
          {
            "name": "double chin",
            "value": "no",
            "confidence": 0.82
          },
          {
            "name": "expression",
            "value": "neutral",
            "confidence": 0.04
          },
          {
            "name": "gender",
            "value": "male",
            "confidence": 0.83
          },
          {
            "name": "glasses",
            "value": "no",
            "confidence": 1.0
          },
          {
            "name": "goatee",
            "value": "yes",
            "confidence": 0.43
          },
          {
            "name": "gray hair",
            "value": "no",
            "confidence": 0.94
          },
          {
            "name": "heavy makeup",
            "value": "no",
            "confidence": 0.93
          },
          {
            "name": "high cheekbones",
            "value": "no",
            "confidence": 0.58
          },
          {
            "name": "mouth open",
            "value": "yes",
            "confidence": 0.87
          },
          {
            "name": "mustache",
            "value": "yes",
            "confidence": 0.26
          },
          {
            "name": "narrow eyes",
            "value": "yes",
            "confidence": 0.48
          },
          {
            "name": "oval face",
            "value": "no",
            "confidence": 0.07
          },
          {
            "name": "pale skin",
            "value": "no",
            "confidence": 0.86
          },
          {
            "name": "pitch",
            "value": "-8.39",
            "confidence": 1.0
          },
          {
            "name": "pointy nose",
            "value": "no",
            "confidence": 0.8
          },
          {
            "name": "race",
            "value": "white",
            "confidence": 1.0
          },
          {
            "name": "receding hairline",
            "value": "no",
            "confidence": 0.77
          },
          {
            "name": "rosy cheeks",
            "value": "no",
            "confidence": 1.0
          },
          {
            "name": "sideburns",
            "value": "yes",
            "confidence": 0.4
          },
          {
            "name": "straight hair",
            "value": "yes",
            "confidence": 0.12
          },
          {
            "name": "wavy hair",
            "value": "no",
            "confidence": 0.41
          },
          {
            "name": "wearing earrings",
            "value": "no",
            "confidence": 1.0
          },
          {
            "name": "wearing hat",
            "value": "no",
            "confidence": 0.49
          },
          {
            "name": "wearing lipstick",
            "value": "no",
            "confidence": 1.0
          },
          {
            "name": "wearing necklace",
            "value": "no",
            "confidence": 1.0
          },
          {
            "name": "wearing necktie",
            "value": "no",
            "confidence": 0.62
          },
          {
            "name": "yaw",
            "value": "21.23",
            "confidence": 1.0
          },
          {
            "name": "young",
            "value": "yes",
            "confidence": 0.38
          }
        ],
        "person_id": "",
        "appearance_id": 0,
        "start": "00:00:00",
        "duration": "00:00:00"
      }
    ],
    "tags": null,
    "original_filename": "https://raw.githubusercontent.com/sarkrui/Hairstyle60k/master/Dataset/Liberty_Spikes_Hair/IMG_13.jpg",
    "duration": "00:00:00"
  },
  "recognize": null
}