{
  "media": {
    "media_uuid": "b5d059ee-fe47-47d3-aeef-70894868b5ca",
    "checksum": "58b276fd2bd72eec0af9f6461335fd98e42c4eac63252deb4408a74d5e9e0654",
    "faces": [
      {
        "face_uuid": "59591189-1535-11e9-99c4-0cc47a6c4dbd",
        "media_uuid": "b5d059ee-fe47-47d3-aeef-70894868b5ca",
        "x": 304.18,
        "y": 389.85,
        "width": 148.62,
        "height": 178.34,
        "angle": 23.0068,
        "detection_score": 1.0,
        "points": [
          {
            "x": 239.25,
            "y": 382.4,
            "type": 512,
            "name": "basic eye left"
          },
          {
            "x": 302.82,
            "y": 355.41,
            "type": 768,
            "name": "basic eye right"
          },
          {
            "x": 226.71,
            "y": 388.05,
            "type": 1024,
            "name": "basic eye left outer"
          },
          {
            "x": 317.39,
            "y": 349.65,
            "type": 1280,
            "name": "basic eye right outer"
          },
          {
            "x": 252.13,
            "y": 377.85,
            "type": 1536,
            "name": "basic eye left inner"
          },
          {
            "x": 289.03,
            "y": 362.15,
            "type": 1792,
            "name": "basic eye right inner"
          },
          {
            "x": 269.09,
            "y": 458.31,
            "type": 2048,
            "name": "basic mouth left"
          },
          {
            "x": 323.89,
            "y": 440.45,
            "type": 2304,
            "name": "basic mouth right"
          },
          {
            "x": 278.44,
            "y": 416.68,
            "type": 2560,
            "name": "basic nose tip"
          },
          {
            "x": 295.59,
            "y": 450.28,
            "type": 2816,
            "name": "basic mouth center"
          },
          {
            "x": 295.59,
            "y": 450.28,
            "type": 3072,
            "name": "basic eyebrow left"
          },
          {
            "x": 295.59,
            "y": 450.28,
            "type": 3328,
            "name": "basic eyebrow left inner corner"
          },
          {
            "x": 295.59,
            "y": 450.28,
            "type": 3584,
            "name": "basic eyebrow left outer corner"
          },
          {
            "x": 295.59,
            "y": 450.28,
            "type": 3840,
            "name": "basic eyebrow right"
          },
          {
            "x": 295.59,
            "y": 450.28,
            "type": 4096,
            "name": "basic eyebrow right inner corner"
          },
          {
            "x": 295.59,
            "y": 450.28,
            "type": 4352,
            "name": "basic eyebrow right outer corner"
          },
          {
            "x": 295.59,
            "y": 450.28,
            "type": 4608,
            "name": "basic chin bottom"
          },
          {
            "x": 295.59,
            "y": 450.28,
            "type": 4864,
            "name": "basic chin left"
          },
          {
            "x": 295.59,
            "y": 450.28,
            "type": 5120,
            "name": "basic chin right"
          },
          {
            "x": 266.25,
            "y": 425.09,
            "type": 5376,
            "name": "basic nose left"
          },
          {
            "x": 301.9,
            "y": 412.26,
            "type": 5632,
            "name": "basic nose right"
          }
        ],
        "user_points": null,
        "tags": [
          {
            "name": "5oclock shadow",
            "value": "no",
            "confidence": 0.23
          },
          {
            "name": "age",
            "value": "22",
            "confidence": 0.6
          },
          {
            "name": "arched eyebrows",
            "value": "no",
            "confidence": 0.94
          },
          {
            "name": "attractive",
            "value": "no",
            "confidence": 0.98
          },
          {
            "name": "bags under eyes",
            "value": "no",
            "confidence": 0.3
          },
          {
            "name": "bald",
            "value": "yes",
            "confidence": 0.05
          },
          {
            "name": "bangs",
            "value": "no",
            "confidence": 0.89
          },
          {
            "name": "beard",
            "value": "yes",
            "confidence": 0.14
          },
          {
            "name": "big lips",
            "value": "no",
            "confidence": 0.38
          },
          {
            "name": "big nose",
            "value": "no",
            "confidence": 0.1
          },
          {
            "name": "black hair",
            "value": "no",
            "confidence": 0.36
          },
          {
            "name": "blond hair",
            "value": "no",
            "confidence": 1.0
          },
          {
            "name": "blurry",
            "value": "yes",
            "confidence": 0.57
          },
          {
            "name": "brown hair",
            "value": "no",
            "confidence": 0.35
          },
          {
            "name": "bushy eyebrows",
            "value": "no",
            "confidence": 1.0
          },
          {
            "name": "chubby",
            "value": "yes",
            "confidence": 0.12
          },
          {
            "name": "double chin",
            "value": "no",
            "confidence": 0.16
          },
          {
            "name": "expression",
            "value": "neutral",
            "confidence": 0.48
          },
          {
            "name": "gender",
            "value": "male",
            "confidence": 0.74
          },
          {
            "name": "glasses",
            "value": "no",
            "confidence": 1.0
          },
          {
            "name": "goatee",
            "value": "no",
            "confidence": 0.1
          },
          {
            "name": "gray hair",
            "value": "no",
            "confidence": 0.34
          },
          {
            "name": "heavy makeup",
            "value": "no",
            "confidence": 0.96
          },
          {
            "name": "high cheekbones",
            "value": "no",
            "confidence": 0.29
          },
          {
            "name": "mouth open",
            "value": "no",
            "confidence": 0.18
          },
          {
            "name": "mustache",
            "value": "no",
            "confidence": 0.1
          },
          {
            "name": "narrow eyes",
            "value": "yes",
            "confidence": 0.04
          },
          {
            "name": "oval face",
            "value": "no",
            "confidence": 0.29
          },
          {
            "name": "pale skin",
            "value": "no",
            "confidence": 0.75
          },
          {
            "name": "pitch",
            "value": "-4.94",
            "confidence": 1.0
          },
          {
            "name": "pointy nose",
            "value": "no",
            "confidence": 0.61
          },
          {
            "name": "race",
            "value": "asian",
            "confidence": 0.74
          },
          {
            "name": "receding hairline",
            "value": "yes",
            "confidence": 0.29
          },
          {
            "name": "rosy cheeks",
            "value": "no",
            "confidence": 1.0
          },
          {
            "name": "sideburns",
            "value": "no",
            "confidence": 0.31
          },
          {
            "name": "straight hair",
            "value": "no",
            "confidence": 0.27
          },
          {
            "name": "wavy hair",
            "value": "no",
            "confidence": 0.87
          },
          {
            "name": "wearing earrings",
            "value": "no",
            "confidence": 0.67
          },
          {
            "name": "wearing hat",
            "value": "no",
            "confidence": 0.42
          },
          {
            "name": "wearing lipstick",
            "value": "no",
            "confidence": 1.0
          },
          {
            "name": "wearing necklace",
            "value": "no",
            "confidence": 0.92
          },
          {
            "name": "wearing necktie",
            "value": "no",
            "confidence": 0.19
          },
          {
            "name": "yaw",
            "value": "66.74",
            "confidence": 1.0
          },
          {
            "name": "young",
            "value": "no",
            "confidence": 0.28
          }
        ],
        "person_id": "",
        "appearance_id": 0,
        "start": "00:00:00",
        "duration": "00:00:00"
      }
    ],
    "tags": null,
    "original_filename": "https://raw.githubusercontent.com/sarkrui/Hairstyle60k/master/Dataset/Liberty_Spikes_Hair/IMG_3.jpg",
    "duration": "00:00:00"
  },
  "recognize": null
}