{
  "media": {
    "media_uuid": "ae6d7a7b-29e9-4f5f-8540-269e018dbbf1",
    "checksum": "de23c150447d01e20fde21e36f380f9bbc357eeed91899d05aea64c78381a23e",
    "faces": [
      {
        "face_uuid": "5b056640-1535-11e9-99c4-0cc47a6c4dbd",
        "media_uuid": "ae6d7a7b-29e9-4f5f-8540-269e018dbbf1",
        "x": 1073.01,
        "y": 560.32,
        "width": 130.45,
        "height": 186.6,
        "angle": -19.6608,
        "detection_score": 1.0,
        "points": [
          {
            "x": 1047.12,
            "y": 520.86,
            "type": 512,
            "name": "basic eye left"
          },
          {
            "x": 1114.07,
            "y": 544.79,
            "type": 768,
            "name": "basic eye right"
          },
          {
            "x": 1033.81,
            "y": 516.87,
            "type": 1024,
            "name": "basic eye left outer"
          },
          {
            "x": 1128.88,
            "y": 550.92,
            "type": 1280,
            "name": "basic eye right outer"
          },
          {
            "x": 1059.42,
            "y": 526.32,
            "type": 1536,
            "name": "basic eye left inner"
          },
          {
            "x": 1098.88,
            "y": 540.32,
            "type": 1792,
            "name": "basic eye right inner"
          },
          {
            "x": 1027.99,
            "y": 595.5,
            "type": 2048,
            "name": "basic mouth left"
          },
          {
            "x": 1076.26,
            "y": 611.68,
            "type": 2304,
            "name": "basic mouth right"
          },
          {
            "x": 1056.78,
            "y": 562.19,
            "type": 2560,
            "name": "basic nose tip"
          },
          {
            "x": 1051.33,
            "y": 602.74,
            "type": 2816,
            "name": "basic mouth center"
          },
          {
            "x": 1051.33,
            "y": 602.74,
            "type": 3072,
            "name": "basic eyebrow left"
          },
          {
            "x": 1051.33,
            "y": 602.74,
            "type": 3328,
            "name": "basic eyebrow left inner corner"
          },
          {
            "x": 1051.33,
            "y": 602.74,
            "type": 3584,
            "name": "basic eyebrow left outer corner"
          },
          {
            "x": 1051.33,
            "y": 602.74,
            "type": 3840,
            "name": "basic eyebrow right"
          },
          {
            "x": 1051.33,
            "y": 602.74,
            "type": 4096,
            "name": "basic eyebrow right inner corner"
          },
          {
            "x": 1051.33,
            "y": 602.74,
            "type": 4352,
            "name": "basic eyebrow right outer corner"
          },
          {
            "x": 1051.33,
            "y": 602.74,
            "type": 4608,
            "name": "basic chin bottom"
          },
          {
            "x": 1051.33,
            "y": 602.74,
            "type": 4864,
            "name": "basic chin left"
          },
          {
            "x": 1051.33,
            "y": 602.74,
            "type": 5120,
            "name": "basic chin right"
          },
          {
            "x": 1042.9,
            "y": 565.59,
            "type": 5376,
            "name": "basic nose left"
          },
          {
            "x": 1075.37,
            "y": 576.99,
            "type": 5632,
            "name": "basic nose right"
          }
        ],
        "user_points": null,
        "tags": [
          {
            "name": "5oclock shadow",
            "value": "no",
            "confidence": 0.96
          },
          {
            "name": "age",
            "value": "17",
            "confidence": 0.6
          },
          {
            "name": "arched eyebrows",
            "value": "no",
            "confidence": 0.96
          },
          {
            "name": "attractive",
            "value": "no",
            "confidence": 0.81
          },
          {
            "name": "bags under eyes",
            "value": "no",
            "confidence": 1.0
          },
          {
            "name": "bald",
            "value": "yes",
            "confidence": 0.23
          },
          {
            "name": "bangs",
            "value": "no",
            "confidence": 0.78
          },
          {
            "name": "beard",
            "value": "no",
            "confidence": 0.2
          },
          {
            "name": "big lips",
            "value": "no",
            "confidence": 0.02
          },
          {
            "name": "big nose",
            "value": "no",
            "confidence": 0.3
          },
          {
            "name": "black hair",
            "value": "no",
            "confidence": 0.02
          },
          {
            "name": "blond hair",
            "value": "no",
            "confidence": 1.0
          },
          {
            "name": "blurry",
            "value": "yes",
            "confidence": 0.21
          },
          {
            "name": "brown hair",
            "value": "no",
            "confidence": 0.97
          },
          {
            "name": "bushy eyebrows",
            "value": "no",
            "confidence": 0.91
          },
          {
            "name": "chubby",
            "value": "no",
            "confidence": 0.0
          },
          {
            "name": "double chin",
            "value": "no",
            "confidence": 0.51
          },
          {
            "name": "expression",
            "value": "neutral",
            "confidence": 0.96
          },
          {
            "name": "gender",
            "value": "male",
            "confidence": 0.11
          },
          {
            "name": "glasses",
            "value": "no",
            "confidence": 1.0
          },
          {
            "name": "goatee",
            "value": "no",
            "confidence": 0.27
          },
          {
            "name": "gray hair",
            "value": "no",
            "confidence": 0.55
          },
          {
            "name": "heavy makeup",
            "value": "no",
            "confidence": 0.69
          },
          {
            "name": "high cheekbones",
            "value": "no",
            "confidence": 0.68
          },
          {
            "name": "mouth open",
            "value": "no",
            "confidence": 0.61
          },
          {
            "name": "mustache",
            "value": "no",
            "confidence": 0.24
          },
          {
            "name": "narrow eyes",
            "value": "no",
            "confidence": 0.5
          },
          {
            "name": "oval face",
            "value": "yes",
            "confidence": 0.2
          },
          {
            "name": "pale skin",
            "value": "yes",
            "confidence": 0.25
          },
          {
            "name": "pitch",
            "value": "-8.83",
            "confidence": 1.0
          },
          {
            "name": "pointy nose",
            "value": "no",
            "confidence": 1.0
          },
          {
            "name": "race",
            "value": "white",
            "confidence": 0.92
          },
          {
            "name": "receding hairline",
            "value": "yes",
            "confidence": 0.2
          },
          {
            "name": "rosy cheeks",
            "value": "no",
            "confidence": 1.0
          },
          {
            "name": "sideburns",
            "value": "no",
            "confidence": 0.57
          },
          {
            "name": "straight hair",
            "value": "no",
            "confidence": 0.36
          },
          {
            "name": "wavy hair",
            "value": "no",
            "confidence": 1.0
          },
          {
            "name": "wearing earrings",
            "value": "no",
            "confidence": 0.39
          },
          {
            "name": "wearing hat",
            "value": "yes",
            "confidence": 0.39
          },
          {
            "name": "wearing lipstick",
            "value": "no",
            "confidence": 0.64
          },
          {
            "name": "wearing necklace",
            "value": "no",
            "confidence": 0.76
          },
          {
            "name": "wearing necktie",
            "value": "no",
            "confidence": 0.61
          },
          {
            "name": "yaw",
            "value": "15.92",
            "confidence": 1.0
          },
          {
            "name": "young",
            "value": "yes",
            "confidence": 0.24
          }
        ],
        "person_id": "",
        "appearance_id": 0,
        "start": "00:00:00",
        "duration": "00:00:00"
      }
    ],
    "tags": null,
    "original_filename": "https://raw.githubusercontent.com/sarkrui/Hairstyle60k/master/Dataset/Liberty_Spikes_Hair/IMG_5.jpg",
    "duration": "00:00:00"
  },
  "recognize": null
}