{
  "media": {
    "media_uuid": "c1bed534-d2ba-4c52-9d7f-cc231c47cf0a",
    "checksum": "9233e9773501e7fb56f4963a65cd3d19cdbd3e0f99bfb2fa79cee9d70bc7e594",
    "faces": [
      {
        "face_uuid": "7c22b1ea-1535-11e9-99c4-0cc47a6c4dbd",
        "media_uuid": "c1bed534-d2ba-4c52-9d7f-cc231c47cf0a",
        "x": 268.94,
        "y": 479.73,
        "width": 405.4,
        "height": 535.9,
        "angle": 4.4512,
        "detection_score": 1.0,
        "points": [
          {
            "x": 104.71,
            "y": 426.52,
            "type": 512,
            "name": "basic eye left"
          },
          {
            "x": 295.5,
            "y": 411.66,
            "type": 768,
            "name": "basic eye right"
          },
          {
            "x": 67.35,
            "y": 430.44,
            "type": 1024,
            "name": "basic eye left outer"
          },
          {
            "x": 340.43,
            "y": 410.04,
            "type": 1280,
            "name": "basic eye right outer"
          },
          {
            "x": 142.09,
            "y": 424.5,
            "type": 1536,
            "name": "basic eye left inner"
          },
          {
            "x": 251.82,
            "y": 415.48,
            "type": 1792,
            "name": "basic eye right inner"
          },
          {
            "x": 116.44,
            "y": 640.24,
            "type": 2048,
            "name": "basic mouth left"
          },
          {
            "x": 273.58,
            "y": 637.95,
            "type": 2304,
            "name": "basic mouth right"
          },
          {
            "x": 160.61,
            "y": 535.33,
            "type": 2560,
            "name": "basic nose tip"
          },
          {
            "x": 190.53,
            "y": 638.67,
            "type": 2816,
            "name": "basic mouth center"
          },
          {
            "x": 190.53,
            "y": 638.67,
            "type": 3072,
            "name": "basic eyebrow left"
          },
          {
            "x": 190.53,
            "y": 638.67,
            "type": 3328,
            "name": "basic eyebrow left inner corner"
          },
          {
            "x": 190.53,
            "y": 638.67,
            "type": 3584,
            "name": "basic eyebrow left outer corner"
          },
          {
            "x": 190.53,
            "y": 638.67,
            "type": 3840,
            "name": "basic eyebrow right"
          },
          {
            "x": 190.53,
            "y": 638.67,
            "type": 4096,
            "name": "basic eyebrow right inner corner"
          },
          {
            "x": 190.53,
            "y": 638.67,
            "type": 4352,
            "name": "basic eyebrow right outer corner"
          },
          {
            "x": 190.53,
            "y": 638.67,
            "type": 4608,
            "name": "basic chin bottom"
          },
          {
            "x": 190.53,
            "y": 638.67,
            "type": 4864,
            "name": "basic chin left"
          },
          {
            "x": 190.53,
            "y": 638.67,
            "type": 5120,
            "name": "basic chin right"
          },
          {
            "x": 130.19,
            "y": 548.74,
            "type": 5376,
            "name": "basic nose left"
          },
          {
            "x": 231.95,
            "y": 546.21,
            "type": 5632,
            "name": "basic nose right"
          }
        ],
        "user_points": null,
        "tags": [
          {
            "name": "5oclock shadow",
            "value": "no",
            "confidence": 1.0
          },
          {
            "name": "age",
            "value": "17",
            "confidence": 0.6
          },
          {
            "name": "arched eyebrows",
            "value": "no",
            "confidence": 0.22
          },
          {
            "name": "attractive",
            "value": "yes",
            "confidence": 0.42
          },
          {
            "name": "bags under eyes",
            "value": "no",
            "confidence": 1.0
          },
          {
            "name": "bald",
            "value": "no",
            "confidence": 0.94
          },
          {
            "name": "bangs",
            "value": "no",
            "confidence": 0.59
          },
          {
            "name": "beard",
            "value": "no",
            "confidence": 1.0
          },
          {
            "name": "big lips",
            "value": "yes",
            "confidence": 0.02
          },
          {
            "name": "big nose",
            "value": "no",
            "confidence": 1.0
          },
          {
            "name": "black hair",
            "value": "yes",
            "confidence": 0.77
          },
          {
            "name": "blond hair",
            "value": "no",
            "confidence": 0.94
          },
          {
            "name": "blurry",
            "value": "no",
            "confidence": 0.53
          },
          {
            "name": "brown hair",
            "value": "no",
            "confidence": 0.77
          },
          {
            "name": "bushy eyebrows",
            "value": "no",
            "confidence": 0.39
          },
          {
            "name": "chubby",
            "value": "no",
            "confidence": 1.0
          },
          {
            "name": "double chin",
            "value": "no",
            "confidence": 1.0
          },
          {
            "name": "expression",
            "value": "neutral",
            "confidence": 1.0
          },
          {
            "name": "gender",
            "value": "female",
            "confidence": 0.94
          },
          {
            "name": "glasses",
            "value": "no",
            "confidence": 1.0
          },
          {
            "name": "goatee",
            "value": "no",
            "confidence": 1.0
          },
          {
            "name": "gray hair",
            "value": "no",
            "confidence": 1.0
          },
          {
            "name": "heavy makeup",
            "value": "yes",
            "confidence": 0.44
          },
          {
            "name": "high cheekbones",
            "value": "no",
            "confidence": 0.79
          },
          {
            "name": "mouth open",
            "value": "no",
            "confidence": 0.89
          },
          {
            "name": "mustache",
            "value": "no",
            "confidence": 1.0
          },
          {
            "name": "narrow eyes",
            "value": "no",
            "confidence": 0.38
          },
          {
            "name": "oval face",
            "value": "no",
            "confidence": 0.23
          },
          {
            "name": "pale skin",
            "value": "yes",
            "confidence": 0.53
          },
          {
            "name": "pitch",
            "value": "-5.91",
            "confidence": 1.0
          },
          {
            "name": "pointy nose",
            "value": "yes",
            "confidence": 0.27
          },
          {
            "name": "race",
            "value": "asian",
            "confidence": 1.0
          },
          {
            "name": "receding hairline",
            "value": "no",
            "confidence": 0.46
          },
          {
            "name": "rosy cheeks",
            "value": "no",
            "confidence": 1.0
          },
          {
            "name": "sideburns",
            "value": "no",
            "confidence": 1.0
          },
          {
            "name": "straight hair",
            "value": "yes",
            "confidence": 0.54
          },
          {
            "name": "wavy hair",
            "value": "no",
            "confidence": 0.68
          },
          {
            "name": "wearing earrings",
            "value": "no",
            "confidence": 0.33
          },
          {
            "name": "wearing hat",
            "value": "no",
            "confidence": 0.72
          },
          {
            "name": "wearing lipstick",
            "value": "yes",
            "confidence": 0.57
          },
          {
            "name": "wearing necklace",
            "value": "no",
            "confidence": 0.46
          },
          {
            "name": "wearing necktie",
            "value": "no",
            "confidence": 0.89
          },
          {
            "name": "yaw",
            "value": "53.36",
            "confidence": 1.0
          },
          {
            "name": "young",
            "value": "yes",
            "confidence": 0.91
          }
        ],
        "person_id": "",
        "appearance_id": 0,
        "start": "00:00:00",
        "duration": "00:00:00"
      }
    ],
    "tags": null,
    "original_filename": "https://raw.githubusercontent.com/sarkrui/Hairstyle60k/master/Dataset/Long_Hair/IMG_11.jpg",
    "duration": "00:00:00"
  },
  "recognize": null
}