{
  "media": {
    "media_uuid": "fe77f219-d8bd-4ca6-8a70-ff7027646be8",
    "checksum": "f118508e8a4181d3264fc9c726eecfd24106cbe4577f27a73c3216d29bb02b2d",
    "faces": [
      {
        "face_uuid": "93309971-1535-11e9-99c4-0cc47a6c4dbd",
        "media_uuid": "fe77f219-d8bd-4ca6-8a70-ff7027646be8",
        "x": 370.18,
        "y": 447.64,
        "width": 246.06,
        "height": 334.83,
        "angle": -4.9728,
        "detection_score": 1.0,
        "points": [
          {
            "x": 300.47,
            "y": 427.3,
            "type": 512,
            "name": "basic eye left"
          },
          {
            "x": 419.85,
            "y": 437.68,
            "type": 768,
            "name": "basic eye right"
          },
          {
            "x": 275.61,
            "y": 425.57,
            "type": 1024,
            "name": "basic eye left outer"
          },
          {
            "x": 445.76,
            "y": 440.45,
            "type": 1280,
            "name": "basic eye right outer"
          },
          {
            "x": 324.59,
            "y": 431.32,
            "type": 1536,
            "name": "basic eye left inner"
          },
          {
            "x": 393.82,
            "y": 437.29,
            "type": 1792,
            "name": "basic eye right inner"
          },
          {
            "x": 303.36,
            "y": 548.98,
            "type": 2048,
            "name": "basic mouth left"
          },
          {
            "x": 398.74,
            "y": 557.01,
            "type": 2304,
            "name": "basic mouth right"
          },
          {
            "x": 347.09,
            "y": 507.05,
            "type": 2560,
            "name": "basic nose tip"
          },
          {
            "x": 350.33,
            "y": 555.27,
            "type": 2816,
            "name": "basic mouth center"
          },
          {
            "x": 350.33,
            "y": 555.27,
            "type": 3072,
            "name": "basic eyebrow left"
          },
          {
            "x": 350.33,
            "y": 555.27,
            "type": 3328,
            "name": "basic eyebrow left inner corner"
          },
          {
            "x": 350.33,
            "y": 555.27,
            "type": 3584,
            "name": "basic eyebrow left outer corner"
          },
          {
            "x": 350.33,
            "y": 555.27,
            "type": 3840,
            "name": "basic eyebrow right"
          },
          {
            "x": 350.33,
            "y": 555.27,
            "type": 4096,
            "name": "basic eyebrow right inner corner"
          },
          {
            "x": 350.33,
            "y": 555.27,
            "type": 4352,
            "name": "basic eyebrow right outer corner"
          },
          {
            "x": 350.33,
            "y": 555.27,
            "type": 4608,
            "name": "basic chin bottom"
          },
          {
            "x": 350.33,
            "y": 555.27,
            "type": 4864,
            "name": "basic chin left"
          },
          {
            "x": 350.33,
            "y": 555.27,
            "type": 5120,
            "name": "basic chin right"
          },
          {
            "x": 320.58,
            "y": 507.03,
            "type": 5376,
            "name": "basic nose left"
          },
          {
            "x": 379.95,
            "y": 511.99,
            "type": 5632,
            "name": "basic nose right"
          }
        ],
        "user_points": null,
        "tags": [
          {
            "name": "5oclock shadow",
            "value": "no",
            "confidence": 0.97
          },
          {
            "name": "age",
            "value": "23",
            "confidence": 0.6
          },
          {
            "name": "arched eyebrows",
            "value": "yes",
            "confidence": 0.43
          },
          {
            "name": "attractive",
            "value": "yes",
            "confidence": 1.0
          },
          {
            "name": "bags under eyes",
            "value": "no",
            "confidence": 0.59
          },
          {
            "name": "bald",
            "value": "no",
            "confidence": 0.91
          },
          {
            "name": "bangs",
            "value": "no",
            "confidence": 0.74
          },
          {
            "name": "beard",
            "value": "no",
            "confidence": 0.95
          },
          {
            "name": "big lips",
            "value": "no",
            "confidence": 0.07
          },
          {
            "name": "big nose",
            "value": "no",
            "confidence": 0.91
          },
          {
            "name": "black hair",
            "value": "no",
            "confidence": 0.83
          },
          {
            "name": "blond hair",
            "value": "yes",
            "confidence": 0.27
          },
          {
            "name": "blurry",
            "value": "no",
            "confidence": 1.0
          },
          {
            "name": "brown hair",
            "value": "no",
            "confidence": 0.05
          },
          {
            "name": "bushy eyebrows",
            "value": "yes",
            "confidence": 0.24
          },
          {
            "name": "chubby",
            "value": "no",
            "confidence": 0.92
          },
          {
            "name": "double chin",
            "value": "no",
            "confidence": 1.0
          },
          {
            "name": "expression",
            "value": "neutral",
            "confidence": 0.8
          },
          {
            "name": "gender",
            "value": "female",
            "confidence": 1.0
          },
          {
            "name": "glasses",
            "value": "no",
            "confidence": 1.0
          },
          {
            "name": "goatee",
            "value": "no",
            "confidence": 0.9
          },
          {
            "name": "gray hair",
            "value": "no",
            "confidence": 0.98
          },
          {
            "name": "heavy makeup",
            "value": "yes",
            "confidence": 1.0
          },
          {
            "name": "high cheekbones",
            "value": "no",
            "confidence": 0.64
          },
          {
            "name": "mouth open",
            "value": "no",
            "confidence": 0.92
          },
          {
            "name": "mustache",
            "value": "no",
            "confidence": 0.92
          },
          {
            "name": "narrow eyes",
            "value": "no",
            "confidence": 0.69
          },
          {
            "name": "oval face",
            "value": "yes",
            "confidence": 0.88
          },
          {
            "name": "pale skin",
            "value": "yes",
            "confidence": 0.57
          },
          {
            "name": "pitch",
            "value": "-7.79",
            "confidence": 1.0
          },
          {
            "name": "pointy nose",
            "value": "no",
            "confidence": 0.06
          },
          {
            "name": "race",
            "value": "white",
            "confidence": 1.0
          },
          {
            "name": "receding hairline",
            "value": "no",
            "confidence": 0.92
          },
          {
            "name": "rosy cheeks",
            "value": "no",
            "confidence": 0.67
          },
          {
            "name": "sideburns",
            "value": "no",
            "confidence": 0.87
          },
          {
            "name": "straight hair",
            "value": "no",
            "confidence": 0.1
          },
          {
            "name": "wavy hair",
            "value": "yes",
            "confidence": 0.29
          },
          {
            "name": "wearing earrings",
            "value": "no",
            "confidence": 0.69
          },
          {
            "name": "wearing hat",
            "value": "no",
            "confidence": 0.64
          },
          {
            "name": "wearing lipstick",
            "value": "yes",
            "confidence": 1.0
          },
          {
            "name": "wearing necklace",
            "value": "no",
            "confidence": 0.33
          },
          {
            "name": "wearing necktie",
            "value": "no",
            "confidence": 0.78
          },
          {
            "name": "yaw",
            "value": "-4.82",
            "confidence": 1.0
          },
          {
            "name": "young",
            "value": "yes",
            "confidence": 1.0
          }
        ],
        "person_id": "",
        "appearance_id": 0,
        "start": "00:00:00",
        "duration": "00:00:00"
      }
    ],
    "tags": null,
    "original_filename": "https://raw.githubusercontent.com/sarkrui/Hairstyle60k/master/Dataset/Medium-Length_Hair/IMG_19.jpg",
    "duration": "00:00:00"
  },
  "recognize": null
}