{
  "media": {
    "media_uuid": "89e7ea16-f79a-41ac-9a87-1e8293701f39",
    "checksum": "d6b401e9bcbdc36259f3db2021ec797d25dcc0bf8f9a9e6e25430e0f4064a5be",
    "faces": [
      {
        "face_uuid": "8c9b9600-1535-11e9-99c4-0cc47a6c4dbd",
        "media_uuid": "89e7ea16-f79a-41ac-9a87-1e8293701f39",
        "x": 433.93,
        "y": 492.32,
        "width": 369.33,
        "height": 487.45,
        "angle": -0.3128,
        "detection_score": 1.0,
        "points": [
          {
            "x": 344.35,
            "y": 427.23,
            "type": 512,
            "name": "basic eye left"
          },
          {
            "x": 529.17,
            "y": 428.24,
            "type": 768,
            "name": "basic eye right"
          },
          {
            "x": 305.64,
            "y": 428.09,
            "type": 1024,
            "name": "basic eye left outer"
          },
          {
            "x": 568.03,
            "y": 429.59,
            "type": 1280,
            "name": "basic eye right outer"
          },
          {
            "x": 382.36,
            "y": 430.43,
            "type": 1536,
            "name": "basic eye left inner"
          },
          {
            "x": 490.76,
            "y": 431.03,
            "type": 1792,
            "name": "basic eye right inner"
          },
          {
            "x": 353.63,
            "y": 603.92,
            "type": 2048,
            "name": "basic mouth left"
          },
          {
            "x": 524.38,
            "y": 601.16,
            "type": 2304,
            "name": "basic mouth right"
          },
          {
            "x": 437.87,
            "y": 531.26,
            "type": 2560,
            "name": "basic nose tip"
          },
          {
            "x": 439.59,
            "y": 606.98,
            "type": 2816,
            "name": "basic mouth center"
          },
          {
            "x": 439.59,
            "y": 606.98,
            "type": 3072,
            "name": "basic eyebrow left"
          },
          {
            "x": 439.59,
            "y": 606.98,
            "type": 3328,
            "name": "basic eyebrow left inner corner"
          },
          {
            "x": 439.59,
            "y": 606.98,
            "type": 3584,
            "name": "basic eyebrow left outer corner"
          },
          {
            "x": 439.59,
            "y": 606.98,
            "type": 3840,
            "name": "basic eyebrow right"
          },
          {
            "x": 439.59,
            "y": 606.98,
            "type": 4096,
            "name": "basic eyebrow right inner corner"
          },
          {
            "x": 439.59,
            "y": 606.98,
            "type": 4352,
            "name": "basic eyebrow right outer corner"
          },
          {
            "x": 439.59,
            "y": 606.98,
            "type": 4608,
            "name": "basic chin bottom"
          },
          {
            "x": 439.59,
            "y": 606.98,
            "type": 4864,
            "name": "basic chin left"
          },
          {
            "x": 439.59,
            "y": 606.98,
            "type": 5120,
            "name": "basic chin right"
          },
          {
            "x": 389.39,
            "y": 538.65,
            "type": 5376,
            "name": "basic nose left"
          },
          {
            "x": 485.56,
            "y": 537.71,
            "type": 5632,
            "name": "basic nose right"
          }
        ],
        "user_points": null,
        "tags": [
          {
            "name": "5oclock shadow",
            "value": "no",
            "confidence": 1.0
          },
          {
            "name": "age",
            "value": "32",
            "confidence": 0.6
          },
          {
            "name": "arched eyebrows",
            "value": "no",
            "confidence": 0.07
          },
          {
            "name": "attractive",
            "value": "yes",
            "confidence": 0.48
          },
          {
            "name": "bags under eyes",
            "value": "no",
            "confidence": 0.96
          },
          {
            "name": "bald",
            "value": "no",
            "confidence": 1.0
          },
          {
            "name": "bangs",
            "value": "yes",
            "confidence": 1.0
          },
          {
            "name": "beard",
            "value": "no",
            "confidence": 0.99
          },
          {
            "name": "big lips",
            "value": "yes",
            "confidence": 0.05
          },
          {
            "name": "big nose",
            "value": "no",
            "confidence": 0.54
          },
          {
            "name": "black hair",
            "value": "yes",
            "confidence": 0.05
          },
          {
            "name": "blond hair",
            "value": "no",
            "confidence": 0.99
          },
          {
            "name": "blurry",
            "value": "no",
            "confidence": 0.76
          },
          {
            "name": "brown hair",
            "value": "yes",
            "confidence": 0.18
          },
          {
            "name": "bushy eyebrows",
            "value": "no",
            "confidence": 0.45
          },
          {
            "name": "chubby",
            "value": "no",
            "confidence": 0.62
          },
          {
            "name": "double chin",
            "value": "no",
            "confidence": 0.61
          },
          {
            "name": "expression",
            "value": "smile",
            "confidence": 1.0
          },
          {
            "name": "gender",
            "value": "female",
            "confidence": 1.0
          },
          {
            "name": "glasses",
            "value": "no",
            "confidence": 1.0
          },
          {
            "name": "goatee",
            "value": "no",
            "confidence": 1.0
          },
          {
            "name": "gray hair",
            "value": "no",
            "confidence": 1.0
          },
          {
            "name": "heavy makeup",
            "value": "yes",
            "confidence": 1.0
          },
          {
            "name": "high cheekbones",
            "value": "yes",
            "confidence": 1.0
          },
          {
            "name": "mouth open",
            "value": "yes",
            "confidence": 1.0
          },
          {
            "name": "mustache",
            "value": "no",
            "confidence": 0.98
          },
          {
            "name": "narrow eyes",
            "value": "no",
            "confidence": 0.2
          },
          {
            "name": "oval face",
            "value": "yes",
            "confidence": 0.79
          },
          {
            "name": "pale skin",
            "value": "no",
            "confidence": 0.73
          },
          {
            "name": "pitch",
            "value": "-8.66",
            "confidence": 1.0
          },
          {
            "name": "pointy nose",
            "value": "yes",
            "confidence": 0.25
          },
          {
            "name": "race",
            "value": "white",
            "confidence": 1.0
          },
          {
            "name": "receding hairline",
            "value": "no",
            "confidence": 1.0
          },
          {
            "name": "rosy cheeks",
            "value": "yes",
            "confidence": 0.71
          },
          {
            "name": "sideburns",
            "value": "no",
            "confidence": 1.0
          },
          {
            "name": "straight hair",
            "value": "no",
            "confidence": 0.37
          },
          {
            "name": "wavy hair",
            "value": "yes",
            "confidence": 0.55
          },
          {
            "name": "wearing earrings",
            "value": "yes",
            "confidence": 0.21
          },
          {
            "name": "wearing hat",
            "value": "no",
            "confidence": 0.95
          },
          {
            "name": "wearing lipstick",
            "value": "yes",
            "confidence": 1.0
          },
          {
            "name": "wearing necklace",
            "value": "yes",
            "confidence": 0.28
          },
          {
            "name": "wearing necktie",
            "value": "no",
            "confidence": 1.0
          },
          {
            "name": "yaw",
            "value": "7.08",
            "confidence": 1.0
          },
          {
            "name": "young",
            "value": "yes",
            "confidence": 0.17
          }
        ],
        "person_id": "",
        "appearance_id": 0,
        "start": "00:00:00",
        "duration": "00:00:00"
      }
    ],
    "tags": null,
    "original_filename": "https://raw.githubusercontent.com/sarkrui/Hairstyle60k/master/Dataset/Medium-Length_Hair/IMG_14.jpg",
    "duration": "00:00:00"
  },
  "recognize": null
}