{
  "media": {
    "media_uuid": "0a25f5e3-1a0d-4705-b52e-0802858b098a",
    "checksum": "bc5c3e6a91c066aff53bbaedc10f7e987e15d805aacf4ff21777430cb734d038",
    "faces": [
      {
        "face_uuid": "84f16e8d-1535-11e9-99c4-0cc47a6c4dbd",
        "media_uuid": "0a25f5e3-1a0d-4705-b52e-0802858b098a",
        "x": 319.52,
        "y": 258.37,
        "width": 197.59,
        "height": 266.37,
        "angle": -3.8846,
        "detection_score": 1.0,
        "points": [
          {
            "x": 268.32,
            "y": 220.19,
            "type": 512,
            "name": "basic eye left"
          },
          {
            "x": 364.31,
            "y": 226.71,
            "type": 768,
            "name": "basic eye right"
          },
          {
            "x": 247.81,
            "y": 218.62,
            "type": 1024,
            "name": "basic eye left outer"
          },
          {
            "x": 385.06,
            "y": 227.94,
            "type": 1280,
            "name": "basic eye right outer"
          },
          {
            "x": 288.47,
            "y": 224.12,
            "type": 1536,
            "name": "basic eye left inner"
          },
          {
            "x": 343.6,
            "y": 227.86,
            "type": 1792,
            "name": "basic eye right inner"
          },
          {
            "x": 269.41,
            "y": 329.33,
            "type": 2048,
            "name": "basic mouth left"
          },
          {
            "x": 347.83,
            "y": 334.21,
            "type": 2304,
            "name": "basic mouth right"
          },
          {
            "x": 312.35,
            "y": 293.99,
            "type": 2560,
            "name": "basic nose tip"
          },
          {
            "x": 308.61,
            "y": 333.79,
            "type": 2816,
            "name": "basic mouth center"
          },
          {
            "x": 308.61,
            "y": 333.79,
            "type": 3072,
            "name": "basic eyebrow left"
          },
          {
            "x": 308.61,
            "y": 333.79,
            "type": 3328,
            "name": "basic eyebrow left inner corner"
          },
          {
            "x": 308.61,
            "y": 333.79,
            "type": 3584,
            "name": "basic eyebrow left outer corner"
          },
          {
            "x": 308.61,
            "y": 333.79,
            "type": 3840,
            "name": "basic eyebrow right"
          },
          {
            "x": 308.61,
            "y": 333.79,
            "type": 4096,
            "name": "basic eyebrow right inner corner"
          },
          {
            "x": 308.61,
            "y": 333.79,
            "type": 4352,
            "name": "basic eyebrow right outer corner"
          },
          {
            "x": 308.61,
            "y": 333.79,
            "type": 4608,
            "name": "basic chin bottom"
          },
          {
            "x": 308.61,
            "y": 333.79,
            "type": 4864,
            "name": "basic chin left"
          },
          {
            "x": 308.61,
            "y": 333.79,
            "type": 5120,
            "name": "basic chin right"
          },
          {
            "x": 287.7,
            "y": 292.63,
            "type": 5376,
            "name": "basic nose left"
          },
          {
            "x": 335.87,
            "y": 295.75,
            "type": 5632,
            "name": "basic nose right"
          }
        ],
        "user_points": null,
        "tags": [
          {
            "name": "5oclock shadow",
            "value": "no",
            "confidence": 0.99
          },
          {
            "name": "age",
            "value": "19",
            "confidence": 0.6
          },
          {
            "name": "arched eyebrows",
            "value": "no",
            "confidence": 0.05
          },
          {
            "name": "attractive",
            "value": "yes",
            "confidence": 0.98
          },
          {
            "name": "bags under eyes",
            "value": "no",
            "confidence": 0.72
          },
          {
            "name": "bald",
            "value": "no",
            "confidence": 1.0
          },
          {
            "name": "bangs",
            "value": "no",
            "confidence": 1.0
          },
          {
            "name": "beard",
            "value": "no",
            "confidence": 1.0
          },
          {
            "name": "big lips",
            "value": "no",
            "confidence": 0.16
          },
          {
            "name": "big nose",
            "value": "no",
            "confidence": 1.0
          },
          {
            "name": "black hair",
            "value": "no",
            "confidence": 1.0
          },
          {
            "name": "blond hair",
            "value": "yes",
            "confidence": 0.47
          },
          {
            "name": "blurry",
            "value": "no",
            "confidence": 1.0
          },
          {
            "name": "brown hair",
            "value": "yes",
            "confidence": 0.37
          },
          {
            "name": "bushy eyebrows",
            "value": "no",
            "confidence": 0.31
          },
          {
            "name": "chubby",
            "value": "no",
            "confidence": 1.0
          },
          {
            "name": "double chin",
            "value": "no",
            "confidence": 1.0
          },
          {
            "name": "expression",
            "value": "neutral",
            "confidence": 0.85
          },
          {
            "name": "gender",
            "value": "female",
            "confidence": 0.95
          },
          {
            "name": "glasses",
            "value": "no",
            "confidence": 1.0
          },
          {
            "name": "goatee",
            "value": "no",
            "confidence": 0.99
          },
          {
            "name": "gray hair",
            "value": "no",
            "confidence": 0.98
          },
          {
            "name": "heavy makeup",
            "value": "yes",
            "confidence": 0.63
          },
          {
            "name": "high cheekbones",
            "value": "no",
            "confidence": 0.49
          },
          {
            "name": "mouth open",
            "value": "no",
            "confidence": 0.84
          },
          {
            "name": "mustache",
            "value": "no",
            "confidence": 1.0
          },
          {
            "name": "narrow eyes",
            "value": "no",
            "confidence": 0.74
          },
          {
            "name": "oval face",
            "value": "yes",
            "confidence": 0.58
          },
          {
            "name": "pale skin",
            "value": "yes",
            "confidence": 0.11
          },
          {
            "name": "pitch",
            "value": "-9.68",
            "confidence": 1.0
          },
          {
            "name": "pointy nose",
            "value": "yes",
            "confidence": 0.25
          },
          {
            "name": "race",
            "value": "white",
            "confidence": 1.0
          },
          {
            "name": "receding hairline",
            "value": "no",
            "confidence": 0.87
          },
          {
            "name": "rosy cheeks",
            "value": "no",
            "confidence": 0.57
          },
          {
            "name": "sideburns",
            "value": "no",
            "confidence": 0.92
          },
          {
            "name": "straight hair",
            "value": "no",
            "confidence": 0.06
          },
          {
            "name": "wavy hair",
            "value": "yes",
            "confidence": 0.37
          },
          {
            "name": "wearing earrings",
            "value": "no",
            "confidence": 0.85
          },
          {
            "name": "wearing hat",
            "value": "no",
            "confidence": 1.0
          },
          {
            "name": "wearing lipstick",
            "value": "yes",
            "confidence": 0.88
          },
          {
            "name": "wearing necklace",
            "value": "no",
            "confidence": 0.27
          },
          {
            "name": "wearing necktie",
            "value": "no",
            "confidence": 0.84
          },
          {
            "name": "yaw",
            "value": "-2.11",
            "confidence": 1.0
          },
          {
            "name": "young",
            "value": "yes",
            "confidence": 1.0
          }
        ],
        "person_id": "",
        "appearance_id": 0,
        "start": "00:00:00",
        "duration": "00:00:00"
      }
    ],
    "tags": null,
    "original_filename": "https://raw.githubusercontent.com/sarkrui/Hairstyle60k/master/Dataset/Medium-Length_Hair/IMG_6.jpg",
    "duration": "00:00:00"
  },
  "recognize": null
}