{
  "media": {
    "media_uuid": "58d370ca-5eca-45ca-9a0a-472b7c3ddd97",
    "checksum": "019402554c5c2e89a741b464ddd17935fcf2a52e944ec61e4c2c787efa06319e",
    "faces": [
      {
        "face_uuid": "8dbe2c3c-1535-11e9-99c4-0cc47a6c4dbd",
        "media_uuid": "58d370ca-5eca-45ca-9a0a-472b7c3ddd97",
        "x": 245.01,
        "y": 298.21,
        "width": 211.97,
        "height": 297.93,
        "angle": 0.1528,
        "detection_score": 1.0,
        "points": [
          {
            "x": 192.17,
            "y": 270.29,
            "type": 512,
            "name": "basic eye left"
          },
          {
            "x": 304.49,
            "y": 269.99,
            "type": 768,
            "name": "basic eye right"
          },
          {
            "x": 167.9,
            "y": 270.34,
            "type": 1024,
            "name": "basic eye left outer"
          },
          {
            "x": 327.67,
            "y": 269.8,
            "type": 1280,
            "name": "basic eye right outer"
          },
          {
            "x": 216.11,
            "y": 272.59,
            "type": 1536,
            "name": "basic eye left inner"
          },
          {
            "x": 281.92,
            "y": 272.51,
            "type": 1792,
            "name": "basic eye right inner"
          },
          {
            "x": 200.67,
            "y": 371.57,
            "type": 2048,
            "name": "basic mouth left"
          },
          {
            "x": 299.07,
            "y": 369.6,
            "type": 2304,
            "name": "basic mouth right"
          },
          {
            "x": 256.57,
            "y": 341.51,
            "type": 2560,
            "name": "basic nose tip"
          },
          {
            "x": 250.57,
            "y": 374.57,
            "type": 2816,
            "name": "basic mouth center"
          },
          {
            "x": 250.57,
            "y": 374.57,
            "type": 3072,
            "name": "basic eyebrow left"
          },
          {
            "x": 250.57,
            "y": 374.57,
            "type": 3328,
            "name": "basic eyebrow left inner corner"
          },
          {
            "x": 250.57,
            "y": 374.57,
            "type": 3584,
            "name": "basic eyebrow left outer corner"
          },
          {
            "x": 250.57,
            "y": 374.57,
            "type": 3840,
            "name": "basic eyebrow right"
          },
          {
            "x": 250.57,
            "y": 374.57,
            "type": 4096,
            "name": "basic eyebrow right inner corner"
          },
          {
            "x": 250.57,
            "y": 374.57,
            "type": 4352,
            "name": "basic eyebrow right outer corner"
          },
          {
            "x": 250.57,
            "y": 374.57,
            "type": 4608,
            "name": "basic chin bottom"
          },
          {
            "x": 250.57,
            "y": 374.57,
            "type": 4864,
            "name": "basic chin left"
          },
          {
            "x": 250.57,
            "y": 374.57,
            "type": 5120,
            "name": "basic chin right"
          },
          {
            "x": 224.41,
            "y": 340.09,
            "type": 5376,
            "name": "basic nose left"
          },
          {
            "x": 281.96,
            "y": 339.3,
            "type": 5632,
            "name": "basic nose right"
          }
        ],
        "user_points": null,
        "tags": [
          {
            "name": "5oclock shadow",
            "value": "no",
            "confidence": 0.99
          },
          {
            "name": "age",
            "value": "13",
            "confidence": 0.6
          },
          {
            "name": "arched eyebrows",
            "value": "yes",
            "confidence": 0.7
          },
          {
            "name": "attractive",
            "value": "yes",
            "confidence": 1.0
          },
          {
            "name": "bags under eyes",
            "value": "no",
            "confidence": 0.72
          },
          {
            "name": "bald",
            "value": "no",
            "confidence": 1.0
          },
          {
            "name": "bangs",
            "value": "no",
            "confidence": 1.0
          },
          {
            "name": "beard",
            "value": "no",
            "confidence": 0.92
          },
          {
            "name": "big lips",
            "value": "yes",
            "confidence": 0.04
          },
          {
            "name": "big nose",
            "value": "no",
            "confidence": 0.68
          },
          {
            "name": "black hair",
            "value": "no",
            "confidence": 0.43
          },
          {
            "name": "blond hair",
            "value": "no",
            "confidence": 1.0
          },
          {
            "name": "blurry",
            "value": "no",
            "confidence": 1.0
          },
          {
            "name": "brown hair",
            "value": "yes",
            "confidence": 0.48
          },
          {
            "name": "bushy eyebrows",
            "value": "yes",
            "confidence": 0.5
          },
          {
            "name": "chubby",
            "value": "no",
            "confidence": 0.95
          },
          {
            "name": "double chin",
            "value": "no",
            "confidence": 0.96
          },
          {
            "name": "expression",
            "value": "smile",
            "confidence": 1.0
          },
          {
            "name": "gender",
            "value": "female",
            "confidence": 0.92
          },
          {
            "name": "glasses",
            "value": "no",
            "confidence": 1.0
          },
          {
            "name": "goatee",
            "value": "no",
            "confidence": 0.9
          },
          {
            "name": "gray hair",
            "value": "no",
            "confidence": 1.0
          },
          {
            "name": "heavy makeup",
            "value": "yes",
            "confidence": 1.0
          },
          {
            "name": "high cheekbones",
            "value": "yes",
            "confidence": 1.0
          },
          {
            "name": "mouth open",
            "value": "yes",
            "confidence": 1.0
          },
          {
            "name": "mustache",
            "value": "no",
            "confidence": 0.93
          },
          {
            "name": "narrow eyes",
            "value": "no",
            "confidence": 0.16
          },
          {
            "name": "oval face",
            "value": "yes",
            "confidence": 0.94
          },
          {
            "name": "pale skin",
            "value": "no",
            "confidence": 0.62
          },
          {
            "name": "pitch",
            "value": "-8.86",
            "confidence": 1.0
          },
          {
            "name": "pointy nose",
            "value": "yes",
            "confidence": 0.62
          },
          {
            "name": "race",
            "value": "white",
            "confidence": 0.94
          },
          {
            "name": "receding hairline",
            "value": "no",
            "confidence": 0.69
          },
          {
            "name": "rosy cheeks",
            "value": "yes",
            "confidence": 0.82
          },
          {
            "name": "sideburns",
            "value": "no",
            "confidence": 0.85
          },
          {
            "name": "straight hair",
            "value": "no",
            "confidence": 0.85
          },
          {
            "name": "wavy hair",
            "value": "yes",
            "confidence": 1.0
          },
          {
            "name": "wearing earrings",
            "value": "yes",
            "confidence": 0.28
          },
          {
            "name": "wearing hat",
            "value": "no",
            "confidence": 1.0
          },
          {
            "name": "wearing lipstick",
            "value": "yes",
            "confidence": 0.88
          },
          {
            "name": "wearing necklace",
            "value": "yes",
            "confidence": 0.08
          },
          {
            "name": "wearing necktie",
            "value": "no",
            "confidence": 0.99
          },
          {
            "name": "yaw",
            "value": "-2.25",
            "confidence": 1.0
          },
          {
            "name": "young",
            "value": "yes",
            "confidence": 1.0
          }
        ],
        "person_id": "",
        "appearance_id": 0,
        "start": "00:00:00",
        "duration": "00:00:00"
      }
    ],
    "tags": null,
    "original_filename": "https://raw.githubusercontent.com/sarkrui/Hairstyle60k/master/Dataset/Medium-Length_Hair/IMG_15.jpg",
    "duration": "00:00:00"
  },
  "recognize": null
}