{
  "media": {
    "media_uuid": "1fab8a4b-89f3-42b4-9444-1b8c95ad67ac",
    "checksum": "775280f88b9af15c703e0739bf31887f386adc2b1ca5b60b40ea3b3dd57a9625",
    "faces": [
      {
        "face_uuid": "8ba12d30-1535-11e9-99c4-0cc47a6c4dbd",
        "media_uuid": "1fab8a4b-89f3-42b4-9444-1b8c95ad67ac",
        "x": 472.08,
        "y": 592.27,
        "width": 367.18,
        "height": 493.02,
        "angle": 1.7832,
        "detection_score": 1.0,
        "points": [
          {
            "x": 371.82,
            "y": 538.07,
            "type": 512,
            "name": "basic eye left"
          },
          {
            "x": 560.54,
            "y": 532.2,
            "type": 768,
            "name": "basic eye right"
          },
          {
            "x": 332.02,
            "y": 539.52,
            "type": 1024,
            "name": "basic eye left outer"
          },
          {
            "x": 601.46,
            "y": 531.16,
            "type": 1280,
            "name": "basic eye right outer"
          },
          {
            "x": 410.86,
            "y": 542.07,
            "type": 1536,
            "name": "basic eye left inner"
          },
          {
            "x": 520.55,
            "y": 538.61,
            "type": 1792,
            "name": "basic eye right inner"
          },
          {
            "x": 403.44,
            "y": 736.24,
            "type": 2048,
            "name": "basic mouth left"
          },
          {
            "x": 545.24,
            "y": 731.01,
            "type": 2304,
            "name": "basic mouth right"
          },
          {
            "x": 466.39,
            "y": 661.98,
            "type": 2560,
            "name": "basic nose tip"
          },
          {
            "x": 474.08,
            "y": 736.95,
            "type": 2816,
            "name": "basic mouth center"
          },
          {
            "x": 474.08,
            "y": 736.95,
            "type": 3072,
            "name": "basic eyebrow left"
          },
          {
            "x": 474.08,
            "y": 736.95,
            "type": 3328,
            "name": "basic eyebrow left inner corner"
          },
          {
            "x": 474.08,
            "y": 736.95,
            "type": 3584,
            "name": "basic eyebrow left outer corner"
          },
          {
            "x": 474.08,
            "y": 736.95,
            "type": 3840,
            "name": "basic eyebrow right"
          },
          {
            "x": 474.08,
            "y": 736.95,
            "type": 4096,
            "name": "basic eyebrow right inner corner"
          },
          {
            "x": 474.08,
            "y": 736.95,
            "type": 4352,
            "name": "basic eyebrow right outer corner"
          },
          {
            "x": 474.08,
            "y": 736.95,
            "type": 4608,
            "name": "basic chin bottom"
          },
          {
            "x": 474.08,
            "y": 736.95,
            "type": 4864,
            "name": "basic chin left"
          },
          {
            "x": 474.08,
            "y": 736.95,
            "type": 5120,
            "name": "basic chin right"
          },
          {
            "x": 423.9,
            "y": 665.89,
            "type": 5376,
            "name": "basic nose left"
          },
          {
            "x": 513.39,
            "y": 662.83,
            "type": 5632,
            "name": "basic nose right"
          }
        ],
        "user_points": null,
        "tags": [
          {
            "name": "5oclock shadow",
            "value": "no",
            "confidence": 1.0
          },
          {
            "name": "age",
            "value": "12",
            "confidence": 0.6
          },
          {
            "name": "arched eyebrows",
            "value": "yes",
            "confidence": 0.11
          },
          {
            "name": "attractive",
            "value": "yes",
            "confidence": 1.0
          },
          {
            "name": "bags under eyes",
            "value": "no",
            "confidence": 1.0
          },
          {
            "name": "bald",
            "value": "no",
            "confidence": 0.9
          },
          {
            "name": "bangs",
            "value": "no",
            "confidence": 0.48
          },
          {
            "name": "beard",
            "value": "no",
            "confidence": 1.0
          },
          {
            "name": "big lips",
            "value": "no",
            "confidence": 0.29
          },
          {
            "name": "big nose",
            "value": "no",
            "confidence": 1.0
          },
          {
            "name": "black hair",
            "value": "no",
            "confidence": 0.97
          },
          {
            "name": "blond hair",
            "value": "yes",
            "confidence": 0.8
          },
          {
            "name": "blurry",
            "value": "no",
            "confidence": 1.0
          },
          {
            "name": "brown hair",
            "value": "no",
            "confidence": 0.21
          },
          {
            "name": "bushy eyebrows",
            "value": "no",
            "confidence": 0.6
          },
          {
            "name": "chubby",
            "value": "no",
            "confidence": 1.0
          },
          {
            "name": "double chin",
            "value": "no",
            "confidence": 1.0
          },
          {
            "name": "expression",
            "value": "neutral",
            "confidence": 0.63
          },
          {
            "name": "gender",
            "value": "female",
            "confidence": 0.9
          },
          {
            "name": "glasses",
            "value": "no",
            "confidence": 1.0
          },
          {
            "name": "goatee",
            "value": "no",
            "confidence": 1.0
          },
          {
            "name": "gray hair",
            "value": "no",
            "confidence": 0.86
          },
          {
            "name": "heavy makeup",
            "value": "yes",
            "confidence": 0.91
          },
          {
            "name": "high cheekbones",
            "value": "no",
            "confidence": 0.32
          },
          {
            "name": "mouth open",
            "value": "no",
            "confidence": 0.82
          },
          {
            "name": "mustache",
            "value": "no",
            "confidence": 0.99
          },
          {
            "name": "narrow eyes",
            "value": "no",
            "confidence": 1.0
          },
          {
            "name": "oval face",
            "value": "yes",
            "confidence": 0.96
          },
          {
            "name": "pale skin",
            "value": "yes",
            "confidence": 0.28
          },
          {
            "name": "pitch",
            "value": "-9.37",
            "confidence": 1.0
          },
          {
            "name": "pointy nose",
            "value": "yes",
            "confidence": 0.41
          },
          {
            "name": "race",
            "value": "white",
            "confidence": 1.0
          },
          {
            "name": "receding hairline",
            "value": "no",
            "confidence": 0.83
          },
          {
            "name": "rosy cheeks",
            "value": "yes",
            "confidence": 0.01
          },
          {
            "name": "sideburns",
            "value": "no",
            "confidence": 0.99
          },
          {
            "name": "straight hair",
            "value": "yes",
            "confidence": 0.55
          },
          {
            "name": "wavy hair",
            "value": "no",
            "confidence": 0.4
          },
          {
            "name": "wearing earrings",
            "value": "no",
            "confidence": 0.18
          },
          {
            "name": "wearing hat",
            "value": "no",
            "confidence": 1.0
          },
          {
            "name": "wearing lipstick",
            "value": "yes",
            "confidence": 0.96
          },
          {
            "name": "wearing necklace",
            "value": "no",
            "confidence": 0.2
          },
          {
            "name": "wearing necktie",
            "value": "no",
            "confidence": 0.72
          },
          {
            "name": "yaw",
            "value": "5.01",
            "confidence": 1.0
          },
          {
            "name": "young",
            "value": "yes",
            "confidence": 1.0
          }
        ],
        "person_id": "",
        "appearance_id": 0,
        "start": "00:00:00",
        "duration": "00:00:00"
      }
    ],
    "tags": null,
    "original_filename": "https://raw.githubusercontent.com/sarkrui/Hairstyle60k/master/Dataset/Medium-Length_Hair/IMG_13.jpg",
    "duration": "00:00:00"
  },
  "recognize": null
}