{
  "media": {
    "media_uuid": "868910bd-01e4-486f-8a42-b3766b8e2f95",
    "checksum": "c433003dc6b01ac241c7a4e46e34997954ca4be1d298385a83b63b631fc8b379",
    "faces": [
      {
        "face_uuid": "921c39d0-1535-11e9-99c4-0cc47a6c4dbd",
        "media_uuid": "868910bd-01e4-486f-8a42-b3766b8e2f95",
        "x": 260.72,
        "y": 257.17,
        "width": 209.78,
        "height": 274.55,
        "angle": 5.9276,
        "detection_score": 1.0,
        "points": [
          {
            "x": 201.03,
            "y": 235.29,
            "type": 512,
            "name": "basic eye left"
          },
          {
            "x": 304.15,
            "y": 224.58,
            "type": 768,
            "name": "basic eye right"
          },
          {
            "x": 179.44,
            "y": 238.04,
            "type": 1024,
            "name": "basic eye left outer"
          },
          {
            "x": 326.14,
            "y": 222.79,
            "type": 1280,
            "name": "basic eye right outer"
          },
          {
            "x": 222.49,
            "y": 235.63,
            "type": 1536,
            "name": "basic eye left inner"
          },
          {
            "x": 282.96,
            "y": 229.35,
            "type": 1792,
            "name": "basic eye right inner"
          },
          {
            "x": 221.56,
            "y": 337.87,
            "type": 2048,
            "name": "basic mouth left"
          },
          {
            "x": 306.07,
            "y": 328.78,
            "type": 2304,
            "name": "basic mouth right"
          },
          {
            "x": 257.8,
            "y": 293.35,
            "type": 2560,
            "name": "basic nose tip"
          },
          {
            "x": 263.87,
            "y": 335.44,
            "type": 2816,
            "name": "basic mouth center"
          },
          {
            "x": 263.87,
            "y": 335.44,
            "type": 3072,
            "name": "basic eyebrow left"
          },
          {
            "x": 263.87,
            "y": 335.44,
            "type": 3328,
            "name": "basic eyebrow left inner corner"
          },
          {
            "x": 263.87,
            "y": 335.44,
            "type": 3584,
            "name": "basic eyebrow left outer corner"
          },
          {
            "x": 263.87,
            "y": 335.44,
            "type": 3840,
            "name": "basic eyebrow right"
          },
          {
            "x": 263.87,
            "y": 335.44,
            "type": 4096,
            "name": "basic eyebrow right inner corner"
          },
          {
            "x": 263.87,
            "y": 335.44,
            "type": 4352,
            "name": "basic eyebrow right outer corner"
          },
          {
            "x": 263.87,
            "y": 335.44,
            "type": 4608,
            "name": "basic chin bottom"
          },
          {
            "x": 263.87,
            "y": 335.44,
            "type": 4864,
            "name": "basic chin left"
          },
          {
            "x": 263.87,
            "y": 335.44,
            "type": 5120,
            "name": "basic chin right"
          },
          {
            "x": 234.27,
            "y": 299.8,
            "type": 5376,
            "name": "basic nose left"
          },
          {
            "x": 283.55,
            "y": 294.54,
            "type": 5632,
            "name": "basic nose right"
          }
        ],
        "user_points": null,
        "tags": [
          {
            "name": "5oclock shadow",
            "value": "no",
            "confidence": 0.96
          },
          {
            "name": "age",
            "value": "15",
            "confidence": 0.6
          },
          {
            "name": "arched eyebrows",
            "value": "yes",
            "confidence": 0.6
          },
          {
            "name": "attractive",
            "value": "yes",
            "confidence": 1.0
          },
          {
            "name": "bags under eyes",
            "value": "no",
            "confidence": 1.0
          },
          {
            "name": "bald",
            "value": "no",
            "confidence": 0.88
          },
          {
            "name": "bangs",
            "value": "no",
            "confidence": 1.0
          },
          {
            "name": "beard",
            "value": "no",
            "confidence": 0.95
          },
          {
            "name": "big lips",
            "value": "no",
            "confidence": 0.4
          },
          {
            "name": "big nose",
            "value": "no",
            "confidence": 0.99
          },
          {
            "name": "black hair",
            "value": "no",
            "confidence": 0.97
          },
          {
            "name": "blond hair",
            "value": "yes",
            "confidence": 0.26
          },
          {
            "name": "blurry",
            "value": "no",
            "confidence": 1.0
          },
          {
            "name": "brown hair",
            "value": "yes",
            "confidence": 0.29
          },
          {
            "name": "bushy eyebrows",
            "value": "no",
            "confidence": 0.25
          },
          {
            "name": "chubby",
            "value": "no",
            "confidence": 0.93
          },
          {
            "name": "double chin",
            "value": "no",
            "confidence": 1.0
          },
          {
            "name": "expression",
            "value": "smile",
            "confidence": 0.96
          },
          {
            "name": "gender",
            "value": "female",
            "confidence": 0.93
          },
          {
            "name": "glasses",
            "value": "no",
            "confidence": 1.0
          },
          {
            "name": "goatee",
            "value": "no",
            "confidence": 0.9
          },
          {
            "name": "gray hair",
            "value": "no",
            "confidence": 1.0
          },
          {
            "name": "heavy makeup",
            "value": "yes",
            "confidence": 1.0
          },
          {
            "name": "high cheekbones",
            "value": "yes",
            "confidence": 1.0
          },
          {
            "name": "mouth open",
            "value": "no",
            "confidence": 0.96
          },
          {
            "name": "mustache",
            "value": "no",
            "confidence": 0.9
          },
          {
            "name": "narrow eyes",
            "value": "no",
            "confidence": 0.8
          },
          {
            "name": "oval face",
            "value": "yes",
            "confidence": 1.0
          },
          {
            "name": "pale skin",
            "value": "no",
            "confidence": 0.41
          },
          {
            "name": "pitch",
            "value": "-10.02",
            "confidence": 1.0
          },
          {
            "name": "pointy nose",
            "value": "yes",
            "confidence": 0.44
          },
          {
            "name": "race",
            "value": "white",
            "confidence": 1.0
          },
          {
            "name": "receding hairline",
            "value": "no",
            "confidence": 0.47
          },
          {
            "name": "rosy cheeks",
            "value": "yes",
            "confidence": 0.82
          },
          {
            "name": "sideburns",
            "value": "no",
            "confidence": 0.94
          },
          {
            "name": "straight hair",
            "value": "no",
            "confidence": 0.23
          },
          {
            "name": "wavy hair",
            "value": "yes",
            "confidence": 0.41
          },
          {
            "name": "wearing earrings",
            "value": "yes",
            "confidence": 0.04
          },
          {
            "name": "wearing hat",
            "value": "no",
            "confidence": 1.0
          },
          {
            "name": "wearing lipstick",
            "value": "yes",
            "confidence": 1.0
          },
          {
            "name": "wearing necklace",
            "value": "no",
            "confidence": 0.14
          },
          {
            "name": "wearing necktie",
            "value": "no",
            "confidence": 0.88
          },
          {
            "name": "yaw",
            "value": "1.96",
            "confidence": 1.0
          },
          {
            "name": "young",
            "value": "yes",
            "confidence": 0.98
          }
        ],
        "person_id": "",
        "appearance_id": 0,
        "start": "00:00:00",
        "duration": "00:00:00"
      }
    ],
    "tags": null,
    "original_filename": "https://raw.githubusercontent.com/sarkrui/Hairstyle60k/master/Dataset/Medium-Length_Hair/IMG_18.jpg",
    "duration": "00:00:00"
  },
  "recognize": null
}