{
  "media": {
    "media_uuid": "03d3fe6e-0c18-41c8-aac0-4563d87bca9d",
    "checksum": "db927c3e5f9b4aeced1cad716c1e07b235a58047db08155ba6cfa369c34106fe",
    "faces": [
      {
        "face_uuid": "97befa74-1535-11e9-99c4-0cc47a6c4dbd",
        "media_uuid": "03d3fe6e-0c18-41c8-aac0-4563d87bca9d",
        "x": 248.5,
        "y": 195.5,
        "width": 144.11,
        "height": 191.84,
        "angle": 0.4978,
        "detection_score": 1.0,
        "points": [
          {
            "x": 229.71,
            "y": 176.27,
            "type": 512,
            "name": "basic eye left"
          },
          {
            "x": 297.0,
            "y": 175.69,
            "type": 768,
            "name": "basic eye right"
          },
          {
            "x": 213.75,
            "y": 176.89,
            "type": 1024,
            "name": "basic eye left outer"
          },
          {
            "x": 310.09,
            "y": 175.89,
            "type": 1280,
            "name": "basic eye right outer"
          },
          {
            "x": 245.38,
            "y": 176.94,
            "type": 1536,
            "name": "basic eye left inner"
          },
          {
            "x": 284.49,
            "y": 176.76,
            "type": 1792,
            "name": "basic eye right inner"
          },
          {
            "x": 240.61,
            "y": 252.83,
            "type": 2048,
            "name": "basic mouth left"
          },
          {
            "x": 290.65,
            "y": 252.47,
            "type": 2304,
            "name": "basic mouth right"
          },
          {
            "x": 279.42,
            "y": 216.66,
            "type": 2560,
            "name": "basic nose tip"
          },
          {
            "x": 267.05,
            "y": 252.66,
            "type": 2816,
            "name": "basic mouth center"
          },
          {
            "x": 267.05,
            "y": 252.66,
            "type": 3072,
            "name": "basic eyebrow left"
          },
          {
            "x": 267.05,
            "y": 252.66,
            "type": 3328,
            "name": "basic eyebrow left inner corner"
          },
          {
            "x": 267.05,
            "y": 252.66,
            "type": 3584,
            "name": "basic eyebrow left outer corner"
          },
          {
            "x": 267.05,
            "y": 252.66,
            "type": 3840,
            "name": "basic eyebrow right"
          },
          {
            "x": 267.05,
            "y": 252.66,
            "type": 4096,
            "name": "basic eyebrow right inner corner"
          },
          {
            "x": 267.05,
            "y": 252.66,
            "type": 4352,
            "name": "basic eyebrow right outer corner"
          },
          {
            "x": 267.05,
            "y": 252.66,
            "type": 4608,
            "name": "basic chin bottom"
          },
          {
            "x": 267.05,
            "y": 252.66,
            "type": 4864,
            "name": "basic chin left"
          },
          {
            "x": 267.05,
            "y": 252.66,
            "type": 5120,
            "name": "basic chin right"
          },
          {
            "x": 255.76,
            "y": 222.07,
            "type": 5376,
            "name": "basic nose left"
          },
          {
            "x": 288.81,
            "y": 221.79,
            "type": 5632,
            "name": "basic nose right"
          }
        ],
        "user_points": null,
        "tags": [
          {
            "name": "5oclock shadow",
            "value": "no",
            "confidence": 1.0
          },
          {
            "name": "age",
            "value": "12",
            "confidence": 0.6
          },
          {
            "name": "arched eyebrows",
            "value": "yes",
            "confidence": 0.15
          },
          {
            "name": "attractive",
            "value": "yes",
            "confidence": 0.89
          },
          {
            "name": "bags under eyes",
            "value": "no",
            "confidence": 1.0
          },
          {
            "name": "bald",
            "value": "no",
            "confidence": 1.0
          },
          {
            "name": "bangs",
            "value": "yes",
            "confidence": 0.55
          },
          {
            "name": "beard",
            "value": "no",
            "confidence": 0.94
          },
          {
            "name": "big lips",
            "value": "no",
            "confidence": 0.11
          },
          {
            "name": "big nose",
            "value": "no",
            "confidence": 1.0
          },
          {
            "name": "black hair",
            "value": "no",
            "confidence": 0.71
          },
          {
            "name": "blond hair",
            "value": "no",
            "confidence": 0.64
          },
          {
            "name": "blurry",
            "value": "no",
            "confidence": 1.0
          },
          {
            "name": "brown hair",
            "value": "yes",
            "confidence": 0.68
          },
          {
            "name": "bushy eyebrows",
            "value": "no",
            "confidence": 0.23
          },
          {
            "name": "chubby",
            "value": "no",
            "confidence": 1.0
          },
          {
            "name": "double chin",
            "value": "no",
            "confidence": 1.0
          },
          {
            "name": "expression",
            "value": "neutral",
            "confidence": 0.82
          },
          {
            "name": "gender",
            "value": "female",
            "confidence": 1.0
          },
          {
            "name": "glasses",
            "value": "no",
            "confidence": 1.0
          },
          {
            "name": "goatee",
            "value": "no",
            "confidence": 0.94
          },
          {
            "name": "gray hair",
            "value": "no",
            "confidence": 1.0
          },
          {
            "name": "heavy makeup",
            "value": "yes",
            "confidence": 1.0
          },
          {
            "name": "high cheekbones",
            "value": "no",
            "confidence": 0.6
          },
          {
            "name": "mouth open",
            "value": "no",
            "confidence": 0.29
          },
          {
            "name": "mustache",
            "value": "no",
            "confidence": 0.96
          },
          {
            "name": "narrow eyes",
            "value": "no",
            "confidence": 0.54
          },
          {
            "name": "oval face",
            "value": "yes",
            "confidence": 0.58
          },
          {
            "name": "pale skin",
            "value": "yes",
            "confidence": 0.1
          },
          {
            "name": "pitch",
            "value": "-8.35",
            "confidence": 1.0
          },
          {
            "name": "pointy nose",
            "value": "yes",
            "confidence": 0.07
          },
          {
            "name": "race",
            "value": "white",
            "confidence": 1.0
          },
          {
            "name": "receding hairline",
            "value": "no",
            "confidence": 1.0
          },
          {
            "name": "rosy cheeks",
            "value": "no",
            "confidence": 0.39
          },
          {
            "name": "sideburns",
            "value": "no",
            "confidence": 0.91
          },
          {
            "name": "straight hair",
            "value": "yes",
            "confidence": 0.64
          },
          {
            "name": "wavy hair",
            "value": "no",
            "confidence": 0.36
          },
          {
            "name": "wearing earrings",
            "value": "no",
            "confidence": 0.4
          },
          {
            "name": "wearing hat",
            "value": "no",
            "confidence": 0.94
          },
          {
            "name": "wearing lipstick",
            "value": "yes",
            "confidence": 1.0
          },
          {
            "name": "wearing necklace",
            "value": "no",
            "confidence": 0.18
          },
          {
            "name": "wearing necktie",
            "value": "no",
            "confidence": 0.88
          },
          {
            "name": "yaw",
            "value": "-18.56",
            "confidence": 1.0
          },
          {
            "name": "young",
            "value": "yes",
            "confidence": 1.0
          }
        ],
        "person_id": "",
        "appearance_id": 0,
        "start": "00:00:00",
        "duration": "00:00:00"
      }
    ],
    "tags": null,
    "original_filename": "https://raw.githubusercontent.com/sarkrui/Hairstyle60k/master/Dataset/Medium-Length_Hair/IMG_22.jpg",
    "duration": "00:00:00"
  },
  "recognize": null
}