{
  "media": {
    "media_uuid": "20621f66-be12-47bf-b06a-8807e534aa0b",
    "checksum": "e355d41e2c0967dbd0662a05edfac5fd0463e11d5b38bef0a5dbef55884abaf9",
    "faces": [
      {
        "face_uuid": "b4077351-1535-11e9-99c4-0cc47a6c4dbd",
        "media_uuid": "20621f66-be12-47bf-b06a-8807e534aa0b",
        "x": 253.56,
        "y": 349.69,
        "width": 303.32,
        "height": 389.99,
        "angle": -3.3638,
        "detection_score": 1.0,
        "points": [
          {
            "x": 176.62,
            "y": 306.93,
            "type": 512,
            "name": "basic eye left"
          },
          {
            "x": 319.51,
            "y": 315.33,
            "type": 768,
            "name": "basic eye right"
          },
          {
            "x": 146.35,
            "y": 305.72,
            "type": 1024,
            "name": "basic eye left outer"
          },
          {
            "x": 349.06,
            "y": 317.52,
            "type": 1280,
            "name": "basic eye right outer"
          },
          {
            "x": 206.35,
            "y": 311.87,
            "type": 1536,
            "name": "basic eye left inner"
          },
          {
            "x": 290.33,
            "y": 316.88,
            "type": 1792,
            "name": "basic eye right inner"
          },
          {
            "x": 180.9,
            "y": 437.02,
            "type": 2048,
            "name": "basic mouth left"
          },
          {
            "x": 299.98,
            "y": 445.11,
            "type": 2304,
            "name": "basic mouth right"
          },
          {
            "x": 247.51,
            "y": 395.1,
            "type": 2560,
            "name": "basic nose tip"
          },
          {
            "x": 240.62,
            "y": 444.75,
            "type": 2816,
            "name": "basic mouth center"
          },
          {
            "x": 240.62,
            "y": 444.75,
            "type": 3072,
            "name": "basic eyebrow left"
          },
          {
            "x": 240.62,
            "y": 444.75,
            "type": 3328,
            "name": "basic eyebrow left inner corner"
          },
          {
            "x": 240.62,
            "y": 444.75,
            "type": 3584,
            "name": "basic eyebrow left outer corner"
          },
          {
            "x": 240.62,
            "y": 444.75,
            "type": 3840,
            "name": "basic eyebrow right"
          },
          {
            "x": 240.62,
            "y": 444.75,
            "type": 4096,
            "name": "basic eyebrow right inner corner"
          },
          {
            "x": 240.62,
            "y": 444.75,
            "type": 4352,
            "name": "basic eyebrow right outer corner"
          },
          {
            "x": 240.62,
            "y": 444.75,
            "type": 4608,
            "name": "basic chin bottom"
          },
          {
            "x": 240.62,
            "y": 444.75,
            "type": 4864,
            "name": "basic chin left"
          },
          {
            "x": 240.62,
            "y": 444.75,
            "type": 5120,
            "name": "basic chin right"
          },
          {
            "x": 210.46,
            "y": 396.81,
            "type": 5376,
            "name": "basic nose left"
          },
          {
            "x": 281.0,
            "y": 401.24,
            "type": 5632,
            "name": "basic nose right"
          }
        ],
        "user_points": null,
        "tags": [
          {
            "name": "5oclock shadow",
            "value": "yes",
            "confidence": 0.19
          },
          {
            "name": "age",
            "value": "38",
            "confidence": 0.6
          },
          {
            "name": "arched eyebrows",
            "value": "no",
            "confidence": 0.99
          },
          {
            "name": "attractive",
            "value": "no",
            "confidence": 0.56
          },
          {
            "name": "bags under eyes",
            "value": "yes",
            "confidence": 0.06
          },
          {
            "name": "bald",
            "value": "no",
            "confidence": 0.52
          },
          {
            "name": "bangs",
            "value": "no",
            "confidence": 0.93
          },
          {
            "name": "beard",
            "value": "no",
            "confidence": 0.31
          },
          {
            "name": "big lips",
            "value": "no",
            "confidence": 0.65
          },
          {
            "name": "big nose",
            "value": "yes",
            "confidence": 0.77
          },
          {
            "name": "black hair",
            "value": "no",
            "confidence": 0.86
          },
          {
            "name": "blond hair",
            "value": "no",
            "confidence": 0.65
          },
          {
            "name": "blurry",
            "value": "no",
            "confidence": 0.55
          },
          {
            "name": "brown hair",
            "value": "yes",
            "confidence": 0.22
          },
          {
            "name": "bushy eyebrows",
            "value": "no",
            "confidence": 0.14
          },
          {
            "name": "chubby",
            "value": "yes",
            "confidence": 0.28
          },
          {
            "name": "double chin",
            "value": "yes",
            "confidence": 0.46
          },
          {
            "name": "expression",
            "value": "smile",
            "confidence": 0.48
          },
          {
            "name": "gender",
            "value": "male",
            "confidence": 1.0
          },
          {
            "name": "glasses",
            "value": "yes",
            "confidence": 1.0
          },
          {
            "name": "goatee",
            "value": "no",
            "confidence": 0.69
          },
          {
            "name": "gray hair",
            "value": "yes",
            "confidence": 0.18
          },
          {
            "name": "heavy makeup",
            "value": "no",
            "confidence": 0.9
          },
          {
            "name": "high cheekbones",
            "value": "no",
            "confidence": 0.22
          },
          {
            "name": "mouth open",
            "value": "no",
            "confidence": 0.88
          },
          {
            "name": "mustache",
            "value": "no",
            "confidence": 0.25
          },
          {
            "name": "narrow eyes",
            "value": "no",
            "confidence": 0.16
          },
          {
            "name": "oval face",
            "value": "no",
            "confidence": 0.42
          },
          {
            "name": "pale skin",
            "value": "no",
            "confidence": 0.19
          },
          {
            "name": "pitch",
            "value": "-8.02",
            "confidence": 1.0
          },
          {
            "name": "pointy nose",
            "value": "no",
            "confidence": 0.39
          },
          {
            "name": "race",
            "value": "white",
            "confidence": 1.0
          },
          {
            "name": "receding hairline",
            "value": "no",
            "confidence": 0.56
          },
          {
            "name": "rosy cheeks",
            "value": "no",
            "confidence": 0.83
          },
          {
            "name": "sideburns",
            "value": "no",
            "confidence": 0.65
          },
          {
            "name": "straight hair",
            "value": "yes",
            "confidence": 0.06
          },
          {
            "name": "wavy hair",
            "value": "no",
            "confidence": 0.05
          },
          {
            "name": "wearing earrings",
            "value": "no",
            "confidence": 0.95
          },
          {
            "name": "wearing hat",
            "value": "no",
            "confidence": 0.45
          },
          {
            "name": "wearing lipstick",
            "value": "no",
            "confidence": 0.94
          },
          {
            "name": "wearing necklace",
            "value": "no",
            "confidence": 0.83
          },
          {
            "name": "wearing necktie",
            "value": "yes",
            "confidence": 0.6
          },
          {
            "name": "yaw",
            "value": "-1.9",
            "confidence": 1.0
          },
          {
            "name": "young",
            "value": "no",
            "confidence": 0.65
          }
        ],
        "person_id": "",
        "appearance_id": 0,
        "start": "00:00:00",
        "duration": "00:00:00"
      }
    ],
    "tags": null,
    "original_filename": "https://raw.githubusercontent.com/sarkrui/Hairstyle60k/master/Dataset/Men_With_Square_Angles/IMG_3.jpg",
    "duration": "00:00:00"
  },
  "recognize": null
}