{
  "media": {
    "media_uuid": "344ee205-6f8e-42f0-bb41-42129739f4dc",
    "checksum": "5f75d3bb45c06bbf7c900b36b0703104af5a70480e163121ede95f1c99a9545e",
    "faces": [
      {
        "face_uuid": "b8be751a-1535-11e9-99c4-0cc47a6c4dbd",
        "media_uuid": "344ee205-6f8e-42f0-bb41-42129739f4dc",
        "x": 309.5,
        "y": 216.0,
        "width": 148.6,
        "height": 222.43,
        "angle": 5.1099,
        "detection_score": 1.0,
        "points": [
          {
            "x": 278.31,
            "y": 196.9,
            "type": 512,
            "name": "basic eye left"
          },
          {
            "x": 353.27,
            "y": 190.2,
            "type": 768,
            "name": "basic eye right"
          },
          {
            "x": 260.89,
            "y": 199.14,
            "type": 1024,
            "name": "basic eye left outer"
          },
          {
            "x": 368.73,
            "y": 189.15,
            "type": 1280,
            "name": "basic eye right outer"
          },
          {
            "x": 294.89,
            "y": 195.25,
            "type": 1536,
            "name": "basic eye left inner"
          },
          {
            "x": 338.11,
            "y": 191.59,
            "type": 1792,
            "name": "basic eye right inner"
          },
          {
            "x": 306.11,
            "y": 278.91,
            "type": 2048,
            "name": "basic mouth left"
          },
          {
            "x": 364.72,
            "y": 270.07,
            "type": 2304,
            "name": "basic mouth right"
          },
          {
            "x": 337.89,
            "y": 236.38,
            "type": 2560,
            "name": "basic nose tip"
          },
          {
            "x": 336.14,
            "y": 274.22,
            "type": 2816,
            "name": "basic mouth center"
          },
          {
            "x": 336.14,
            "y": 274.22,
            "type": 3072,
            "name": "basic eyebrow left"
          },
          {
            "x": 336.14,
            "y": 274.22,
            "type": 3328,
            "name": "basic eyebrow left inner corner"
          },
          {
            "x": 336.14,
            "y": 274.22,
            "type": 3584,
            "name": "basic eyebrow left outer corner"
          },
          {
            "x": 336.14,
            "y": 274.22,
            "type": 3840,
            "name": "basic eyebrow right"
          },
          {
            "x": 336.14,
            "y": 274.22,
            "type": 4096,
            "name": "basic eyebrow right inner corner"
          },
          {
            "x": 336.14,
            "y": 274.22,
            "type": 4352,
            "name": "basic eyebrow right outer corner"
          },
          {
            "x": 336.14,
            "y": 274.22,
            "type": 4608,
            "name": "basic chin bottom"
          },
          {
            "x": 336.14,
            "y": 274.22,
            "type": 4864,
            "name": "basic chin left"
          },
          {
            "x": 336.14,
            "y": 274.22,
            "type": 5120,
            "name": "basic chin right"
          },
          {
            "x": 313.4,
            "y": 243.61,
            "type": 5376,
            "name": "basic nose left"
          },
          {
            "x": 352.94,
            "y": 239.42,
            "type": 5632,
            "name": "basic nose right"
          }
        ],
        "user_points": null,
        "tags": [
          {
            "name": "5oclock shadow",
            "value": "yes",
            "confidence": 0.71
          },
          {
            "name": "age",
            "value": "28",
            "confidence": 0.6
          },
          {
            "name": "arched eyebrows",
            "value": "no",
            "confidence": 0.95
          },
          {
            "name": "attractive",
            "value": "no",
            "confidence": 0.25
          },
          {
            "name": "bags under eyes",
            "value": "no",
            "confidence": 0.53
          },
          {
            "name": "bald",
            "value": "no",
            "confidence": 0.59
          },
          {
            "name": "bangs",
            "value": "no",
            "confidence": 0.67
          },
          {
            "name": "beard",
            "value": "yes",
            "confidence": 0.93
          },
          {
            "name": "big lips",
            "value": "no",
            "confidence": 0.82
          },
          {
            "name": "big nose",
            "value": "no",
            "confidence": 0.39
          },
          {
            "name": "black hair",
            "value": "yes",
            "confidence": 0.43
          },
          {
            "name": "blond hair",
            "value": "no",
            "confidence": 1.0
          },
          {
            "name": "blurry",
            "value": "no",
            "confidence": 0.23
          },
          {
            "name": "brown hair",
            "value": "no",
            "confidence": 0.62
          },
          {
            "name": "bushy eyebrows",
            "value": "no",
            "confidence": 0.24
          },
          {
            "name": "chubby",
            "value": "no",
            "confidence": 0.49
          },
          {
            "name": "double chin",
            "value": "no",
            "confidence": 0.7
          },
          {
            "name": "expression",
            "value": "neutral",
            "confidence": 0.75
          },
          {
            "name": "gender",
            "value": "male",
            "confidence": 0.95
          },
          {
            "name": "glasses",
            "value": "no",
            "confidence": 1.0
          },
          {
            "name": "goatee",
            "value": "yes",
            "confidence": 0.56
          },
          {
            "name": "gray hair",
            "value": "no",
            "confidence": 0.82
          },
          {
            "name": "heavy makeup",
            "value": "no",
            "confidence": 0.92
          },
          {
            "name": "high cheekbones",
            "value": "no",
            "confidence": 1.0
          },
          {
            "name": "mouth open",
            "value": "no",
            "confidence": 0.44
          },
          {
            "name": "mustache",
            "value": "yes",
            "confidence": 0.5
          },
          {
            "name": "narrow eyes",
            "value": "no",
            "confidence": 0.22
          },
          {
            "name": "oval face",
            "value": "no",
            "confidence": 0.39
          },
          {
            "name": "pale skin",
            "value": "no",
            "confidence": 0.29
          },
          {
            "name": "pitch",
            "value": "-5.76",
            "confidence": 1.0
          },
          {
            "name": "pointy nose",
            "value": "yes",
            "confidence": 0.24
          },
          {
            "name": "race",
            "value": "white",
            "confidence": 1.0
          },
          {
            "name": "receding hairline",
            "value": "no",
            "confidence": 0.63
          },
          {
            "name": "rosy cheeks",
            "value": "no",
            "confidence": 0.83
          },
          {
            "name": "sideburns",
            "value": "yes",
            "confidence": 0.65
          },
          {
            "name": "straight hair",
            "value": "yes",
            "confidence": 0.26
          },
          {
            "name": "wavy hair",
            "value": "no",
            "confidence": 0.67
          },
          {
            "name": "wearing earrings",
            "value": "no",
            "confidence": 1.0
          },
          {
            "name": "wearing hat",
            "value": "no",
            "confidence": 0.59
          },
          {
            "name": "wearing lipstick",
            "value": "no",
            "confidence": 0.92
          },
          {
            "name": "wearing necklace",
            "value": "no",
            "confidence": 1.0
          },
          {
            "name": "wearing necktie",
            "value": "yes",
            "confidence": 0.22
          },
          {
            "name": "yaw",
            "value": "-55.11",
            "confidence": 1.0
          },
          {
            "name": "young",
            "value": "no",
            "confidence": 0.09
          }
        ],
        "person_id": "",
        "appearance_id": 0,
        "start": "00:00:00",
        "duration": "00:00:00"
      }
    ],
    "tags": null,
    "original_filename": "https://raw.githubusercontent.com/sarkrui/Hairstyle60k/master/Dataset/Men_With_Square_Angles/IMG_8.jpg",
    "duration": "00:00:00"
  },
  "recognize": null
}