{
  "media": {
    "media_uuid": "7ff7c374-6425-489c-859a-086738b1a3b7",
    "checksum": "393b8576ee7c6cb862537963b049a177452a97345e4006dcbc2b59feb958c269",
    "faces": [
      {
        "face_uuid": "ac5fcb83-1535-11e9-99c4-0cc47a6c4dbd",
        "media_uuid": "7ff7c374-6425-489c-859a-086738b1a3b7",
        "x": 178.38,
        "y": 185.53,
        "width": 147.51,
        "height": 196.35,
        "angle": 6.4281,
        "detection_score": 1.0,
        "points": [
          {
            "x": 125.6,
            "y": 172.8,
            "type": 512,
            "name": "basic eye left"
          },
          {
            "x": 189.28,
            "y": 165.63,
            "type": 768,
            "name": "basic eye right"
          },
          {
            "x": 112.71,
            "y": 174.28,
            "type": 1024,
            "name": "basic eye left outer"
          },
          {
            "x": 204.88,
            "y": 164.05,
            "type": 1280,
            "name": "basic eye right outer"
          },
          {
            "x": 138.19,
            "y": 171.67,
            "type": 1536,
            "name": "basic eye left inner"
          },
          {
            "x": 173.68,
            "y": 167.65,
            "type": 1792,
            "name": "basic eye right inner"
          },
          {
            "x": 139.95,
            "y": 251.95,
            "type": 2048,
            "name": "basic mouth left"
          },
          {
            "x": 190.58,
            "y": 246.14,
            "type": 2304,
            "name": "basic mouth right"
          },
          {
            "x": 147.03,
            "y": 217.4,
            "type": 2560,
            "name": "basic nose tip"
          },
          {
            "x": 163.95,
            "y": 249.25,
            "type": 2816,
            "name": "basic mouth center"
          },
          {
            "x": 163.95,
            "y": 249.25,
            "type": 3072,
            "name": "basic eyebrow left"
          },
          {
            "x": 163.95,
            "y": 249.25,
            "type": 3328,
            "name": "basic eyebrow left inner corner"
          },
          {
            "x": 163.95,
            "y": 249.25,
            "type": 3584,
            "name": "basic eyebrow left outer corner"
          },
          {
            "x": 163.95,
            "y": 249.25,
            "type": 3840,
            "name": "basic eyebrow right"
          },
          {
            "x": 163.95,
            "y": 249.25,
            "type": 4096,
            "name": "basic eyebrow right inner corner"
          },
          {
            "x": 163.95,
            "y": 249.25,
            "type": 4352,
            "name": "basic eyebrow right outer corner"
          },
          {
            "x": 163.95,
            "y": 249.25,
            "type": 4608,
            "name": "basic chin bottom"
          },
          {
            "x": 163.95,
            "y": 249.25,
            "type": 4864,
            "name": "basic chin left"
          },
          {
            "x": 163.95,
            "y": 249.25,
            "type": 5120,
            "name": "basic chin right"
          },
          {
            "x": 137.26,
            "y": 221.0,
            "type": 5376,
            "name": "basic nose left"
          },
          {
            "x": 171.45,
            "y": 217.22,
            "type": 5632,
            "name": "basic nose right"
          }
        ],
        "user_points": null,
        "tags": [
          {
            "name": "5oclock shadow",
            "value": "no",
            "confidence": 0.04
          },
          {
            "name": "age",
            "value": "34",
            "confidence": 0.6
          },
          {
            "name": "arched eyebrows",
            "value": "no",
            "confidence": 0.73
          },
          {
            "name": "attractive",
            "value": "yes",
            "confidence": 0.6
          },
          {
            "name": "bags under eyes",
            "value": "no",
            "confidence": 0.32
          },
          {
            "name": "bald",
            "value": "no",
            "confidence": 1.0
          },
          {
            "name": "bangs",
            "value": "no",
            "confidence": 0.63
          },
          {
            "name": "beard",
            "value": "no",
            "confidence": 0.69
          },
          {
            "name": "big lips",
            "value": "no",
            "confidence": 0.34
          },
          {
            "name": "big nose",
            "value": "no",
            "confidence": 0.41
          },
          {
            "name": "black hair",
            "value": "yes",
            "confidence": 0.7
          },
          {
            "name": "blond hair",
            "value": "no",
            "confidence": 1.0
          },
          {
            "name": "blurry",
            "value": "no",
            "confidence": 1.0
          },
          {
            "name": "brown hair",
            "value": "no",
            "confidence": 0.64
          },
          {
            "name": "bushy eyebrows",
            "value": "yes",
            "confidence": 0.48
          },
          {
            "name": "chubby",
            "value": "no",
            "confidence": 1.0
          },
          {
            "name": "double chin",
            "value": "no",
            "confidence": 1.0
          },
          {
            "name": "expression",
            "value": "neutral",
            "confidence": 0.8
          },
          {
            "name": "gender",
            "value": "male",
            "confidence": 0.93
          },
          {
            "name": "glasses",
            "value": "no",
            "confidence": 1.0
          },
          {
            "name": "goatee",
            "value": "no",
            "confidence": 1.0
          },
          {
            "name": "gray hair",
            "value": "no",
            "confidence": 1.0
          },
          {
            "name": "heavy makeup",
            "value": "no",
            "confidence": 0.86
          },
          {
            "name": "high cheekbones",
            "value": "no",
            "confidence": 0.71
          },
          {
            "name": "mouth open",
            "value": "no",
            "confidence": 0.73
          },
          {
            "name": "mustache",
            "value": "no",
            "confidence": 1.0
          },
          {
            "name": "narrow eyes",
            "value": "no",
            "confidence": 0.89
          },
          {
            "name": "oval face",
            "value": "no",
            "confidence": 0.13
          },
          {
            "name": "pale skin",
            "value": "yes",
            "confidence": 0.49
          },
          {
            "name": "pitch",
            "value": "-7.3",
            "confidence": 1.0
          },
          {
            "name": "pointy nose",
            "value": "yes",
            "confidence": 0.21
          },
          {
            "name": "race",
            "value": "asian",
            "confidence": 0.77
          },
          {
            "name": "receding hairline",
            "value": "no",
            "confidence": 0.67
          },
          {
            "name": "rosy cheeks",
            "value": "no",
            "confidence": 0.93
          },
          {
            "name": "sideburns",
            "value": "no",
            "confidence": 1.0
          },
          {
            "name": "straight hair",
            "value": "yes",
            "confidence": 0.62
          },
          {
            "name": "wavy hair",
            "value": "no",
            "confidence": 0.8
          },
          {
            "name": "wearing earrings",
            "value": "no",
            "confidence": 0.72
          },
          {
            "name": "wearing hat",
            "value": "no",
            "confidence": 1.0
          },
          {
            "name": "wearing lipstick",
            "value": "no",
            "confidence": 0.84
          },
          {
            "name": "wearing necklace",
            "value": "no",
            "confidence": 1.0
          },
          {
            "name": "wearing necktie",
            "value": "yes",
            "confidence": 0.3
          },
          {
            "name": "yaw",
            "value": "38.72",
            "confidence": 1.0
          },
          {
            "name": "young",
            "value": "yes",
            "confidence": 0.89
          }
        ],
        "person_id": "",
        "appearance_id": 0,
        "start": "00:00:00",
        "duration": "00:00:00"
      }
    ],
    "tags": null,
    "original_filename": "https://raw.githubusercontent.com/sarkrui/Hairstyle60k/master/Dataset/Men_Pompadour/IMG_19.jpg",
    "duration": "00:00:00"
  },
  "recognize": null
}