{
  "media": {
    "media_uuid": "99a2a5e0-a89d-495a-a555-ca3af007e1fc",
    "checksum": "fe51296fa5bafb2d90876226ccbb00c6824751733f94b87320100d049a879332",
    "faces": [
      {
        "face_uuid": "ab973e72-1535-11e9-99c4-0cc47a6c4dbd",
        "media_uuid": "99a2a5e0-a89d-495a-a555-ca3af007e1fc",
        "x": 252.5,
        "y": 322.0,
        "width": 228.7,
        "height": 317.69,
        "angle": -2.7735,
        "detection_score": 1.0,
        "points": [
          {
            "x": 243.45,
            "y": 285.65,
            "type": 512,
            "name": "basic eye left"
          },
          {
            "x": 347.11,
            "y": 290.67,
            "type": 768,
            "name": "basic eye right"
          },
          {
            "x": 217.46,
            "y": 286.02,
            "type": 1024,
            "name": "basic eye left outer"
          },
          {
            "x": 366.26,
            "y": 292.82,
            "type": 1280,
            "name": "basic eye right outer"
          },
          {
            "x": 268.52,
            "y": 285.82,
            "type": 1536,
            "name": "basic eye left inner"
          },
          {
            "x": 328.3,
            "y": 289.02,
            "type": 1792,
            "name": "basic eye right inner"
          },
          {
            "x": 251.47,
            "y": 410.94,
            "type": 2048,
            "name": "basic mouth left"
          },
          {
            "x": 338.41,
            "y": 407.36,
            "type": 2304,
            "name": "basic mouth right"
          },
          {
            "x": 327.69,
            "y": 344.08,
            "type": 2560,
            "name": "basic nose tip"
          },
          {
            "x": 298.3,
            "y": 408.42,
            "type": 2816,
            "name": "basic mouth center"
          },
          {
            "x": 298.3,
            "y": 408.42,
            "type": 3072,
            "name": "basic eyebrow left"
          },
          {
            "x": 298.3,
            "y": 408.42,
            "type": 3328,
            "name": "basic eyebrow left inner corner"
          },
          {
            "x": 298.3,
            "y": 408.42,
            "type": 3584,
            "name": "basic eyebrow left outer corner"
          },
          {
            "x": 298.3,
            "y": 408.42,
            "type": 3840,
            "name": "basic eyebrow right"
          },
          {
            "x": 298.3,
            "y": 408.42,
            "type": 4096,
            "name": "basic eyebrow right inner corner"
          },
          {
            "x": 298.3,
            "y": 408.42,
            "type": 4352,
            "name": "basic eyebrow right outer corner"
          },
          {
            "x": 298.3,
            "y": 408.42,
            "type": 4608,
            "name": "basic chin bottom"
          },
          {
            "x": 298.3,
            "y": 408.42,
            "type": 4864,
            "name": "basic chin left"
          },
          {
            "x": 298.3,
            "y": 408.42,
            "type": 5120,
            "name": "basic chin right"
          },
          {
            "x": 281.37,
            "y": 356.52,
            "type": 5376,
            "name": "basic nose left"
          },
          {
            "x": 339.7,
            "y": 356.9,
            "type": 5632,
            "name": "basic nose right"
          }
        ],
        "user_points": null,
        "tags": [
          {
            "name": "5oclock shadow",
            "value": "no",
            "confidence": 0.19
          },
          {
            "name": "age",
            "value": "22",
            "confidence": 0.6
          },
          {
            "name": "arched eyebrows",
            "value": "no",
            "confidence": 1.0
          },
          {
            "name": "attractive",
            "value": "no",
            "confidence": 0.29
          },
          {
            "name": "bags under eyes",
            "value": "no",
            "confidence": 0.48
          },
          {
            "name": "bald",
            "value": "no",
            "confidence": 0.72
          },
          {
            "name": "bangs",
            "value": "no",
            "confidence": 0.65
          },
          {
            "name": "beard",
            "value": "no",
            "confidence": 0.35
          },
          {
            "name": "big lips",
            "value": "no",
            "confidence": 0.13
          },
          {
            "name": "big nose",
            "value": "no",
            "confidence": 0.29
          },
          {
            "name": "black hair",
            "value": "yes",
            "confidence": 0.83
          },
          {
            "name": "blond hair",
            "value": "no",
            "confidence": 1.0
          },
          {
            "name": "blurry",
            "value": "no",
            "confidence": 0.46
          },
          {
            "name": "brown hair",
            "value": "no",
            "confidence": 1.0
          },
          {
            "name": "bushy eyebrows",
            "value": "no",
            "confidence": 0.15
          },
          {
            "name": "chubby",
            "value": "no",
            "confidence": 0.8
          },
          {
            "name": "double chin",
            "value": "no",
            "confidence": 1.0
          },
          {
            "name": "expression",
            "value": "neutral",
            "confidence": 1.0
          },
          {
            "name": "gender",
            "value": "male",
            "confidence": 0.78
          },
          {
            "name": "glasses",
            "value": "no",
            "confidence": 1.0
          },
          {
            "name": "goatee",
            "value": "no",
            "confidence": 0.84
          },
          {
            "name": "gray hair",
            "value": "no",
            "confidence": 1.0
          },
          {
            "name": "heavy makeup",
            "value": "no",
            "confidence": 0.82
          },
          {
            "name": "high cheekbones",
            "value": "no",
            "confidence": 0.72
          },
          {
            "name": "mouth open",
            "value": "no",
            "confidence": 0.29
          },
          {
            "name": "mustache",
            "value": "no",
            "confidence": 0.58
          },
          {
            "name": "narrow eyes",
            "value": "no",
            "confidence": 0.36
          },
          {
            "name": "oval face",
            "value": "no",
            "confidence": 0.4
          },
          {
            "name": "pale skin",
            "value": "yes",
            "confidence": 0.33
          },
          {
            "name": "pitch",
            "value": "-6.28",
            "confidence": 1.0
          },
          {
            "name": "pointy nose",
            "value": "no",
            "confidence": 0.24
          },
          {
            "name": "race",
            "value": "white",
            "confidence": 0.55
          },
          {
            "name": "receding hairline",
            "value": "no",
            "confidence": 0.46
          },
          {
            "name": "rosy cheeks",
            "value": "no",
            "confidence": 1.0
          },
          {
            "name": "sideburns",
            "value": "no",
            "confidence": 0.89
          },
          {
            "name": "straight hair",
            "value": "yes",
            "confidence": 0.28
          },
          {
            "name": "wavy hair",
            "value": "no",
            "confidence": 1.0
          },
          {
            "name": "wearing earrings",
            "value": "no",
            "confidence": 0.67
          },
          {
            "name": "wearing hat",
            "value": "no",
            "confidence": 0.31
          },
          {
            "name": "wearing lipstick",
            "value": "no",
            "confidence": 0.83
          },
          {
            "name": "wearing necklace",
            "value": "no",
            "confidence": 1.0
          },
          {
            "name": "wearing necktie",
            "value": "no",
            "confidence": 0.22
          },
          {
            "name": "yaw",
            "value": "-53.72",
            "confidence": 1.0
          },
          {
            "name": "young",
            "value": "yes",
            "confidence": 0.61
          }
        ],
        "person_id": "",
        "appearance_id": 0,
        "start": "00:00:00",
        "duration": "00:00:00"
      }
    ],
    "tags": null,
    "original_filename": "https://raw.githubusercontent.com/sarkrui/Hairstyle60k/master/Dataset/Men_Pompadour/IMG_18.jpg",
    "duration": "00:00:00"
  },
  "recognize": null
}