{
  "media": {
    "media_uuid": "f66a9a11-3d10-41e4-9b72-5fba69f9c1a3",
    "checksum": "fb06de3ee84845489860bd60f6b672b54c730ec856034000a1679af93f1e7675",
    "faces": [
      {
        "face_uuid": "9ad5a7b4-1535-11e9-99c4-0cc47a6c4dbd",
        "media_uuid": "f66a9a11-3d10-41e4-9b72-5fba69f9c1a3",
        "x": 203.5,
        "y": 286.5,
        "width": 172.92,
        "height": 251.25,
        "angle": 2.6993,
        "detection_score": 1.0,
        "points": [
          {
            "x": 180.4,
            "y": 263.1,
            "type": 512,
            "name": "basic eye left"
          },
          {
            "x": 264.07,
            "y": 259.16,
            "type": 768,
            "name": "basic eye right"
          },
          {
            "x": 160.35,
            "y": 263.86,
            "type": 1024,
            "name": "basic eye left outer"
          },
          {
            "x": 281.25,
            "y": 258.06,
            "type": 1280,
            "name": "basic eye right outer"
          },
          {
            "x": 200.26,
            "y": 263.09,
            "type": 1536,
            "name": "basic eye left inner"
          },
          {
            "x": 247.38,
            "y": 260.98,
            "type": 1792,
            "name": "basic eye right inner"
          },
          {
            "x": 195.26,
            "y": 360.13,
            "type": 2048,
            "name": "basic mouth left"
          },
          {
            "x": 262.49,
            "y": 356.11,
            "type": 2304,
            "name": "basic mouth right"
          },
          {
            "x": 243.2,
            "y": 324.19,
            "type": 2560,
            "name": "basic nose tip"
          },
          {
            "x": 230.58,
            "y": 359.32,
            "type": 2816,
            "name": "basic mouth center"
          },
          {
            "x": 230.58,
            "y": 359.32,
            "type": 3072,
            "name": "basic eyebrow left"
          },
          {
            "x": 230.58,
            "y": 359.32,
            "type": 3328,
            "name": "basic eyebrow left inner corner"
          },
          {
            "x": 230.58,
            "y": 359.32,
            "type": 3584,
            "name": "basic eyebrow left outer corner"
          },
          {
            "x": 230.58,
            "y": 359.32,
            "type": 3840,
            "name": "basic eyebrow right"
          },
          {
            "x": 230.58,
            "y": 359.32,
            "type": 4096,
            "name": "basic eyebrow right inner corner"
          },
          {
            "x": 230.58,
            "y": 359.32,
            "type": 4352,
            "name": "basic eyebrow right outer corner"
          },
          {
            "x": 230.58,
            "y": 359.32,
            "type": 4608,
            "name": "basic chin bottom"
          },
          {
            "x": 230.58,
            "y": 359.32,
            "type": 4864,
            "name": "basic chin left"
          },
          {
            "x": 230.58,
            "y": 359.32,
            "type": 5120,
            "name": "basic chin right"
          },
          {
            "x": 212.81,
            "y": 324.47,
            "type": 5376,
            "name": "basic nose left"
          },
          {
            "x": 256.92,
            "y": 321.97,
            "type": 5632,
            "name": "basic nose right"
          }
        ],
        "user_points": null,
        "tags": [
          {
            "name": "5oclock shadow",
            "value": "yes",
            "confidence": 0.92
          },
          {
            "name": "age",
            "value": "33",
            "confidence": 0.6
          },
          {
            "name": "arched eyebrows",
            "value": "no",
            "confidence": 0.87
          },
          {
            "name": "attractive",
            "value": "yes",
            "confidence": 0.47
          },
          {
            "name": "bags under eyes",
            "value": "yes",
            "confidence": 0.0
          },
          {
            "name": "bald",
            "value": "no",
            "confidence": 1.0
          },
          {
            "name": "bangs",
            "value": "no",
            "confidence": 1.0
          },
          {
            "name": "beard",
            "value": "yes",
            "confidence": 0.75
          },
          {
            "name": "big lips",
            "value": "no",
            "confidence": 0.44
          },
          {
            "name": "big nose",
            "value": "no",
            "confidence": 0.25
          },
          {
            "name": "black hair",
            "value": "yes",
            "confidence": 0.58
          },
          {
            "name": "blond hair",
            "value": "no",
            "confidence": 1.0
          },
          {
            "name": "blurry",
            "value": "no",
            "confidence": 0.67
          },
          {
            "name": "brown hair",
            "value": "no",
            "confidence": 0.37
          },
          {
            "name": "bushy eyebrows",
            "value": "yes",
            "confidence": 0.7
          },
          {
            "name": "chubby",
            "value": "no",
            "confidence": 1.0
          },
          {
            "name": "double chin",
            "value": "no",
            "confidence": 1.0
          },
          {
            "name": "expression",
            "value": "neutral",
            "confidence": 1.0
          },
          {
            "name": "gender",
            "value": "male",
            "confidence": 1.0
          },
          {
            "name": "glasses",
            "value": "no",
            "confidence": 1.0
          },
          {
            "name": "goatee",
            "value": "yes",
            "confidence": 0.27
          },
          {
            "name": "gray hair",
            "value": "no",
            "confidence": 1.0
          },
          {
            "name": "heavy makeup",
            "value": "no",
            "confidence": 1.0
          },
          {
            "name": "high cheekbones",
            "value": "no",
            "confidence": 0.97
          },
          {
            "name": "mouth open",
            "value": "no",
            "confidence": 1.0
          },
          {
            "name": "mustache",
            "value": "yes",
            "confidence": 0.21
          },
          {
            "name": "narrow eyes",
            "value": "no",
            "confidence": 0.0
          },
          {
            "name": "oval face",
            "value": "no",
            "confidence": 0.53
          },
          {
            "name": "pale skin",
            "value": "no",
            "confidence": 0.29
          },
          {
            "name": "pitch",
            "value": "-8.06",
            "confidence": 1.0
          },
          {
            "name": "pointy nose",
            "value": "yes",
            "confidence": 0.12
          },
          {
            "name": "race",
            "value": "hispanic",
            "confidence": 0.61
          },
          {
            "name": "receding hairline",
            "value": "no",
            "confidence": 0.89
          },
          {
            "name": "rosy cheeks",
            "value": "no",
            "confidence": 1.0
          },
          {
            "name": "sideburns",
            "value": "yes",
            "confidence": 0.4
          },
          {
            "name": "straight hair",
            "value": "yes",
            "confidence": 0.53
          },
          {
            "name": "wavy hair",
            "value": "no",
            "confidence": 0.54
          },
          {
            "name": "wearing earrings",
            "value": "no",
            "confidence": 1.0
          },
          {
            "name": "wearing hat",
            "value": "no",
            "confidence": 0.93
          },
          {
            "name": "wearing lipstick",
            "value": "no",
            "confidence": 1.0
          },
          {
            "name": "wearing necklace",
            "value": "no",
            "confidence": 1.0
          },
          {
            "name": "wearing necktie",
            "value": "yes",
            "confidence": 0.22
          },
          {
            "name": "yaw",
            "value": "-9.69",
            "confidence": 1.0
          },
          {
            "name": "young",
            "value": "yes",
            "confidence": 0.88
          }
        ],
        "person_id": "",
        "appearance_id": 0,
        "start": "00:00:00",
        "duration": "00:00:00"
      }
    ],
    "tags": null,
    "original_filename": "https://raw.githubusercontent.com/sarkrui/Hairstyle60k/master/Dataset/Men_Pompadour/IMG_2.jpg",
    "duration": "00:00:00"
  },
  "recognize": null
}