{
  "media": {
    "media_uuid": "a042d448-26d9-48f5-aec5-8c5aa3fdf192",
    "checksum": "fd0541253a2959030b823f1a62570a6ab33d93133ccc29461c3c8c75e9caf622",
    "faces": [
      {
        "face_uuid": "be28657f-1535-11e9-99c4-0cc47a6c4dbd",
        "media_uuid": "a042d448-26d9-48f5-aec5-8c5aa3fdf192",
        "x": 545.58,
        "y": 555.52,
        "width": 123.22,
        "height": 162.6,
        "angle": -11.7595,
        "detection_score": 1.0,
        "points": [
          {
            "x": 492.52,
            "y": 535.59,
            "type": 512,
            "name": "basic eye left"
          },
          {
            "x": 550.11,
            "y": 547.58,
            "type": 768,
            "name": "basic eye right"
          },
          {
            "x": 481.48,
            "y": 533.51,
            "type": 1024,
            "name": "basic eye left outer"
          },
          {
            "x": 564.02,
            "y": 550.87,
            "type": 1280,
            "name": "basic eye right outer"
          },
          {
            "x": 502.94,
            "y": 538.12,
            "type": 1536,
            "name": "basic eye left inner"
          },
          {
            "x": 536.3,
            "y": 545.04,
            "type": 1792,
            "name": "basic eye right inner"
          },
          {
            "x": 484.14,
            "y": 602.13,
            "type": 2048,
            "name": "basic mouth left"
          },
          {
            "x": 532.24,
            "y": 613.61,
            "type": 2304,
            "name": "basic mouth right"
          },
          {
            "x": 499.14,
            "y": 577.4,
            "type": 2560,
            "name": "basic nose tip"
          },
          {
            "x": 506.95,
            "y": 608.01,
            "type": 2816,
            "name": "basic mouth center"
          },
          {
            "x": 506.95,
            "y": 608.01,
            "type": 3072,
            "name": "basic eyebrow left"
          },
          {
            "x": 506.95,
            "y": 608.01,
            "type": 3328,
            "name": "basic eyebrow left inner corner"
          },
          {
            "x": 506.95,
            "y": 608.01,
            "type": 3584,
            "name": "basic eyebrow left outer corner"
          },
          {
            "x": 506.95,
            "y": 608.01,
            "type": 3840,
            "name": "basic eyebrow right"
          },
          {
            "x": 506.95,
            "y": 608.01,
            "type": 4096,
            "name": "basic eyebrow right inner corner"
          },
          {
            "x": 506.95,
            "y": 608.01,
            "type": 4352,
            "name": "basic eyebrow right outer corner"
          },
          {
            "x": 506.95,
            "y": 608.01,
            "type": 4608,
            "name": "basic chin bottom"
          },
          {
            "x": 506.95,
            "y": 608.01,
            "type": 4864,
            "name": "basic chin left"
          },
          {
            "x": 506.95,
            "y": 608.01,
            "type": 5120,
            "name": "basic chin right"
          },
          {
            "x": 489.91,
            "y": 578.62,
            "type": 5376,
            "name": "basic nose left"
          },
          {
            "x": 520.7,
            "y": 586.13,
            "type": 5632,
            "name": "basic nose right"
          }
        ],
        "user_points": null,
        "tags": [
          {
            "name": "5oclock shadow",
            "value": "no",
            "confidence": 0.81
          },
          {
            "name": "age",
            "value": "22",
            "confidence": 0.6
          },
          {
            "name": "arched eyebrows",
            "value": "no",
            "confidence": 0.39
          },
          {
            "name": "attractive",
            "value": "yes",
            "confidence": 1.0
          },
          {
            "name": "bags under eyes",
            "value": "no",
            "confidence": 0.73
          },
          {
            "name": "bald",
            "value": "no",
            "confidence": 1.0
          },
          {
            "name": "bangs",
            "value": "no",
            "confidence": 0.84
          },
          {
            "name": "beard",
            "value": "no",
            "confidence": 1.0
          },
          {
            "name": "big lips",
            "value": "no",
            "confidence": 0.14
          },
          {
            "name": "big nose",
            "value": "no",
            "confidence": 0.92
          },
          {
            "name": "black hair",
            "value": "no",
            "confidence": 0.25
          },
          {
            "name": "blond hair",
            "value": "no",
            "confidence": 0.9
          },
          {
            "name": "blurry",
            "value": "no",
            "confidence": 1.0
          },
          {
            "name": "brown hair",
            "value": "yes",
            "confidence": 0.24
          },
          {
            "name": "bushy eyebrows",
            "value": "yes",
            "confidence": 0.53
          },
          {
            "name": "chubby",
            "value": "no",
            "confidence": 1.0
          },
          {
            "name": "double chin",
            "value": "no",
            "confidence": 1.0
          },
          {
            "name": "expression",
            "value": "neutral",
            "confidence": 0.74
          },
          {
            "name": "gender",
            "value": "female",
            "confidence": 0.16
          },
          {
            "name": "glasses",
            "value": "no",
            "confidence": 1.0
          },
          {
            "name": "goatee",
            "value": "no",
            "confidence": 1.0
          },
          {
            "name": "gray hair",
            "value": "no",
            "confidence": 1.0
          },
          {
            "name": "heavy makeup",
            "value": "yes",
            "confidence": 0.03
          },
          {
            "name": "high cheekbones",
            "value": "no",
            "confidence": 0.7
          },
          {
            "name": "mouth open",
            "value": "no",
            "confidence": 0.73
          },
          {
            "name": "mustache",
            "value": "no",
            "confidence": 1.0
          },
          {
            "name": "narrow eyes",
            "value": "no",
            "confidence": 0.99
          },
          {
            "name": "oval face",
            "value": "yes",
            "confidence": 0.14
          },
          {
            "name": "pale skin",
            "value": "yes",
            "confidence": 0.65
          },
          {
            "name": "pitch",
            "value": "-6.92",
            "confidence": 1.0
          },
          {
            "name": "pointy nose",
            "value": "yes",
            "confidence": 0.49
          },
          {
            "name": "race",
            "value": "white",
            "confidence": 0.97
          },
          {
            "name": "receding hairline",
            "value": "no",
            "confidence": 0.84
          },
          {
            "name": "rosy cheeks",
            "value": "no",
            "confidence": 0.81
          },
          {
            "name": "sideburns",
            "value": "no",
            "confidence": 1.0
          },
          {
            "name": "straight hair",
            "value": "yes",
            "confidence": 0.33
          },
          {
            "name": "wavy hair",
            "value": "no",
            "confidence": 0.41
          },
          {
            "name": "wearing earrings",
            "value": "no",
            "confidence": 0.25
          },
          {
            "name": "wearing hat",
            "value": "no",
            "confidence": 1.0
          },
          {
            "name": "wearing lipstick",
            "value": "yes",
            "confidence": 0.16
          },
          {
            "name": "wearing necklace",
            "value": "no",
            "confidence": 0.74
          },
          {
            "name": "wearing necktie",
            "value": "no",
            "confidence": 0.42
          },
          {
            "name": "yaw",
            "value": "12.76",
            "confidence": 1.0
          },
          {
            "name": "young",
            "value": "yes",
            "confidence": 1.0
          }
        ],
        "person_id": "",
        "appearance_id": 0,
        "start": "00:00:00",
        "duration": "00:00:00"
      },
      {
        "face_uuid": "be788380-1535-11e9-99c4-0cc47a6c4dbd",
        "media_uuid": "a042d448-26d9-48f5-aec5-8c5aa3fdf192",
        "x": 360.62,
        "y": 576.07,
        "width": 160.28,
        "height": 217.52,
        "angle": 0.5219,
        "detection_score": 1.0,
        "points": [
          {
            "x": 342.37,
            "y": 560.32,
            "type": 512,
            "name": "basic eye left"
          },
          {
            "x": 413.17,
            "y": 559.68,
            "type": 768,
            "name": "basic eye right"
          },
          {
            "x": 325.04,
            "y": 560.81,
            "type": 1024,
            "name": "basic eye left outer"
          },
          {
            "x": 427.17,
            "y": 559.69,
            "type": 1280,
            "name": "basic eye right outer"
          },
          {
            "x": 359.61,
            "y": 560.16,
            "type": 1536,
            "name": "basic eye left inner"
          },
          {
            "x": 399.61,
            "y": 559.97,
            "type": 1792,
            "name": "basic eye right inner"
          },
          {
            "x": 351.58,
            "y": 642.63,
            "type": 2048,
            "name": "basic mouth left"
          },
          {
            "x": 406.61,
            "y": 642.12,
            "type": 2304,
            "name": "basic mouth right"
          },
          {
            "x": 397.08,
            "y": 605.5,
            "type": 2560,
            "name": "basic nose tip"
          },
          {
            "x": 380.74,
            "y": 642.22,
            "type": 2816,
            "name": "basic mouth center"
          },
          {
            "x": 380.74,
            "y": 642.22,
            "type": 3072,
            "name": "basic eyebrow left"
          },
          {
            "x": 380.74,
            "y": 642.22,
            "type": 3328,
            "name": "basic eyebrow left inner corner"
          },
          {
            "x": 380.74,
            "y": 642.22,
            "type": 3584,
            "name": "basic eyebrow left outer corner"
          },
          {
            "x": 380.74,
            "y": 642.22,
            "type": 3840,
            "name": "basic eyebrow right"
          },
          {
            "x": 380.74,
            "y": 642.22,
            "type": 4096,
            "name": "basic eyebrow right inner corner"
          },
          {
            "x": 380.74,
            "y": 642.22,
            "type": 4352,
            "name": "basic eyebrow right outer corner"
          },
          {
            "x": 380.74,
            "y": 642.22,
            "type": 4608,
            "name": "basic chin bottom"
          },
          {
            "x": 380.74,
            "y": 642.22,
            "type": 4864,
            "name": "basic chin left"
          },
          {
            "x": 380.74,
            "y": 642.22,
            "type": 5120,
            "name": "basic chin right"
          },
          {
            "x": 369.74,
            "y": 608.78,
            "type": 5376,
            "name": "basic nose left"
          },
          {
            "x": 406.91,
            "y": 608.32,
            "type": 5632,
            "name": "basic nose right"
          }
        ],
        "user_points": null,
        "tags": [
          {
            "name": "5oclock shadow",
            "value": "yes",
            "confidence": 1.0
          },
          {
            "name": "age",
            "value": "23",
            "confidence": 0.6
          },
          {
            "name": "arched eyebrows",
            "value": "no",
            "confidence": 0.57
          },
          {
            "name": "attractive",
            "value": "yes",
            "confidence": 0.88
          },
          {
            "name": "bags under eyes",
            "value": "yes",
            "confidence": 0.19
          },
          {
            "name": "bald",
            "value": "no",
            "confidence": 1.0
          },
          {
            "name": "bangs",
            "value": "no",
            "confidence": 0.87
          },
          {
            "name": "beard",
            "value": "yes",
            "confidence": 0.87
          },
          {
            "name": "big lips",
            "value": "no",
            "confidence": 0.16
          },
          {
            "name": "big nose",
            "value": "yes",
            "confidence": 0.01
          },
          {
            "name": "black hair",
            "value": "yes",
            "confidence": 0.51
          },
          {
            "name": "blond hair",
            "value": "no",
            "confidence": 0.93
          },
          {
            "name": "blurry",
            "value": "no",
            "confidence": 1.0
          },
          {
            "name": "brown hair",
            "value": "no",
            "confidence": 0.42
          },
          {
            "name": "bushy eyebrows",
            "value": "yes",
            "confidence": 0.98
          },
          {
            "name": "chubby",
            "value": "no",
            "confidence": 1.0
          },
          {
            "name": "double chin",
            "value": "no",
            "confidence": 1.0
          },
          {
            "name": "expression",
            "value": "neutral",
            "confidence": 1.0
          },
          {
            "name": "gender",
            "value": "male",
            "confidence": 1.0
          },
          {
            "name": "glasses",
            "value": "no",
            "confidence": 1.0
          },
          {
            "name": "goatee",
            "value": "yes",
            "confidence": 0.38
          },
          {
            "name": "gray hair",
            "value": "no",
            "confidence": 1.0
          },
          {
            "name": "heavy makeup",
            "value": "no",
            "confidence": 0.9
          },
          {
            "name": "high cheekbones",
            "value": "no",
            "confidence": 1.0
          },
          {
            "name": "mouth open",
            "value": "no",
            "confidence": 0.86
          },
          {
            "name": "mustache",
            "value": "yes",
            "confidence": 0.34
          },
          {
            "name": "narrow eyes",
            "value": "no",
            "confidence": 0.44
          },
          {
            "name": "oval face",
            "value": "no",
            "confidence": 0.32
          },
          {
            "name": "pale skin",
            "value": "yes",
            "confidence": 0.22
          },
          {
            "name": "pitch",
            "value": "-8.42",
            "confidence": 1.0
          },
          {
            "name": "pointy nose",
            "value": "yes",
            "confidence": 0.12
          },
          {
            "name": "race",
            "value": "hispanic",
            "confidence": 0.9
          },
          {
            "name": "receding hairline",
            "value": "no",
            "confidence": 0.95
          },
          {
            "name": "rosy cheeks",
            "value": "no",
            "confidence": 1.0
          },
          {
            "name": "sideburns",
            "value": "yes",
            "confidence": 0.56
          },
          {
            "name": "straight hair",
            "value": "yes",
            "confidence": 0.68
          },
          {
            "name": "wavy hair",
            "value": "no",
            "confidence": 0.72
          },
          {
            "name": "wearing earrings",
            "value": "no",
            "confidence": 1.0
          },
          {
            "name": "wearing hat",
            "value": "no",
            "confidence": 0.87
          },
          {
            "name": "wearing lipstick",
            "value": "no",
            "confidence": 0.93
          },
          {
            "name": "wearing necklace",
            "value": "no",
            "confidence": 1.0
          },
          {
            "name": "wearing necktie",
            "value": "yes",
            "confidence": 0.29
          },
          {
            "name": "yaw",
            "value": "-4.85",
            "confidence": 1.0
          },
          {
            "name": "young",
            "value": "yes",
            "confidence": 1.0
          }
        ],
        "person_id": "",
        "appearance_id": 0,
        "start": "00:00:00",
        "duration": "00:00:00"
      },
      {
        "face_uuid": "be9d7e6a-1535-11e9-99c4-0cc47a6c4dbd",
        "media_uuid": "a042d448-26d9-48f5-aec5-8c5aa3fdf192",
        "x": 125.29,
        "y": 567.45,
        "width": 150.96,
        "height": 205.51,
        "angle": -3.1675,
        "detection_score": 1.0,
        "points": [
          {
            "x": 112.55,
            "y": 548.89,
            "type": 512,
            "name": "basic eye left"
          },
          {
            "x": 179.37,
            "y": 552.58,
            "type": 768,
            "name": "basic eye right"
          },
          {
            "x": 96.32,
            "y": 548.15,
            "type": 1024,
            "name": "basic eye left outer"
          },
          {
            "x": 192.85,
            "y": 553.35,
            "type": 1280,
            "name": "basic eye right outer"
          },
          {
            "x": 128.51,
            "y": 549.93,
            "type": 1536,
            "name": "basic eye left inner"
          },
          {
            "x": 166.28,
            "y": 552.16,
            "type": 1792,
            "name": "basic eye right inner"
          },
          {
            "x": 115.55,
            "y": 626.43,
            "type": 2048,
            "name": "basic mouth left"
          },
          {
            "x": 170.67,
            "y": 630.03,
            "type": 2304,
            "name": "basic mouth right"
          },
          {
            "x": 159.96,
            "y": 598.74,
            "type": 2560,
            "name": "basic nose tip"
          },
          {
            "x": 144.55,
            "y": 628.67,
            "type": 2816,
            "name": "basic mouth center"
          },
          {
            "x": 144.55,
            "y": 628.67,
            "type": 3072,
            "name": "basic eyebrow left"
          },
          {
            "x": 144.55,
            "y": 628.67,
            "type": 3328,
            "name": "basic eyebrow left inner corner"
          },
          {
            "x": 144.55,
            "y": 628.67,
            "type": 3584,
            "name": "basic eyebrow left outer corner"
          },
          {
            "x": 144.55,
            "y": 628.67,
            "type": 3840,
            "name": "basic eyebrow right"
          },
          {
            "x": 144.55,
            "y": 628.67,
            "type": 4096,
            "name": "basic eyebrow right inner corner"
          },
          {
            "x": 144.55,
            "y": 628.67,
            "type": 4352,
            "name": "basic eyebrow right outer corner"
          },
          {
            "x": 144.55,
            "y": 628.67,
            "type": 4608,
            "name": "basic chin bottom"
          },
          {
            "x": 144.55,
            "y": 628.67,
            "type": 4864,
            "name": "basic chin left"
          },
          {
            "x": 144.55,
            "y": 628.67,
            "type": 5120,
            "name": "basic chin right"
          },
          {
            "x": 134.11,
            "y": 597.55,
            "type": 5376,
            "name": "basic nose left"
          },
          {
            "x": 170.52,
            "y": 599.71,
            "type": 5632,
            "name": "basic nose right"
          }
        ],
        "user_points": null,
        "tags": [
          {
            "name": "5oclock shadow",
            "value": "yes",
            "confidence": 0.95
          },
          {
            "name": "age",
            "value": "19",
            "confidence": 0.6
          },
          {
            "name": "arched eyebrows",
            "value": "no",
            "confidence": 0.67
          },
          {
            "name": "attractive",
            "value": "yes",
            "confidence": 0.61
          },
          {
            "name": "bags under eyes",
            "value": "no",
            "confidence": 0.27
          },
          {
            "name": "bald",
            "value": "no",
            "confidence": 1.0
          },
          {
            "name": "bangs",
            "value": "no",
            "confidence": 0.87
          },
          {
            "name": "beard",
            "value": "yes",
            "confidence": 0.81
          },
          {
            "name": "big lips",
            "value": "no",
            "confidence": 0.29
          },
          {
            "name": "big nose",
            "value": "no",
            "confidence": 0.32
          },
          {
            "name": "black hair",
            "value": "yes",
            "confidence": 0.09
          },
          {
            "name": "blond hair",
            "value": "no",
            "confidence": 0.96
          },
          {
            "name": "blurry",
            "value": "no",
            "confidence": 0.9
          },
          {
            "name": "brown hair",
            "value": "yes",
            "confidence": 0.02
          },
          {
            "name": "bushy eyebrows",
            "value": "yes",
            "confidence": 0.43
          },
          {
            "name": "chubby",
            "value": "no",
            "confidence": 1.0
          },
          {
            "name": "double chin",
            "value": "no",
            "confidence": 1.0
          },
          {
            "name": "expression",
            "value": "neutral",
            "confidence": 0.96
          },
          {
            "name": "gender",
            "value": "male",
            "confidence": 1.0
          },
          {
            "name": "glasses",
            "value": "no",
            "confidence": 1.0
          },
          {
            "name": "goatee",
            "value": "yes",
            "confidence": 0.38
          },
          {
            "name": "gray hair",
            "value": "no",
            "confidence": 1.0
          },
          {
            "name": "heavy makeup",
            "value": "no",
            "confidence": 0.92
          },
          {
            "name": "high cheekbones",
            "value": "no",
            "confidence": 0.93
          },
          {
            "name": "mouth open",
            "value": "no",
            "confidence": 1.0
          },
          {
            "name": "mustache",
            "value": "yes",
            "confidence": 0.23
          },
          {
            "name": "narrow eyes",
            "value": "no",
            "confidence": 0.33
          },
          {
            "name": "oval face",
            "value": "no",
            "confidence": 0.38
          },
          {
            "name": "pale skin",
            "value": "yes",
            "confidence": 0.03
          },
          {
            "name": "pitch",
            "value": "-7.81",
            "confidence": 1.0
          },
          {
            "name": "pointy nose",
            "value": "yes",
            "confidence": 0.18
          },
          {
            "name": "race",
            "value": "asian",
            "confidence": 0.52
          },
          {
            "name": "receding hairline",
            "value": "no",
            "confidence": 0.87
          },
          {
            "name": "rosy cheeks",
            "value": "no",
            "confidence": 1.0
          },
          {
            "name": "sideburns",
            "value": "yes",
            "confidence": 0.5
          },
          {
            "name": "straight hair",
            "value": "yes",
            "confidence": 0.42
          },
          {
            "name": "wavy hair",
            "value": "no",
            "confidence": 0.63
          },
          {
            "name": "wearing earrings",
            "value": "no",
            "confidence": 0.93
          },
          {
            "name": "wearing hat",
            "value": "no",
            "confidence": 0.74
          },
          {
            "name": "wearing lipstick",
            "value": "no",
            "confidence": 0.93
          },
          {
            "name": "wearing necklace",
            "value": "no",
            "confidence": 0.97
          },
          {
            "name": "wearing necktie",
            "value": "no",
            "confidence": 0.17
          },
          {
            "name": "yaw",
            "value": "-22.68",
            "confidence": 1.0
          },
          {
            "name": "young",
            "value": "yes",
            "confidence": 1.0
          }
        ],
        "person_id": "",
        "appearance_id": 0,
        "start": "00:00:00",
        "duration": "00:00:00"
      },
      {
        "face_uuid": "bed19bd3-1535-11e9-99c4-0cc47a6c4dbd",
        "media_uuid": "a042d448-26d9-48f5-aec5-8c5aa3fdf192",
        "x": 294.33,
        "y": 127.94,
        "width": 116.61,
        "height": 163.51,
        "angle": -7.3966,
        "detection_score": 1.0,
        "points": [
          {
            "x": 246.47,
            "y": 99.12,
            "type": 512,
            "name": "basic eye left"
          },
          {
            "x": 309.59,
            "y": 107.32,
            "type": 768,
            "name": "basic eye right"
          },
          {
            "x": 234.47,
            "y": 98.23,
            "type": 1024,
            "name": "basic eye left outer"
          },
          {
            "x": 324.25,
            "y": 110.09,
            "type": 1280,
            "name": "basic eye right outer"
          },
          {
            "x": 258.0,
            "y": 100.85,
            "type": 1536,
            "name": "basic eye left inner"
          },
          {
            "x": 295.25,
            "y": 105.64,
            "type": 1792,
            "name": "basic eye right inner"
          },
          {
            "x": 238.84,
            "y": 166.7,
            "type": 2048,
            "name": "basic mouth left"
          },
          {
            "x": 283.5,
            "y": 176.43,
            "type": 2304,
            "name": "basic mouth right"
          },
          {
            "x": 254.62,
            "y": 136.74,
            "type": 2560,
            "name": "basic nose tip"
          },
          {
            "x": 259.81,
            "y": 171.44,
            "type": 2816,
            "name": "basic mouth center"
          },
          {
            "x": 259.81,
            "y": 171.44,
            "type": 3072,
            "name": "basic eyebrow left"
          },
          {
            "x": 259.81,
            "y": 171.44,
            "type": 3328,
            "name": "basic eyebrow left inner corner"
          },
          {
            "x": 259.81,
            "y": 171.44,
            "type": 3584,
            "name": "basic eyebrow left outer corner"
          },
          {
            "x": 259.81,
            "y": 171.44,
            "type": 3840,
            "name": "basic eyebrow right"
          },
          {
            "x": 259.81,
            "y": 171.44,
            "type": 4096,
            "name": "basic eyebrow right inner corner"
          },
          {
            "x": 259.81,
            "y": 171.44,
            "type": 4352,
            "name": "basic eyebrow right outer corner"
          },
          {
            "x": 259.81,
            "y": 171.44,
            "type": 4608,
            "name": "basic chin bottom"
          },
          {
            "x": 259.81,
            "y": 171.44,
            "type": 4864,
            "name": "basic chin left"
          },
          {
            "x": 259.81,
            "y": 171.44,
            "type": 5120,
            "name": "basic chin right"
          },
          {
            "x": 245.02,
            "y": 141.37,
            "type": 5376,
            "name": "basic nose left"
          },
          {
            "x": 276.81,
            "y": 147.14,
            "type": 5632,
            "name": "basic nose right"
          }
        ],
        "user_points": null,
        "tags": [
          {
            "name": "5oclock shadow",
            "value": "no",
            "confidence": 0.8
          },
          {
            "name": "age",
            "value": "39",
            "confidence": 0.6
          },
          {
            "name": "arched eyebrows",
            "value": "no",
            "confidence": 0.87
          },
          {
            "name": "attractive",
            "value": "no",
            "confidence": 0.94
          },
          {
            "name": "bags under eyes",
            "value": "no",
            "confidence": 0.51
          },
          {
            "name": "bald",
            "value": "yes",
            "confidence": 0.24
          },
          {
            "name": "bangs",
            "value": "no",
            "confidence": 1.0
          },
          {
            "name": "beard",
            "value": "no",
            "confidence": 0.24
          },
          {
            "name": "big lips",
            "value": "no",
            "confidence": 0.02
          },
          {
            "name": "big nose",
            "value": "no",
            "confidence": 0.1
          },
          {
            "name": "black hair",
            "value": "no",
            "confidence": 0.12
          },
          {
            "name": "blond hair",
            "value": "no",
            "confidence": 0.97
          },
          {
            "name": "blurry",
            "value": "yes",
            "confidence": 0.08
          },
          {
            "name": "brown hair",
            "value": "no",
            "confidence": 0.9
          },
          {
            "name": "bushy eyebrows",
            "value": "no",
            "confidence": 0.54
          },
          {
            "name": "chubby",
            "value": "yes",
            "confidence": 0.02
          },
          {
            "name": "double chin",
            "value": "no",
            "confidence": 0.38
          },
          {
            "name": "expression",
            "value": "neutral",
            "confidence": 0.95
          },
          {
            "name": "gender",
            "value": "male",
            "confidence": 0.34
          },
          {
            "name": "glasses",
            "value": "no",
            "confidence": 1.0
          },
          {
            "name": "goatee",
            "value": "no",
            "confidence": 0.43
          },
          {
            "name": "gray hair",
            "value": "no",
            "confidence": 0.44
          },
          {
            "name": "heavy makeup",
            "value": "no",
            "confidence": 0.9
          },
          {
            "name": "high cheekbones",
            "value": "no",
            "confidence": 0.39
          },
          {
            "name": "mouth open",
            "value": "yes",
            "confidence": 0.19
          },
          {
            "name": "mustache",
            "value": "no",
            "confidence": 0.29
          },
          {
            "name": "narrow eyes",
            "value": "no",
            "confidence": 0.3
          },
          {
            "name": "oval face",
            "value": "yes",
            "confidence": 0.11
          },
          {
            "name": "pale skin",
            "value": "yes",
            "confidence": 0.06
          },
          {
            "name": "pitch",
            "value": "-5.73",
            "confidence": 1.0
          },
          {
            "name": "pointy nose",
            "value": "no",
            "confidence": 1.0
          },
          {
            "name": "race",
            "value": "white",
            "confidence": 0.96
          },
          {
            "name": "receding hairline",
            "value": "yes",
            "confidence": 0.44
          },
          {
            "name": "rosy cheeks",
            "value": "no",
            "confidence": 1.0
          },
          {
            "name": "sideburns",
            "value": "no",
            "confidence": 0.79
          },
          {
            "name": "straight hair",
            "value": "no",
            "confidence": 0.79
          },
          {
            "name": "wavy hair",
            "value": "no",
            "confidence": 0.97
          },
          {
            "name": "wearing earrings",
            "value": "no",
            "confidence": 0.24
          },
          {
            "name": "wearing hat",
            "value": "yes",
            "confidence": 0.19
          },
          {
            "name": "wearing lipstick",
            "value": "no",
            "confidence": 0.98
          },
          {
            "name": "wearing necklace",
            "value": "no",
            "confidence": 0.91
          },
          {
            "name": "wearing necktie",
            "value": "no",
            "confidence": 0.49
          },
          {
            "name": "yaw",
            "value": "57.36",
            "confidence": 1.0
          },
          {
            "name": "young",
            "value": "yes",
            "confidence": 0.21
          }
        ],
        "person_id": "",
        "appearance_id": 0,
        "start": "00:00:00",
        "duration": "00:00:00"
      },
      {
        "face_uuid": "bf06b34e-1535-11e9-99c4-0cc47a6c4dbd",
        "media_uuid": "a042d448-26d9-48f5-aec5-8c5aa3fdf192",
        "x": 560.16,
        "y": 171.69,
        "width": 145.52,
        "height": 193.6,
        "angle": 3.6536,
        "detection_score": 0.99,
        "points": [
          {
            "x": 520.36,
            "y": 158.04,
            "type": 512,
            "name": "basic eye left"
          },
          {
            "x": 592.82,
            "y": 153.41,
            "type": 768,
            "name": "basic eye right"
          },
          {
            "x": 505.19,
            "y": 159.48,
            "type": 1024,
            "name": "basic eye left outer"
          },
          {
            "x": 608.52,
            "y": 152.89,
            "type": 1280,
            "name": "basic eye right outer"
          },
          {
            "x": 535.49,
            "y": 158.17,
            "type": 1536,
            "name": "basic eye left inner"
          },
          {
            "x": 577.37,
            "y": 155.46,
            "type": 1792,
            "name": "basic eye right inner"
          },
          {
            "x": 534.39,
            "y": 235.5,
            "type": 2048,
            "name": "basic mouth left"
          },
          {
            "x": 586.64,
            "y": 232.31,
            "type": 2304,
            "name": "basic mouth right"
          },
          {
            "x": 556.93,
            "y": 199.93,
            "type": 2560,
            "name": "basic nose tip"
          },
          {
            "x": 560.41,
            "y": 234.29,
            "type": 2816,
            "name": "basic mouth center"
          },
          {
            "x": 560.41,
            "y": 234.29,
            "type": 3072,
            "name": "basic eyebrow left"
          },
          {
            "x": 560.41,
            "y": 234.29,
            "type": 3328,
            "name": "basic eyebrow left inner corner"
          },
          {
            "x": 560.41,
            "y": 234.29,
            "type": 3584,
            "name": "basic eyebrow left outer corner"
          },
          {
            "x": 560.41,
            "y": 234.29,
            "type": 3840,
            "name": "basic eyebrow right"
          },
          {
            "x": 560.41,
            "y": 234.29,
            "type": 4096,
            "name": "basic eyebrow right inner corner"
          },
          {
            "x": 560.41,
            "y": 234.29,
            "type": 4352,
            "name": "basic eyebrow right outer corner"
          },
          {
            "x": 560.41,
            "y": 234.29,
            "type": 4608,
            "name": "basic chin bottom"
          },
          {
            "x": 560.41,
            "y": 234.29,
            "type": 4864,
            "name": "basic chin left"
          },
          {
            "x": 560.41,
            "y": 234.29,
            "type": 5120,
            "name": "basic chin right"
          },
          {
            "x": 540.61,
            "y": 203.3,
            "type": 5376,
            "name": "basic nose left"
          },
          {
            "x": 575.93,
            "y": 201.04,
            "type": 5632,
            "name": "basic nose right"
          }
        ],
        "user_points": null,
        "tags": [
          {
            "name": "5oclock shadow",
            "value": "yes",
            "confidence": 0.08
          },
          {
            "name": "age",
            "value": "17",
            "confidence": 0.6
          },
          {
            "name": "arched eyebrows",
            "value": "no",
            "confidence": 0.83
          },
          {
            "name": "attractive",
            "value": "yes",
            "confidence": 0.43
          },
          {
            "name": "bags under eyes",
            "value": "no",
            "confidence": 0.17
          },
          {
            "name": "bald",
            "value": "no",
            "confidence": 1.0
          },
          {
            "name": "bangs",
            "value": "yes",
            "confidence": 0.02
          },
          {
            "name": "beard",
            "value": "no",
            "confidence": 0.06
          },
          {
            "name": "big lips",
            "value": "no",
            "confidence": 0.06
          },
          {
            "name": "big nose",
            "value": "no",
            "confidence": 0.13
          },
          {
            "name": "black hair",
            "value": "yes",
            "confidence": 0.43
          },
          {
            "name": "blond hair",
            "value": "no",
            "confidence": 1.0
          },
          {
            "name": "blurry",
            "value": "no",
            "confidence": 0.75
          },
          {
            "name": "brown hair",
            "value": "no",
            "confidence": 0.36
          },
          {
            "name": "bushy eyebrows",
            "value": "yes",
            "confidence": 0.08
          },
          {
            "name": "chubby",
            "value": "no",
            "confidence": 1.0
          },
          {
            "name": "double chin",
            "value": "no",
            "confidence": 1.0
          },
          {
            "name": "expression",
            "value": "neutral",
            "confidence": 0.79
          },
          {
            "name": "gender",
            "value": "male",
            "confidence": 0.53
          },
          {
            "name": "glasses",
            "value": "no",
            "confidence": 1.0
          },
          {
            "name": "goatee",
            "value": "no",
            "confidence": 0.41
          },
          {
            "name": "gray hair",
            "value": "no",
            "confidence": 1.0
          },
          {
            "name": "heavy makeup",
            "value": "no",
            "confidence": 0.73
          },
          {
            "name": "high cheekbones",
            "value": "no",
            "confidence": 0.88
          },
          {
            "name": "mouth open",
            "value": "no",
            "confidence": 0.91
          },
          {
            "name": "mustache",
            "value": "no",
            "confidence": 0.38
          },
          {
            "name": "narrow eyes",
            "value": "no",
            "confidence": 0.19
          },
          {
            "name": "oval face",
            "value": "no",
            "confidence": 0.54
          },
          {
            "name": "pale skin",
            "value": "yes",
            "confidence": 1.0
          },
          {
            "name": "pitch",
            "value": "-8.8",
            "confidence": 1.0
          },
          {
            "name": "pointy nose",
            "value": "no",
            "confidence": 0.0
          },
          {
            "name": "race",
            "value": "white",
            "confidence": 0.98
          },
          {
            "name": "receding hairline",
            "value": "no",
            "confidence": 1.0
          },
          {
            "name": "rosy cheeks",
            "value": "no",
            "confidence": 1.0
          },
          {
            "name": "sideburns",
            "value": "no",
            "confidence": 0.42
          },
          {
            "name": "straight hair",
            "value": "yes",
            "confidence": 0.33
          },
          {
            "name": "wavy hair",
            "value": "no",
            "confidence": 0.44
          },
          {
            "name": "wearing earrings",
            "value": "no",
            "confidence": 1.0
          },
          {
            "name": "wearing hat",
            "value": "no",
            "confidence": 0.22
          },
          {
            "name": "wearing lipstick",
            "value": "no",
            "confidence": 0.69
          },
          {
            "name": "wearing necklace",
            "value": "no",
            "confidence": 0.92
          },
          {
            "name": "wearing necktie",
            "value": "no",
            "confidence": 0.41
          },
          {
            "name": "yaw",
            "value": "4.01",
            "confidence": 1.0
          },
          {
            "name": "young",
            "value": "yes",
            "confidence": 0.97
          }
        ],
        "person_id": "",
        "appearance_id": 0,
        "start": "00:00:00",
        "duration": "00:00:00"
      },
      {
        "face_uuid": "bf42b930-1535-11e9-99c4-0cc47a6c4dbd",
        "media_uuid": "a042d448-26d9-48f5-aec5-8c5aa3fdf192",
        "x": 119.32,
        "y": 220.09,
        "width": 156.73,
        "height": 222.45,
        "angle": 3.7187,
        "detection_score": 0.99,
        "points": [
          {
            "x": 76.03,
            "y": 200.01,
            "type": 512,
            "name": "basic eye left"
          },
          {
            "x": 150.11,
            "y": 195.2,
            "type": 768,
            "name": "basic eye right"
          },
          {
            "x": 60.03,
            "y": 201.4,
            "type": 1024,
            "name": "basic eye left outer"
          },
          {
            "x": 166.23,
            "y": 194.47,
            "type": 1280,
            "name": "basic eye right outer"
          },
          {
            "x": 92.05,
            "y": 199.61,
            "type": 1536,
            "name": "basic eye left inner"
          },
          {
            "x": 134.17,
            "y": 196.9,
            "type": 1792,
            "name": "basic eye right inner"
          },
          {
            "x": 90.23,
            "y": 284.45,
            "type": 2048,
            "name": "basic mouth left"
          },
          {
            "x": 144.67,
            "y": 281.13,
            "type": 2304,
            "name": "basic mouth right"
          },
          {
            "x": 114.75,
            "y": 244.69,
            "type": 2560,
            "name": "basic nose tip"
          },
          {
            "x": 117.25,
            "y": 282.92,
            "type": 2816,
            "name": "basic mouth center"
          },
          {
            "x": 117.25,
            "y": 282.92,
            "type": 3072,
            "name": "basic eyebrow left"
          },
          {
            "x": 117.25,
            "y": 282.92,
            "type": 3328,
            "name": "basic eyebrow left inner corner"
          },
          {
            "x": 117.25,
            "y": 282.92,
            "type": 3584,
            "name": "basic eyebrow left outer corner"
          },
          {
            "x": 117.25,
            "y": 282.92,
            "type": 3840,
            "name": "basic eyebrow right"
          },
          {
            "x": 117.25,
            "y": 282.92,
            "type": 4096,
            "name": "basic eyebrow right inner corner"
          },
          {
            "x": 117.25,
            "y": 282.92,
            "type": 4352,
            "name": "basic eyebrow right outer corner"
          },
          {
            "x": 117.25,
            "y": 282.92,
            "type": 4608,
            "name": "basic chin bottom"
          },
          {
            "x": 117.25,
            "y": 282.92,
            "type": 4864,
            "name": "basic chin left"
          },
          {
            "x": 117.25,
            "y": 282.92,
            "type": 5120,
            "name": "basic chin right"
          },
          {
            "x": 96.63,
            "y": 248.29,
            "type": 5376,
            "name": "basic nose left"
          },
          {
            "x": 134.25,
            "y": 245.93,
            "type": 5632,
            "name": "basic nose right"
          }
        ],
        "user_points": null,
        "tags": [
          {
            "name": "5oclock shadow",
            "value": "yes",
            "confidence": 0.29
          },
          {
            "name": "age",
            "value": "39",
            "confidence": 0.6
          },
          {
            "name": "arched eyebrows",
            "value": "no",
            "confidence": 0.55
          },
          {
            "name": "attractive",
            "value": "yes",
            "confidence": 0.19
          },
          {
            "name": "bags under eyes",
            "value": "yes",
            "confidence": 0.11
          },
          {
            "name": "bald",
            "value": "no",
            "confidence": 0.61
          },
          {
            "name": "bangs",
            "value": "no",
            "confidence": 0.09
          },
          {
            "name": "beard",
            "value": "yes",
            "confidence": 0.4
          },
          {
            "name": "big lips",
            "value": "yes",
            "confidence": 0.12
          },
          {
            "name": "big nose",
            "value": "yes",
            "confidence": 0.29
          },
          {
            "name": "black hair",
            "value": "yes",
            "confidence": 0.84
          },
          {
            "name": "blond hair",
            "value": "no",
            "confidence": 1.0
          },
          {
            "name": "blurry",
            "value": "no",
            "confidence": 1.0
          },
          {
            "name": "brown hair",
            "value": "no",
            "confidence": 1.0
          },
          {
            "name": "bushy eyebrows",
            "value": "yes",
            "confidence": 0.2
          },
          {
            "name": "chubby",
            "value": "no",
            "confidence": 0.7
          },
          {
            "name": "double chin",
            "value": "no",
            "confidence": 0.86
          },
          {
            "name": "expression",
            "value": "neutral",
            "confidence": 1.0
          },
          {
            "name": "gender",
            "value": "male",
            "confidence": 0.84
          },
          {
            "name": "glasses",
            "value": "no",
            "confidence": 1.0
          },
          {
            "name": "goatee",
            "value": "yes",
            "confidence": 0.0
          },
          {
            "name": "gray hair",
            "value": "no",
            "confidence": 0.88
          },
          {
            "name": "heavy makeup",
            "value": "no",
            "confidence": 0.88
          },
          {
            "name": "high cheekbones",
            "value": "no",
            "confidence": 1.0
          },
          {
            "name": "mouth open",
            "value": "no",
            "confidence": 0.99
          },
          {
            "name": "mustache",
            "value": "yes",
            "confidence": 0.1
          },
          {
            "name": "narrow eyes",
            "value": "no",
            "confidence": 0.53
          },
          {
            "name": "oval face",
            "value": "no",
            "confidence": 0.63
          },
          {
            "name": "pale skin",
            "value": "yes",
            "confidence": 0.99
          },
          {
            "name": "pitch",
            "value": "-9.27",
            "confidence": 1.0
          },
          {
            "name": "pointy nose",
            "value": "yes",
            "confidence": 0.0
          },
          {
            "name": "race",
            "value": "asian",
            "confidence": 1.0
          },
          {
            "name": "receding hairline",
            "value": "no",
            "confidence": 0.54
          },
          {
            "name": "rosy cheeks",
            "value": "no",
            "confidence": 1.0
          },
          {
            "name": "sideburns",
            "value": "yes",
            "confidence": 0.01
          },
          {
            "name": "straight hair",
            "value": "yes",
            "confidence": 0.4
          },
          {
            "name": "wavy hair",
            "value": "no",
            "confidence": 0.86
          },
          {
            "name": "wearing earrings",
            "value": "no",
            "confidence": 0.96
          },
          {
            "name": "wearing hat",
            "value": "no",
            "confidence": 0.55
          },
          {
            "name": "wearing lipstick",
            "value": "no",
            "confidence": 0.74
          },
          {
            "name": "wearing necklace",
            "value": "no",
            "confidence": 0.92
          },
          {
            "name": "wearing necktie",
            "value": "yes",
            "confidence": 0.21
          },
          {
            "name": "yaw",
            "value": "1.64",
            "confidence": 1.0
          },
          {
            "name": "young",
            "value": "yes",
            "confidence": 0.42
          }
        ],
        "person_id": "",
        "appearance_id": 0,
        "start": "00:00:00",
        "duration": "00:00:00"
      }
    ],
    "tags": null,
    "original_filename": "https://raw.githubusercontent.com/sarkrui/Hairstyle60k/master/Dataset/Men_With_Square_Angles/IMG_13.jpg",
    "duration": "00:00:00"
  },
  "recognize": null
}