{
  "media": {
    "media_uuid": "fa8587ae-e581-44c5-82d8-b255eb01bfda",
    "checksum": "bf544ce9e3d4e4dd9ad4765a0da66b732302ad9d2e618b2995ef4dcf0ea7be6f",
    "faces": [
      {
        "face_uuid": "bd0dc6b9-1535-11e9-99c4-0cc47a6c4dbd",
        "media_uuid": "fa8587ae-e581-44c5-82d8-b255eb01bfda",
        "x": 182.0,
        "y": 275.5,
        "width": 219.17,
        "height": 303.99,
        "angle": 1.0505,
        "detection_score": 1.0,
        "points": [
          {
            "x": 116.32,
            "y": 251.21,
            "type": 512,
            "name": "basic eye left"
          },
          {
            "x": 225.62,
            "y": 249.2,
            "type": 768,
            "name": "basic eye right"
          },
          {
            "x": 92.71,
            "y": 251.16,
            "type": 1024,
            "name": "basic eye left outer"
          },
          {
            "x": 249.74,
            "y": 248.3,
            "type": 1280,
            "name": "basic eye right outer"
          },
          {
            "x": 139.72,
            "y": 253.02,
            "type": 1536,
            "name": "basic eye left inner"
          },
          {
            "x": 201.69,
            "y": 251.85,
            "type": 1792,
            "name": "basic eye right inner"
          },
          {
            "x": 126.29,
            "y": 368.68,
            "type": 2048,
            "name": "basic mouth left"
          },
          {
            "x": 216.06,
            "y": 366.77,
            "type": 2304,
            "name": "basic mouth right"
          },
          {
            "x": 168.92,
            "y": 334.05,
            "type": 2560,
            "name": "basic nose tip"
          },
          {
            "x": 171.07,
            "y": 370.39,
            "type": 2816,
            "name": "basic mouth center"
          },
          {
            "x": 171.07,
            "y": 370.39,
            "type": 3072,
            "name": "basic eyebrow left"
          },
          {
            "x": 171.07,
            "y": 370.39,
            "type": 3328,
            "name": "basic eyebrow left inner corner"
          },
          {
            "x": 171.07,
            "y": 370.39,
            "type": 3584,
            "name": "basic eyebrow left outer corner"
          },
          {
            "x": 171.07,
            "y": 370.39,
            "type": 3840,
            "name": "basic eyebrow right"
          },
          {
            "x": 171.07,
            "y": 370.39,
            "type": 4096,
            "name": "basic eyebrow right inner corner"
          },
          {
            "x": 171.07,
            "y": 370.39,
            "type": 4352,
            "name": "basic eyebrow right outer corner"
          },
          {
            "x": 171.07,
            "y": 370.39,
            "type": 4608,
            "name": "basic chin bottom"
          },
          {
            "x": 171.07,
            "y": 370.39,
            "type": 4864,
            "name": "basic chin left"
          },
          {
            "x": 171.07,
            "y": 370.39,
            "type": 5120,
            "name": "basic chin right"
          },
          {
            "x": 141.35,
            "y": 329.03,
            "type": 5376,
            "name": "basic nose left"
          },
          {
            "x": 198.9,
            "y": 327.8,
            "type": 5632,
            "name": "basic nose right"
          }
        ],
        "user_points": null,
        "tags": [
          {
            "name": "5oclock shadow",
            "value": "yes",
            "confidence": 0.81
          },
          {
            "name": "age",
            "value": "32",
            "confidence": 0.6
          },
          {
            "name": "arched eyebrows",
            "value": "no",
            "confidence": 0.55
          },
          {
            "name": "attractive",
            "value": "yes",
            "confidence": 0.5
          },
          {
            "name": "bags under eyes",
            "value": "yes",
            "confidence": 0.99
          },
          {
            "name": "bald",
            "value": "no",
            "confidence": 1.0
          },
          {
            "name": "bangs",
            "value": "no",
            "confidence": 1.0
          },
          {
            "name": "beard",
            "value": "yes",
            "confidence": 0.39
          },
          {
            "name": "big lips",
            "value": "yes",
            "confidence": 0.14
          },
          {
            "name": "big nose",
            "value": "yes",
            "confidence": 0.61
          },
          {
            "name": "black hair",
            "value": "yes",
            "confidence": 0.39
          },
          {
            "name": "blond hair",
            "value": "no",
            "confidence": 0.99
          },
          {
            "name": "blurry",
            "value": "no",
            "confidence": 1.0
          },
          {
            "name": "brown hair",
            "value": "no",
            "confidence": 0.2
          },
          {
            "name": "bushy eyebrows",
            "value": "yes",
            "confidence": 0.85
          },
          {
            "name": "chubby",
            "value": "no",
            "confidence": 0.78
          },
          {
            "name": "double chin",
            "value": "no",
            "confidence": 0.67
          },
          {
            "name": "expression",
            "value": "neutral",
            "confidence": 0.32
          },
          {
            "name": "gender",
            "value": "male",
            "confidence": 0.93
          },
          {
            "name": "glasses",
            "value": "no",
            "confidence": 1.0
          },
          {
            "name": "goatee",
            "value": "no",
            "confidence": 0.18
          },
          {
            "name": "gray hair",
            "value": "no",
            "confidence": 1.0
          },
          {
            "name": "heavy makeup",
            "value": "no",
            "confidence": 1.0
          },
          {
            "name": "high cheekbones",
            "value": "no",
            "confidence": 0.41
          },
          {
            "name": "mouth open",
            "value": "no",
            "confidence": 0.69
          },
          {
            "name": "mustache",
            "value": "no",
            "confidence": 0.16
          },
          {
            "name": "narrow eyes",
            "value": "no",
            "confidence": 0.89
          },
          {
            "name": "oval face",
            "value": "no",
            "confidence": 0.26
          },
          {
            "name": "pale skin",
            "value": "no",
            "confidence": 0.39
          },
          {
            "name": "pitch",
            "value": "-8.83",
            "confidence": 1.0
          },
          {
            "name": "pointy nose",
            "value": "no",
            "confidence": 0.06
          },
          {
            "name": "race",
            "value": "white",
            "confidence": 1.0
          },
          {
            "name": "receding hairline",
            "value": "no",
            "confidence": 0.56
          },
          {
            "name": "rosy cheeks",
            "value": "no",
            "confidence": 1.0
          },
          {
            "name": "sideburns",
            "value": "no",
            "confidence": 0.08
          },
          {
            "name": "straight hair",
            "value": "yes",
            "confidence": 0.45
          },
          {
            "name": "wavy hair",
            "value": "no",
            "confidence": 0.48
          },
          {
            "name": "wearing earrings",
            "value": "no",
            "confidence": 0.99
          },
          {
            "name": "wearing hat",
            "value": "no",
            "confidence": 1.0
          },
          {
            "name": "wearing lipstick",
            "value": "no",
            "confidence": 0.95
          },
          {
            "name": "wearing necklace",
            "value": "no",
            "confidence": 0.78
          },
          {
            "name": "wearing necktie",
            "value": "yes",
            "confidence": 0.33
          },
          {
            "name": "yaw",
            "value": "4.98",
            "confidence": 1.0
          },
          {
            "name": "young",
            "value": "yes",
            "confidence": 0.7
          }
        ],
        "person_id": "",
        "appearance_id": 0,
        "start": "00:00:00",
        "duration": "00:00:00"
      }
    ],
    "tags": null,
    "original_filename": "https://raw.githubusercontent.com/sarkrui/Hairstyle60k/master/Dataset/Men_With_Square_Angles/IMG_12.jpg",
    "duration": "00:00:00"
  },
  "recognize": null
}