{
  "media": {
    "media_uuid": "0f4c8e63-4f1d-48e8-8fd6-62190d7e6007",
    "checksum": "bf45b8a0d3273f02dc65eabaaa8d17b753c83305ba9ee8d340d4bb413b6263ca",
    "faces": [
      {
        "face_uuid": "c98b2a2f-1535-11e9-99c4-0cc47a6c4dbd",
        "media_uuid": "0f4c8e63-4f1d-48e8-8fd6-62190d7e6007",
        "x": 261.82,
        "y": 321.55,
        "width": 225.53,
        "height": 286.16,
        "angle": 8.368,
        "detection_score": 1.0,
        "points": [
          {
            "x": 207.09,
            "y": 313.36,
            "type": 512,
            "name": "basic eye left"
          },
          {
            "x": 308.91,
            "y": 298.39,
            "type": 768,
            "name": "basic eye right"
          },
          {
            "x": 185.8,
            "y": 317.79,
            "type": 1024,
            "name": "basic eye left outer"
          },
          {
            "x": 330.11,
            "y": 296.5,
            "type": 1280,
            "name": "basic eye right outer"
          },
          {
            "x": 228.51,
            "y": 311.27,
            "type": 1536,
            "name": "basic eye left inner"
          },
          {
            "x": 288.35,
            "y": 302.49,
            "type": 1792,
            "name": "basic eye right inner"
          },
          {
            "x": 233.38,
            "y": 409.74,
            "type": 2048,
            "name": "basic mouth left"
          },
          {
            "x": 310.8,
            "y": 397.52,
            "type": 2304,
            "name": "basic mouth right"
          },
          {
            "x": 267.8,
            "y": 356.34,
            "type": 2560,
            "name": "basic nose tip"
          },
          {
            "x": 272.49,
            "y": 404.36,
            "type": 2816,
            "name": "basic mouth center"
          },
          {
            "x": 272.49,
            "y": 404.36,
            "type": 3072,
            "name": "basic eyebrow left"
          },
          {
            "x": 272.49,
            "y": 404.36,
            "type": 3328,
            "name": "basic eyebrow left inner corner"
          },
          {
            "x": 272.49,
            "y": 404.36,
            "type": 3584,
            "name": "basic eyebrow left outer corner"
          },
          {
            "x": 272.49,
            "y": 404.36,
            "type": 3840,
            "name": "basic eyebrow right"
          },
          {
            "x": 272.49,
            "y": 404.36,
            "type": 4096,
            "name": "basic eyebrow right inner corner"
          },
          {
            "x": 272.49,
            "y": 404.36,
            "type": 4352,
            "name": "basic eyebrow right outer corner"
          },
          {
            "x": 272.49,
            "y": 404.36,
            "type": 4608,
            "name": "basic chin bottom"
          },
          {
            "x": 272.49,
            "y": 404.36,
            "type": 4864,
            "name": "basic chin left"
          },
          {
            "x": 272.49,
            "y": 404.36,
            "type": 5120,
            "name": "basic chin right"
          },
          {
            "x": 242.66,
            "y": 368.02,
            "type": 5376,
            "name": "basic nose left"
          },
          {
            "x": 292.57,
            "y": 360.49,
            "type": 5632,
            "name": "basic nose right"
          }
        ],
        "user_points": null,
        "tags": [
          {
            "name": "5oclock shadow",
            "value": "no",
            "confidence": 0.28
          },
          {
            "name": "age",
            "value": "21",
            "confidence": 0.6
          },
          {
            "name": "arched eyebrows",
            "value": "no",
            "confidence": 0.73
          },
          {
            "name": "attractive",
            "value": "no",
            "confidence": 0.15
          },
          {
            "name": "bags under eyes",
            "value": "no",
            "confidence": 0.8
          },
          {
            "name": "bald",
            "value": "no",
            "confidence": 0.48
          },
          {
            "name": "bangs",
            "value": "no",
            "confidence": 1.0
          },
          {
            "name": "beard",
            "value": "no",
            "confidence": 0.54
          },
          {
            "name": "big lips",
            "value": "no",
            "confidence": 0.05
          },
          {
            "name": "big nose",
            "value": "yes",
            "confidence": 0.1
          },
          {
            "name": "black hair",
            "value": "yes",
            "confidence": 0.92
          },
          {
            "name": "blond hair",
            "value": "no",
            "confidence": 1.0
          },
          {
            "name": "blurry",
            "value": "no",
            "confidence": 0.79
          },
          {
            "name": "brown hair",
            "value": "no",
            "confidence": 0.79
          },
          {
            "name": "bushy eyebrows",
            "value": "no",
            "confidence": 0.14
          },
          {
            "name": "chubby",
            "value": "no",
            "confidence": 0.22
          },
          {
            "name": "double chin",
            "value": "no",
            "confidence": 0.48
          },
          {
            "name": "expression",
            "value": "neutral",
            "confidence": 0.98
          },
          {
            "name": "gender",
            "value": "male",
            "confidence": 0.71
          },
          {
            "name": "glasses",
            "value": "yes",
            "confidence": 1.0
          },
          {
            "name": "goatee",
            "value": "no",
            "confidence": 0.83
          },
          {
            "name": "gray hair",
            "value": "no",
            "confidence": 0.85
          },
          {
            "name": "heavy makeup",
            "value": "no",
            "confidence": 0.83
          },
          {
            "name": "high cheekbones",
            "value": "no",
            "confidence": 0.91
          },
          {
            "name": "mouth open",
            "value": "no",
            "confidence": 0.91
          },
          {
            "name": "mustache",
            "value": "no",
            "confidence": 0.59
          },
          {
            "name": "narrow eyes",
            "value": "no",
            "confidence": 1.0
          },
          {
            "name": "oval face",
            "value": "yes",
            "confidence": 0.12
          },
          {
            "name": "pale skin",
            "value": "no",
            "confidence": 0.01
          },
          {
            "name": "pitch",
            "value": "-9.1",
            "confidence": 1.0
          },
          {
            "name": "pointy nose",
            "value": "no",
            "confidence": 0.74
          },
          {
            "name": "race",
            "value": "white",
            "confidence": 0.91
          },
          {
            "name": "receding hairline",
            "value": "yes",
            "confidence": 0.07
          },
          {
            "name": "rosy cheeks",
            "value": "no",
            "confidence": 1.0
          },
          {
            "name": "sideburns",
            "value": "no",
            "confidence": 0.99
          },
          {
            "name": "straight hair",
            "value": "yes",
            "confidence": 0.6
          },
          {
            "name": "wavy hair",
            "value": "no",
            "confidence": 0.93
          },
          {
            "name": "wearing earrings",
            "value": "no",
            "confidence": 0.52
          },
          {
            "name": "wearing hat",
            "value": "no",
            "confidence": 0.81
          },
          {
            "name": "wearing lipstick",
            "value": "no",
            "confidence": 0.84
          },
          {
            "name": "wearing necklace",
            "value": "no",
            "confidence": 0.73
          },
          {
            "name": "wearing necktie",
            "value": "yes",
            "confidence": 0.06
          },
          {
            "name": "yaw",
            "value": "-1.1",
            "confidence": 1.0
          },
          {
            "name": "young",
            "value": "yes",
            "confidence": 0.53
          }
        ],
        "person_id": "",
        "appearance_id": 0,
        "start": "00:00:00",
        "duration": "00:00:00"
      }
    ],
    "tags": null,
    "original_filename": "https://raw.githubusercontent.com/sarkrui/Hairstyle60k/master/Dataset/Men_With_Square_Angles/IMG_23.jpg",
    "duration": "00:00:00"
  },
  "recognize": null
}