{
  "media": {
    "media_uuid": "da273ecb-4180-4ffb-bf1e-2fed94f71545",
    "checksum": "9226defc5a9a62e9b927e49fa09c7cbc14a5c1553f4e9755331ae6b6b1af03a7",
    "faces": [
      {
        "face_uuid": "a7df1dc2-1535-11e9-99c4-0cc47a6c4dbd",
        "media_uuid": "da273ecb-4180-4ffb-bf1e-2fed94f71545",
        "x": 198.0,
        "y": 121.5,
        "width": 69.44,
        "height": 118.63,
        "angle": 16.6016,
        "detection_score": 0.98,
        "points": [
          {
            "x": 166.65,
            "y": 103.99,
            "type": 512,
            "name": "basic eye left"
          },
          {
            "x": 227.81,
            "y": 85.76,
            "type": 768,
            "name": "basic eye right"
          },
          {
            "x": 153.82,
            "y": 107.57,
            "type": 1024,
            "name": "basic eye left outer"
          },
          {
            "x": 239.83,
            "y": 82.01,
            "type": 1280,
            "name": "basic eye right outer"
          },
          {
            "x": 179.82,
            "y": 102.63,
            "type": 1536,
            "name": "basic eye left inner"
          },
          {
            "x": 216.24,
            "y": 91.7,
            "type": 1792,
            "name": "basic eye right inner"
          },
          {
            "x": 185.69,
            "y": 163.74,
            "type": 2048,
            "name": "basic mouth left"
          },
          {
            "x": 221.61,
            "y": 153.89,
            "type": 2304,
            "name": "basic mouth right"
          },
          {
            "x": 205.47,
            "y": 135.49,
            "type": 2560,
            "name": "basic nose tip"
          },
          {
            "x": 203.84,
            "y": 159.12,
            "type": 2816,
            "name": "basic mouth center"
          },
          {
            "x": 203.84,
            "y": 159.12,
            "type": 3072,
            "name": "basic eyebrow left"
          },
          {
            "x": 203.84,
            "y": 159.12,
            "type": 3328,
            "name": "basic eyebrow left inner corner"
          },
          {
            "x": 203.84,
            "y": 159.12,
            "type": 3584,
            "name": "basic eyebrow left outer corner"
          },
          {
            "x": 203.84,
            "y": 159.12,
            "type": 3840,
            "name": "basic eyebrow right"
          },
          {
            "x": 203.84,
            "y": 159.12,
            "type": 4096,
            "name": "basic eyebrow right inner corner"
          },
          {
            "x": 203.84,
            "y": 159.12,
            "type": 4352,
            "name": "basic eyebrow right outer corner"
          },
          {
            "x": 203.84,
            "y": 159.12,
            "type": 4608,
            "name": "basic chin bottom"
          },
          {
            "x": 203.84,
            "y": 159.12,
            "type": 4864,
            "name": "basic chin left"
          },
          {
            "x": 203.84,
            "y": 159.12,
            "type": 5120,
            "name": "basic chin right"
          },
          {
            "x": 191.1,
            "y": 142.77,
            "type": 5376,
            "name": "basic nose left"
          },
          {
            "x": 218.94,
            "y": 134.44,
            "type": 5632,
            "name": "basic nose right"
          }
        ],
        "user_points": null,
        "tags": [
          {
            "name": "5oclock shadow",
            "value": "no",
            "confidence": 0.53
          },
          {
            "name": "age",
            "value": "15",
            "confidence": 0.6
          },
          {
            "name": "arched eyebrows",
            "value": "no",
            "confidence": 1.0
          },
          {
            "name": "attractive",
            "value": "no",
            "confidence": 0.68
          },
          {
            "name": "bags under eyes",
            "value": "no",
            "confidence": 0.57
          },
          {
            "name": "bald",
            "value": "no",
            "confidence": 0.3
          },
          {
            "name": "bangs",
            "value": "no",
            "confidence": 0.19
          },
          {
            "name": "beard",
            "value": "no",
            "confidence": 0.46
          },
          {
            "name": "big lips",
            "value": "no",
            "confidence": 0.7
          },
          {
            "name": "big nose",
            "value": "no",
            "confidence": 0.06
          },
          {
            "name": "black hair",
            "value": "no",
            "confidence": 0.48
          },
          {
            "name": "blond hair",
            "value": "no",
            "confidence": 0.87
          },
          {
            "name": "blurry",
            "value": "no",
            "confidence": 0.01
          },
          {
            "name": "brown hair",
            "value": "no",
            "confidence": 0.35
          },
          {
            "name": "bushy eyebrows",
            "value": "no",
            "confidence": 1.0
          },
          {
            "name": "chubby",
            "value": "no",
            "confidence": 0.2
          },
          {
            "name": "double chin",
            "value": "no",
            "confidence": 0.42
          },
          {
            "name": "expression",
            "value": "neutral",
            "confidence": 0.8
          },
          {
            "name": "gender",
            "value": "male",
            "confidence": 0.65
          },
          {
            "name": "glasses",
            "value": "no",
            "confidence": 0.97
          },
          {
            "name": "goatee",
            "value": "no",
            "confidence": 0.72
          },
          {
            "name": "gray hair",
            "value": "no",
            "confidence": 0.17
          },
          {
            "name": "heavy makeup",
            "value": "no",
            "confidence": 0.85
          },
          {
            "name": "high cheekbones",
            "value": "no",
            "confidence": 0.92
          },
          {
            "name": "mouth open",
            "value": "no",
            "confidence": 0.68
          },
          {
            "name": "mustache",
            "value": "no",
            "confidence": 0.53
          },
          {
            "name": "narrow eyes",
            "value": "no",
            "confidence": 0.36
          },
          {
            "name": "oval face",
            "value": "no",
            "confidence": 0.14
          },
          {
            "name": "pale skin",
            "value": "yes",
            "confidence": 0.37
          },
          {
            "name": "pitch",
            "value": "-6.17",
            "confidence": 1.0
          },
          {
            "name": "pointy nose",
            "value": "no",
            "confidence": 0.59
          },
          {
            "name": "race",
            "value": "white",
            "confidence": 0.58
          },
          {
            "name": "receding hairline",
            "value": "no",
            "confidence": 0.4
          },
          {
            "name": "rosy cheeks",
            "value": "no",
            "confidence": 1.0
          },
          {
            "name": "sideburns",
            "value": "no",
            "confidence": 0.77
          },
          {
            "name": "straight hair",
            "value": "no",
            "confidence": 0.05
          },
          {
            "name": "wavy hair",
            "value": "no",
            "confidence": 0.71
          },
          {
            "name": "wearing earrings",
            "value": "no",
            "confidence": 0.93
          },
          {
            "name": "wearing hat",
            "value": "no",
            "confidence": 0.0
          },
          {
            "name": "wearing lipstick",
            "value": "no",
            "confidence": 0.9
          },
          {
            "name": "wearing necklace",
            "value": "no",
            "confidence": 0.89
          },
          {
            "name": "wearing necktie",
            "value": "no",
            "confidence": 0.23
          },
          {
            "name": "yaw",
            "value": "7.99",
            "confidence": 1.0
          },
          {
            "name": "young",
            "value": "no",
            "confidence": 0.25
          }
        ],
        "person_id": "",
        "appearance_id": 0,
        "start": "00:00:00",
        "duration": "00:00:00"
      }
    ],
    "tags": null,
    "original_filename": "https://raw.githubusercontent.com/sarkrui/Hairstyle60k/master/Dataset/Men_Pompadour/IMG_15.jpg",
    "duration": "00:00:00"
  },
  "recognize": null
}