{
  "media": {
    "media_uuid": "f3bc93c8-855f-4fa5-bb5c-a29c2fe22b88",
    "checksum": "fd5788738970b693e579b390d646edea893f166c82efb7dd9ce01e64cb5dafb4",
    "faces": [
      {
        "face_uuid": "a6e0f14d-1535-11e9-99c4-0cc47a6c4dbd",
        "media_uuid": "f3bc93c8-855f-4fa5-bb5c-a29c2fe22b88",
        "x": 301.0,
        "y": 261.5,
        "width": 168.68,
        "height": 236.73,
        "angle": 9.1013,
        "detection_score": 1.0,
        "points": [
          {
            "x": 263.52,
            "y": 241.59,
            "type": 512,
            "name": "basic eye left"
          },
          {
            "x": 348.11,
            "y": 228.04,
            "type": 768,
            "name": "basic eye right"
          },
          {
            "x": 245.18,
            "y": 245.82,
            "type": 1024,
            "name": "basic eye left outer"
          },
          {
            "x": 365.52,
            "y": 226.09,
            "type": 1280,
            "name": "basic eye right outer"
          },
          {
            "x": 281.29,
            "y": 238.56,
            "type": 1536,
            "name": "basic eye left inner"
          },
          {
            "x": 330.72,
            "y": 230.9,
            "type": 1792,
            "name": "basic eye right inner"
          },
          {
            "x": 307.3,
            "y": 345.3,
            "type": 2048,
            "name": "basic mouth left"
          },
          {
            "x": 371.12,
            "y": 321.01,
            "type": 2304,
            "name": "basic mouth right"
          },
          {
            "x": 328.48,
            "y": 278.74,
            "type": 2560,
            "name": "basic nose tip"
          },
          {
            "x": 339.63,
            "y": 332.86,
            "type": 2816,
            "name": "basic mouth center"
          },
          {
            "x": 339.63,
            "y": 332.86,
            "type": 3072,
            "name": "basic eyebrow left"
          },
          {
            "x": 339.63,
            "y": 332.86,
            "type": 3328,
            "name": "basic eyebrow left inner corner"
          },
          {
            "x": 339.63,
            "y": 332.86,
            "type": 3584,
            "name": "basic eyebrow left outer corner"
          },
          {
            "x": 339.63,
            "y": 332.86,
            "type": 3840,
            "name": "basic eyebrow right"
          },
          {
            "x": 339.63,
            "y": 332.86,
            "type": 4096,
            "name": "basic eyebrow right inner corner"
          },
          {
            "x": 339.63,
            "y": 332.86,
            "type": 4352,
            "name": "basic eyebrow right outer corner"
          },
          {
            "x": 339.63,
            "y": 332.86,
            "type": 4608,
            "name": "basic chin bottom"
          },
          {
            "x": 339.63,
            "y": 332.86,
            "type": 4864,
            "name": "basic chin left"
          },
          {
            "x": 339.63,
            "y": 332.86,
            "type": 5120,
            "name": "basic chin right"
          },
          {
            "x": 306.52,
            "y": 295.18,
            "type": 5376,
            "name": "basic nose left"
          },
          {
            "x": 349.24,
            "y": 282.76,
            "type": 5632,
            "name": "basic nose right"
          }
        ],
        "user_points": null,
        "tags": [
          {
            "name": "5oclock shadow",
            "value": "yes",
            "confidence": 0.53
          },
          {
            "name": "age",
            "value": "26",
            "confidence": 0.6
          },
          {
            "name": "arched eyebrows",
            "value": "no",
            "confidence": 1.0
          },
          {
            "name": "attractive",
            "value": "no",
            "confidence": 0.7
          },
          {
            "name": "bags under eyes",
            "value": "no",
            "confidence": 0.23
          },
          {
            "name": "bald",
            "value": "no",
            "confidence": 0.49
          },
          {
            "name": "bangs",
            "value": "no",
            "confidence": 0.68
          },
          {
            "name": "beard",
            "value": "yes",
            "confidence": 0.69
          },
          {
            "name": "big lips",
            "value": "no",
            "confidence": 0.69
          },
          {
            "name": "big nose",
            "value": "no",
            "confidence": 0.19
          },
          {
            "name": "black hair",
            "value": "yes",
            "confidence": 0.09
          },
          {
            "name": "blond hair",
            "value": "no",
            "confidence": 1.0
          },
          {
            "name": "blurry",
            "value": "yes",
            "confidence": 0.03
          },
          {
            "name": "brown hair",
            "value": "no",
            "confidence": 0.42
          },
          {
            "name": "bushy eyebrows",
            "value": "no",
            "confidence": 0.41
          },
          {
            "name": "chubby",
            "value": "no",
            "confidence": 0.49
          },
          {
            "name": "double chin",
            "value": "no",
            "confidence": 0.74
          },
          {
            "name": "expression",
            "value": "neutral",
            "confidence": 0.96
          },
          {
            "name": "gender",
            "value": "male",
            "confidence": 1.0
          },
          {
            "name": "glasses",
            "value": "no",
            "confidence": 1.0
          },
          {
            "name": "goatee",
            "value": "yes",
            "confidence": 0.29
          },
          {
            "name": "gray hair",
            "value": "no",
            "confidence": 0.66
          },
          {
            "name": "heavy makeup",
            "value": "no",
            "confidence": 0.98
          },
          {
            "name": "high cheekbones",
            "value": "no",
            "confidence": 1.0
          },
          {
            "name": "mouth open",
            "value": "no",
            "confidence": 0.29
          },
          {
            "name": "mustache",
            "value": "yes",
            "confidence": 0.29
          },
          {
            "name": "narrow eyes",
            "value": "no",
            "confidence": 0.13
          },
          {
            "name": "oval face",
            "value": "no",
            "confidence": 0.54
          },
          {
            "name": "pale skin",
            "value": "no",
            "confidence": 0.47
          },
          {
            "name": "pitch",
            "value": "-5.07",
            "confidence": 1.0
          },
          {
            "name": "pointy nose",
            "value": "no",
            "confidence": 0.1
          },
          {
            "name": "race",
            "value": "asian",
            "confidence": 1.0
          },
          {
            "name": "receding hairline",
            "value": "no",
            "confidence": 0.47
          },
          {
            "name": "rosy cheeks",
            "value": "no",
            "confidence": 0.99
          },
          {
            "name": "sideburns",
            "value": "yes",
            "confidence": 0.34
          },
          {
            "name": "straight hair",
            "value": "yes",
            "confidence": 0.29
          },
          {
            "name": "wavy hair",
            "value": "no",
            "confidence": 0.94
          },
          {
            "name": "wearing earrings",
            "value": "no",
            "confidence": 1.0
          },
          {
            "name": "wearing hat",
            "value": "no",
            "confidence": 0.41
          },
          {
            "name": "wearing lipstick",
            "value": "no",
            "confidence": 1.0
          },
          {
            "name": "wearing necklace",
            "value": "no",
            "confidence": 1.0
          },
          {
            "name": "wearing necktie",
            "value": "no",
            "confidence": 0.05
          },
          {
            "name": "yaw",
            "value": "-66.16",
            "confidence": 1.0
          },
          {
            "name": "young",
            "value": "no",
            "confidence": 0.07
          }
        ],
        "person_id": "",
        "appearance_id": 0,
        "start": "00:00:00",
        "duration": "00:00:00"
      }
    ],
    "tags": null,
    "original_filename": "https://raw.githubusercontent.com/sarkrui/Hairstyle60k/master/Dataset/Men_Pompadour/IMG_14.jpg",
    "duration": "00:00:00"
  },
  "recognize": null
}