{
  "media": {
    "media_uuid": "745e62ee-3fc3-4ee4-a891-baedb82739a5",
    "checksum": "4b84daa61f19e8a11d06c5f172ffa5947cac6de817c69b6f327be34d0053ddc1",
    "faces": [
      {
        "face_uuid": "b0c7a48a-1535-11e9-99c4-0cc47a6c4dbd",
        "media_uuid": "745e62ee-3fc3-4ee4-a891-baedb82739a5",
        "x": 683.94,
        "y": 690.76,
        "width": 448.03,
        "height": 610.43,
        "angle": 2.5613,
        "detection_score": 1.0,
        "points": [
          {
            "x": 597.27,
            "y": 619.84,
            "type": 512,
            "name": "basic eye left"
          },
          {
            "x": 837.74,
            "y": 609.08,
            "type": 768,
            "name": "basic eye right"
          },
          {
            "x": 543.02,
            "y": 624.19,
            "type": 1024,
            "name": "basic eye left outer"
          },
          {
            "x": 885.79,
            "y": 607.3,
            "type": 1280,
            "name": "basic eye right outer"
          },
          {
            "x": 650.06,
            "y": 620.13,
            "type": 1536,
            "name": "basic eye left inner"
          },
          {
            "x": 789.94,
            "y": 614.76,
            "type": 1792,
            "name": "basic eye right inner"
          },
          {
            "x": 682.55,
            "y": 897.42,
            "type": 2048,
            "name": "basic mouth left"
          },
          {
            "x": 866.12,
            "y": 869.93,
            "type": 2304,
            "name": "basic mouth right"
          },
          {
            "x": 771.05,
            "y": 775.69,
            "type": 2560,
            "name": "basic nose tip"
          },
          {
            "x": 775.9,
            "y": 885.18,
            "type": 2816,
            "name": "basic mouth center"
          },
          {
            "x": 775.9,
            "y": 885.18,
            "type": 3072,
            "name": "basic eyebrow left"
          },
          {
            "x": 775.9,
            "y": 885.18,
            "type": 3328,
            "name": "basic eyebrow left inner corner"
          },
          {
            "x": 775.9,
            "y": 885.18,
            "type": 3584,
            "name": "basic eyebrow left outer corner"
          },
          {
            "x": 775.9,
            "y": 885.18,
            "type": 3840,
            "name": "basic eyebrow right"
          },
          {
            "x": 775.9,
            "y": 885.18,
            "type": 4096,
            "name": "basic eyebrow right inner corner"
          },
          {
            "x": 775.9,
            "y": 885.18,
            "type": 4352,
            "name": "basic eyebrow right outer corner"
          },
          {
            "x": 775.9,
            "y": 885.18,
            "type": 4608,
            "name": "basic chin bottom"
          },
          {
            "x": 775.9,
            "y": 885.18,
            "type": 4864,
            "name": "basic chin left"
          },
          {
            "x": 775.9,
            "y": 885.18,
            "type": 5120,
            "name": "basic chin right"
          },
          {
            "x": 698.89,
            "y": 791.0,
            "type": 5376,
            "name": "basic nose left"
          },
          {
            "x": 822.42,
            "y": 775.31,
            "type": 5632,
            "name": "basic nose right"
          }
        ],
        "user_points": null,
        "tags": [
          {
            "name": "5oclock shadow",
            "value": "yes",
            "confidence": 0.24
          },
          {
            "name": "age",
            "value": "20",
            "confidence": 0.6
          },
          {
            "name": "arched eyebrows",
            "value": "no",
            "confidence": 1.0
          },
          {
            "name": "attractive",
            "value": "no",
            "confidence": 0.97
          },
          {
            "name": "bags under eyes",
            "value": "no",
            "confidence": 0.57
          },
          {
            "name": "bald",
            "value": "no",
            "confidence": 0.95
          },
          {
            "name": "bangs",
            "value": "yes",
            "confidence": 0.24
          },
          {
            "name": "beard",
            "value": "yes",
            "confidence": 0.24
          },
          {
            "name": "big lips",
            "value": "no",
            "confidence": 0.73
          },
          {
            "name": "big nose",
            "value": "no",
            "confidence": 0.16
          },
          {
            "name": "black hair",
            "value": "yes",
            "confidence": 0.07
          },
          {
            "name": "blond hair",
            "value": "no",
            "confidence": 1.0
          },
          {
            "name": "blurry",
            "value": "yes",
            "confidence": 0.18
          },
          {
            "name": "brown hair",
            "value": "no",
            "confidence": 0.36
          },
          {
            "name": "bushy eyebrows",
            "value": "no",
            "confidence": 0.27
          },
          {
            "name": "chubby",
            "value": "no",
            "confidence": 0.22
          },
          {
            "name": "double chin",
            "value": "no",
            "confidence": 0.47
          },
          {
            "name": "expression",
            "value": "neutral",
            "confidence": 0.95
          },
          {
            "name": "gender",
            "value": "male",
            "confidence": 1.0
          },
          {
            "name": "glasses",
            "value": "no",
            "confidence": 1.0
          },
          {
            "name": "goatee",
            "value": "no",
            "confidence": 0.24
          },
          {
            "name": "gray hair",
            "value": "no",
            "confidence": 0.61
          },
          {
            "name": "heavy makeup",
            "value": "no",
            "confidence": 0.9
          },
          {
            "name": "high cheekbones",
            "value": "no",
            "confidence": 1.0
          },
          {
            "name": "mouth open",
            "value": "no",
            "confidence": 0.52
          },
          {
            "name": "mustache",
            "value": "yes",
            "confidence": 0.01
          },
          {
            "name": "narrow eyes",
            "value": "yes",
            "confidence": 0.16
          },
          {
            "name": "oval face",
            "value": "no",
            "confidence": 0.54
          },
          {
            "name": "pale skin",
            "value": "no",
            "confidence": 0.38
          },
          {
            "name": "pitch",
            "value": "-5.5",
            "confidence": 1.0
          },
          {
            "name": "pointy nose",
            "value": "no",
            "confidence": 0.43
          },
          {
            "name": "race",
            "value": "white",
            "confidence": 1.0
          },
          {
            "name": "receding hairline",
            "value": "no",
            "confidence": 1.0
          },
          {
            "name": "rosy cheeks",
            "value": "no",
            "confidence": 0.84
          },
          {
            "name": "sideburns",
            "value": "no",
            "confidence": 0.19
          },
          {
            "name": "straight hair",
            "value": "no",
            "confidence": 0.32
          },
          {
            "name": "wavy hair",
            "value": "yes",
            "confidence": 0.03
          },
          {
            "name": "wearing earrings",
            "value": "no",
            "confidence": 0.99
          },
          {
            "name": "wearing hat",
            "value": "no",
            "confidence": 0.05
          },
          {
            "name": "wearing lipstick",
            "value": "no",
            "confidence": 0.99
          },
          {
            "name": "wearing necklace",
            "value": "no",
            "confidence": 0.94
          },
          {
            "name": "wearing necktie",
            "value": "no",
            "confidence": 0.11
          },
          {
            "name": "yaw",
            "value": "-54.61",
            "confidence": 1.0
          },
          {
            "name": "young",
            "value": "no",
            "confidence": 0.32
          }
        ],
        "person_id": "",
        "appearance_id": 0,
        "start": "00:00:00",
        "duration": "00:00:00"
      }
    ],
    "tags": null,
    "original_filename": "https://raw.githubusercontent.com/sarkrui/Hairstyle60k/master/Dataset/Men_Pompadour/IMG_23.jpg",
    "duration": "00:00:00"
  },
  "recognize": null
}