{
  "media": {
    "media_uuid": "ab34796b-0903-4694-a6e9-529a7ee1f11d",
    "checksum": "d58251ecb9ebdf12e076e9ab0b022edaf185c1eceaa6e14f9662c132484659dc",
    "faces": [
      {
        "face_uuid": "b511c95c-1535-11e9-99c4-0cc47a6c4dbd",
        "media_uuid": "ab34796b-0903-4694-a6e9-529a7ee1f11d",
        "x": 228.12,
        "y": 252.83,
        "width": 219.51,
        "height": 286.97,
        "angle": 10.1843,
        "detection_score": 1.0,
        "points": [
          {
            "x": 118.63,
            "y": 224.22,
            "type": 512,
            "name": "basic eye left"
          },
          {
            "x": 228.54,
            "y": 204.47,
            "type": 768,
            "name": "basic eye right"
          },
          {
            "x": 96.86,
            "y": 228.5,
            "type": 1024,
            "name": "basic eye left outer"
          },
          {
            "x": 254.08,
            "y": 200.49,
            "type": 1280,
            "name": "basic eye right outer"
          },
          {
            "x": 140.46,
            "y": 221.18,
            "type": 1536,
            "name": "basic eye left inner"
          },
          {
            "x": 204.59,
            "y": 209.6,
            "type": 1792,
            "name": "basic eye right inner"
          },
          {
            "x": 152.77,
            "y": 329.71,
            "type": 2048,
            "name": "basic mouth left"
          },
          {
            "x": 236.76,
            "y": 318.18,
            "type": 2304,
            "name": "basic mouth right"
          },
          {
            "x": 166.02,
            "y": 280.06,
            "type": 2560,
            "name": "basic nose tip"
          },
          {
            "x": 192.63,
            "y": 324.62,
            "type": 2816,
            "name": "basic mouth center"
          },
          {
            "x": 192.63,
            "y": 324.62,
            "type": 3072,
            "name": "basic eyebrow left"
          },
          {
            "x": 192.63,
            "y": 324.62,
            "type": 3328,
            "name": "basic eyebrow left inner corner"
          },
          {
            "x": 192.63,
            "y": 324.62,
            "type": 3584,
            "name": "basic eyebrow left outer corner"
          },
          {
            "x": 192.63,
            "y": 324.62,
            "type": 3840,
            "name": "basic eyebrow right"
          },
          {
            "x": 192.63,
            "y": 324.62,
            "type": 4096,
            "name": "basic eyebrow right inner corner"
          },
          {
            "x": 192.63,
            "y": 324.62,
            "type": 4352,
            "name": "basic eyebrow right outer corner"
          },
          {
            "x": 192.63,
            "y": 324.62,
            "type": 4608,
            "name": "basic chin bottom"
          },
          {
            "x": 192.63,
            "y": 324.62,
            "type": 4864,
            "name": "basic chin left"
          },
          {
            "x": 192.63,
            "y": 324.62,
            "type": 5120,
            "name": "basic chin right"
          },
          {
            "x": 147.89,
            "y": 288.77,
            "type": 5376,
            "name": "basic nose left"
          },
          {
            "x": 204.55,
            "y": 280.33,
            "type": 5632,
            "name": "basic nose right"
          }
        ],
        "user_points": null,
        "tags": [
          {
            "name": "5oclock shadow",
            "value": "no",
            "confidence": 0.44
          },
          {
            "name": "age",
            "value": "24",
            "confidence": 0.6
          },
          {
            "name": "arched eyebrows",
            "value": "no",
            "confidence": 0.83
          },
          {
            "name": "attractive",
            "value": "no",
            "confidence": 0.16
          },
          {
            "name": "bags under eyes",
            "value": "no",
            "confidence": 0.95
          },
          {
            "name": "bald",
            "value": "no",
            "confidence": 0.61
          },
          {
            "name": "bangs",
            "value": "no",
            "confidence": 0.37
          },
          {
            "name": "beard",
            "value": "no",
            "confidence": 0.28
          },
          {
            "name": "big lips",
            "value": "yes",
            "confidence": 0.13
          },
          {
            "name": "big nose",
            "value": "no",
            "confidence": 0.47
          },
          {
            "name": "black hair",
            "value": "yes",
            "confidence": 0.36
          },
          {
            "name": "blond hair",
            "value": "no",
            "confidence": 1.0
          },
          {
            "name": "blurry",
            "value": "no",
            "confidence": 0.15
          },
          {
            "name": "brown hair",
            "value": "no",
            "confidence": 0.72
          },
          {
            "name": "bushy eyebrows",
            "value": "no",
            "confidence": 0.45
          },
          {
            "name": "chubby",
            "value": "no",
            "confidence": 0.96
          },
          {
            "name": "double chin",
            "value": "no",
            "confidence": 1.0
          },
          {
            "name": "expression",
            "value": "neutral",
            "confidence": 1.0
          },
          {
            "name": "gender",
            "value": "male",
            "confidence": 0.23
          },
          {
            "name": "glasses",
            "value": "no",
            "confidence": 1.0
          },
          {
            "name": "goatee",
            "value": "no",
            "confidence": 0.57
          },
          {
            "name": "gray hair",
            "value": "no",
            "confidence": 1.0
          },
          {
            "name": "heavy makeup",
            "value": "no",
            "confidence": 0.79
          },
          {
            "name": "high cheekbones",
            "value": "no",
            "confidence": 0.82
          },
          {
            "name": "mouth open",
            "value": "no",
            "confidence": 0.67
          },
          {
            "name": "mustache",
            "value": "no",
            "confidence": 0.53
          },
          {
            "name": "narrow eyes",
            "value": "no",
            "confidence": 0.46
          },
          {
            "name": "oval face",
            "value": "no",
            "confidence": 0.66
          },
          {
            "name": "pale skin",
            "value": "yes",
            "confidence": 0.9
          },
          {
            "name": "pitch",
            "value": "-5.17",
            "confidence": 1.0
          },
          {
            "name": "pointy nose",
            "value": "no",
            "confidence": 0.21
          },
          {
            "name": "race",
            "value": "asian",
            "confidence": 1.0
          },
          {
            "name": "receding hairline",
            "value": "no",
            "confidence": 0.63
          },
          {
            "name": "rosy cheeks",
            "value": "no",
            "confidence": 1.0
          },
          {
            "name": "sideburns",
            "value": "no",
            "confidence": 0.76
          },
          {
            "name": "straight hair",
            "value": "yes",
            "confidence": 0.15
          },
          {
            "name": "wavy hair",
            "value": "no",
            "confidence": 0.97
          },
          {
            "name": "wearing earrings",
            "value": "no",
            "confidence": 0.75
          },
          {
            "name": "wearing hat",
            "value": "yes",
            "confidence": 0.11
          },
          {
            "name": "wearing lipstick",
            "value": "no",
            "confidence": 0.56
          },
          {
            "name": "wearing necklace",
            "value": "no",
            "confidence": 0.73
          },
          {
            "name": "wearing necktie",
            "value": "no",
            "confidence": 0.66
          },
          {
            "name": "yaw",
            "value": "66.88",
            "confidence": 1.0
          },
          {
            "name": "young",
            "value": "yes",
            "confidence": 0.75
          }
        ],
        "person_id": "",
        "appearance_id": 0,
        "start": "00:00:00",
        "duration": "00:00:00"
      }
    ],
    "tags": null,
    "original_filename": "https://raw.githubusercontent.com/sarkrui/Hairstyle60k/master/Dataset/Men_With_Square_Angles/IMG_4.jpg",
    "duration": "00:00:00"
  },
  "recognize": null
}