{
  "media": {
    "media_uuid": "0cc5a1ce-37c5-4d26-8c05-acdc5a71097d",
    "checksum": "eaa0232c5d1245a077748665657935fb575dc409e50ae95edb5373d2d01c68ff",
    "faces": [
      {
        "face_uuid": "9dbcb68d-1535-11e9-99c4-0cc47a6c4dbd",
        "media_uuid": "0cc5a1ce-37c5-4d26-8c05-acdc5a71097d",
        "x": 257.95,
        "y": 406.72,
        "width": 309.53,
        "height": 396.66,
        "angle": 6.8752,
        "detection_score": 1.0,
        "points": [
          {
            "x": 122.4,
            "y": 375.36,
            "type": 512,
            "name": "basic eye left"
          },
          {
            "x": 262.35,
            "y": 358.49,
            "type": 768,
            "name": "basic eye right"
          },
          {
            "x": 95.15,
            "y": 379.72,
            "type": 1024,
            "name": "basic eye left outer"
          },
          {
            "x": 295.88,
            "y": 355.97,
            "type": 1280,
            "name": "basic eye right outer"
          },
          {
            "x": 149.13,
            "y": 372.53,
            "type": 1536,
            "name": "basic eye left inner"
          },
          {
            "x": 230.19,
            "y": 362.69,
            "type": 1792,
            "name": "basic eye right inner"
          },
          {
            "x": 154.42,
            "y": 534.73,
            "type": 2048,
            "name": "basic mouth left"
          },
          {
            "x": 266.08,
            "y": 526.63,
            "type": 2304,
            "name": "basic mouth right"
          },
          {
            "x": 171.14,
            "y": 457.25,
            "type": 2560,
            "name": "basic nose tip"
          },
          {
            "x": 207.36,
            "y": 530.97,
            "type": 2816,
            "name": "basic mouth center"
          },
          {
            "x": 207.36,
            "y": 530.97,
            "type": 3072,
            "name": "basic eyebrow left"
          },
          {
            "x": 207.36,
            "y": 530.97,
            "type": 3328,
            "name": "basic eyebrow left inner corner"
          },
          {
            "x": 207.36,
            "y": 530.97,
            "type": 3584,
            "name": "basic eyebrow left outer corner"
          },
          {
            "x": 207.36,
            "y": 530.97,
            "type": 3840,
            "name": "basic eyebrow right"
          },
          {
            "x": 207.36,
            "y": 530.97,
            "type": 4096,
            "name": "basic eyebrow right inner corner"
          },
          {
            "x": 207.36,
            "y": 530.97,
            "type": 4352,
            "name": "basic eyebrow right outer corner"
          },
          {
            "x": 207.36,
            "y": 530.97,
            "type": 4608,
            "name": "basic chin bottom"
          },
          {
            "x": 207.36,
            "y": 530.97,
            "type": 4864,
            "name": "basic chin left"
          },
          {
            "x": 207.36,
            "y": 530.97,
            "type": 5120,
            "name": "basic chin right"
          },
          {
            "x": 149.68,
            "y": 470.18,
            "type": 5376,
            "name": "basic nose left"
          },
          {
            "x": 224.01,
            "y": 464.23,
            "type": 5632,
            "name": "basic nose right"
          }
        ],
        "user_points": null,
        "tags": [
          {
            "name": "5oclock shadow",
            "value": "yes",
            "confidence": 0.45
          },
          {
            "name": "age",
            "value": "42",
            "confidence": 0.6
          },
          {
            "name": "arched eyebrows",
            "value": "no",
            "confidence": 0.74
          },
          {
            "name": "attractive",
            "value": "yes",
            "confidence": 0.14
          },
          {
            "name": "bags under eyes",
            "value": "no",
            "confidence": 0.22
          },
          {
            "name": "bald",
            "value": "no",
            "confidence": 0.77
          },
          {
            "name": "bangs",
            "value": "no",
            "confidence": 0.44
          },
          {
            "name": "beard",
            "value": "yes",
            "confidence": 0.36
          },
          {
            "name": "big lips",
            "value": "no",
            "confidence": 0.01
          },
          {
            "name": "big nose",
            "value": "no",
            "confidence": 0.12
          },
          {
            "name": "black hair",
            "value": "yes",
            "confidence": 0.76
          },
          {
            "name": "blond hair",
            "value": "no",
            "confidence": 1.0
          },
          {
            "name": "blurry",
            "value": "no",
            "confidence": 1.0
          },
          {
            "name": "brown hair",
            "value": "no",
            "confidence": 0.88
          },
          {
            "name": "bushy eyebrows",
            "value": "yes",
            "confidence": 0.58
          },
          {
            "name": "chubby",
            "value": "no",
            "confidence": 1.0
          },
          {
            "name": "double chin",
            "value": "no",
            "confidence": 1.0
          },
          {
            "name": "expression",
            "value": "neutral",
            "confidence": 1.0
          },
          {
            "name": "gender",
            "value": "male",
            "confidence": 1.0
          },
          {
            "name": "glasses",
            "value": "no",
            "confidence": 1.0
          },
          {
            "name": "goatee",
            "value": "no",
            "confidence": 0.1
          },
          {
            "name": "gray hair",
            "value": "no",
            "confidence": 1.0
          },
          {
            "name": "heavy makeup",
            "value": "no",
            "confidence": 0.95
          },
          {
            "name": "high cheekbones",
            "value": "no",
            "confidence": 0.99
          },
          {
            "name": "mouth open",
            "value": "no",
            "confidence": 0.94
          },
          {
            "name": "mustache",
            "value": "no",
            "confidence": 0.02
          },
          {
            "name": "narrow eyes",
            "value": "no",
            "confidence": 0.81
          },
          {
            "name": "oval face",
            "value": "no",
            "confidence": 0.33
          },
          {
            "name": "pale skin",
            "value": "yes",
            "confidence": 0.52
          },
          {
            "name": "pitch",
            "value": "-5.84",
            "confidence": 1.0
          },
          {
            "name": "pointy nose",
            "value": "yes",
            "confidence": 0.0
          },
          {
            "name": "race",
            "value": "white",
            "confidence": 1.0
          },
          {
            "name": "receding hairline",
            "value": "no",
            "confidence": 0.61
          },
          {
            "name": "rosy cheeks",
            "value": "no",
            "confidence": 1.0
          },
          {
            "name": "sideburns",
            "value": "no",
            "confidence": 0.11
          },
          {
            "name": "straight hair",
            "value": "yes",
            "confidence": 0.39
          },
          {
            "name": "wavy hair",
            "value": "no",
            "confidence": 0.95
          },
          {
            "name": "wearing earrings",
            "value": "no",
            "confidence": 0.89
          },
          {
            "name": "wearing hat",
            "value": "no",
            "confidence": 0.68
          },
          {
            "name": "wearing lipstick",
            "value": "no",
            "confidence": 0.94
          },
          {
            "name": "wearing necklace",
            "value": "no",
            "confidence": 1.0
          },
          {
            "name": "wearing necktie",
            "value": "yes",
            "confidence": 0.03
          },
          {
            "name": "yaw",
            "value": "57.64",
            "confidence": 1.0
          },
          {
            "name": "young",
            "value": "yes",
            "confidence": 0.79
          }
        ],
        "person_id": "",
        "appearance_id": 0,
        "start": "00:00:00",
        "duration": "00:00:00"
      }
    ],
    "tags": null,
    "original_filename": "https://raw.githubusercontent.com/sarkrui/Hairstyle60k/master/Dataset/Men_Pompadour/IMG_5.jpg",
    "duration": "00:00:00"
  },
  "recognize": null
}