{
  "media": {
    "media_uuid": "3e0407b8-d0fa-4e6a-aa3c-ab6d80255d8e",
    "checksum": "5b60b297b46b69414fa681201740b9f819d98b3b694d924adb26369d212883bc",
    "faces": [
      {
        "face_uuid": "d5487520-1535-11e9-99c4-0cc47a6c4dbd",
        "media_uuid": "3e0407b8-d0fa-4e6a-aa3c-ab6d80255d8e",
        "x": 252.69,
        "y": 345.79,
        "width": 223.62,
        "height": 326.75,
        "angle": -3.5195,
        "detection_score": 0.97,
        "points": [
          {
            "x": 162.93,
            "y": 299.08,
            "type": 512,
            "name": "basic eye left"
          },
          {
            "x": 283.34,
            "y": 306.49,
            "type": 768,
            "name": "basic eye right"
          },
          {
            "x": 139.01,
            "y": 298.52,
            "type": 1024,
            "name": "basic eye left outer"
          },
          {
            "x": 310.31,
            "y": 309.24,
            "type": 1280,
            "name": "basic eye right outer"
          },
          {
            "x": 186.16,
            "y": 302.38,
            "type": 1536,
            "name": "basic eye left inner"
          },
          {
            "x": 257.13,
            "y": 306.79,
            "type": 1792,
            "name": "basic eye right inner"
          },
          {
            "x": 108.68,
            "y": 432.37,
            "type": 2048,
            "name": "basic mouth left"
          },
          {
            "x": 221.7,
            "y": 458.92,
            "type": 2304,
            "name": "basic mouth right"
          },
          {
            "x": 181.5,
            "y": 372.99,
            "type": 2560,
            "name": "basic nose tip"
          },
          {
            "x": 163.46,
            "y": 446.29,
            "type": 2816,
            "name": "basic mouth center"
          },
          {
            "x": 163.46,
            "y": 446.29,
            "type": 3072,
            "name": "basic eyebrow left"
          },
          {
            "x": 163.46,
            "y": 446.29,
            "type": 3328,
            "name": "basic eyebrow left inner corner"
          },
          {
            "x": 163.46,
            "y": 446.29,
            "type": 3584,
            "name": "basic eyebrow left outer corner"
          },
          {
            "x": 163.46,
            "y": 446.29,
            "type": 3840,
            "name": "basic eyebrow right"
          },
          {
            "x": 163.46,
            "y": 446.29,
            "type": 4096,
            "name": "basic eyebrow right inner corner"
          },
          {
            "x": 163.46,
            "y": 446.29,
            "type": 4352,
            "name": "basic eyebrow right outer corner"
          },
          {
            "x": 163.46,
            "y": 446.29,
            "type": 4608,
            "name": "basic chin bottom"
          },
          {
            "x": 163.46,
            "y": 446.29,
            "type": 4864,
            "name": "basic chin left"
          },
          {
            "x": 163.46,
            "y": 446.29,
            "type": 5120,
            "name": "basic chin right"
          },
          {
            "x": 152.57,
            "y": 381.63,
            "type": 5376,
            "name": "basic nose left"
          },
          {
            "x": 219.86,
            "y": 393.43,
            "type": 5632,
            "name": "basic nose right"
          }
        ],
        "user_points": null,
        "tags": [
          {
            "name": "5oclock shadow",
            "value": "no",
            "confidence": 0.82
          },
          {
            "name": "age",
            "value": "33",
            "confidence": 0.6
          },
          {
            "name": "arched eyebrows",
            "value": "no",
            "confidence": 0.63
          },
          {
            "name": "attractive",
            "value": "yes",
            "confidence": 0.11
          },
          {
            "name": "bags under eyes",
            "value": "no",
            "confidence": 0.92
          },
          {
            "name": "bald",
            "value": "no",
            "confidence": 0.77
          },
          {
            "name": "bangs",
            "value": "no",
            "confidence": 0.04
          },
          {
            "name": "beard",
            "value": "no",
            "confidence": 0.87
          },
          {
            "name": "big lips",
            "value": "no",
            "confidence": 0.18
          },
          {
            "name": "big nose",
            "value": "no",
            "confidence": 0.9
          },
          {
            "name": "black hair",
            "value": "no",
            "confidence": 0.82
          },
          {
            "name": "blond hair",
            "value": "no",
            "confidence": 0.25
          },
          {
            "name": "blurry",
            "value": "no",
            "confidence": 0.43
          },
          {
            "name": "brown hair",
            "value": "yes",
            "confidence": 0.08
          },
          {
            "name": "bushy eyebrows",
            "value": "no",
            "confidence": 0.91
          },
          {
            "name": "chubby",
            "value": "no",
            "confidence": 1.0
          },
          {
            "name": "double chin",
            "value": "no",
            "confidence": 1.0
          },
          {
            "name": "expression",
            "value": "neutral",
            "confidence": 0.76
          },
          {
            "name": "gender",
            "value": "female",
            "confidence": 0.28
          },
          {
            "name": "glasses",
            "value": "no",
            "confidence": 0.99
          },
          {
            "name": "goatee",
            "value": "no",
            "confidence": 1.0
          },
          {
            "name": "gray hair",
            "value": "no",
            "confidence": 0.76
          },
          {
            "name": "heavy makeup",
            "value": "no",
            "confidence": 0.41
          },
          {
            "name": "high cheekbones",
            "value": "no",
            "confidence": 0.78
          },
          {
            "name": "mouth open",
            "value": "no",
            "confidence": 0.57
          },
          {
            "name": "mustache",
            "value": "no",
            "confidence": 1.0
          },
          {
            "name": "narrow eyes",
            "value": "no",
            "confidence": 0.47
          },
          {
            "name": "oval face",
            "value": "no",
            "confidence": 0.2
          },
          {
            "name": "pale skin",
            "value": "yes",
            "confidence": 0.65
          },
          {
            "name": "pitch",
            "value": "-5.46",
            "confidence": 1.0
          },
          {
            "name": "pointy nose",
            "value": "yes",
            "confidence": 0.03
          },
          {
            "name": "race",
            "value": "white",
            "confidence": 0.85
          },
          {
            "name": "receding hairline",
            "value": "no",
            "confidence": 0.53
          },
          {
            "name": "rosy cheeks",
            "value": "no",
            "confidence": 1.0
          },
          {
            "name": "sideburns",
            "value": "no",
            "confidence": 1.0
          },
          {
            "name": "straight hair",
            "value": "yes",
            "confidence": 0.18
          },
          {
            "name": "wavy hair",
            "value": "no",
            "confidence": 0.59
          },
          {
            "name": "wearing earrings",
            "value": "no",
            "confidence": 0.34
          },
          {
            "name": "wearing hat",
            "value": "no",
            "confidence": 0.59
          },
          {
            "name": "wearing lipstick",
            "value": "no",
            "confidence": 0.23
          },
          {
            "name": "wearing necklace",
            "value": "no",
            "confidence": 0.67
          },
          {
            "name": "wearing necktie",
            "value": "no",
            "confidence": 0.8
          },
          {
            "name": "yaw",
            "value": "27.72",
            "confidence": 1.0
          },
          {
            "name": "young",
            "value": "yes",
            "confidence": 0.64
          }
        ],
        "person_id": "",
        "appearance_id": 0,
        "start": "00:00:00",
        "duration": "00:00:00"
      }
    ],
    "tags": null,
    "original_filename": "https://raw.githubusercontent.com/sarkrui/Hairstyle60k/master/Dataset/Mohawk/IMG_10.jpg",
    "duration": "00:00:00"
  },
  "recognize": null
}