{
  "media": {
    "media_uuid": "5adb4db1-9324-40f7-91da-35163e6fec3e",
    "checksum": "90770761439bf416f28c8cfcbc61fb3ab272b462eae5afff008ac81b4d4397da",
    "faces": [
      {
        "face_uuid": "d0d6c9cb-1535-11e9-99c4-0cc47a6c4dbd",
        "media_uuid": "5adb4db1-9324-40f7-91da-35163e6fec3e",
        "x": 468.05,
        "y": 301.3,
        "width": 128.36,
        "height": 234.58,
        "angle": 7.0204,
        "detection_score": 1.0,
        "points": [
          {
            "x": 405.13,
            "y": 271.45,
            "type": 512,
            "name": "basic eye left"
          },
          {
            "x": 528.16,
            "y": 256.3,
            "type": 768,
            "name": "basic eye right"
          },
          {
            "x": 378.05,
            "y": 275.21,
            "type": 1024,
            "name": "basic eye left outer"
          },
          {
            "x": 551.05,
            "y": 253.39,
            "type": 1280,
            "name": "basic eye right outer"
          },
          {
            "x": 432.7,
            "y": 271.17,
            "type": 1536,
            "name": "basic eye left inner"
          },
          {
            "x": 506.12,
            "y": 262.37,
            "type": 1792,
            "name": "basic eye right inner"
          },
          {
            "x": 455.4,
            "y": 402.28,
            "type": 2048,
            "name": "basic mouth left"
          },
          {
            "x": 547.43,
            "y": 385.6,
            "type": 2304,
            "name": "basic mouth right"
          },
          {
            "x": 512.82,
            "y": 328.43,
            "type": 2560,
            "name": "basic nose tip"
          },
          {
            "x": 503.12,
            "y": 393.79,
            "type": 2816,
            "name": "basic mouth center"
          },
          {
            "x": 503.12,
            "y": 393.79,
            "type": 3072,
            "name": "basic eyebrow left"
          },
          {
            "x": 503.12,
            "y": 393.79,
            "type": 3328,
            "name": "basic eyebrow left inner corner"
          },
          {
            "x": 503.12,
            "y": 393.79,
            "type": 3584,
            "name": "basic eyebrow left outer corner"
          },
          {
            "x": 503.12,
            "y": 393.79,
            "type": 3840,
            "name": "basic eyebrow right"
          },
          {
            "x": 503.12,
            "y": 393.79,
            "type": 4096,
            "name": "basic eyebrow right inner corner"
          },
          {
            "x": 503.12,
            "y": 393.79,
            "type": 4352,
            "name": "basic eyebrow right outer corner"
          },
          {
            "x": 503.12,
            "y": 393.79,
            "type": 4608,
            "name": "basic chin bottom"
          },
          {
            "x": 503.12,
            "y": 393.79,
            "type": 4864,
            "name": "basic chin left"
          },
          {
            "x": 503.12,
            "y": 393.79,
            "type": 5120,
            "name": "basic chin right"
          },
          {
            "x": 472.68,
            "y": 342.59,
            "type": 5376,
            "name": "basic nose left"
          },
          {
            "x": 532.58,
            "y": 332.68,
            "type": 5632,
            "name": "basic nose right"
          }
        ],
        "user_points": null,
        "tags": [
          {
            "name": "5oclock shadow",
            "value": "no",
            "confidence": 0.53
          },
          {
            "name": "age",
            "value": "37",
            "confidence": 0.6
          },
          {
            "name": "arched eyebrows",
            "value": "no",
            "confidence": 1.0
          },
          {
            "name": "attractive",
            "value": "no",
            "confidence": 0.99
          },
          {
            "name": "bags under eyes",
            "value": "no",
            "confidence": 0.26
          },
          {
            "name": "bald",
            "value": "yes",
            "confidence": 0.11
          },
          {
            "name": "bangs",
            "value": "no",
            "confidence": 0.59
          },
          {
            "name": "beard",
            "value": "no",
            "confidence": 0.39
          },
          {
            "name": "big lips",
            "value": "no",
            "confidence": 0.98
          },
          {
            "name": "big nose",
            "value": "no",
            "confidence": 0.22
          },
          {
            "name": "black hair",
            "value": "no",
            "confidence": 0.53
          },
          {
            "name": "blond hair",
            "value": "no",
            "confidence": 0.99
          },
          {
            "name": "blurry",
            "value": "yes",
            "confidence": 0.04
          },
          {
            "name": "brown hair",
            "value": "no",
            "confidence": 0.73
          },
          {
            "name": "bushy eyebrows",
            "value": "no",
            "confidence": 0.6
          },
          {
            "name": "chubby",
            "value": "yes",
            "confidence": 0.27
          },
          {
            "name": "double chin",
            "value": "no",
            "confidence": 0.07
          },
          {
            "name": "expression",
            "value": "neutral",
            "confidence": 0.91
          },
          {
            "name": "gender",
            "value": "male",
            "confidence": 0.94
          },
          {
            "name": "glasses",
            "value": "no",
            "confidence": 1.0
          },
          {
            "name": "goatee",
            "value": "no",
            "confidence": 0.69
          },
          {
            "name": "gray hair",
            "value": "yes",
            "confidence": 0.06
          },
          {
            "name": "heavy makeup",
            "value": "no",
            "confidence": 0.91
          },
          {
            "name": "high cheekbones",
            "value": "no",
            "confidence": 0.79
          },
          {
            "name": "mouth open",
            "value": "no",
            "confidence": 0.36
          },
          {
            "name": "mustache",
            "value": "no",
            "confidence": 0.36
          },
          {
            "name": "narrow eyes",
            "value": "yes",
            "confidence": 0.05
          },
          {
            "name": "oval face",
            "value": "no",
            "confidence": 0.01
          },
          {
            "name": "pale skin",
            "value": "no",
            "confidence": 0.06
          },
          {
            "name": "pitch",
            "value": "-5.36",
            "confidence": 1.0
          },
          {
            "name": "pointy nose",
            "value": "no",
            "confidence": 0.97
          },
          {
            "name": "race",
            "value": "white",
            "confidence": 0.53
          },
          {
            "name": "receding hairline",
            "value": "no",
            "confidence": 0.13
          },
          {
            "name": "rosy cheeks",
            "value": "no",
            "confidence": 1.0
          },
          {
            "name": "sideburns",
            "value": "no",
            "confidence": 0.76
          },
          {
            "name": "straight hair",
            "value": "no",
            "confidence": 0.03
          },
          {
            "name": "wavy hair",
            "value": "no",
            "confidence": 1.0
          },
          {
            "name": "wearing earrings",
            "value": "no",
            "confidence": 0.86
          },
          {
            "name": "wearing hat",
            "value": "yes",
            "confidence": 0.02
          },
          {
            "name": "wearing lipstick",
            "value": "no",
            "confidence": 1.0
          },
          {
            "name": "wearing necklace",
            "value": "no",
            "confidence": 1.0
          },
          {
            "name": "wearing necktie",
            "value": "yes",
            "confidence": 0.42
          },
          {
            "name": "yaw",
            "value": "-25.32",
            "confidence": 1.0
          },
          {
            "name": "young",
            "value": "no",
            "confidence": 0.48
          }
        ],
        "person_id": "",
        "appearance_id": 0,
        "start": "00:00:00",
        "duration": "00:00:00"
      }
    ],
    "tags": null,
    "original_filename": "https://raw.githubusercontent.com/sarkrui/Hairstyle60k/master/Dataset/Mohawk/IMG_6.jpg",
    "duration": "00:00:00"
  },
  "recognize": null
}