{
  "media": {
    "media_uuid": "573c6df6-01fd-4fc1-845e-86ad7c952676",
    "checksum": "b2fb88e8841ca643ecffa25e5b74a1dd81811f34d3fd12d2dbd1881627cb8ea0",
    "faces": [
      {
        "face_uuid": "db46b45b-1535-11e9-99c4-0cc47a6c4dbd",
        "media_uuid": "573c6df6-01fd-4fc1-845e-86ad7c952676",
        "x": 165.0,
        "y": 333.5,
        "width": 177.21,
        "height": 246.75,
        "angle": 4.4469,
        "detection_score": 1.0,
        "points": [
          {
            "x": 120.35,
            "y": 309.88,
            "type": 512,
            "name": "basic eye left"
          },
          {
            "x": 201.4,
            "y": 303.58,
            "type": 768,
            "name": "basic eye right"
          },
          {
            "x": 103.02,
            "y": 311.23,
            "type": 1024,
            "name": "basic eye left outer"
          },
          {
            "x": 220.13,
            "y": 302.19,
            "type": 1280,
            "name": "basic eye right outer"
          },
          {
            "x": 137.57,
            "y": 308.82,
            "type": 1536,
            "name": "basic eye left inner"
          },
          {
            "x": 182.71,
            "y": 305.27,
            "type": 1792,
            "name": "basic eye right inner"
          },
          {
            "x": 135.98,
            "y": 402.36,
            "type": 2048,
            "name": "basic mouth left"
          },
          {
            "x": 201.86,
            "y": 396.68,
            "type": 2304,
            "name": "basic mouth right"
          },
          {
            "x": 159.22,
            "y": 366.77,
            "type": 2560,
            "name": "basic nose tip"
          },
          {
            "x": 168.47,
            "y": 400.55,
            "type": 2816,
            "name": "basic mouth center"
          },
          {
            "x": 168.47,
            "y": 400.55,
            "type": 3072,
            "name": "basic eyebrow left"
          },
          {
            "x": 168.47,
            "y": 400.55,
            "type": 3328,
            "name": "basic eyebrow left inner corner"
          },
          {
            "x": 168.47,
            "y": 400.55,
            "type": 3584,
            "name": "basic eyebrow left outer corner"
          },
          {
            "x": 168.47,
            "y": 400.55,
            "type": 3840,
            "name": "basic eyebrow right"
          },
          {
            "x": 168.47,
            "y": 400.55,
            "type": 4096,
            "name": "basic eyebrow right inner corner"
          },
          {
            "x": 168.47,
            "y": 400.55,
            "type": 4352,
            "name": "basic eyebrow right outer corner"
          },
          {
            "x": 168.47,
            "y": 400.55,
            "type": 4608,
            "name": "basic chin bottom"
          },
          {
            "x": 168.47,
            "y": 400.55,
            "type": 4864,
            "name": "basic chin left"
          },
          {
            "x": 168.47,
            "y": 400.55,
            "type": 5120,
            "name": "basic chin right"
          },
          {
            "x": 140.02,
            "y": 364.63,
            "type": 5376,
            "name": "basic nose left"
          },
          {
            "x": 184.37,
            "y": 360.87,
            "type": 5632,
            "name": "basic nose right"
          }
        ],
        "user_points": null,
        "tags": [
          {
            "name": "5oclock shadow",
            "value": "yes",
            "confidence": 0.39
          },
          {
            "name": "age",
            "value": "31",
            "confidence": 0.6
          },
          {
            "name": "arched eyebrows",
            "value": "no",
            "confidence": 0.87
          },
          {
            "name": "attractive",
            "value": "no",
            "confidence": 0.88
          },
          {
            "name": "bags under eyes",
            "value": "yes",
            "confidence": 0.38
          },
          {
            "name": "bald",
            "value": "no",
            "confidence": 0.22
          },
          {
            "name": "bangs",
            "value": "no",
            "confidence": 1.0
          },
          {
            "name": "beard",
            "value": "yes",
            "confidence": 0.47
          },
          {
            "name": "big lips",
            "value": "no",
            "confidence": 0.39
          },
          {
            "name": "big nose",
            "value": "yes",
            "confidence": 0.3
          },
          {
            "name": "black hair",
            "value": "no",
            "confidence": 0.03
          },
          {
            "name": "blond hair",
            "value": "no",
            "confidence": 1.0
          },
          {
            "name": "blurry",
            "value": "no",
            "confidence": 0.46
          },
          {
            "name": "brown hair",
            "value": "no",
            "confidence": 0.21
          },
          {
            "name": "bushy eyebrows",
            "value": "yes",
            "confidence": 0.36
          },
          {
            "name": "chubby",
            "value": "yes",
            "confidence": 0.12
          },
          {
            "name": "double chin",
            "value": "no",
            "confidence": 0.27
          },
          {
            "name": "expression",
            "value": "neutral",
            "confidence": 1.0
          },
          {
            "name": "gender",
            "value": "male",
            "confidence": 1.0
          },
          {
            "name": "glasses",
            "value": "no",
            "confidence": 1.0
          },
          {
            "name": "goatee",
            "value": "yes",
            "confidence": 0.12
          },
          {
            "name": "gray hair",
            "value": "no",
            "confidence": 0.36
          },
          {
            "name": "heavy makeup",
            "value": "no",
            "confidence": 0.99
          },
          {
            "name": "high cheekbones",
            "value": "no",
            "confidence": 1.0
          },
          {
            "name": "mouth open",
            "value": "no",
            "confidence": 0.58
          },
          {
            "name": "mustache",
            "value": "yes",
            "confidence": 0.37
          },
          {
            "name": "narrow eyes",
            "value": "no",
            "confidence": 0.01
          },
          {
            "name": "oval face",
            "value": "no",
            "confidence": 0.4
          },
          {
            "name": "pale skin",
            "value": "no",
            "confidence": 0.65
          },
          {
            "name": "pitch",
            "value": "-8.92",
            "confidence": 1.0
          },
          {
            "name": "pointy nose",
            "value": "no",
            "confidence": 0.86
          },
          {
            "name": "race",
            "value": "white",
            "confidence": 0.99
          },
          {
            "name": "receding hairline",
            "value": "no",
            "confidence": 0.14
          },
          {
            "name": "rosy cheeks",
            "value": "no",
            "confidence": 1.0
          },
          {
            "name": "sideburns",
            "value": "yes",
            "confidence": 0.12
          },
          {
            "name": "straight hair",
            "value": "yes",
            "confidence": 0.35
          },
          {
            "name": "wavy hair",
            "value": "no",
            "confidence": 1.0
          },
          {
            "name": "wearing earrings",
            "value": "no",
            "confidence": 0.94
          },
          {
            "name": "wearing hat",
            "value": "no",
            "confidence": 0.47
          },
          {
            "name": "wearing lipstick",
            "value": "no",
            "confidence": 1.0
          },
          {
            "name": "wearing necklace",
            "value": "no",
            "confidence": 1.0
          },
          {
            "name": "wearing necktie",
            "value": "yes",
            "confidence": 0.35
          },
          {
            "name": "yaw",
            "value": "4.14",
            "confidence": 1.0
          },
          {
            "name": "young",
            "value": "no",
            "confidence": 0.22
          }
        ],
        "person_id": "",
        "appearance_id": 0,
        "start": "00:00:00",
        "duration": "00:00:00"
      }
    ],
    "tags": null,
    "original_filename": "https://raw.githubusercontent.com/sarkrui/Hairstyle60k/master/Dataset/Mohawk/IMG_16.jpg",
    "duration": "00:00:00"
  },
  "recognize": null
}