{
  "media": {
    "media_uuid": "1745ce82-dd99-4393-886d-74e9a3673f4a",
    "checksum": "31419a2b1b9ba8ad78747e01abc5e0a6d064f11e9dccb2b18190d679ca4ae05c",
    "faces": [
      {
        "face_uuid": "dfa76d47-1535-11e9-99c4-0cc47a6c4dbd",
        "media_uuid": "1745ce82-dd99-4393-886d-74e9a3673f4a",
        "x": 132.0,
        "y": 288.5,
        "width": 95.74,
        "height": 146.49,
        "angle": -22.1494,
        "detection_score": 1.0,
        "points": [
          {
            "x": 108.64,
            "y": 263.6,
            "type": 512,
            "name": "basic eye left"
          },
          {
            "x": 166.02,
            "y": 286.95,
            "type": 768,
            "name": "basic eye right"
          },
          {
            "x": 97.6,
            "y": 258.92,
            "type": 1024,
            "name": "basic eye left outer"
          },
          {
            "x": 178.78,
            "y": 292.07,
            "type": 1280,
            "name": "basic eye right outer"
          },
          {
            "x": 118.71,
            "y": 269.84,
            "type": 1536,
            "name": "basic eye left inner"
          },
          {
            "x": 152.45,
            "y": 283.4,
            "type": 1792,
            "name": "basic eye right inner"
          },
          {
            "x": 56.27,
            "y": 329.32,
            "type": 2048,
            "name": "basic mouth left"
          },
          {
            "x": 111.05,
            "y": 355.4,
            "type": 2304,
            "name": "basic mouth right"
          },
          {
            "x": 97.46,
            "y": 304.23,
            "type": 2560,
            "name": "basic nose tip"
          },
          {
            "x": 82.7,
            "y": 341.82,
            "type": 2816,
            "name": "basic mouth center"
          },
          {
            "x": 82.7,
            "y": 341.82,
            "type": 3072,
            "name": "basic eyebrow left"
          },
          {
            "x": 82.7,
            "y": 341.82,
            "type": 3328,
            "name": "basic eyebrow left inner corner"
          },
          {
            "x": 82.7,
            "y": 341.82,
            "type": 3584,
            "name": "basic eyebrow left outer corner"
          },
          {
            "x": 82.7,
            "y": 341.82,
            "type": 3840,
            "name": "basic eyebrow right"
          },
          {
            "x": 82.7,
            "y": 341.82,
            "type": 4096,
            "name": "basic eyebrow right inner corner"
          },
          {
            "x": 82.7,
            "y": 341.82,
            "type": 4352,
            "name": "basic eyebrow right outer corner"
          },
          {
            "x": 82.7,
            "y": 341.82,
            "type": 4608,
            "name": "basic chin bottom"
          },
          {
            "x": 82.7,
            "y": 341.82,
            "type": 4864,
            "name": "basic chin left"
          },
          {
            "x": 82.7,
            "y": 341.82,
            "type": 5120,
            "name": "basic chin right"
          },
          {
            "x": 83.92,
            "y": 300.06,
            "type": 5376,
            "name": "basic nose left"
          },
          {
            "x": 118.58,
            "y": 317.64,
            "type": 5632,
            "name": "basic nose right"
          }
        ],
        "user_points": null,
        "tags": [
          {
            "name": "5oclock shadow",
            "value": "no",
            "confidence": 0.79
          },
          {
            "name": "age",
            "value": "24",
            "confidence": 0.6
          },
          {
            "name": "arched eyebrows",
            "value": "no",
            "confidence": 1.0
          },
          {
            "name": "attractive",
            "value": "no",
            "confidence": 0.75
          },
          {
            "name": "bags under eyes",
            "value": "no",
            "confidence": 1.0
          },
          {
            "name": "bald",
            "value": "no",
            "confidence": 0.31
          },
          {
            "name": "bangs",
            "value": "no",
            "confidence": 0.7
          },
          {
            "name": "beard",
            "value": "no",
            "confidence": 0.61
          },
          {
            "name": "big lips",
            "value": "no",
            "confidence": 0.78
          },
          {
            "name": "big nose",
            "value": "no",
            "confidence": 0.66
          },
          {
            "name": "black hair",
            "value": "no",
            "confidence": 0.36
          },
          {
            "name": "blond hair",
            "value": "no",
            "confidence": 0.93
          },
          {
            "name": "blurry",
            "value": "yes",
            "confidence": 0.3
          },
          {
            "name": "brown hair",
            "value": "no",
            "confidence": 0.82
          },
          {
            "name": "bushy eyebrows",
            "value": "no",
            "confidence": 0.89
          },
          {
            "name": "chubby",
            "value": "no",
            "confidence": 0.3
          },
          {
            "name": "double chin",
            "value": "no",
            "confidence": 0.67
          },
          {
            "name": "expression",
            "value": "neutral",
            "confidence": 1.0
          },
          {
            "name": "gender",
            "value": "male",
            "confidence": 0.31
          },
          {
            "name": "glasses",
            "value": "no",
            "confidence": 1.0
          },
          {
            "name": "goatee",
            "value": "no",
            "confidence": 0.95
          },
          {
            "name": "gray hair",
            "value": "no",
            "confidence": 0.48
          },
          {
            "name": "heavy makeup",
            "value": "no",
            "confidence": 0.77
          },
          {
            "name": "high cheekbones",
            "value": "no",
            "confidence": 0.92
          },
          {
            "name": "mouth open",
            "value": "no",
            "confidence": 0.54
          },
          {
            "name": "mustache",
            "value": "no",
            "confidence": 0.71
          },
          {
            "name": "narrow eyes",
            "value": "no",
            "confidence": 0.62
          },
          {
            "name": "oval face",
            "value": "no",
            "confidence": 0.04
          },
          {
            "name": "pale skin",
            "value": "yes",
            "confidence": 0.17
          },
          {
            "name": "pitch",
            "value": "-4.74",
            "confidence": 1.0
          },
          {
            "name": "pointy nose",
            "value": "no",
            "confidence": 0.69
          },
          {
            "name": "race",
            "value": "asian",
            "confidence": 0.98
          },
          {
            "name": "receding hairline",
            "value": "no",
            "confidence": 0.59
          },
          {
            "name": "rosy cheeks",
            "value": "no",
            "confidence": 0.97
          },
          {
            "name": "sideburns",
            "value": "no",
            "confidence": 1.0
          },
          {
            "name": "straight hair",
            "value": "no",
            "confidence": 0.37
          },
          {
            "name": "wavy hair",
            "value": "no",
            "confidence": 0.98
          },
          {
            "name": "wearing earrings",
            "value": "no",
            "confidence": 0.62
          },
          {
            "name": "wearing hat",
            "value": "yes",
            "confidence": 0.85
          },
          {
            "name": "wearing lipstick",
            "value": "no",
            "confidence": 0.79
          },
          {
            "name": "wearing necklace",
            "value": "no",
            "confidence": 0.85
          },
          {
            "name": "wearing necktie",
            "value": "no",
            "confidence": 0.52
          },
          {
            "name": "yaw",
            "value": "66.08",
            "confidence": 1.0
          },
          {
            "name": "young",
            "value": "yes",
            "confidence": 0.05
          }
        ],
        "person_id": "",
        "appearance_id": 0,
        "start": "00:00:00",
        "duration": "00:00:00"
      }
    ],
    "tags": null,
    "original_filename": "https://raw.githubusercontent.com/sarkrui/Hairstyle60k/master/Dataset/Mohawk/IMG_20.jpg",
    "duration": "00:00:00"
  },
  "recognize": null
}