{
  "media": {
    "media_uuid": "401d1c21-8c6e-40ca-b64d-156d616e6f81",
    "checksum": "2dc1e4698c0040b5a000ab4bce738f8f62f35c828518217d4dcf238dda1ce05e",
    "faces": [
      {
        "face_uuid": "e0bc4816-1535-11e9-99c4-0cc47a6c4dbd",
        "media_uuid": "401d1c21-8c6e-40ca-b64d-156d616e6f81",
        "x": 136.0,
        "y": 247.5,
        "width": 93.89,
        "height": 125.5,
        "angle": -14.6988,
        "detection_score": 1.0,
        "points": [
          {
            "x": 108.94,
            "y": 223.64,
            "type": 512,
            "name": "basic eye left"
          },
          {
            "x": 156.65,
            "y": 236.15,
            "type": 768,
            "name": "basic eye right"
          },
          {
            "x": 99.23,
            "y": 221.02,
            "type": 1024,
            "name": "basic eye left outer"
          },
          {
            "x": 167.08,
            "y": 238.94,
            "type": 1280,
            "name": "basic eye right outer"
          },
          {
            "x": 118.11,
            "y": 227.33,
            "type": 1536,
            "name": "basic eye left inner"
          },
          {
            "x": 146.11,
            "y": 234.63,
            "type": 1792,
            "name": "basic eye right inner"
          },
          {
            "x": 96.68,
            "y": 273.58,
            "type": 2048,
            "name": "basic mouth left"
          },
          {
            "x": 133.07,
            "y": 285.97,
            "type": 2304,
            "name": "basic mouth right"
          },
          {
            "x": 119.54,
            "y": 261.05,
            "type": 2560,
            "name": "basic nose tip"
          },
          {
            "x": 114.43,
            "y": 280.42,
            "type": 2816,
            "name": "basic mouth center"
          },
          {
            "x": 114.43,
            "y": 280.42,
            "type": 3072,
            "name": "basic eyebrow left"
          },
          {
            "x": 114.43,
            "y": 280.42,
            "type": 3328,
            "name": "basic eyebrow left inner corner"
          },
          {
            "x": 114.43,
            "y": 280.42,
            "type": 3584,
            "name": "basic eyebrow left outer corner"
          },
          {
            "x": 114.43,
            "y": 280.42,
            "type": 3840,
            "name": "basic eyebrow right"
          },
          {
            "x": 114.43,
            "y": 280.42,
            "type": 4096,
            "name": "basic eyebrow right inner corner"
          },
          {
            "x": 114.43,
            "y": 280.42,
            "type": 4352,
            "name": "basic eyebrow right outer corner"
          },
          {
            "x": 114.43,
            "y": 280.42,
            "type": 4608,
            "name": "basic chin bottom"
          },
          {
            "x": 114.43,
            "y": 280.42,
            "type": 4864,
            "name": "basic chin left"
          },
          {
            "x": 114.43,
            "y": 280.42,
            "type": 5120,
            "name": "basic chin right"
          },
          {
            "x": 108.75,
            "y": 259.44,
            "type": 5376,
            "name": "basic nose left"
          },
          {
            "x": 132.83,
            "y": 266.61,
            "type": 5632,
            "name": "basic nose right"
          }
        ],
        "user_points": null,
        "tags": [
          {
            "name": "5oclock shadow",
            "value": "no",
            "confidence": 0.45
          },
          {
            "name": "age",
            "value": "35",
            "confidence": 0.6
          },
          {
            "name": "arched eyebrows",
            "value": "no",
            "confidence": 0.9
          },
          {
            "name": "attractive",
            "value": "no",
            "confidence": 0.27
          },
          {
            "name": "bags under eyes",
            "value": "no",
            "confidence": 1.0
          },
          {
            "name": "bald",
            "value": "no",
            "confidence": 0.87
          },
          {
            "name": "bangs",
            "value": "no",
            "confidence": 0.13
          },
          {
            "name": "beard",
            "value": "no",
            "confidence": 0.78
          },
          {
            "name": "big lips",
            "value": "no",
            "confidence": 0.31
          },
          {
            "name": "big nose",
            "value": "no",
            "confidence": 0.66
          },
          {
            "name": "black hair",
            "value": "no",
            "confidence": 0.83
          },
          {
            "name": "blond hair",
            "value": "no",
            "confidence": 0.59
          },
          {
            "name": "blurry",
            "value": "no",
            "confidence": 0.16
          },
          {
            "name": "brown hair",
            "value": "no",
            "confidence": 0.39
          },
          {
            "name": "bushy eyebrows",
            "value": "no",
            "confidence": 0.38
          },
          {
            "name": "chubby",
            "value": "no",
            "confidence": 0.88
          },
          {
            "name": "double chin",
            "value": "no",
            "confidence": 1.0
          },
          {
            "name": "expression",
            "value": "neutral",
            "confidence": 0.76
          },
          {
            "name": "gender",
            "value": "male",
            "confidence": 0.31
          },
          {
            "name": "glasses",
            "value": "no",
            "confidence": 1.0
          },
          {
            "name": "goatee",
            "value": "no",
            "confidence": 1.0
          },
          {
            "name": "gray hair",
            "value": "no",
            "confidence": 0.81
          },
          {
            "name": "heavy makeup",
            "value": "no",
            "confidence": 0.79
          },
          {
            "name": "high cheekbones",
            "value": "no",
            "confidence": 1.0
          },
          {
            "name": "mouth open",
            "value": "no",
            "confidence": 0.54
          },
          {
            "name": "mustache",
            "value": "no",
            "confidence": 0.99
          },
          {
            "name": "narrow eyes",
            "value": "no",
            "confidence": 0.3
          },
          {
            "name": "oval face",
            "value": "no",
            "confidence": 0.34
          },
          {
            "name": "pale skin",
            "value": "yes",
            "confidence": 0.42
          },
          {
            "name": "pitch",
            "value": "-4.74",
            "confidence": 1.0
          },
          {
            "name": "pointy nose",
            "value": "no",
            "confidence": 0.34
          },
          {
            "name": "race",
            "value": "asian",
            "confidence": 1.0
          },
          {
            "name": "receding hairline",
            "value": "no",
            "confidence": 1.0
          },
          {
            "name": "rosy cheeks",
            "value": "no",
            "confidence": 1.0
          },
          {
            "name": "sideburns",
            "value": "no",
            "confidence": 1.0
          },
          {
            "name": "straight hair",
            "value": "no",
            "confidence": 0.61
          },
          {
            "name": "wavy hair",
            "value": "no",
            "confidence": 0.47
          },
          {
            "name": "wearing earrings",
            "value": "no",
            "confidence": 0.29
          },
          {
            "name": "wearing hat",
            "value": "yes",
            "confidence": 0.84
          },
          {
            "name": "wearing lipstick",
            "value": "no",
            "confidence": 0.75
          },
          {
            "name": "wearing necklace",
            "value": "no",
            "confidence": 0.58
          },
          {
            "name": "wearing necktie",
            "value": "no",
            "confidence": 0.83
          },
          {
            "name": "yaw",
            "value": "69.87",
            "confidence": 1.0
          },
          {
            "name": "young",
            "value": "yes",
            "confidence": 0.76
          }
        ],
        "person_id": "",
        "appearance_id": 0,
        "start": "00:00:00",
        "duration": "00:00:00"
      }
    ],
    "tags": null,
    "original_filename": "https://raw.githubusercontent.com/sarkrui/Hairstyle60k/master/Dataset/Mohawk/IMG_21.jpg",
    "duration": "00:00:00"
  },
  "recognize": null
}