{
  "media": {
    "media_uuid": "82e539ca-ee1f-452a-961c-46db638cc4ab",
    "checksum": "760ad818aa9df1ed92b86ed4372cffe2bf3716612ac96468a92bf13a6c4a359c",
    "faces": [
      {
        "face_uuid": "dc0ce105-1535-11e9-99c4-0cc47a6c4dbd",
        "media_uuid": "82e539ca-ee1f-452a-961c-46db638cc4ab",
        "x": 155.0,
        "y": 320.5,
        "width": 191.09,
        "height": 247.47,
        "angle": 0.3489,
        "detection_score": 1.0,
        "points": [
          {
            "x": 115.15,
            "y": 300.79,
            "type": 512,
            "name": "basic eye left"
          },
          {
            "x": 200.47,
            "y": 300.27,
            "type": 768,
            "name": "basic eye right"
          },
          {
            "x": 96.35,
            "y": 301.09,
            "type": 1024,
            "name": "basic eye left outer"
          },
          {
            "x": 218.84,
            "y": 300.29,
            "type": 1280,
            "name": "basic eye right outer"
          },
          {
            "x": 133.78,
            "y": 301.74,
            "type": 1536,
            "name": "basic eye left inner"
          },
          {
            "x": 182.45,
            "y": 301.49,
            "type": 1792,
            "name": "basic eye right inner"
          },
          {
            "x": 127.31,
            "y": 396.07,
            "type": 2048,
            "name": "basic mouth left"
          },
          {
            "x": 193.29,
            "y": 394.13,
            "type": 2304,
            "name": "basic mouth right"
          },
          {
            "x": 161.67,
            "y": 358.35,
            "type": 2560,
            "name": "basic nose tip"
          },
          {
            "x": 160.68,
            "y": 396.07,
            "type": 2816,
            "name": "basic mouth center"
          },
          {
            "x": 160.68,
            "y": 396.07,
            "type": 3072,
            "name": "basic eyebrow left"
          },
          {
            "x": 160.68,
            "y": 396.07,
            "type": 3328,
            "name": "basic eyebrow left inner corner"
          },
          {
            "x": 160.68,
            "y": 396.07,
            "type": 3584,
            "name": "basic eyebrow left outer corner"
          },
          {
            "x": 160.68,
            "y": 396.07,
            "type": 3840,
            "name": "basic eyebrow right"
          },
          {
            "x": 160.68,
            "y": 396.07,
            "type": 4096,
            "name": "basic eyebrow right inner corner"
          },
          {
            "x": 160.68,
            "y": 396.07,
            "type": 4352,
            "name": "basic eyebrow right outer corner"
          },
          {
            "x": 160.68,
            "y": 396.07,
            "type": 4608,
            "name": "basic chin bottom"
          },
          {
            "x": 160.68,
            "y": 396.07,
            "type": 4864,
            "name": "basic chin left"
          },
          {
            "x": 160.68,
            "y": 396.07,
            "type": 5120,
            "name": "basic chin right"
          },
          {
            "x": 138.65,
            "y": 358.72,
            "type": 5376,
            "name": "basic nose left"
          },
          {
            "x": 182.2,
            "y": 357.91,
            "type": 5632,
            "name": "basic nose right"
          }
        ],
        "user_points": null,
        "tags": [
          {
            "name": "5oclock shadow",
            "value": "yes",
            "confidence": 0.3
          },
          {
            "name": "age",
            "value": "11",
            "confidence": 0.6
          },
          {
            "name": "arched eyebrows",
            "value": "no",
            "confidence": 1.0
          },
          {
            "name": "attractive",
            "value": "yes",
            "confidence": 0.08
          },
          {
            "name": "bags under eyes",
            "value": "no",
            "confidence": 0.14
          },
          {
            "name": "bald",
            "value": "no",
            "confidence": 0.56
          },
          {
            "name": "bangs",
            "value": "no",
            "confidence": 0.7
          },
          {
            "name": "beard",
            "value": "yes",
            "confidence": 0.02
          },
          {
            "name": "big lips",
            "value": "no",
            "confidence": 0.48
          },
          {
            "name": "big nose",
            "value": "no",
            "confidence": 0.49
          },
          {
            "name": "black hair",
            "value": "no",
            "confidence": 1.0
          },
          {
            "name": "blond hair",
            "value": "yes",
            "confidence": 0.17
          },
          {
            "name": "blurry",
            "value": "no",
            "confidence": 0.7
          },
          {
            "name": "brown hair",
            "value": "yes",
            "confidence": 0.04
          },
          {
            "name": "bushy eyebrows",
            "value": "no",
            "confidence": 1.0
          },
          {
            "name": "chubby",
            "value": "no",
            "confidence": 1.0
          },
          {
            "name": "double chin",
            "value": "no",
            "confidence": 1.0
          },
          {
            "name": "expression",
            "value": "neutral",
            "confidence": 0.89
          },
          {
            "name": "gender",
            "value": "male",
            "confidence": 0.75
          },
          {
            "name": "glasses",
            "value": "no",
            "confidence": 1.0
          },
          {
            "name": "goatee",
            "value": "no",
            "confidence": 0.42
          },
          {
            "name": "gray hair",
            "value": "no",
            "confidence": 0.5
          },
          {
            "name": "heavy makeup",
            "value": "no",
            "confidence": 0.98
          },
          {
            "name": "high cheekbones",
            "value": "no",
            "confidence": 0.95
          },
          {
            "name": "mouth open",
            "value": "no",
            "confidence": 0.27
          },
          {
            "name": "mustache",
            "value": "no",
            "confidence": 0.51
          },
          {
            "name": "narrow eyes",
            "value": "no",
            "confidence": 0.76
          },
          {
            "name": "oval face",
            "value": "no",
            "confidence": 0.13
          },
          {
            "name": "pale skin",
            "value": "yes",
            "confidence": 0.27
          },
          {
            "name": "pitch",
            "value": "-7.69",
            "confidence": 1.0
          },
          {
            "name": "pointy nose",
            "value": "no",
            "confidence": 0.2
          },
          {
            "name": "race",
            "value": "white",
            "confidence": 1.0
          },
          {
            "name": "receding hairline",
            "value": "no",
            "confidence": 0.04
          },
          {
            "name": "rosy cheeks",
            "value": "no",
            "confidence": 1.0
          },
          {
            "name": "sideburns",
            "value": "no",
            "confidence": 0.35
          },
          {
            "name": "straight hair",
            "value": "yes",
            "confidence": 0.69
          },
          {
            "name": "wavy hair",
            "value": "no",
            "confidence": 1.0
          },
          {
            "name": "wearing earrings",
            "value": "no",
            "confidence": 0.82
          },
          {
            "name": "wearing hat",
            "value": "no",
            "confidence": 1.0
          },
          {
            "name": "wearing lipstick",
            "value": "no",
            "confidence": 0.91
          },
          {
            "name": "wearing necklace",
            "value": "no",
            "confidence": 0.96
          },
          {
            "name": "wearing necktie",
            "value": "no",
            "confidence": 0.09
          },
          {
            "name": "yaw",
            "value": "3.63",
            "confidence": 1.0
          },
          {
            "name": "young",
            "value": "yes",
            "confidence": 0.55
          }
        ],
        "person_id": "",
        "appearance_id": 0,
        "start": "00:00:00",
        "duration": "00:00:00"
      }
    ],
    "tags": null,
    "original_filename": "https://raw.githubusercontent.com/sarkrui/Hairstyle60k/master/Dataset/Mohawk/IMG_17.jpg",
    "duration": "00:00:00"
  },
  "recognize": null
}