{
  "media": {
    "media_uuid": "0fa4e98d-d433-48da-9663-9875ca080a1e",
    "checksum": "1b259c6e14173b42f66930b2e16cc2cd2f79de76bdf4b93e4176a6e609cc5976",
    "faces": [
      {
        "face_uuid": "d2013c3c-1535-11e9-99c4-0cc47a6c4dbd",
        "media_uuid": "0fa4e98d-d433-48da-9663-9875ca080a1e",
        "x": 206.94,
        "y": 369.63,
        "width": 171.89,
        "height": 235.7,
        "angle": 11.9247,
        "detection_score": 1.0,
        "points": [
          {
            "x": 133.08,
            "y": 350.41,
            "type": 512,
            "name": "basic eye left"
          },
          {
            "x": 209.72,
            "y": 334.22,
            "type": 768,
            "name": "basic eye right"
          },
          {
            "x": 117.55,
            "y": 354.11,
            "type": 1024,
            "name": "basic eye left outer"
          },
          {
            "x": 228.0,
            "y": 330.92,
            "type": 1280,
            "name": "basic eye right outer"
          },
          {
            "x": 148.42,
            "y": 347.03,
            "type": 1536,
            "name": "basic eye left inner"
          },
          {
            "x": 192.2,
            "y": 337.68,
            "type": 1792,
            "name": "basic eye right inner"
          },
          {
            "x": 159.73,
            "y": 440.55,
            "type": 2048,
            "name": "basic mouth left"
          },
          {
            "x": 217.74,
            "y": 428.7,
            "type": 2304,
            "name": "basic mouth right"
          },
          {
            "x": 164.85,
            "y": 393.37,
            "type": 2560,
            "name": "basic nose tip"
          },
          {
            "x": 186.81,
            "y": 434.49,
            "type": 2816,
            "name": "basic mouth center"
          },
          {
            "x": 186.81,
            "y": 434.49,
            "type": 3072,
            "name": "basic eyebrow left"
          },
          {
            "x": 186.81,
            "y": 434.49,
            "type": 3328,
            "name": "basic eyebrow left inner corner"
          },
          {
            "x": 186.81,
            "y": 434.49,
            "type": 3584,
            "name": "basic eyebrow left outer corner"
          },
          {
            "x": 186.81,
            "y": 434.49,
            "type": 3840,
            "name": "basic eyebrow right"
          },
          {
            "x": 186.81,
            "y": 434.49,
            "type": 4096,
            "name": "basic eyebrow right inner corner"
          },
          {
            "x": 186.81,
            "y": 434.49,
            "type": 4352,
            "name": "basic eyebrow right outer corner"
          },
          {
            "x": 186.81,
            "y": 434.49,
            "type": 4608,
            "name": "basic chin bottom"
          },
          {
            "x": 186.81,
            "y": 434.49,
            "type": 4864,
            "name": "basic chin left"
          },
          {
            "x": 186.81,
            "y": 434.49,
            "type": 5120,
            "name": "basic chin right"
          },
          {
            "x": 152.85,
            "y": 400.33,
            "type": 5376,
            "name": "basic nose left"
          },
          {
            "x": 194.26,
            "y": 392.28,
            "type": 5632,
            "name": "basic nose right"
          }
        ],
        "user_points": null,
        "tags": [
          {
            "name": "5oclock shadow",
            "value": "no",
            "confidence": 0.69
          },
          {
            "name": "age",
            "value": "33",
            "confidence": 0.6
          },
          {
            "name": "arched eyebrows",
            "value": "no",
            "confidence": 0.92
          },
          {
            "name": "attractive",
            "value": "no",
            "confidence": 1.0
          },
          {
            "name": "bags under eyes",
            "value": "no",
            "confidence": 0.23
          },
          {
            "name": "bald",
            "value": "yes",
            "confidence": 0.2
          },
          {
            "name": "bangs",
            "value": "no",
            "confidence": 0.68
          },
          {
            "name": "beard",
            "value": "no",
            "confidence": 0.23
          },
          {
            "name": "big lips",
            "value": "no",
            "confidence": 0.47
          },
          {
            "name": "big nose",
            "value": "no",
            "confidence": 0.12
          },
          {
            "name": "black hair",
            "value": "yes",
            "confidence": 0.32
          },
          {
            "name": "blond hair",
            "value": "no",
            "confidence": 1.0
          },
          {
            "name": "blurry",
            "value": "yes",
            "confidence": 0.27
          },
          {
            "name": "brown hair",
            "value": "no",
            "confidence": 1.0
          },
          {
            "name": "bushy eyebrows",
            "value": "no",
            "confidence": 0.92
          },
          {
            "name": "chubby",
            "value": "yes",
            "confidence": 0.36
          },
          {
            "name": "double chin",
            "value": "yes",
            "confidence": 0.07
          },
          {
            "name": "expression",
            "value": "neutral",
            "confidence": 1.0
          },
          {
            "name": "gender",
            "value": "male",
            "confidence": 0.7
          },
          {
            "name": "glasses",
            "value": "no",
            "confidence": 1.0
          },
          {
            "name": "goatee",
            "value": "no",
            "confidence": 0.41
          },
          {
            "name": "gray hair",
            "value": "yes",
            "confidence": 0.03
          },
          {
            "name": "heavy makeup",
            "value": "no",
            "confidence": 0.68
          },
          {
            "name": "high cheekbones",
            "value": "no",
            "confidence": 0.79
          },
          {
            "name": "mouth open",
            "value": "yes",
            "confidence": 0.44
          },
          {
            "name": "mustache",
            "value": "no",
            "confidence": 0.17
          },
          {
            "name": "narrow eyes",
            "value": "yes",
            "confidence": 0.39
          },
          {
            "name": "oval face",
            "value": "no",
            "confidence": 0.4
          },
          {
            "name": "pale skin",
            "value": "no",
            "confidence": 0.43
          },
          {
            "name": "pitch",
            "value": "-5.22",
            "confidence": 1.0
          },
          {
            "name": "pointy nose",
            "value": "no",
            "confidence": 0.61
          },
          {
            "name": "race",
            "value": "asian",
            "confidence": 1.0
          },
          {
            "name": "receding hairline",
            "value": "yes",
            "confidence": 0.39
          },
          {
            "name": "rosy cheeks",
            "value": "no",
            "confidence": 1.0
          },
          {
            "name": "sideburns",
            "value": "no",
            "confidence": 0.57
          },
          {
            "name": "straight hair",
            "value": "no",
            "confidence": 0.16
          },
          {
            "name": "wavy hair",
            "value": "no",
            "confidence": 0.87
          },
          {
            "name": "wearing earrings",
            "value": "no",
            "confidence": 0.77
          },
          {
            "name": "wearing hat",
            "value": "no",
            "confidence": 0.51
          },
          {
            "name": "wearing lipstick",
            "value": "no",
            "confidence": 0.74
          },
          {
            "name": "wearing necklace",
            "value": "no",
            "confidence": 0.99
          },
          {
            "name": "wearing necktie",
            "value": "yes",
            "confidence": 0.22
          },
          {
            "name": "yaw",
            "value": "61.48",
            "confidence": 1.0
          },
          {
            "name": "young",
            "value": "no",
            "confidence": 0.62
          }
        ],
        "person_id": "",
        "appearance_id": 0,
        "start": "00:00:00",
        "duration": "00:00:00"
      }
    ],
    "tags": null,
    "original_filename": "https://raw.githubusercontent.com/sarkrui/Hairstyle60k/master/Dataset/Mohawk/IMG_7.jpg",
    "duration": "00:00:00"
  },
  "recognize": null
}