{
  "media": {
    "media_uuid": "09edb489-40e3-4e9e-a99c-f9788e4c7e67",
    "checksum": "f12bbfcb4fe1a9f9af5053405d784b5dcd4266460eeba8ee73bd55138b5384b7",
    "faces": [
      {
        "face_uuid": "f838e6fa-1535-11e9-99c4-0cc47a6c4dbd",
        "media_uuid": "09edb489-40e3-4e9e-a99c-f9788e4c7e67",
        "x": 183.5,
        "y": 203.0,
        "width": 147.61,
        "height": 182.85,
        "angle": 1.4919,
        "detection_score": 1.0,
        "points": [
          {
            "x": 154.34,
            "y": 176.19,
            "type": 512,
            "name": "basic eye left"
          },
          {
            "x": 227.09,
            "y": 174.29,
            "type": 768,
            "name": "basic eye right"
          },
          {
            "x": 138.58,
            "y": 176.59,
            "type": 1024,
            "name": "basic eye left outer"
          },
          {
            "x": 242.12,
            "y": 173.88,
            "type": 1280,
            "name": "basic eye right outer"
          },
          {
            "x": 169.86,
            "y": 177.89,
            "type": 1536,
            "name": "basic eye left inner"
          },
          {
            "x": 212.29,
            "y": 176.8,
            "type": 1792,
            "name": "basic eye right inner"
          },
          {
            "x": 161.1,
            "y": 250.19,
            "type": 2048,
            "name": "basic mouth left"
          },
          {
            "x": 222.01,
            "y": 248.78,
            "type": 2304,
            "name": "basic mouth right"
          },
          {
            "x": 195.67,
            "y": 225.42,
            "type": 2560,
            "name": "basic nose tip"
          },
          {
            "x": 192.12,
            "y": 251.38,
            "type": 2816,
            "name": "basic mouth center"
          },
          {
            "x": 192.12,
            "y": 251.38,
            "type": 3072,
            "name": "basic eyebrow left"
          },
          {
            "x": 192.12,
            "y": 251.38,
            "type": 3328,
            "name": "basic eyebrow left inner corner"
          },
          {
            "x": 192.12,
            "y": 251.38,
            "type": 3584,
            "name": "basic eyebrow left outer corner"
          },
          {
            "x": 192.12,
            "y": 251.38,
            "type": 3840,
            "name": "basic eyebrow right"
          },
          {
            "x": 192.12,
            "y": 251.38,
            "type": 4096,
            "name": "basic eyebrow right inner corner"
          },
          {
            "x": 192.12,
            "y": 251.38,
            "type": 4352,
            "name": "basic eyebrow right outer corner"
          },
          {
            "x": 192.12,
            "y": 251.38,
            "type": 4608,
            "name": "basic chin bottom"
          },
          {
            "x": 192.12,
            "y": 251.38,
            "type": 4864,
            "name": "basic chin left"
          },
          {
            "x": 192.12,
            "y": 251.38,
            "type": 5120,
            "name": "basic chin right"
          },
          {
            "x": 175.65,
            "y": 227.08,
            "type": 5376,
            "name": "basic nose left"
          },
          {
            "x": 212.2,
            "y": 226.16,
            "type": 5632,
            "name": "basic nose right"
          }
        ],
        "user_points": null,
        "tags": [
          {
            "name": "5oclock shadow",
            "value": "no",
            "confidence": 0.19
          },
          {
            "name": "age",
            "value": "18",
            "confidence": 0.6
          },
          {
            "name": "arched eyebrows",
            "value": "no",
            "confidence": 0.71
          },
          {
            "name": "attractive",
            "value": "yes",
            "confidence": 0.7
          },
          {
            "name": "bags under eyes",
            "value": "no",
            "confidence": 0.49
          },
          {
            "name": "bald",
            "value": "no",
            "confidence": 1.0
          },
          {
            "name": "bangs",
            "value": "yes",
            "confidence": 1.0
          },
          {
            "name": "beard",
            "value": "no",
            "confidence": 0.7
          },
          {
            "name": "big lips",
            "value": "no",
            "confidence": 0.24
          },
          {
            "name": "big nose",
            "value": "yes",
            "confidence": 0.08
          },
          {
            "name": "black hair",
            "value": "yes",
            "confidence": 0.68
          },
          {
            "name": "blond hair",
            "value": "no",
            "confidence": 0.97
          },
          {
            "name": "blurry",
            "value": "no",
            "confidence": 1.0
          },
          {
            "name": "brown hair",
            "value": "no",
            "confidence": 0.52
          },
          {
            "name": "bushy eyebrows",
            "value": "yes",
            "confidence": 0.64
          },
          {
            "name": "chubby",
            "value": "no",
            "confidence": 0.95
          },
          {
            "name": "double chin",
            "value": "no",
            "confidence": 0.8
          },
          {
            "name": "expression",
            "value": "smile",
            "confidence": 0.97
          },
          {
            "name": "gender",
            "value": "male",
            "confidence": 0.78
          },
          {
            "name": "glasses",
            "value": "no",
            "confidence": 1.0
          },
          {
            "name": "goatee",
            "value": "no",
            "confidence": 1.0
          },
          {
            "name": "gray hair",
            "value": "no",
            "confidence": 1.0
          },
          {
            "name": "heavy makeup",
            "value": "no",
            "confidence": 0.75
          },
          {
            "name": "high cheekbones",
            "value": "yes",
            "confidence": 0.27
          },
          {
            "name": "mouth open",
            "value": "yes",
            "confidence": 1.0
          },
          {
            "name": "mustache",
            "value": "no",
            "confidence": 1.0
          },
          {
            "name": "narrow eyes",
            "value": "no",
            "confidence": 0.68
          },
          {
            "name": "oval face",
            "value": "yes",
            "confidence": 0.51
          },
          {
            "name": "pale skin",
            "value": "yes",
            "confidence": 0.02
          },
          {
            "name": "pitch",
            "value": "-9.45",
            "confidence": 1.0
          },
          {
            "name": "pointy nose",
            "value": "yes",
            "confidence": 0.03
          },
          {
            "name": "race",
            "value": "white",
            "confidence": 1.0
          },
          {
            "name": "receding hairline",
            "value": "no",
            "confidence": 1.0
          },
          {
            "name": "rosy cheeks",
            "value": "no",
            "confidence": 0.36
          },
          {
            "name": "sideburns",
            "value": "no",
            "confidence": 1.0
          },
          {
            "name": "straight hair",
            "value": "yes",
            "confidence": 0.04
          },
          {
            "name": "wavy hair",
            "value": "no",
            "confidence": 0.11
          },
          {
            "name": "wearing earrings",
            "value": "no",
            "confidence": 0.69
          },
          {
            "name": "wearing hat",
            "value": "no",
            "confidence": 0.43
          },
          {
            "name": "wearing lipstick",
            "value": "no",
            "confidence": 0.66
          },
          {
            "name": "wearing necklace",
            "value": "no",
            "confidence": 0.49
          },
          {
            "name": "wearing necktie",
            "value": "no",
            "confidence": 0.24
          },
          {
            "name": "yaw",
            "value": "-6.86",
            "confidence": 1.0
          },
          {
            "name": "young",
            "value": "yes",
            "confidence": 0.99
          }
        ],
        "person_id": "",
        "appearance_id": 0,
        "start": "00:00:00",
        "duration": "00:00:00"
      }
    ],
    "tags": null,
    "original_filename": "https://raw.githubusercontent.com/sarkrui/Hairstyle60k/master/Dataset/Mop-Top_Hair/IMG_18.jpg",
    "duration": "00:00:00"
  },
  "recognize": null
}