{
  "media": {
    "media_uuid": "c59fc5b7-762d-4be2-b2fa-7c3175920f90",
    "checksum": "c13eefc6d393f06ffa5c7268d9e963ac2ae8950e7c4fd18b0546e4b97a62e2a6",
    "faces": [
      {
        "face_uuid": "f14295e5-1535-11e9-99c4-0cc47a6c4dbd",
        "media_uuid": "c59fc5b7-762d-4be2-b2fa-7c3175920f90",
        "x": 161.0,
        "y": 186.0,
        "width": 55.29,
        "height": 68.63,
        "angle": 6.2721,
        "detection_score": 1.0,
        "points": [
          {
            "x": 141.54,
            "y": 176.56,
            "type": 512,
            "name": "basic eye left"
          },
          {
            "x": 167.9,
            "y": 173.67,
            "type": 768,
            "name": "basic eye right"
          },
          {
            "x": 136.02,
            "y": 177.11,
            "type": 1024,
            "name": "basic eye left outer"
          },
          {
            "x": 173.81,
            "y": 173.0,
            "type": 1280,
            "name": "basic eye right outer"
          },
          {
            "x": 147.04,
            "y": 176.61,
            "type": 1536,
            "name": "basic eye left inner"
          },
          {
            "x": 162.18,
            "y": 174.93,
            "type": 1792,
            "name": "basic eye right inner"
          },
          {
            "x": 148.83,
            "y": 204.84,
            "type": 2048,
            "name": "basic mouth left"
          },
          {
            "x": 168.35,
            "y": 203.22,
            "type": 2304,
            "name": "basic mouth right"
          },
          {
            "x": 154.82,
            "y": 194.47,
            "type": 2560,
            "name": "basic nose tip"
          },
          {
            "x": 158.4,
            "y": 204.49,
            "type": 2816,
            "name": "basic mouth center"
          },
          {
            "x": 158.4,
            "y": 204.49,
            "type": 3072,
            "name": "basic eyebrow left"
          },
          {
            "x": 158.4,
            "y": 204.49,
            "type": 3328,
            "name": "basic eyebrow left inner corner"
          },
          {
            "x": 158.4,
            "y": 204.49,
            "type": 3584,
            "name": "basic eyebrow left outer corner"
          },
          {
            "x": 158.4,
            "y": 204.49,
            "type": 3840,
            "name": "basic eyebrow right"
          },
          {
            "x": 158.4,
            "y": 204.49,
            "type": 4096,
            "name": "basic eyebrow right inner corner"
          },
          {
            "x": 158.4,
            "y": 204.49,
            "type": 4352,
            "name": "basic eyebrow right outer corner"
          },
          {
            "x": 158.4,
            "y": 204.49,
            "type": 4608,
            "name": "basic chin bottom"
          },
          {
            "x": 158.4,
            "y": 204.49,
            "type": 4864,
            "name": "basic chin left"
          },
          {
            "x": 158.4,
            "y": 204.49,
            "type": 5120,
            "name": "basic chin right"
          },
          {
            "x": 149.37,
            "y": 194.73,
            "type": 5376,
            "name": "basic nose left"
          },
          {
            "x": 162.47,
            "y": 193.48,
            "type": 5632,
            "name": "basic nose right"
          }
        ],
        "user_points": null,
        "tags": [
          {
            "name": "5oclock shadow",
            "value": "no",
            "confidence": 0.68
          },
          {
            "name": "age",
            "value": "24",
            "confidence": 0.6
          },
          {
            "name": "arched eyebrows",
            "value": "no",
            "confidence": 1.0
          },
          {
            "name": "attractive",
            "value": "no",
            "confidence": 1.0
          },
          {
            "name": "bags under eyes",
            "value": "no",
            "confidence": 0.98
          },
          {
            "name": "bald",
            "value": "no",
            "confidence": 0.6
          },
          {
            "name": "bangs",
            "value": "no",
            "confidence": 0.05
          },
          {
            "name": "beard",
            "value": "no",
            "confidence": 0.45
          },
          {
            "name": "big lips",
            "value": "no",
            "confidence": 0.46
          },
          {
            "name": "big nose",
            "value": "no",
            "confidence": 0.58
          },
          {
            "name": "black hair",
            "value": "yes",
            "confidence": 0.3
          },
          {
            "name": "blond hair",
            "value": "no",
            "confidence": 0.95
          },
          {
            "name": "blurry",
            "value": "yes",
            "confidence": 0.75
          },
          {
            "name": "brown hair",
            "value": "no",
            "confidence": 0.96
          },
          {
            "name": "bushy eyebrows",
            "value": "no",
            "confidence": 0.8
          },
          {
            "name": "chubby",
            "value": "no",
            "confidence": 0.41
          },
          {
            "name": "double chin",
            "value": "no",
            "confidence": 0.77
          },
          {
            "name": "expression",
            "value": "neutral",
            "confidence": 1.0
          },
          {
            "name": "gender",
            "value": "male",
            "confidence": 0.25
          },
          {
            "name": "glasses",
            "value": "no",
            "confidence": 1.0
          },
          {
            "name": "goatee",
            "value": "no",
            "confidence": 0.71
          },
          {
            "name": "gray hair",
            "value": "no",
            "confidence": 0.87
          },
          {
            "name": "heavy makeup",
            "value": "no",
            "confidence": 1.0
          },
          {
            "name": "high cheekbones",
            "value": "no",
            "confidence": 0.7
          },
          {
            "name": "mouth open",
            "value": "no",
            "confidence": 0.77
          },
          {
            "name": "mustache",
            "value": "no",
            "confidence": 0.54
          },
          {
            "name": "narrow eyes",
            "value": "no",
            "confidence": 0.25
          },
          {
            "name": "oval face",
            "value": "no",
            "confidence": 0.16
          },
          {
            "name": "pale skin",
            "value": "no",
            "confidence": 0.51
          },
          {
            "name": "pitch",
            "value": "-9.23",
            "confidence": 1.0
          },
          {
            "name": "pointy nose",
            "value": "no",
            "confidence": 0.7
          },
          {
            "name": "race",
            "value": "white",
            "confidence": 0.99
          },
          {
            "name": "receding hairline",
            "value": "no",
            "confidence": 0.86
          },
          {
            "name": "rosy cheeks",
            "value": "no",
            "confidence": 1.0
          },
          {
            "name": "sideburns",
            "value": "no",
            "confidence": 0.76
          },
          {
            "name": "straight hair",
            "value": "no",
            "confidence": 0.03
          },
          {
            "name": "wavy hair",
            "value": "no",
            "confidence": 1.0
          },
          {
            "name": "wearing earrings",
            "value": "no",
            "confidence": 0.76
          },
          {
            "name": "wearing hat",
            "value": "yes",
            "confidence": 0.68
          },
          {
            "name": "wearing lipstick",
            "value": "no",
            "confidence": 0.93
          },
          {
            "name": "wearing necklace",
            "value": "no",
            "confidence": 0.52
          },
          {
            "name": "wearing necktie",
            "value": "no",
            "confidence": 0.92
          },
          {
            "name": "yaw",
            "value": "12.7",
            "confidence": 1.0
          },
          {
            "name": "young",
            "value": "yes",
            "confidence": 0.26
          }
        ],
        "person_id": "",
        "appearance_id": 0,
        "start": "00:00:00",
        "duration": "00:00:00"
      },
      {
        "face_uuid": "f1ab4191-1535-11e9-99c4-0cc47a6c4dbd",
        "media_uuid": "c59fc5b7-762d-4be2-b2fa-7c3175920f90",
        "x": 85.5,
        "y": 71.5,
        "width": 48.48,
        "height": 63.69,
        "angle": -3.8759,
        "detection_score": 1.0,
        "points": [
          {
            "x": 74.06,
            "y": 59.83,
            "type": 512,
            "name": "basic eye left"
          },
          {
            "x": 99.29,
            "y": 61.54,
            "type": 768,
            "name": "basic eye right"
          },
          {
            "x": 68.55,
            "y": 59.57,
            "type": 1024,
            "name": "basic eye left outer"
          },
          {
            "x": 104.58,
            "y": 62.03,
            "type": 1280,
            "name": "basic eye right outer"
          },
          {
            "x": 79.46,
            "y": 60.56,
            "type": 1536,
            "name": "basic eye left inner"
          },
          {
            "x": 94.04,
            "y": 61.54,
            "type": 1792,
            "name": "basic eye right inner"
          },
          {
            "x": 76.14,
            "y": 87.37,
            "type": 2048,
            "name": "basic mouth left"
          },
          {
            "x": 94.9,
            "y": 88.31,
            "type": 2304,
            "name": "basic mouth right"
          },
          {
            "x": 86.84,
            "y": 76.47,
            "type": 2560,
            "name": "basic nose tip"
          },
          {
            "x": 85.65,
            "y": 87.93,
            "type": 2816,
            "name": "basic mouth center"
          },
          {
            "x": 85.65,
            "y": 87.93,
            "type": 3072,
            "name": "basic eyebrow left"
          },
          {
            "x": 85.65,
            "y": 87.93,
            "type": 3328,
            "name": "basic eyebrow left inner corner"
          },
          {
            "x": 85.65,
            "y": 87.93,
            "type": 3584,
            "name": "basic eyebrow left outer corner"
          },
          {
            "x": 85.65,
            "y": 87.93,
            "type": 3840,
            "name": "basic eyebrow right"
          },
          {
            "x": 85.65,
            "y": 87.93,
            "type": 4096,
            "name": "basic eyebrow right inner corner"
          },
          {
            "x": 85.65,
            "y": 87.93,
            "type": 4352,
            "name": "basic eyebrow right outer corner"
          },
          {
            "x": 85.65,
            "y": 87.93,
            "type": 4608,
            "name": "basic chin bottom"
          },
          {
            "x": 85.65,
            "y": 87.93,
            "type": 4864,
            "name": "basic chin left"
          },
          {
            "x": 85.65,
            "y": 87.93,
            "type": 5120,
            "name": "basic chin right"
          },
          {
            "x": 79.82,
            "y": 76.36,
            "type": 5376,
            "name": "basic nose left"
          },
          {
            "x": 92.89,
            "y": 77.11,
            "type": 5632,
            "name": "basic nose right"
          }
        ],
        "user_points": null,
        "tags": [
          {
            "name": "5oclock shadow",
            "value": "no",
            "confidence": 0.7
          },
          {
            "name": "age",
            "value": "42",
            "confidence": 0.6
          },
          {
            "name": "arched eyebrows",
            "value": "no",
            "confidence": 1.0
          },
          {
            "name": "attractive",
            "value": "no",
            "confidence": 1.0
          },
          {
            "name": "bags under eyes",
            "value": "no",
            "confidence": 0.19
          },
          {
            "name": "bald",
            "value": "no",
            "confidence": 0.48
          },
          {
            "name": "bangs",
            "value": "yes",
            "confidence": 0.3
          },
          {
            "name": "beard",
            "value": "no",
            "confidence": 0.43
          },
          {
            "name": "big lips",
            "value": "no",
            "confidence": 0.48
          },
          {
            "name": "big nose",
            "value": "no",
            "confidence": 0.15
          },
          {
            "name": "black hair",
            "value": "yes",
            "confidence": 0.14
          },
          {
            "name": "blond hair",
            "value": "no",
            "confidence": 1.0
          },
          {
            "name": "blurry",
            "value": "yes",
            "confidence": 0.35
          },
          {
            "name": "brown hair",
            "value": "no",
            "confidence": 0.61
          },
          {
            "name": "bushy eyebrows",
            "value": "no",
            "confidence": 0.76
          },
          {
            "name": "chubby",
            "value": "no",
            "confidence": 0.09
          },
          {
            "name": "double chin",
            "value": "no",
            "confidence": 0.52
          },
          {
            "name": "expression",
            "value": "neutral",
            "confidence": 1.0
          },
          {
            "name": "gender",
            "value": "male",
            "confidence": 0.42
          },
          {
            "name": "glasses",
            "value": "no",
            "confidence": 1.0
          },
          {
            "name": "goatee",
            "value": "no",
            "confidence": 0.64
          },
          {
            "name": "gray hair",
            "value": "no",
            "confidence": 0.64
          },
          {
            "name": "heavy makeup",
            "value": "no",
            "confidence": 0.93
          },
          {
            "name": "high cheekbones",
            "value": "no",
            "confidence": 0.51
          },
          {
            "name": "mouth open",
            "value": "no",
            "confidence": 0.83
          },
          {
            "name": "mustache",
            "value": "no",
            "confidence": 0.48
          },
          {
            "name": "narrow eyes",
            "value": "yes",
            "confidence": 0.16
          },
          {
            "name": "oval face",
            "value": "yes",
            "confidence": 0.05
          },
          {
            "name": "pale skin",
            "value": "no",
            "confidence": 0.33
          },
          {
            "name": "pitch",
            "value": "-9.89",
            "confidence": 1.0
          },
          {
            "name": "pointy nose",
            "value": "no",
            "confidence": 1.0
          },
          {
            "name": "race",
            "value": "white",
            "confidence": 0.99
          },
          {
            "name": "receding hairline",
            "value": "no",
            "confidence": 0.66
          },
          {
            "name": "rosy cheeks",
            "value": "no",
            "confidence": 1.0
          },
          {
            "name": "sideburns",
            "value": "no",
            "confidence": 0.7
          },
          {
            "name": "straight hair",
            "value": "no",
            "confidence": 0.06
          },
          {
            "name": "wavy hair",
            "value": "no",
            "confidence": 0.77
          },
          {
            "name": "wearing earrings",
            "value": "no",
            "confidence": 0.71
          },
          {
            "name": "wearing hat",
            "value": "yes",
            "confidence": 0.21
          },
          {
            "name": "wearing lipstick",
            "value": "no",
            "confidence": 0.89
          },
          {
            "name": "wearing necklace",
            "value": "no",
            "confidence": 0.67
          },
          {
            "name": "wearing necktie",
            "value": "no",
            "confidence": 0.56
          },
          {
            "name": "yaw",
            "value": "-2.27",
            "confidence": 1.0
          },
          {
            "name": "young",
            "value": "yes",
            "confidence": 0.01
          }
        ],
        "person_id": "",
        "appearance_id": 0,
        "start": "00:00:00",
        "duration": "00:00:00"
      },
      {
        "face_uuid": "f1d2b471-1535-11e9-99c4-0cc47a6c4dbd",
        "media_uuid": "c59fc5b7-762d-4be2-b2fa-7c3175920f90",
        "x": 78.5,
        "y": 175.0,
        "width": 50.43,
        "height": 62.8,
        "angle": 1.4155,
        "detection_score": 1.0,
        "points": [
          {
            "x": 67.93,
            "y": 163.91,
            "type": 512,
            "name": "basic eye left"
          },
          {
            "x": 93.2,
            "y": 163.28,
            "type": 768,
            "name": "basic eye right"
          },
          {
            "x": 62.38,
            "y": 163.96,
            "type": 1024,
            "name": "basic eye left outer"
          },
          {
            "x": 98.61,
            "y": 163.08,
            "type": 1280,
            "name": "basic eye right outer"
          },
          {
            "x": 73.36,
            "y": 164.4,
            "type": 1536,
            "name": "basic eye left inner"
          },
          {
            "x": 87.85,
            "y": 164.02,
            "type": 1792,
            "name": "basic eye right inner"
          },
          {
            "x": 71.07,
            "y": 191.69,
            "type": 2048,
            "name": "basic mouth left"
          },
          {
            "x": 90.54,
            "y": 191.47,
            "type": 2304,
            "name": "basic mouth right"
          },
          {
            "x": 81.47,
            "y": 182.44,
            "type": 2560,
            "name": "basic nose tip"
          },
          {
            "x": 80.86,
            "y": 191.99,
            "type": 2816,
            "name": "basic mouth center"
          },
          {
            "x": 80.86,
            "y": 191.99,
            "type": 3072,
            "name": "basic eyebrow left"
          },
          {
            "x": 80.86,
            "y": 191.99,
            "type": 3328,
            "name": "basic eyebrow left inner corner"
          },
          {
            "x": 80.86,
            "y": 191.99,
            "type": 3584,
            "name": "basic eyebrow left outer corner"
          },
          {
            "x": 80.86,
            "y": 191.99,
            "type": 3840,
            "name": "basic eyebrow right"
          },
          {
            "x": 80.86,
            "y": 191.99,
            "type": 4096,
            "name": "basic eyebrow right inner corner"
          },
          {
            "x": 80.86,
            "y": 191.99,
            "type": 4352,
            "name": "basic eyebrow right outer corner"
          },
          {
            "x": 80.86,
            "y": 191.99,
            "type": 4608,
            "name": "basic chin bottom"
          },
          {
            "x": 80.86,
            "y": 191.99,
            "type": 4864,
            "name": "basic chin left"
          },
          {
            "x": 80.86,
            "y": 191.99,
            "type": 5120,
            "name": "basic chin right"
          },
          {
            "x": 74.77,
            "y": 181.74,
            "type": 5376,
            "name": "basic nose left"
          },
          {
            "x": 87.63,
            "y": 181.47,
            "type": 5632,
            "name": "basic nose right"
          }
        ],
        "user_points": null,
        "tags": [
          {
            "name": "5oclock shadow",
            "value": "no",
            "confidence": 0.23
          },
          {
            "name": "age",
            "value": "20",
            "confidence": 0.6
          },
          {
            "name": "arched eyebrows",
            "value": "no",
            "confidence": 1.0
          },
          {
            "name": "attractive",
            "value": "no",
            "confidence": 1.0
          },
          {
            "name": "bags under eyes",
            "value": "no",
            "confidence": 0.59
          },
          {
            "name": "bald",
            "value": "no",
            "confidence": 0.46
          },
          {
            "name": "bangs",
            "value": "yes",
            "confidence": 0.17
          },
          {
            "name": "beard",
            "value": "yes",
            "confidence": 0.19
          },
          {
            "name": "big lips",
            "value": "no",
            "confidence": 0.29
          },
          {
            "name": "big nose",
            "value": "no",
            "confidence": 0.05
          },
          {
            "name": "black hair",
            "value": "yes",
            "confidence": 0.57
          },
          {
            "name": "blond hair",
            "value": "no",
            "confidence": 0.97
          },
          {
            "name": "blurry",
            "value": "yes",
            "confidence": 0.53
          },
          {
            "name": "brown hair",
            "value": "no",
            "confidence": 1.0
          },
          {
            "name": "bushy eyebrows",
            "value": "no",
            "confidence": 0.51
          },
          {
            "name": "chubby",
            "value": "no",
            "confidence": 0.07
          },
          {
            "name": "double chin",
            "value": "no",
            "confidence": 0.52
          },
          {
            "name": "expression",
            "value": "neutral",
            "confidence": 1.0
          },
          {
            "name": "gender",
            "value": "male",
            "confidence": 0.81
          },
          {
            "name": "glasses",
            "value": "no",
            "confidence": 1.0
          },
          {
            "name": "goatee",
            "value": "no",
            "confidence": 0.07
          },
          {
            "name": "gray hair",
            "value": "no",
            "confidence": 0.82
          },
          {
            "name": "heavy makeup",
            "value": "no",
            "confidence": 1.0
          },
          {
            "name": "high cheekbones",
            "value": "no",
            "confidence": 0.67
          },
          {
            "name": "mouth open",
            "value": "no",
            "confidence": 0.61
          },
          {
            "name": "mustache",
            "value": "yes",
            "confidence": 0.08
          },
          {
            "name": "narrow eyes",
            "value": "no",
            "confidence": 0.24
          },
          {
            "name": "oval face",
            "value": "no",
            "confidence": 0.16
          },
          {
            "name": "pale skin",
            "value": "no",
            "confidence": 0.65
          },
          {
            "name": "pitch",
            "value": "-9.62",
            "confidence": 1.0
          },
          {
            "name": "pointy nose",
            "value": "no",
            "confidence": 0.93
          },
          {
            "name": "race",
            "value": "white",
            "confidence": 0.97
          },
          {
            "name": "receding hairline",
            "value": "no",
            "confidence": 0.9
          },
          {
            "name": "rosy cheeks",
            "value": "no",
            "confidence": 0.97
          },
          {
            "name": "sideburns",
            "value": "no",
            "confidence": 0.16
          },
          {
            "name": "straight hair",
            "value": "no",
            "confidence": 0.16
          },
          {
            "name": "wavy hair",
            "value": "no",
            "confidence": 0.96
          },
          {
            "name": "wearing earrings",
            "value": "no",
            "confidence": 0.82
          },
          {
            "name": "wearing hat",
            "value": "yes",
            "confidence": 0.64
          },
          {
            "name": "wearing lipstick",
            "value": "no",
            "confidence": 1.0
          },
          {
            "name": "wearing necklace",
            "value": "no",
            "confidence": 0.6
          },
          {
            "name": "wearing necktie",
            "value": "no",
            "confidence": 0.7
          },
          {
            "name": "yaw",
            "value": "-1.6",
            "confidence": 1.0
          },
          {
            "name": "young",
            "value": "yes",
            "confidence": 0.01
          }
        ],
        "person_id": "",
        "appearance_id": 0,
        "start": "00:00:00",
        "duration": "00:00:00"
      },
      {
        "face_uuid": "f1f78b92-1535-11e9-99c4-0cc47a6c4dbd",
        "media_uuid": "c59fc5b7-762d-4be2-b2fa-7c3175920f90",
        "x": 177.0,
        "y": 74.0,
        "width": 53.39,
        "height": 62.93,
        "angle": 8.4987,
        "detection_score": 1.0,
        "points": [
          {
            "x": 161.46,
            "y": 67.49,
            "type": 512,
            "name": "basic eye left"
          },
          {
            "x": 185.95,
            "y": 63.83,
            "type": 768,
            "name": "basic eye right"
          },
          {
            "x": 156.44,
            "y": 68.25,
            "type": 1024,
            "name": "basic eye left outer"
          },
          {
            "x": 191.47,
            "y": 63.03,
            "type": 1280,
            "name": "basic eye right outer"
          },
          {
            "x": 166.48,
            "y": 67.27,
            "type": 1536,
            "name": "basic eye left inner"
          },
          {
            "x": 180.53,
            "y": 65.17,
            "type": 1792,
            "name": "basic eye right inner"
          },
          {
            "x": 168.63,
            "y": 94.14,
            "type": 2048,
            "name": "basic mouth left"
          },
          {
            "x": 186.97,
            "y": 91.39,
            "type": 2304,
            "name": "basic mouth right"
          },
          {
            "x": 173.93,
            "y": 82.95,
            "type": 2560,
            "name": "basic nose tip"
          },
          {
            "x": 177.68,
            "y": 93.09,
            "type": 2816,
            "name": "basic mouth center"
          },
          {
            "x": 177.68,
            "y": 93.09,
            "type": 3072,
            "name": "basic eyebrow left"
          },
          {
            "x": 177.68,
            "y": 93.09,
            "type": 3328,
            "name": "basic eyebrow left inner corner"
          },
          {
            "x": 177.68,
            "y": 93.09,
            "type": 3584,
            "name": "basic eyebrow left outer corner"
          },
          {
            "x": 177.68,
            "y": 93.09,
            "type": 3840,
            "name": "basic eyebrow right"
          },
          {
            "x": 177.68,
            "y": 93.09,
            "type": 4096,
            "name": "basic eyebrow right inner corner"
          },
          {
            "x": 177.68,
            "y": 93.09,
            "type": 4352,
            "name": "basic eyebrow right outer corner"
          },
          {
            "x": 177.68,
            "y": 93.09,
            "type": 4608,
            "name": "basic chin bottom"
          },
          {
            "x": 177.68,
            "y": 93.09,
            "type": 4864,
            "name": "basic chin left"
          },
          {
            "x": 177.68,
            "y": 93.09,
            "type": 5120,
            "name": "basic chin right"
          },
          {
            "x": 168.85,
            "y": 83.7,
            "type": 5376,
            "name": "basic nose left"
          },
          {
            "x": 181.18,
            "y": 81.82,
            "type": 5632,
            "name": "basic nose right"
          }
        ],
        "user_points": null,
        "tags": [
          {
            "name": "5oclock shadow",
            "value": "yes",
            "confidence": 0.16
          },
          {
            "name": "age",
            "value": "13",
            "confidence": 0.6
          },
          {
            "name": "arched eyebrows",
            "value": "no",
            "confidence": 1.0
          },
          {
            "name": "attractive",
            "value": "no",
            "confidence": 0.67
          },
          {
            "name": "bags under eyes",
            "value": "no",
            "confidence": 0.43
          },
          {
            "name": "bald",
            "value": "no",
            "confidence": 0.28
          },
          {
            "name": "bangs",
            "value": "no",
            "confidence": 0.04
          },
          {
            "name": "beard",
            "value": "yes",
            "confidence": 0.54
          },
          {
            "name": "big lips",
            "value": "no",
            "confidence": 0.43
          },
          {
            "name": "big nose",
            "value": "no",
            "confidence": 0.1
          },
          {
            "name": "black hair",
            "value": "no",
            "confidence": 0.26
          },
          {
            "name": "blond hair",
            "value": "no",
            "confidence": 0.98
          },
          {
            "name": "blurry",
            "value": "yes",
            "confidence": 0.01
          },
          {
            "name": "brown hair",
            "value": "no",
            "confidence": 0.58
          },
          {
            "name": "bushy eyebrows",
            "value": "no",
            "confidence": 0.28
          },
          {
            "name": "chubby",
            "value": "no",
            "confidence": 0.37
          },
          {
            "name": "double chin",
            "value": "no",
            "confidence": 0.9
          },
          {
            "name": "expression",
            "value": "neutral",
            "confidence": 1.0
          },
          {
            "name": "gender",
            "value": "male",
            "confidence": 1.0
          },
          {
            "name": "glasses",
            "value": "no",
            "confidence": 1.0
          },
          {
            "name": "goatee",
            "value": "yes",
            "confidence": 0.29
          },
          {
            "name": "gray hair",
            "value": "no",
            "confidence": 0.83
          },
          {
            "name": "heavy makeup",
            "value": "no",
            "confidence": 1.0
          },
          {
            "name": "high cheekbones",
            "value": "no",
            "confidence": 0.78
          },
          {
            "name": "mouth open",
            "value": "no",
            "confidence": 1.0
          },
          {
            "name": "mustache",
            "value": "yes",
            "confidence": 0.26
          },
          {
            "name": "narrow eyes",
            "value": "no",
            "confidence": 0.39
          },
          {
            "name": "oval face",
            "value": "yes",
            "confidence": 0.0
          },
          {
            "name": "pale skin",
            "value": "no",
            "confidence": 0.2
          },
          {
            "name": "pitch",
            "value": "-9.07",
            "confidence": 1.0
          },
          {
            "name": "pointy nose",
            "value": "no",
            "confidence": 0.85
          },
          {
            "name": "race",
            "value": "white",
            "confidence": 0.98
          },
          {
            "name": "receding hairline",
            "value": "no",
            "confidence": 0.77
          },
          {
            "name": "rosy cheeks",
            "value": "no",
            "confidence": 1.0
          },
          {
            "name": "sideburns",
            "value": "yes",
            "confidence": 0.21
          },
          {
            "name": "straight hair",
            "value": "no",
            "confidence": 0.13
          },
          {
            "name": "wavy hair",
            "value": "no",
            "confidence": 1.0
          },
          {
            "name": "wearing earrings",
            "value": "no",
            "confidence": 0.96
          },
          {
            "name": "wearing hat",
            "value": "yes",
            "confidence": 0.51
          },
          {
            "name": "wearing lipstick",
            "value": "no",
            "confidence": 1.0
          },
          {
            "name": "wearing necklace",
            "value": "no",
            "confidence": 0.99
          },
          {
            "name": "wearing necktie",
            "value": "no",
            "confidence": 0.52
          },
          {
            "name": "yaw",
            "value": "12.34",
            "confidence": 1.0
          },
          {
            "name": "young",
            "value": "yes",
            "confidence": 0.33
          }
        ],
        "person_id": "",
        "appearance_id": 0,
        "start": "00:00:00",
        "duration": "00:00:00"
      }
    ],
    "tags": null,
    "original_filename": "https://raw.githubusercontent.com/sarkrui/Hairstyle60k/master/Dataset/Mop-Top_Hair/IMG_12.jpg",
    "duration": "00:00:00"
  },
  "recognize": null
}