{
  "media": {
    "media_uuid": "ee24032a-1f1b-4085-aee9-ade6ad794fb4",
    "checksum": "ddc1ecabbd3da248856e822297c34126de63d8502306e46102463862f81275c0",
    "faces": [
      {
        "face_uuid": "fbbbb443-1535-11e9-99c4-0cc47a6c4dbd",
        "media_uuid": "ee24032a-1f1b-4085-aee9-ade6ad794fb4",
        "x": 293.12,
        "y": 433.75,
        "width": 320.97,
        "height": 403.3,
        "angle": 3.5494,
        "detection_score": 1.0,
        "points": [
          {
            "x": 212.08,
            "y": 381.74,
            "type": 512,
            "name": "basic eye left"
          },
          {
            "x": 363.69,
            "y": 372.34,
            "type": 768,
            "name": "basic eye right"
          },
          {
            "x": 179.57,
            "y": 383.39,
            "type": 1024,
            "name": "basic eye left outer"
          },
          {
            "x": 395.67,
            "y": 370.0,
            "type": 1280,
            "name": "basic eye right outer"
          },
          {
            "x": 244.83,
            "y": 384.59,
            "type": 1536,
            "name": "basic eye left inner"
          },
          {
            "x": 332.14,
            "y": 379.16,
            "type": 1792,
            "name": "basic eye right inner"
          },
          {
            "x": 235.09,
            "y": 550.52,
            "type": 2048,
            "name": "basic mouth left"
          },
          {
            "x": 356.93,
            "y": 541.34,
            "type": 2304,
            "name": "basic mouth right"
          },
          {
            "x": 296.39,
            "y": 489.93,
            "type": 2560,
            "name": "basic nose tip"
          },
          {
            "x": 296.47,
            "y": 549.17,
            "type": 2816,
            "name": "basic mouth center"
          },
          {
            "x": 296.47,
            "y": 549.17,
            "type": 3072,
            "name": "basic eyebrow left"
          },
          {
            "x": 296.47,
            "y": 549.17,
            "type": 3328,
            "name": "basic eyebrow left inner corner"
          },
          {
            "x": 296.47,
            "y": 549.17,
            "type": 3584,
            "name": "basic eyebrow left outer corner"
          },
          {
            "x": 296.47,
            "y": 549.17,
            "type": 3840,
            "name": "basic eyebrow right"
          },
          {
            "x": 296.47,
            "y": 549.17,
            "type": 4096,
            "name": "basic eyebrow right inner corner"
          },
          {
            "x": 296.47,
            "y": 549.17,
            "type": 4352,
            "name": "basic eyebrow right outer corner"
          },
          {
            "x": 296.47,
            "y": 549.17,
            "type": 4608,
            "name": "basic chin bottom"
          },
          {
            "x": 296.47,
            "y": 549.17,
            "type": 4864,
            "name": "basic chin left"
          },
          {
            "x": 296.47,
            "y": 549.17,
            "type": 5120,
            "name": "basic chin right"
          },
          {
            "x": 256.27,
            "y": 493.27,
            "type": 5376,
            "name": "basic nose left"
          },
          {
            "x": 333.47,
            "y": 487.64,
            "type": 5632,
            "name": "basic nose right"
          }
        ],
        "user_points": null,
        "tags": [
          {
            "name": "5oclock shadow",
            "value": "yes",
            "confidence": 0.42
          },
          {
            "name": "age",
            "value": "28",
            "confidence": 0.6
          },
          {
            "name": "arched eyebrows",
            "value": "no",
            "confidence": 0.82
          },
          {
            "name": "attractive",
            "value": "yes",
            "confidence": 0.89
          },
          {
            "name": "bags under eyes",
            "value": "no",
            "confidence": 0.21
          },
          {
            "name": "bald",
            "value": "no",
            "confidence": 1.0
          },
          {
            "name": "bangs",
            "value": "yes",
            "confidence": 1.0
          },
          {
            "name": "beard",
            "value": "yes",
            "confidence": 0.21
          },
          {
            "name": "big lips",
            "value": "no",
            "confidence": 0.39
          },
          {
            "name": "big nose",
            "value": "no",
            "confidence": 0.2
          },
          {
            "name": "black hair",
            "value": "no",
            "confidence": 0.01
          },
          {
            "name": "blond hair",
            "value": "no",
            "confidence": 0.96
          },
          {
            "name": "blurry",
            "value": "no",
            "confidence": 1.0
          },
          {
            "name": "brown hair",
            "value": "yes",
            "confidence": 0.15
          },
          {
            "name": "bushy eyebrows",
            "value": "yes",
            "confidence": 0.64
          },
          {
            "name": "chubby",
            "value": "no",
            "confidence": 1.0
          },
          {
            "name": "double chin",
            "value": "no",
            "confidence": 1.0
          },
          {
            "name": "expression",
            "value": "neutral",
            "confidence": 0.69
          },
          {
            "name": "gender",
            "value": "male",
            "confidence": 0.98
          },
          {
            "name": "glasses",
            "value": "no",
            "confidence": 1.0
          },
          {
            "name": "goatee",
            "value": "no",
            "confidence": 0.22
          },
          {
            "name": "gray hair",
            "value": "no",
            "confidence": 1.0
          },
          {
            "name": "heavy makeup",
            "value": "no",
            "confidence": 0.9
          },
          {
            "name": "high cheekbones",
            "value": "no",
            "confidence": 0.93
          },
          {
            "name": "mouth open",
            "value": "no",
            "confidence": 0.95
          },
          {
            "name": "mustache",
            "value": "no",
            "confidence": 0.22
          },
          {
            "name": "narrow eyes",
            "value": "no",
            "confidence": 0.86
          },
          {
            "name": "oval face",
            "value": "yes",
            "confidence": 0.57
          },
          {
            "name": "pale skin",
            "value": "yes",
            "confidence": 0.52
          },
          {
            "name": "pitch",
            "value": "-9.09",
            "confidence": 1.0
          },
          {
            "name": "pointy nose",
            "value": "no",
            "confidence": 0.35
          },
          {
            "name": "race",
            "value": "white",
            "confidence": 1.0
          },
          {
            "name": "receding hairline",
            "value": "no",
            "confidence": 1.0
          },
          {
            "name": "rosy cheeks",
            "value": "no",
            "confidence": 0.99
          },
          {
            "name": "sideburns",
            "value": "no",
            "confidence": 0.06
          },
          {
            "name": "straight hair",
            "value": "yes",
            "confidence": 0.68
          },
          {
            "name": "wavy hair",
            "value": "no",
            "confidence": 0.67
          },
          {
            "name": "wearing earrings",
            "value": "no",
            "confidence": 1.0
          },
          {
            "name": "wearing hat",
            "value": "no",
            "confidence": 0.62
          },
          {
            "name": "wearing lipstick",
            "value": "no",
            "confidence": 0.93
          },
          {
            "name": "wearing necklace",
            "value": "no",
            "confidence": 0.99
          },
          {
            "name": "wearing necktie",
            "value": "yes",
            "confidence": 0.03
          },
          {
            "name": "yaw",
            "value": "0.04",
            "confidence": 1.0
          },
          {
            "name": "young",
            "value": "yes",
            "confidence": 1.0
          }
        ],
        "person_id": "",
        "appearance_id": 0,
        "start": "00:00:00",
        "duration": "00:00:00"
      }
    ],
    "tags": null,
    "original_filename": "https://raw.githubusercontent.com/sarkrui/Hairstyle60k/master/Dataset/Mop-Top_Hair/IMG_22.jpg",
    "duration": "00:00:00"
  },
  "recognize": null
}