{
  "media": {
    "media_uuid": "bfc8fed9-a687-4429-8eb2-819d5b4b7526",
    "checksum": "9929a91c9983c8c0e1bf6977ae2efa38e15254f5c9594af7e7df27911c8e2455",
    "faces": [
      {
        "face_uuid": "eaf8a287-1535-11e9-99c4-0cc47a6c4dbd",
        "media_uuid": "bfc8fed9-a687-4429-8eb2-819d5b4b7526",
        "x": 190.0,
        "y": 221.0,
        "width": 182.77,
        "height": 217.04,
        "angle": 3.7332,
        "detection_score": 1.0,
        "points": [
          {
            "x": 145.89,
            "y": 197.15,
            "type": 512,
            "name": "basic eye left"
          },
          {
            "x": 232.08,
            "y": 191.52,
            "type": 768,
            "name": "basic eye right"
          },
          {
            "x": 128.22,
            "y": 199.08,
            "type": 1024,
            "name": "basic eye left outer"
          },
          {
            "x": 250.2,
            "y": 191.12,
            "type": 1280,
            "name": "basic eye right outer"
          },
          {
            "x": 163.5,
            "y": 198.04,
            "type": 1536,
            "name": "basic eye left inner"
          },
          {
            "x": 214.26,
            "y": 194.73,
            "type": 1792,
            "name": "basic eye right inner"
          },
          {
            "x": 163.31,
            "y": 288.21,
            "type": 2048,
            "name": "basic mouth left"
          },
          {
            "x": 225.63,
            "y": 284.56,
            "type": 2304,
            "name": "basic mouth right"
          },
          {
            "x": 190.75,
            "y": 242.56,
            "type": 2560,
            "name": "basic nose tip"
          },
          {
            "x": 194.38,
            "y": 286.73,
            "type": 2816,
            "name": "basic mouth center"
          },
          {
            "x": 194.38,
            "y": 286.73,
            "type": 3072,
            "name": "basic eyebrow left"
          },
          {
            "x": 194.38,
            "y": 286.73,
            "type": 3328,
            "name": "basic eyebrow left inner corner"
          },
          {
            "x": 194.38,
            "y": 286.73,
            "type": 3584,
            "name": "basic eyebrow left outer corner"
          },
          {
            "x": 194.38,
            "y": 286.73,
            "type": 3840,
            "name": "basic eyebrow right"
          },
          {
            "x": 194.38,
            "y": 286.73,
            "type": 4096,
            "name": "basic eyebrow right inner corner"
          },
          {
            "x": 194.38,
            "y": 286.73,
            "type": 4352,
            "name": "basic eyebrow right outer corner"
          },
          {
            "x": 194.38,
            "y": 286.73,
            "type": 4608,
            "name": "basic chin bottom"
          },
          {
            "x": 194.38,
            "y": 286.73,
            "type": 4864,
            "name": "basic chin left"
          },
          {
            "x": 194.38,
            "y": 286.73,
            "type": 5120,
            "name": "basic chin right"
          },
          {
            "x": 171.34,
            "y": 251.53,
            "type": 5376,
            "name": "basic nose left"
          },
          {
            "x": 212.41,
            "y": 248.86,
            "type": 5632,
            "name": "basic nose right"
          }
        ],
        "user_points": null,
        "tags": [
          {
            "name": "5oclock shadow",
            "value": "no",
            "confidence": 0.15
          },
          {
            "name": "age",
            "value": "32",
            "confidence": 0.6
          },
          {
            "name": "arched eyebrows",
            "value": "no",
            "confidence": 0.96
          },
          {
            "name": "attractive",
            "value": "yes",
            "confidence": 0.55
          },
          {
            "name": "bags under eyes",
            "value": "no",
            "confidence": 0.56
          },
          {
            "name": "bald",
            "value": "no",
            "confidence": 1.0
          },
          {
            "name": "bangs",
            "value": "yes",
            "confidence": 1.0
          },
          {
            "name": "beard",
            "value": "no",
            "confidence": 0.47
          },
          {
            "name": "big lips",
            "value": "no",
            "confidence": 0.47
          },
          {
            "name": "big nose",
            "value": "no",
            "confidence": 0.62
          },
          {
            "name": "black hair",
            "value": "no",
            "confidence": 1.0
          },
          {
            "name": "blond hair",
            "value": "no",
            "confidence": 0.91
          },
          {
            "name": "blurry",
            "value": "no",
            "confidence": 1.0
          },
          {
            "name": "brown hair",
            "value": "yes",
            "confidence": 1.0
          },
          {
            "name": "bushy eyebrows",
            "value": "yes",
            "confidence": 0.05
          },
          {
            "name": "chubby",
            "value": "no",
            "confidence": 1.0
          },
          {
            "name": "double chin",
            "value": "no",
            "confidence": 1.0
          },
          {
            "name": "expression",
            "value": "neutral",
            "confidence": 0.79
          },
          {
            "name": "gender",
            "value": "male",
            "confidence": 0.85
          },
          {
            "name": "glasses",
            "value": "no",
            "confidence": 1.0
          },
          {
            "name": "goatee",
            "value": "no",
            "confidence": 0.81
          },
          {
            "name": "gray hair",
            "value": "no",
            "confidence": 1.0
          },
          {
            "name": "heavy makeup",
            "value": "no",
            "confidence": 0.86
          },
          {
            "name": "high cheekbones",
            "value": "no",
            "confidence": 0.84
          },
          {
            "name": "mouth open",
            "value": "no",
            "confidence": 0.89
          },
          {
            "name": "mustache",
            "value": "no",
            "confidence": 0.8
          },
          {
            "name": "narrow eyes",
            "value": "no",
            "confidence": 0.53
          },
          {
            "name": "oval face",
            "value": "yes",
            "confidence": 0.39
          },
          {
            "name": "pale skin",
            "value": "yes",
            "confidence": 0.28
          },
          {
            "name": "pitch",
            "value": "-9.45",
            "confidence": 1.0
          },
          {
            "name": "pointy nose",
            "value": "no",
            "confidence": 0.13
          },
          {
            "name": "race",
            "value": "white",
            "confidence": 1.0
          },
          {
            "name": "receding hairline",
            "value": "no",
            "confidence": 1.0
          },
          {
            "name": "rosy cheeks",
            "value": "no",
            "confidence": 0.83
          },
          {
            "name": "sideburns",
            "value": "no",
            "confidence": 0.71
          },
          {
            "name": "straight hair",
            "value": "yes",
            "confidence": 0.13
          },
          {
            "name": "wavy hair",
            "value": "no",
            "confidence": 0.1
          },
          {
            "name": "wearing earrings",
            "value": "no",
            "confidence": 1.0
          },
          {
            "name": "wearing hat",
            "value": "no",
            "confidence": 0.85
          },
          {
            "name": "wearing lipstick",
            "value": "no",
            "confidence": 0.82
          },
          {
            "name": "wearing necklace",
            "value": "no",
            "confidence": 0.88
          },
          {
            "name": "wearing necktie",
            "value": "no",
            "confidence": 0.22
          },
          {
            "name": "yaw",
            "value": "-1.35",
            "confidence": 1.0
          },
          {
            "name": "young",
            "value": "yes",
            "confidence": 1.0
          }
        ],
        "person_id": "",
        "appearance_id": 0,
        "start": "00:00:00",
        "duration": "00:00:00"
      }
    ],
    "tags": null,
    "original_filename": "https://raw.githubusercontent.com/sarkrui/Hairstyle60k/master/Dataset/Mop-Top_Hair/IMG_7.jpg",
    "duration": "00:00:00"
  },
  "recognize": null
}