{
  "media": {
    "media_uuid": "60a4b468-df9e-4866-888d-7ba6bcd848b0",
    "checksum": "e4d1d75f668d975be27f2eb708d716d8f136e87950138241f34cb1e30ea216be",
    "faces": [
      {
        "face_uuid": "f4f50206-1535-11e9-99c4-0cc47a6c4dbd",
        "media_uuid": "60a4b468-df9e-4866-888d-7ba6bcd848b0",
        "x": 147.0,
        "y": 82.5,
        "width": 30.48,
        "height": 40.96,
        "angle": -8.2468,
        "detection_score": 1.0,
        "points": [
          {
            "x": 142.81,
            "y": 75.42,
            "type": 512,
            "name": "basic eye left"
          },
          {
            "x": 158.05,
            "y": 77.62,
            "type": 768,
            "name": "basic eye right"
          },
          {
            "x": 139.41,
            "y": 75.0,
            "type": 1024,
            "name": "basic eye left outer"
          },
          {
            "x": 161.22,
            "y": 78.18,
            "type": 1280,
            "name": "basic eye right outer"
          },
          {
            "x": 146.09,
            "y": 76.02,
            "type": 1536,
            "name": "basic eye left inner"
          },
          {
            "x": 154.88,
            "y": 77.3,
            "type": 1792,
            "name": "basic eye right inner"
          },
          {
            "x": 142.51,
            "y": 92.72,
            "type": 2048,
            "name": "basic mouth left"
          },
          {
            "x": 153.88,
            "y": 94.3,
            "type": 2304,
            "name": "basic mouth right"
          },
          {
            "x": 149.92,
            "y": 86.01,
            "type": 2560,
            "name": "basic nose tip"
          },
          {
            "x": 148.3,
            "y": 93.55,
            "type": 2816,
            "name": "basic mouth center"
          },
          {
            "x": 148.3,
            "y": 93.55,
            "type": 3072,
            "name": "basic eyebrow left"
          },
          {
            "x": 148.3,
            "y": 93.55,
            "type": 3328,
            "name": "basic eyebrow left inner corner"
          },
          {
            "x": 148.3,
            "y": 93.55,
            "type": 3584,
            "name": "basic eyebrow left outer corner"
          },
          {
            "x": 148.3,
            "y": 93.55,
            "type": 3840,
            "name": "basic eyebrow right"
          },
          {
            "x": 148.3,
            "y": 93.55,
            "type": 4096,
            "name": "basic eyebrow right inner corner"
          },
          {
            "x": 148.3,
            "y": 93.55,
            "type": 4352,
            "name": "basic eyebrow right outer corner"
          },
          {
            "x": 148.3,
            "y": 93.55,
            "type": 4608,
            "name": "basic chin bottom"
          },
          {
            "x": 148.3,
            "y": 93.55,
            "type": 4864,
            "name": "basic chin left"
          },
          {
            "x": 148.3,
            "y": 93.55,
            "type": 5120,
            "name": "basic chin right"
          },
          {
            "x": 145.56,
            "y": 86.03,
            "type": 5376,
            "name": "basic nose left"
          },
          {
            "x": 153.36,
            "y": 87.14,
            "type": 5632,
            "name": "basic nose right"
          }
        ],
        "user_points": null,
        "tags": [
          {
            "name": "5oclock shadow",
            "value": "no",
            "confidence": 0.1
          },
          {
            "name": "age",
            "value": "37",
            "confidence": 0.6
          },
          {
            "name": "arched eyebrows",
            "value": "no",
            "confidence": 1.0
          },
          {
            "name": "attractive",
            "value": "no",
            "confidence": 0.26
          },
          {
            "name": "bags under eyes",
            "value": "yes",
            "confidence": 0.02
          },
          {
            "name": "bald",
            "value": "no",
            "confidence": 1.0
          },
          {
            "name": "bangs",
            "value": "yes",
            "confidence": 0.95
          },
          {
            "name": "beard",
            "value": "no",
            "confidence": 0.44
          },
          {
            "name": "big lips",
            "value": "no",
            "confidence": 0.58
          },
          {
            "name": "big nose",
            "value": "no",
            "confidence": 0.01
          },
          {
            "name": "black hair",
            "value": "yes",
            "confidence": 0.53
          },
          {
            "name": "blond hair",
            "value": "no",
            "confidence": 1.0
          },
          {
            "name": "blurry",
            "value": "yes",
            "confidence": 0.06
          },
          {
            "name": "brown hair",
            "value": "no",
            "confidence": 0.52
          },
          {
            "name": "bushy eyebrows",
            "value": "no",
            "confidence": 0.05
          },
          {
            "name": "chubby",
            "value": "no",
            "confidence": 0.66
          },
          {
            "name": "double chin",
            "value": "no",
            "confidence": 0.9
          },
          {
            "name": "expression",
            "value": "neutral",
            "confidence": 0.94
          },
          {
            "name": "gender",
            "value": "male",
            "confidence": 1.0
          },
          {
            "name": "glasses",
            "value": "no",
            "confidence": 1.0
          },
          {
            "name": "goatee",
            "value": "no",
            "confidence": 0.83
          },
          {
            "name": "gray hair",
            "value": "no",
            "confidence": 0.94
          },
          {
            "name": "heavy makeup",
            "value": "no",
            "confidence": 1.0
          },
          {
            "name": "high cheekbones",
            "value": "no",
            "confidence": 0.84
          },
          {
            "name": "mouth open",
            "value": "no",
            "confidence": 0.9
          },
          {
            "name": "mustache",
            "value": "no",
            "confidence": 0.61
          },
          {
            "name": "narrow eyes",
            "value": "yes",
            "confidence": 0.25
          },
          {
            "name": "oval face",
            "value": "no",
            "confidence": 0.35
          },
          {
            "name": "pale skin",
            "value": "no",
            "confidence": 0.03
          },
          {
            "name": "pitch",
            "value": "-9.16",
            "confidence": 1.0
          },
          {
            "name": "pointy nose",
            "value": "no",
            "confidence": 0.51
          },
          {
            "name": "race",
            "value": "white",
            "confidence": 0.98
          },
          {
            "name": "receding hairline",
            "value": "no",
            "confidence": 1.0
          },
          {
            "name": "rosy cheeks",
            "value": "no",
            "confidence": 1.0
          },
          {
            "name": "sideburns",
            "value": "no",
            "confidence": 0.74
          },
          {
            "name": "straight hair",
            "value": "no",
            "confidence": 0.43
          },
          {
            "name": "wavy hair",
            "value": "yes",
            "confidence": 0.55
          },
          {
            "name": "wearing earrings",
            "value": "no",
            "confidence": 1.0
          },
          {
            "name": "wearing hat",
            "value": "no",
            "confidence": 0.41
          },
          {
            "name": "wearing lipstick",
            "value": "no",
            "confidence": 1.0
          },
          {
            "name": "wearing necklace",
            "value": "no",
            "confidence": 0.8
          },
          {
            "name": "wearing necktie",
            "value": "no",
            "confidence": 0.19
          },
          {
            "name": "yaw",
            "value": "-10.53",
            "confidence": 1.0
          },
          {
            "name": "young",
            "value": "yes",
            "confidence": 0.51
          }
        ],
        "person_id": "",
        "appearance_id": 0,
        "start": "00:00:00",
        "duration": "00:00:00"
      },
      {
        "face_uuid": "f5325e02-1535-11e9-99c4-0cc47a6c4dbd",
        "media_uuid": "60a4b468-df9e-4866-888d-7ba6bcd848b0",
        "x": 211.0,
        "y": 91.0,
        "width": 26.68,
        "height": 34.3,
        "angle": 4.9197,
        "detection_score": 1.0,
        "points": [
          {
            "x": 205.05,
            "y": 86.92,
            "type": 512,
            "name": "basic eye left"
          },
          {
            "x": 218.36,
            "y": 85.78,
            "type": 768,
            "name": "basic eye right"
          },
          {
            "x": 202.22,
            "y": 87.29,
            "type": 1024,
            "name": "basic eye left outer"
          },
          {
            "x": 221.3,
            "y": 85.65,
            "type": 1280,
            "name": "basic eye right outer"
          },
          {
            "x": 207.83,
            "y": 86.78,
            "type": 1536,
            "name": "basic eye left inner"
          },
          {
            "x": 215.43,
            "y": 86.13,
            "type": 1792,
            "name": "basic eye right inner"
          },
          {
            "x": 207.55,
            "y": 101.75,
            "type": 2048,
            "name": "basic mouth left"
          },
          {
            "x": 217.17,
            "y": 101.08,
            "type": 2304,
            "name": "basic mouth right"
          },
          {
            "x": 211.73,
            "y": 94.3,
            "type": 2560,
            "name": "basic nose tip"
          },
          {
            "x": 212.34,
            "y": 101.39,
            "type": 2816,
            "name": "basic mouth center"
          },
          {
            "x": 212.34,
            "y": 101.39,
            "type": 3072,
            "name": "basic eyebrow left"
          },
          {
            "x": 212.34,
            "y": 101.39,
            "type": 3328,
            "name": "basic eyebrow left inner corner"
          },
          {
            "x": 212.34,
            "y": 101.39,
            "type": 3584,
            "name": "basic eyebrow left outer corner"
          },
          {
            "x": 212.34,
            "y": 101.39,
            "type": 3840,
            "name": "basic eyebrow right"
          },
          {
            "x": 212.34,
            "y": 101.39,
            "type": 4096,
            "name": "basic eyebrow right inner corner"
          },
          {
            "x": 212.34,
            "y": 101.39,
            "type": 4352,
            "name": "basic eyebrow right outer corner"
          },
          {
            "x": 212.34,
            "y": 101.39,
            "type": 4608,
            "name": "basic chin bottom"
          },
          {
            "x": 212.34,
            "y": 101.39,
            "type": 4864,
            "name": "basic chin left"
          },
          {
            "x": 212.34,
            "y": 101.39,
            "type": 5120,
            "name": "basic chin right"
          },
          {
            "x": 208.59,
            "y": 95.15,
            "type": 5376,
            "name": "basic nose left"
          },
          {
            "x": 215.37,
            "y": 94.62,
            "type": 5632,
            "name": "basic nose right"
          }
        ],
        "user_points": null,
        "tags": [
          {
            "name": "5oclock shadow",
            "value": "yes",
            "confidence": 0.02
          },
          {
            "name": "age",
            "value": "25",
            "confidence": 0.6
          },
          {
            "name": "arched eyebrows",
            "value": "no",
            "confidence": 1.0
          },
          {
            "name": "attractive",
            "value": "no",
            "confidence": 0.55
          },
          {
            "name": "bags under eyes",
            "value": "no",
            "confidence": 0.45
          },
          {
            "name": "bald",
            "value": "no",
            "confidence": 1.0
          },
          {
            "name": "bangs",
            "value": "yes",
            "confidence": 0.47
          },
          {
            "name": "beard",
            "value": "no",
            "confidence": 0.0
          },
          {
            "name": "big lips",
            "value": "no",
            "confidence": 0.61
          },
          {
            "name": "big nose",
            "value": "no",
            "confidence": 0.43
          },
          {
            "name": "black hair",
            "value": "no",
            "confidence": 0.67
          },
          {
            "name": "blond hair",
            "value": "no",
            "confidence": 1.0
          },
          {
            "name": "blurry",
            "value": "yes",
            "confidence": 0.4
          },
          {
            "name": "brown hair",
            "value": "yes",
            "confidence": 0.78
          },
          {
            "name": "bushy eyebrows",
            "value": "no",
            "confidence": 0.03
          },
          {
            "name": "chubby",
            "value": "no",
            "confidence": 0.72
          },
          {
            "name": "double chin",
            "value": "no",
            "confidence": 1.0
          },
          {
            "name": "expression",
            "value": "neutral",
            "confidence": 0.83
          },
          {
            "name": "gender",
            "value": "male",
            "confidence": 1.0
          },
          {
            "name": "glasses",
            "value": "no",
            "confidence": 1.0
          },
          {
            "name": "goatee",
            "value": "no",
            "confidence": 0.38
          },
          {
            "name": "gray hair",
            "value": "no",
            "confidence": 1.0
          },
          {
            "name": "heavy makeup",
            "value": "no",
            "confidence": 1.0
          },
          {
            "name": "high cheekbones",
            "value": "no",
            "confidence": 0.86
          },
          {
            "name": "mouth open",
            "value": "no",
            "confidence": 0.86
          },
          {
            "name": "mustache",
            "value": "no",
            "confidence": 0.39
          },
          {
            "name": "narrow eyes",
            "value": "yes",
            "confidence": 0.29
          },
          {
            "name": "oval face",
            "value": "no",
            "confidence": 0.23
          },
          {
            "name": "pale skin",
            "value": "no",
            "confidence": 0.35
          },
          {
            "name": "pitch",
            "value": "-9.19",
            "confidence": 1.0
          },
          {
            "name": "pointy nose",
            "value": "no",
            "confidence": 0.54
          },
          {
            "name": "race",
            "value": "white",
            "confidence": 1.0
          },
          {
            "name": "receding hairline",
            "value": "no",
            "confidence": 1.0
          },
          {
            "name": "rosy cheeks",
            "value": "no",
            "confidence": 1.0
          },
          {
            "name": "sideburns",
            "value": "no",
            "confidence": 0.37
          },
          {
            "name": "straight hair",
            "value": "no",
            "confidence": 0.94
          },
          {
            "name": "wavy hair",
            "value": "yes",
            "confidence": 0.64
          },
          {
            "name": "wearing earrings",
            "value": "no",
            "confidence": 0.94
          },
          {
            "name": "wearing hat",
            "value": "no",
            "confidence": 0.12
          },
          {
            "name": "wearing lipstick",
            "value": "no",
            "confidence": 1.0
          },
          {
            "name": "wearing necklace",
            "value": "no",
            "confidence": 0.86
          },
          {
            "name": "wearing necktie",
            "value": "no",
            "confidence": 0.71
          },
          {
            "name": "yaw",
            "value": "4.96",
            "confidence": 1.0
          },
          {
            "name": "young",
            "value": "yes",
            "confidence": 0.49
          }
        ],
        "person_id": "",
        "appearance_id": 0,
        "start": "00:00:00",
        "duration": "00:00:00"
      },
      {
        "face_uuid": "f55e89c9-1535-11e9-99c4-0cc47a6c4dbd",
        "media_uuid": "60a4b468-df9e-4866-888d-7ba6bcd848b0",
        "x": 96.0,
        "y": 96.5,
        "width": 24.78,
        "height": 29.55,
        "angle": 4.4229,
        "detection_score": 1.0,
        "points": [
          {
            "x": 88.91,
            "y": 92.24,
            "type": 512,
            "name": "basic eye left"
          },
          {
            "x": 101.09,
            "y": 91.3,
            "type": 768,
            "name": "basic eye right"
          },
          {
            "x": 86.45,
            "y": 92.44,
            "type": 1024,
            "name": "basic eye left outer"
          },
          {
            "x": 103.84,
            "y": 91.11,
            "type": 1280,
            "name": "basic eye right outer"
          },
          {
            "x": 91.34,
            "y": 92.35,
            "type": 1536,
            "name": "basic eye left inner"
          },
          {
            "x": 98.36,
            "y": 91.8,
            "type": 1792,
            "name": "basic eye right inner"
          },
          {
            "x": 91.5,
            "y": 105.96,
            "type": 2048,
            "name": "basic mouth left"
          },
          {
            "x": 100.66,
            "y": 105.16,
            "type": 2304,
            "name": "basic mouth right"
          },
          {
            "x": 94.23,
            "y": 100.2,
            "type": 2560,
            "name": "basic nose tip"
          },
          {
            "x": 95.98,
            "y": 105.68,
            "type": 2816,
            "name": "basic mouth center"
          },
          {
            "x": 95.98,
            "y": 105.68,
            "type": 3072,
            "name": "basic eyebrow left"
          },
          {
            "x": 95.98,
            "y": 105.68,
            "type": 3328,
            "name": "basic eyebrow left inner corner"
          },
          {
            "x": 95.98,
            "y": 105.68,
            "type": 3584,
            "name": "basic eyebrow left outer corner"
          },
          {
            "x": 95.98,
            "y": 105.68,
            "type": 3840,
            "name": "basic eyebrow right"
          },
          {
            "x": 95.98,
            "y": 105.68,
            "type": 4096,
            "name": "basic eyebrow right inner corner"
          },
          {
            "x": 95.98,
            "y": 105.68,
            "type": 4352,
            "name": "basic eyebrow right outer corner"
          },
          {
            "x": 95.98,
            "y": 105.68,
            "type": 4608,
            "name": "basic chin bottom"
          },
          {
            "x": 95.98,
            "y": 105.68,
            "type": 4864,
            "name": "basic chin left"
          },
          {
            "x": 95.98,
            "y": 105.68,
            "type": 5120,
            "name": "basic chin right"
          },
          {
            "x": 91.87,
            "y": 100.81,
            "type": 5376,
            "name": "basic nose left"
          },
          {
            "x": 98.02,
            "y": 100.3,
            "type": 5632,
            "name": "basic nose right"
          }
        ],
        "user_points": null,
        "tags": [
          {
            "name": "5oclock shadow",
            "value": "no",
            "confidence": 0.59
          },
          {
            "name": "age",
            "value": "11",
            "confidence": 0.6
          },
          {
            "name": "arched eyebrows",
            "value": "no",
            "confidence": 1.0
          },
          {
            "name": "attractive",
            "value": "no",
            "confidence": 0.9
          },
          {
            "name": "bags under eyes",
            "value": "no",
            "confidence": 0.72
          },
          {
            "name": "bald",
            "value": "no",
            "confidence": 0.92
          },
          {
            "name": "bangs",
            "value": "yes",
            "confidence": 0.96
          },
          {
            "name": "beard",
            "value": "no",
            "confidence": 0.59
          },
          {
            "name": "big lips",
            "value": "no",
            "confidence": 0.83
          },
          {
            "name": "big nose",
            "value": "no",
            "confidence": 0.69
          },
          {
            "name": "black hair",
            "value": "no",
            "confidence": 0.83
          },
          {
            "name": "blond hair",
            "value": "no",
            "confidence": 0.75
          },
          {
            "name": "blurry",
            "value": "yes",
            "confidence": 0.6
          },
          {
            "name": "brown hair",
            "value": "yes",
            "confidence": 0.73
          },
          {
            "name": "bushy eyebrows",
            "value": "no",
            "confidence": 0.64
          },
          {
            "name": "chubby",
            "value": "no",
            "confidence": 0.52
          },
          {
            "name": "double chin",
            "value": "no",
            "confidence": 0.9
          },
          {
            "name": "expression",
            "value": "neutral",
            "confidence": 0.92
          },
          {
            "name": "gender",
            "value": "male",
            "confidence": 0.58
          },
          {
            "name": "glasses",
            "value": "no",
            "confidence": 1.0
          },
          {
            "name": "goatee",
            "value": "no",
            "confidence": 0.85
          },
          {
            "name": "gray hair",
            "value": "no",
            "confidence": 0.59
          },
          {
            "name": "heavy makeup",
            "value": "no",
            "confidence": 1.0
          },
          {
            "name": "high cheekbones",
            "value": "no",
            "confidence": 0.81
          },
          {
            "name": "mouth open",
            "value": "no",
            "confidence": 0.94
          },
          {
            "name": "mustache",
            "value": "no",
            "confidence": 0.78
          },
          {
            "name": "narrow eyes",
            "value": "no",
            "confidence": 0.16
          },
          {
            "name": "oval face",
            "value": "yes",
            "confidence": 0.35
          },
          {
            "name": "pale skin",
            "value": "no",
            "confidence": 0.4
          },
          {
            "name": "pitch",
            "value": "-8.69",
            "confidence": 1.0
          },
          {
            "name": "pointy nose",
            "value": "no",
            "confidence": 0.81
          },
          {
            "name": "race",
            "value": "white",
            "confidence": 0.97
          },
          {
            "name": "receding hairline",
            "value": "no",
            "confidence": 1.0
          },
          {
            "name": "rosy cheeks",
            "value": "no",
            "confidence": 1.0
          },
          {
            "name": "sideburns",
            "value": "no",
            "confidence": 0.81
          },
          {
            "name": "straight hair",
            "value": "no",
            "confidence": 0.19
          },
          {
            "name": "wavy hair",
            "value": "no",
            "confidence": 0.07
          },
          {
            "name": "wearing earrings",
            "value": "no",
            "confidence": 0.95
          },
          {
            "name": "wearing hat",
            "value": "no",
            "confidence": 0.37
          },
          {
            "name": "wearing lipstick",
            "value": "no",
            "confidence": 1.0
          },
          {
            "name": "wearing necklace",
            "value": "no",
            "confidence": 0.75
          },
          {
            "name": "wearing necktie",
            "value": "no",
            "confidence": 0.72
          },
          {
            "name": "yaw",
            "value": "18.17",
            "confidence": 1.0
          },
          {
            "name": "young",
            "value": "yes",
            "confidence": 0.14
          }
        ],
        "person_id": "",
        "appearance_id": 0,
        "start": "00:00:00",
        "duration": "00:00:00"
      }
    ],
    "tags": null,
    "original_filename": "https://raw.githubusercontent.com/sarkrui/Hairstyle60k/master/Dataset/Mop-Top_Hair/IMG_15.jpg",
    "duration": "00:00:00"
  },
  "recognize": null
}