{
  "media": {
    "media_uuid": "03e76b89-89ed-4a3a-a172-be2a2dd8eef9",
    "checksum": "16b453d587eb70b59fd1c301491b13ae92f820078fb7fcdbca69a64cc3a0f1f4",
    "faces": [
      {
        "face_uuid": "f3ef4b46-1535-11e9-99c4-0cc47a6c4dbd",
        "media_uuid": "03e76b89-89ed-4a3a-a172-be2a2dd8eef9",
        "x": 357.97,
        "y": 255.95,
        "width": 189.03,
        "height": 217.5,
        "angle": 0.3341,
        "detection_score": 1.0,
        "points": [
          {
            "x": 318.27,
            "y": 228.92,
            "type": 512,
            "name": "basic eye left"
          },
          {
            "x": 400.51,
            "y": 228.44,
            "type": 768,
            "name": "basic eye right"
          },
          {
            "x": 301.41,
            "y": 230.51,
            "type": 1024,
            "name": "basic eye left outer"
          },
          {
            "x": 417.61,
            "y": 229.81,
            "type": 1280,
            "name": "basic eye right outer"
          },
          {
            "x": 334.48,
            "y": 229.6,
            "type": 1536,
            "name": "basic eye left inner"
          },
          {
            "x": 383.85,
            "y": 229.31,
            "type": 1792,
            "name": "basic eye right inner"
          },
          {
            "x": 326.75,
            "y": 308.53,
            "type": 2048,
            "name": "basic mouth left"
          },
          {
            "x": 390.43,
            "y": 308.45,
            "type": 2304,
            "name": "basic mouth right"
          },
          {
            "x": 358.49,
            "y": 261.36,
            "type": 2560,
            "name": "basic nose tip"
          },
          {
            "x": 358.65,
            "y": 308.11,
            "type": 2816,
            "name": "basic mouth center"
          },
          {
            "x": 358.65,
            "y": 308.11,
            "type": 3072,
            "name": "basic eyebrow left"
          },
          {
            "x": 358.65,
            "y": 308.11,
            "type": 3328,
            "name": "basic eyebrow left inner corner"
          },
          {
            "x": 358.65,
            "y": 308.11,
            "type": 3584,
            "name": "basic eyebrow left outer corner"
          },
          {
            "x": 358.65,
            "y": 308.11,
            "type": 3840,
            "name": "basic eyebrow right"
          },
          {
            "x": 358.65,
            "y": 308.11,
            "type": 4096,
            "name": "basic eyebrow right inner corner"
          },
          {
            "x": 358.65,
            "y": 308.11,
            "type": 4352,
            "name": "basic eyebrow right outer corner"
          },
          {
            "x": 358.65,
            "y": 308.11,
            "type": 4608,
            "name": "basic chin bottom"
          },
          {
            "x": 358.65,
            "y": 308.11,
            "type": 4864,
            "name": "basic chin left"
          },
          {
            "x": 358.65,
            "y": 308.11,
            "type": 5120,
            "name": "basic chin right"
          },
          {
            "x": 339.08,
            "y": 273.41,
            "type": 5376,
            "name": "basic nose left"
          },
          {
            "x": 378.73,
            "y": 273.45,
            "type": 5632,
            "name": "basic nose right"
          }
        ],
        "user_points": null,
        "tags": [
          {
            "name": "5oclock shadow",
            "value": "no",
            "confidence": 0.22
          },
          {
            "name": "age",
            "value": "13",
            "confidence": 0.6
          },
          {
            "name": "arched eyebrows",
            "value": "no",
            "confidence": 0.87
          },
          {
            "name": "attractive",
            "value": "no",
            "confidence": 0.3
          },
          {
            "name": "bags under eyes",
            "value": "no",
            "confidence": 0.3
          },
          {
            "name": "bald",
            "value": "no",
            "confidence": 0.96
          },
          {
            "name": "bangs",
            "value": "yes",
            "confidence": 0.53
          },
          {
            "name": "beard",
            "value": "no",
            "confidence": 0.57
          },
          {
            "name": "big lips",
            "value": "no",
            "confidence": 0.4
          },
          {
            "name": "big nose",
            "value": "yes",
            "confidence": 0.07
          },
          {
            "name": "black hair",
            "value": "yes",
            "confidence": 0.19
          },
          {
            "name": "blond hair",
            "value": "no",
            "confidence": 1.0
          },
          {
            "name": "blurry",
            "value": "no",
            "confidence": 0.77
          },
          {
            "name": "brown hair",
            "value": "no",
            "confidence": 0.5
          },
          {
            "name": "bushy eyebrows",
            "value": "no",
            "confidence": 0.08
          },
          {
            "name": "chubby",
            "value": "no",
            "confidence": 0.32
          },
          {
            "name": "double chin",
            "value": "no",
            "confidence": 0.5
          },
          {
            "name": "expression",
            "value": "neutral",
            "confidence": 0.82
          },
          {
            "name": "gender",
            "value": "male",
            "confidence": 0.82
          },
          {
            "name": "glasses",
            "value": "no",
            "confidence": 1.0
          },
          {
            "name": "goatee",
            "value": "no",
            "confidence": 0.92
          },
          {
            "name": "gray hair",
            "value": "no",
            "confidence": 0.71
          },
          {
            "name": "heavy makeup",
            "value": "no",
            "confidence": 0.87
          },
          {
            "name": "high cheekbones",
            "value": "no",
            "confidence": 0.94
          },
          {
            "name": "mouth open",
            "value": "no",
            "confidence": 1.0
          },
          {
            "name": "mustache",
            "value": "no",
            "confidence": 0.59
          },
          {
            "name": "narrow eyes",
            "value": "no",
            "confidence": 0.15
          },
          {
            "name": "oval face",
            "value": "no",
            "confidence": 0.39
          },
          {
            "name": "pale skin",
            "value": "yes",
            "confidence": 0.45
          },
          {
            "name": "pitch",
            "value": "-8.58",
            "confidence": 1.0
          },
          {
            "name": "pointy nose",
            "value": "no",
            "confidence": 0.52
          },
          {
            "name": "race",
            "value": "white",
            "confidence": 0.94
          },
          {
            "name": "receding hairline",
            "value": "no",
            "confidence": 1.0
          },
          {
            "name": "rosy cheeks",
            "value": "no",
            "confidence": 0.97
          },
          {
            "name": "sideburns",
            "value": "no",
            "confidence": 0.91
          },
          {
            "name": "straight hair",
            "value": "yes",
            "confidence": 0.59
          },
          {
            "name": "wavy hair",
            "value": "no",
            "confidence": 0.8
          },
          {
            "name": "wearing earrings",
            "value": "no",
            "confidence": 0.92
          },
          {
            "name": "wearing hat",
            "value": "yes",
            "confidence": 0.06
          },
          {
            "name": "wearing lipstick",
            "value": "no",
            "confidence": 0.83
          },
          {
            "name": "wearing necklace",
            "value": "no",
            "confidence": 0.8
          },
          {
            "name": "wearing necktie",
            "value": "yes",
            "confidence": 0.25
          },
          {
            "name": "yaw",
            "value": "-4.59",
            "confidence": 1.0
          },
          {
            "name": "young",
            "value": "yes",
            "confidence": 0.18
          }
        ],
        "person_id": "",
        "appearance_id": 0,
        "start": "00:00:00",
        "duration": "00:00:00"
      }
    ],
    "tags": null,
    "original_filename": "https://raw.githubusercontent.com/sarkrui/Hairstyle60k/master/Dataset/Mop-Top_Hair/IMG_14.jpg",
    "duration": "00:00:00"
  },
  "recognize": null
}