{
  "media": {
    "media_uuid": "5c25c485-1f32-423d-b9c1-b7067fba3338",
    "checksum": "f11db3a8ed27eb558fec611ce8a46d05293d7feb41db8466321b1058dc129b14",
    "faces": [
      {
        "face_uuid": "fcc042b2-1535-11e9-99c4-0cc47a6c4dbd",
        "media_uuid": "5c25c485-1f32-423d-b9c1-b7067fba3338",
        "x": 306.88,
        "y": 395.62,
        "width": 284.91,
        "height": 382.67,
        "angle": 2.0743,
        "detection_score": 1.0,
        "points": [
          {
            "x": 239.13,
            "y": 353.6,
            "type": 512,
            "name": "basic eye left"
          },
          {
            "x": 376.43,
            "y": 348.62,
            "type": 768,
            "name": "basic eye right"
          },
          {
            "x": 208.48,
            "y": 354.98,
            "type": 1024,
            "name": "basic eye left outer"
          },
          {
            "x": 405.42,
            "y": 347.74,
            "type": 1280,
            "name": "basic eye right outer"
          },
          {
            "x": 269.55,
            "y": 354.39,
            "type": 1536,
            "name": "basic eye left inner"
          },
          {
            "x": 348.19,
            "y": 351.67,
            "type": 1792,
            "name": "basic eye right inner"
          },
          {
            "x": 260.85,
            "y": 494.86,
            "type": 2048,
            "name": "basic mouth left"
          },
          {
            "x": 371.33,
            "y": 490.17,
            "type": 2304,
            "name": "basic mouth right"
          },
          {
            "x": 321.65,
            "y": 442.67,
            "type": 2560,
            "name": "basic nose tip"
          },
          {
            "x": 317.06,
            "y": 495.08,
            "type": 2816,
            "name": "basic mouth center"
          },
          {
            "x": 317.06,
            "y": 495.08,
            "type": 3072,
            "name": "basic eyebrow left"
          },
          {
            "x": 317.06,
            "y": 495.08,
            "type": 3328,
            "name": "basic eyebrow left inner corner"
          },
          {
            "x": 317.06,
            "y": 495.08,
            "type": 3584,
            "name": "basic eyebrow left outer corner"
          },
          {
            "x": 317.06,
            "y": 495.08,
            "type": 3840,
            "name": "basic eyebrow right"
          },
          {
            "x": 317.06,
            "y": 495.08,
            "type": 4096,
            "name": "basic eyebrow right inner corner"
          },
          {
            "x": 317.06,
            "y": 495.08,
            "type": 4352,
            "name": "basic eyebrow right outer corner"
          },
          {
            "x": 317.06,
            "y": 495.08,
            "type": 4608,
            "name": "basic chin bottom"
          },
          {
            "x": 317.06,
            "y": 495.08,
            "type": 4864,
            "name": "basic chin left"
          },
          {
            "x": 317.06,
            "y": 495.08,
            "type": 5120,
            "name": "basic chin right"
          },
          {
            "x": 282.31,
            "y": 443.86,
            "type": 5376,
            "name": "basic nose left"
          },
          {
            "x": 352.23,
            "y": 440.99,
            "type": 5632,
            "name": "basic nose right"
          }
        ],
        "user_points": null,
        "tags": [
          {
            "name": "5oclock shadow",
            "value": "no",
            "confidence": 1.0
          },
          {
            "name": "age",
            "value": "26",
            "confidence": 0.6
          },
          {
            "name": "arched eyebrows",
            "value": "no",
            "confidence": 0.14
          },
          {
            "name": "attractive",
            "value": "yes",
            "confidence": 0.46
          },
          {
            "name": "bags under eyes",
            "value": "no",
            "confidence": 0.53
          },
          {
            "name": "bald",
            "value": "no",
            "confidence": 0.87
          },
          {
            "name": "bangs",
            "value": "yes",
            "confidence": 1.0
          },
          {
            "name": "beard",
            "value": "no",
            "confidence": 1.0
          },
          {
            "name": "big lips",
            "value": "no",
            "confidence": 0.36
          },
          {
            "name": "big nose",
            "value": "no",
            "confidence": 0.75
          },
          {
            "name": "black hair",
            "value": "no",
            "confidence": 0.97
          },
          {
            "name": "blond hair",
            "value": "yes",
            "confidence": 1.0
          },
          {
            "name": "blurry",
            "value": "no",
            "confidence": 1.0
          },
          {
            "name": "brown hair",
            "value": "no",
            "confidence": 0.68
          },
          {
            "name": "bushy eyebrows",
            "value": "no",
            "confidence": 0.84
          },
          {
            "name": "chubby",
            "value": "no",
            "confidence": 0.71
          },
          {
            "name": "double chin",
            "value": "no",
            "confidence": 0.83
          },
          {
            "name": "expression",
            "value": "smile",
            "confidence": 0.31
          },
          {
            "name": "gender",
            "value": "female",
            "confidence": 0.95
          },
          {
            "name": "glasses",
            "value": "no",
            "confidence": 1.0
          },
          {
            "name": "goatee",
            "value": "no",
            "confidence": 0.98
          },
          {
            "name": "gray hair",
            "value": "no",
            "confidence": 0.33
          },
          {
            "name": "heavy makeup",
            "value": "yes",
            "confidence": 0.59
          },
          {
            "name": "high cheekbones",
            "value": "yes",
            "confidence": 0.3
          },
          {
            "name": "mouth open",
            "value": "no",
            "confidence": 0.94
          },
          {
            "name": "mustache",
            "value": "no",
            "confidence": 0.94
          },
          {
            "name": "narrow eyes",
            "value": "no",
            "confidence": 0.65
          },
          {
            "name": "oval face",
            "value": "yes",
            "confidence": 0.59
          },
          {
            "name": "pale skin",
            "value": "yes",
            "confidence": 0.28
          },
          {
            "name": "pitch",
            "value": "-9.02",
            "confidence": 1.0
          },
          {
            "name": "pointy nose",
            "value": "no",
            "confidence": 0.49
          },
          {
            "name": "race",
            "value": "white",
            "confidence": 1.0
          },
          {
            "name": "receding hairline",
            "value": "no",
            "confidence": 1.0
          },
          {
            "name": "rosy cheeks",
            "value": "no",
            "confidence": 0.26
          },
          {
            "name": "sideburns",
            "value": "no",
            "confidence": 1.0
          },
          {
            "name": "straight hair",
            "value": "yes",
            "confidence": 0.37
          },
          {
            "name": "wavy hair",
            "value": "no",
            "confidence": 0.53
          },
          {
            "name": "wearing earrings",
            "value": "yes",
            "confidence": 0.36
          },
          {
            "name": "wearing hat",
            "value": "no",
            "confidence": 0.77
          },
          {
            "name": "wearing lipstick",
            "value": "yes",
            "confidence": 0.81
          },
          {
            "name": "wearing necklace",
            "value": "yes",
            "confidence": 0.09
          },
          {
            "name": "wearing necktie",
            "value": "no",
            "confidence": 0.82
          },
          {
            "name": "yaw",
            "value": "-4.54",
            "confidence": 1.0
          },
          {
            "name": "young",
            "value": "yes",
            "confidence": 0.14
          }
        ],
        "person_id": "",
        "appearance_id": 0,
        "start": "00:00:00",
        "duration": "00:00:00"
      }
    ],
    "tags": null,
    "original_filename": "https://raw.githubusercontent.com/sarkrui/Hairstyle60k/master/Dataset/Mop-Top_Hair/IMG_23.jpg",
    "duration": "00:00:00"
  },
  "recognize": null
}