{
  "media": {
    "media_uuid": "b260e31a-1ca8-41ed-9bc5-74c46aad0dc7",
    "checksum": "7a30589a0bad8215475608b92853e789975a6495b4cc45aa372b94610ee29efc",
    "faces": [
      {
        "face_uuid": "0ee6277e-1536-11e9-99c4-0cc47a6c4dbd",
        "media_uuid": "b260e31a-1ca8-41ed-9bc5-74c46aad0dc7",
        "x": 361.33,
        "y": 327.39,
        "width": 115.39,
        "height": 142.54,
        "angle": 15.4623,
        "detection_score": 1.0,
        "points": [
          {
            "x": 302.96,
            "y": 326.64,
            "type": 512,
            "name": "basic eye left"
          },
          {
            "x": 379.78,
            "y": 305.39,
            "type": 768,
            "name": "basic eye right"
          },
          {
            "x": 288.72,
            "y": 330.82,
            "type": 1024,
            "name": "basic eye left outer"
          },
          {
            "x": 396.27,
            "y": 301.28,
            "type": 1280,
            "name": "basic eye right outer"
          },
          {
            "x": 317.72,
            "y": 324.72,
            "type": 1536,
            "name": "basic eye left inner"
          },
          {
            "x": 363.87,
            "y": 311.84,
            "type": 1792,
            "name": "basic eye right inner"
          },
          {
            "x": 327.69,
            "y": 392.67,
            "type": 2048,
            "name": "basic mouth left"
          },
          {
            "x": 379.34,
            "y": 386.06,
            "type": 2304,
            "name": "basic mouth right"
          },
          {
            "x": 337.38,
            "y": 361.94,
            "type": 2560,
            "name": "basic nose tip"
          },
          {
            "x": 352.5,
            "y": 389.67,
            "type": 2816,
            "name": "basic mouth center"
          },
          {
            "x": 352.5,
            "y": 389.67,
            "type": 3072,
            "name": "basic eyebrow left"
          },
          {
            "x": 352.5,
            "y": 389.67,
            "type": 3328,
            "name": "basic eyebrow left inner corner"
          },
          {
            "x": 352.5,
            "y": 389.67,
            "type": 3584,
            "name": "basic eyebrow left outer corner"
          },
          {
            "x": 352.5,
            "y": 389.67,
            "type": 3840,
            "name": "basic eyebrow right"
          },
          {
            "x": 352.5,
            "y": 389.67,
            "type": 4096,
            "name": "basic eyebrow right inner corner"
          },
          {
            "x": 352.5,
            "y": 389.67,
            "type": 4352,
            "name": "basic eyebrow right outer corner"
          },
          {
            "x": 352.5,
            "y": 389.67,
            "type": 4608,
            "name": "basic chin bottom"
          },
          {
            "x": 352.5,
            "y": 389.67,
            "type": 4864,
            "name": "basic chin left"
          },
          {
            "x": 352.5,
            "y": 389.67,
            "type": 5120,
            "name": "basic chin right"
          },
          {
            "x": 324.79,
            "y": 369.61,
            "type": 5376,
            "name": "basic nose left"
          },
          {
            "x": 363.7,
            "y": 362.38,
            "type": 5632,
            "name": "basic nose right"
          }
        ],
        "user_points": null,
        "tags": [
          {
            "name": "5oclock shadow",
            "value": "no",
            "confidence": 0.13
          },
          {
            "name": "age",
            "value": "54",
            "confidence": 0.6
          },
          {
            "name": "arched eyebrows",
            "value": "no",
            "confidence": 1.0
          },
          {
            "name": "attractive",
            "value": "no",
            "confidence": 0.76
          },
          {
            "name": "bags under eyes",
            "value": "no",
            "confidence": 0.61
          },
          {
            "name": "bald",
            "value": "no",
            "confidence": 0.63
          },
          {
            "name": "bangs",
            "value": "no",
            "confidence": 0.02
          },
          {
            "name": "beard",
            "value": "yes",
            "confidence": 0.04
          },
          {
            "name": "big lips",
            "value": "no",
            "confidence": 0.68
          },
          {
            "name": "big nose",
            "value": "no",
            "confidence": 0.06
          },
          {
            "name": "black hair",
            "value": "no",
            "confidence": 0.23
          },
          {
            "name": "blond hair",
            "value": "no",
            "confidence": 0.96
          },
          {
            "name": "blurry",
            "value": "yes",
            "confidence": 0.35
          },
          {
            "name": "brown hair",
            "value": "no",
            "confidence": 0.07
          },
          {
            "name": "bushy eyebrows",
            "value": "no",
            "confidence": 0.78
          },
          {
            "name": "chubby",
            "value": "no",
            "confidence": 0.27
          },
          {
            "name": "double chin",
            "value": "no",
            "confidence": 0.45
          },
          {
            "name": "expression",
            "value": "neutral",
            "confidence": 0.67
          },
          {
            "name": "gender",
            "value": "male",
            "confidence": 0.7
          },
          {
            "name": "glasses",
            "value": "no",
            "confidence": 0.6
          },
          {
            "name": "goatee",
            "value": "no",
            "confidence": 0.36
          },
          {
            "name": "gray hair",
            "value": "no",
            "confidence": 0.47
          },
          {
            "name": "heavy makeup",
            "value": "no",
            "confidence": 0.88
          },
          {
            "name": "high cheekbones",
            "value": "no",
            "confidence": 0.97
          },
          {
            "name": "mouth open",
            "value": "no",
            "confidence": 0.8
          },
          {
            "name": "mustache",
            "value": "no",
            "confidence": 0.21
          },
          {
            "name": "narrow eyes",
            "value": "no",
            "confidence": 0.13
          },
          {
            "name": "oval face",
            "value": "no",
            "confidence": 0.32
          },
          {
            "name": "pale skin",
            "value": "yes",
            "confidence": 0.04
          },
          {
            "name": "pitch",
            "value": "-5.6",
            "confidence": 1.0
          },
          {
            "name": "pointy nose",
            "value": "no",
            "confidence": 0.57
          },
          {
            "name": "race",
            "value": "white",
            "confidence": 0.59
          },
          {
            "name": "receding hairline",
            "value": "no",
            "confidence": 0.76
          },
          {
            "name": "rosy cheeks",
            "value": "no",
            "confidence": 1.0
          },
          {
            "name": "sideburns",
            "value": "no",
            "confidence": 0.41
          },
          {
            "name": "straight hair",
            "value": "yes",
            "confidence": 0.13
          },
          {
            "name": "wavy hair",
            "value": "no",
            "confidence": 0.47
          },
          {
            "name": "wearing earrings",
            "value": "no",
            "confidence": 1.0
          },
          {
            "name": "wearing hat",
            "value": "no",
            "confidence": 0.05
          },
          {
            "name": "wearing lipstick",
            "value": "no",
            "confidence": 0.87
          },
          {
            "name": "wearing necklace",
            "value": "no",
            "confidence": 0.86
          },
          {
            "name": "wearing necktie",
            "value": "no",
            "confidence": 0.24
          },
          {
            "name": "yaw",
            "value": "29",
            "confidence": 1.0
          },
          {
            "name": "young",
            "value": "no",
            "confidence": 0.29
          }
        ],
        "person_id": "",
        "appearance_id": 0,
        "start": "00:00:00",
        "duration": "00:00:00"
      }
    ],
    "tags": null,
    "original_filename": "https://raw.githubusercontent.com/sarkrui/Hairstyle60k/master/Dataset/Mullet/IMG_17.jpg",
    "duration": "00:00:00"
  },
  "recognize": null
}