{
  "media": {
    "media_uuid": "d99dc3b6-9eb9-4ca9-8f5d-dbc0c9e5bff7",
    "checksum": "59353f8a5ec4d1136393be6843211b6aa3edbfb996275db7fda8fca395589493",
    "faces": [
      {
        "face_uuid": "0791f754-1536-11e9-99c4-0cc47a6c4dbd",
        "media_uuid": "d99dc3b6-9eb9-4ca9-8f5d-dbc0c9e5bff7",
        "x": 234.0,
        "y": 260.0,
        "width": 194.57,
        "height": 253.71,
        "angle": 1.0387,
        "detection_score": 1.0,
        "points": [
          {
            "x": 193.72,
            "y": 235.74,
            "type": 512,
            "name": "basic eye left"
          },
          {
            "x": 282.21,
            "y": 234.13,
            "type": 768,
            "name": "basic eye right"
          },
          {
            "x": 173.92,
            "y": 236.42,
            "type": 1024,
            "name": "basic eye left outer"
          },
          {
            "x": 300.91,
            "y": 234.01,
            "type": 1280,
            "name": "basic eye right outer"
          },
          {
            "x": 213.42,
            "y": 236.67,
            "type": 1536,
            "name": "basic eye left inner"
          },
          {
            "x": 263.86,
            "y": 235.85,
            "type": 1792,
            "name": "basic eye right inner"
          },
          {
            "x": 204.44,
            "y": 332.84,
            "type": 2048,
            "name": "basic mouth left"
          },
          {
            "x": 276.21,
            "y": 331.47,
            "type": 2304,
            "name": "basic mouth right"
          },
          {
            "x": 245.52,
            "y": 294.12,
            "type": 2560,
            "name": "basic nose tip"
          },
          {
            "x": 240.89,
            "y": 333.33,
            "type": 2816,
            "name": "basic mouth center"
          },
          {
            "x": 240.89,
            "y": 333.33,
            "type": 3072,
            "name": "basic eyebrow left"
          },
          {
            "x": 240.89,
            "y": 333.33,
            "type": 3328,
            "name": "basic eyebrow left inner corner"
          },
          {
            "x": 240.89,
            "y": 333.33,
            "type": 3584,
            "name": "basic eyebrow left outer corner"
          },
          {
            "x": 240.89,
            "y": 333.33,
            "type": 3840,
            "name": "basic eyebrow right"
          },
          {
            "x": 240.89,
            "y": 333.33,
            "type": 4096,
            "name": "basic eyebrow right inner corner"
          },
          {
            "x": 240.89,
            "y": 333.33,
            "type": 4352,
            "name": "basic eyebrow right outer corner"
          },
          {
            "x": 240.89,
            "y": 333.33,
            "type": 4608,
            "name": "basic chin bottom"
          },
          {
            "x": 240.89,
            "y": 333.33,
            "type": 4864,
            "name": "basic chin left"
          },
          {
            "x": 240.89,
            "y": 333.33,
            "type": 5120,
            "name": "basic chin right"
          },
          {
            "x": 220.35,
            "y": 297.53,
            "type": 5376,
            "name": "basic nose left"
          },
          {
            "x": 265.37,
            "y": 296.66,
            "type": 5632,
            "name": "basic nose right"
          }
        ],
        "user_points": null,
        "tags": [
          {
            "name": "5oclock shadow",
            "value": "yes",
            "confidence": 0.9
          },
          {
            "name": "age",
            "value": "29",
            "confidence": 0.6
          },
          {
            "name": "arched eyebrows",
            "value": "no",
            "confidence": 0.86
          },
          {
            "name": "attractive",
            "value": "no",
            "confidence": 0.42
          },
          {
            "name": "bags under eyes",
            "value": "no",
            "confidence": 0.02
          },
          {
            "name": "bald",
            "value": "no",
            "confidence": 0.79
          },
          {
            "name": "bangs",
            "value": "no",
            "confidence": 0.51
          },
          {
            "name": "beard",
            "value": "yes",
            "confidence": 0.98
          },
          {
            "name": "big lips",
            "value": "no",
            "confidence": 0.58
          },
          {
            "name": "big nose",
            "value": "yes",
            "confidence": 0.09
          },
          {
            "name": "black hair",
            "value": "no",
            "confidence": 1.0
          },
          {
            "name": "blond hair",
            "value": "no",
            "confidence": 0.18
          },
          {
            "name": "blurry",
            "value": "no",
            "confidence": 0.55
          },
          {
            "name": "brown hair",
            "value": "yes",
            "confidence": 0.34
          },
          {
            "name": "bushy eyebrows",
            "value": "yes",
            "confidence": 0.61
          },
          {
            "name": "chubby",
            "value": "no",
            "confidence": 0.35
          },
          {
            "name": "double chin",
            "value": "no",
            "confidence": 0.61
          },
          {
            "name": "expression",
            "value": "neutral",
            "confidence": 0.79
          },
          {
            "name": "gender",
            "value": "male",
            "confidence": 1.0
          },
          {
            "name": "glasses",
            "value": "no",
            "confidence": 1.0
          },
          {
            "name": "goatee",
            "value": "yes",
            "confidence": 0.66
          },
          {
            "name": "gray hair",
            "value": "no",
            "confidence": 0.59
          },
          {
            "name": "heavy makeup",
            "value": "no",
            "confidence": 0.91
          },
          {
            "name": "high cheekbones",
            "value": "no",
            "confidence": 0.99
          },
          {
            "name": "mouth open",
            "value": "no",
            "confidence": 0.92
          },
          {
            "name": "mustache",
            "value": "yes",
            "confidence": 0.59
          },
          {
            "name": "narrow eyes",
            "value": "no",
            "confidence": 0.4
          },
          {
            "name": "oval face",
            "value": "yes",
            "confidence": 0.06
          },
          {
            "name": "pale skin",
            "value": "no",
            "confidence": 0.86
          },
          {
            "name": "pitch",
            "value": "-8.95",
            "confidence": 1.0
          },
          {
            "name": "pointy nose",
            "value": "no",
            "confidence": 0.35
          },
          {
            "name": "race",
            "value": "white",
            "confidence": 0.99
          },
          {
            "name": "receding hairline",
            "value": "no",
            "confidence": 1.0
          },
          {
            "name": "rosy cheeks",
            "value": "no",
            "confidence": 0.86
          },
          {
            "name": "sideburns",
            "value": "yes",
            "confidence": 0.74
          },
          {
            "name": "straight hair",
            "value": "no",
            "confidence": 0.41
          },
          {
            "name": "wavy hair",
            "value": "yes",
            "confidence": 0.12
          },
          {
            "name": "wearing earrings",
            "value": "no",
            "confidence": 0.98
          },
          {
            "name": "wearing hat",
            "value": "no",
            "confidence": 0.29
          },
          {
            "name": "wearing lipstick",
            "value": "no",
            "confidence": 0.92
          },
          {
            "name": "wearing necklace",
            "value": "no",
            "confidence": 0.82
          },
          {
            "name": "wearing necktie",
            "value": "no",
            "confidence": 0.19
          },
          {
            "name": "yaw",
            "value": "-10.94",
            "confidence": 1.0
          },
          {
            "name": "young",
            "value": "yes",
            "confidence": 0.1
          }
        ],
        "person_id": "",
        "appearance_id": 0,
        "start": "00:00:00",
        "duration": "00:00:00"
      }
    ],
    "tags": null,
    "original_filename": "https://raw.githubusercontent.com/sarkrui/Hairstyle60k/master/Dataset/Mullet/IMG_10.jpg",
    "duration": "00:00:00"
  },
  "recognize": null
}