{
  "media": {
    "media_uuid": "0b71926c-8cd1-47dc-a014-32ab84127ae1",
    "checksum": "0ef269d6527033e4b02b5923b4041d8f922a47f331d73a4e123f4a71a7488234",
    "faces": [
      {
        "face_uuid": "feee50a7-1535-11e9-99c4-0cc47a6c4dbd",
        "media_uuid": "0b71926c-8cd1-47dc-a014-32ab84127ae1",
        "x": 201.07,
        "y": 330.42,
        "width": 173.64,
        "height": 313.45,
        "angle": 18.4305,
        "detection_score": 1.0,
        "points": [
          {
            "x": 146.48,
            "y": 290.17,
            "type": 512,
            "name": "basic eye left"
          },
          {
            "x": 270.71,
            "y": 248.77,
            "type": 768,
            "name": "basic eye right"
          },
          {
            "x": 118.9,
            "y": 298.59,
            "type": 1024,
            "name": "basic eye left outer"
          },
          {
            "x": 295.38,
            "y": 239.63,
            "type": 1280,
            "name": "basic eye right outer"
          },
          {
            "x": 174.07,
            "y": 284.85,
            "type": 1536,
            "name": "basic eye left inner"
          },
          {
            "x": 246.73,
            "y": 260.63,
            "type": 1792,
            "name": "basic eye right inner"
          },
          {
            "x": 173.81,
            "y": 433.2,
            "type": 2048,
            "name": "basic mouth left"
          },
          {
            "x": 282.71,
            "y": 408.38,
            "type": 2304,
            "name": "basic mouth right"
          },
          {
            "x": 231.67,
            "y": 362.94,
            "type": 2560,
            "name": "basic nose tip"
          },
          {
            "x": 229.48,
            "y": 422.44,
            "type": 2816,
            "name": "basic mouth center"
          },
          {
            "x": 229.48,
            "y": 422.44,
            "type": 3072,
            "name": "basic eyebrow left"
          },
          {
            "x": 229.48,
            "y": 422.44,
            "type": 3328,
            "name": "basic eyebrow left inner corner"
          },
          {
            "x": 229.48,
            "y": 422.44,
            "type": 3584,
            "name": "basic eyebrow left outer corner"
          },
          {
            "x": 229.48,
            "y": 422.44,
            "type": 3840,
            "name": "basic eyebrow right"
          },
          {
            "x": 229.48,
            "y": 422.44,
            "type": 4096,
            "name": "basic eyebrow right inner corner"
          },
          {
            "x": 229.48,
            "y": 422.44,
            "type": 4352,
            "name": "basic eyebrow right outer corner"
          },
          {
            "x": 229.48,
            "y": 422.44,
            "type": 4608,
            "name": "basic chin bottom"
          },
          {
            "x": 229.48,
            "y": 422.44,
            "type": 4864,
            "name": "basic chin left"
          },
          {
            "x": 229.48,
            "y": 422.44,
            "type": 5120,
            "name": "basic chin right"
          },
          {
            "x": 195.04,
            "y": 375.9,
            "type": 5376,
            "name": "basic nose left"
          },
          {
            "x": 260.74,
            "y": 358.13,
            "type": 5632,
            "name": "basic nose right"
          }
        ],
        "user_points": null,
        "tags": [
          {
            "name": "5oclock shadow",
            "value": "no",
            "confidence": 0.44
          },
          {
            "name": "age",
            "value": "06",
            "confidence": 0.6
          },
          {
            "name": "arched eyebrows",
            "value": "no",
            "confidence": 1.0
          },
          {
            "name": "attractive",
            "value": "no",
            "confidence": 0.56
          },
          {
            "name": "bags under eyes",
            "value": "no",
            "confidence": 0.88
          },
          {
            "name": "bald",
            "value": "no",
            "confidence": 0.36
          },
          {
            "name": "bangs",
            "value": "no",
            "confidence": 0.03
          },
          {
            "name": "beard",
            "value": "no",
            "confidence": 0.03
          },
          {
            "name": "big lips",
            "value": "no",
            "confidence": 0.42
          },
          {
            "name": "big nose",
            "value": "no",
            "confidence": 0.34
          },
          {
            "name": "black hair",
            "value": "no",
            "confidence": 0.78
          },
          {
            "name": "blond hair",
            "value": "no",
            "confidence": 0.9
          },
          {
            "name": "blurry",
            "value": "yes",
            "confidence": 0.03
          },
          {
            "name": "brown hair",
            "value": "no",
            "confidence": 0.09
          },
          {
            "name": "bushy eyebrows",
            "value": "no",
            "confidence": 0.78
          },
          {
            "name": "chubby",
            "value": "no",
            "confidence": 0.47
          },
          {
            "name": "double chin",
            "value": "no",
            "confidence": 0.84
          },
          {
            "name": "expression",
            "value": "neutral",
            "confidence": 0.82
          },
          {
            "name": "gender",
            "value": "male",
            "confidence": 0.48
          },
          {
            "name": "glasses",
            "value": "no",
            "confidence": 1.0
          },
          {
            "name": "goatee",
            "value": "no",
            "confidence": 0.23
          },
          {
            "name": "gray hair",
            "value": "no",
            "confidence": 0.62
          },
          {
            "name": "heavy makeup",
            "value": "no",
            "confidence": 0.79
          },
          {
            "name": "high cheekbones",
            "value": "no",
            "confidence": 0.91
          },
          {
            "name": "mouth open",
            "value": "no",
            "confidence": 0.56
          },
          {
            "name": "mustache",
            "value": "no",
            "confidence": 0.22
          },
          {
            "name": "narrow eyes",
            "value": "no",
            "confidence": 0.3
          },
          {
            "name": "oval face",
            "value": "no",
            "confidence": 0.15
          },
          {
            "name": "pale skin",
            "value": "yes",
            "confidence": 0.53
          },
          {
            "name": "pitch",
            "value": "-5.61",
            "confidence": 1.0
          },
          {
            "name": "pointy nose",
            "value": "no",
            "confidence": 0.63
          },
          {
            "name": "race",
            "value": "asian",
            "confidence": 0.9
          },
          {
            "name": "receding hairline",
            "value": "no",
            "confidence": 0.61
          },
          {
            "name": "rosy cheeks",
            "value": "no",
            "confidence": 1.0
          },
          {
            "name": "sideburns",
            "value": "no",
            "confidence": 0.36
          },
          {
            "name": "straight hair",
            "value": "no",
            "confidence": 0.37
          },
          {
            "name": "wavy hair",
            "value": "no",
            "confidence": 0.49
          },
          {
            "name": "wearing earrings",
            "value": "no",
            "confidence": 0.94
          },
          {
            "name": "wearing hat",
            "value": "yes",
            "confidence": 0.16
          },
          {
            "name": "wearing lipstick",
            "value": "no",
            "confidence": 0.79
          },
          {
            "name": "wearing necklace",
            "value": "no",
            "confidence": 0.84
          },
          {
            "name": "wearing necktie",
            "value": "no",
            "confidence": 0.68
          },
          {
            "name": "yaw",
            "value": "54.3",
            "confidence": 1.0
          },
          {
            "name": "young",
            "value": "yes",
            "confidence": 0.29
          }
        ],
        "person_id": "",
        "appearance_id": 0,
        "start": "00:00:00",
        "duration": "00:00:00"
      }
    ],
    "tags": null,
    "original_filename": "https://raw.githubusercontent.com/sarkrui/Hairstyle60k/master/Dataset/Mullet/IMG_2.jpg",
    "duration": "00:00:00"
  },
  "recognize": null
}