{
  "media": {
    "media_uuid": "c98fa064-6982-4e1c-9b58-7d66190f9cf2",
    "checksum": "e6f9dfefcfb226af14eb0876b2f48a4ca08071e96f5ac43f0076b0deecf4904b",
    "faces": [
      {
        "face_uuid": "053998b8-1536-11e9-99c4-0cc47a6c4dbd",
        "media_uuid": "c98fa064-6982-4e1c-9b58-7d66190f9cf2",
        "x": 301.5,
        "y": 275.0,
        "width": 199.87,
        "height": 273.51,
        "angle": -6.8624,
        "detection_score": 1.0,
        "points": [
          {
            "x": 293.87,
            "y": 237.85,
            "type": 512,
            "name": "basic eye left"
          },
          {
            "x": 389.6,
            "y": 249.37,
            "type": 768,
            "name": "basic eye right"
          },
          {
            "x": 270.97,
            "y": 236.58,
            "type": 1024,
            "name": "basic eye left outer"
          },
          {
            "x": 407.92,
            "y": 252.78,
            "type": 1280,
            "name": "basic eye right outer"
          },
          {
            "x": 315.56,
            "y": 240.46,
            "type": 1536,
            "name": "basic eye left inner"
          },
          {
            "x": 371.6,
            "y": 247.39,
            "type": 1792,
            "name": "basic eye right inner"
          },
          {
            "x": 297.1,
            "y": 340.01,
            "type": 2048,
            "name": "basic mouth left"
          },
          {
            "x": 368.91,
            "y": 345.73,
            "type": 2304,
            "name": "basic mouth right"
          },
          {
            "x": 361.37,
            "y": 291.52,
            "type": 2560,
            "name": "basic nose tip"
          },
          {
            "x": 335.37,
            "y": 342.12,
            "type": 2816,
            "name": "basic mouth center"
          },
          {
            "x": 335.37,
            "y": 342.12,
            "type": 3072,
            "name": "basic eyebrow left"
          },
          {
            "x": 335.37,
            "y": 342.12,
            "type": 3328,
            "name": "basic eyebrow left inner corner"
          },
          {
            "x": 335.37,
            "y": 342.12,
            "type": 3584,
            "name": "basic eyebrow left outer corner"
          },
          {
            "x": 335.37,
            "y": 342.12,
            "type": 3840,
            "name": "basic eyebrow right"
          },
          {
            "x": 335.37,
            "y": 342.12,
            "type": 4096,
            "name": "basic eyebrow right inner corner"
          },
          {
            "x": 335.37,
            "y": 342.12,
            "type": 4352,
            "name": "basic eyebrow right outer corner"
          },
          {
            "x": 335.37,
            "y": 342.12,
            "type": 4608,
            "name": "basic chin bottom"
          },
          {
            "x": 335.37,
            "y": 342.12,
            "type": 4864,
            "name": "basic chin left"
          },
          {
            "x": 335.37,
            "y": 342.12,
            "type": 5120,
            "name": "basic chin right"
          },
          {
            "x": 324.92,
            "y": 301.61,
            "type": 5376,
            "name": "basic nose left"
          },
          {
            "x": 373.51,
            "y": 306.68,
            "type": 5632,
            "name": "basic nose right"
          }
        ],
        "user_points": null,
        "tags": [
          {
            "name": "5oclock shadow",
            "value": "yes",
            "confidence": 0.09
          },
          {
            "name": "age",
            "value": "26",
            "confidence": 0.6
          },
          {
            "name": "arched eyebrows",
            "value": "no",
            "confidence": 0.88
          },
          {
            "name": "attractive",
            "value": "no",
            "confidence": 0.03
          },
          {
            "name": "bags under eyes",
            "value": "no",
            "confidence": 0.82
          },
          {
            "name": "bald",
            "value": "no",
            "confidence": 1.0
          },
          {
            "name": "bangs",
            "value": "no",
            "confidence": 0.88
          },
          {
            "name": "beard",
            "value": "no",
            "confidence": 0.41
          },
          {
            "name": "big lips",
            "value": "no",
            "confidence": 0.61
          },
          {
            "name": "big nose",
            "value": "no",
            "confidence": 0.46
          },
          {
            "name": "black hair",
            "value": "yes",
            "confidence": 0.92
          },
          {
            "name": "blond hair",
            "value": "no",
            "confidence": 1.0
          },
          {
            "name": "blurry",
            "value": "no",
            "confidence": 0.5
          },
          {
            "name": "brown hair",
            "value": "no",
            "confidence": 0.9
          },
          {
            "name": "bushy eyebrows",
            "value": "yes",
            "confidence": 0.71
          },
          {
            "name": "chubby",
            "value": "no",
            "confidence": 0.9
          },
          {
            "name": "double chin",
            "value": "no",
            "confidence": 1.0
          },
          {
            "name": "expression",
            "value": "neutral",
            "confidence": 0.88
          },
          {
            "name": "gender",
            "value": "male",
            "confidence": 0.98
          },
          {
            "name": "glasses",
            "value": "no",
            "confidence": 1.0
          },
          {
            "name": "goatee",
            "value": "no",
            "confidence": 0.93
          },
          {
            "name": "gray hair",
            "value": "no",
            "confidence": 1.0
          },
          {
            "name": "heavy makeup",
            "value": "no",
            "confidence": 0.87
          },
          {
            "name": "high cheekbones",
            "value": "no",
            "confidence": 1.0
          },
          {
            "name": "mouth open",
            "value": "no",
            "confidence": 0.39
          },
          {
            "name": "mustache",
            "value": "no",
            "confidence": 0.65
          },
          {
            "name": "narrow eyes",
            "value": "no",
            "confidence": 0.51
          },
          {
            "name": "oval face",
            "value": "no",
            "confidence": 0.09
          },
          {
            "name": "pale skin",
            "value": "no",
            "confidence": 0.19
          },
          {
            "name": "pitch",
            "value": "-7.06",
            "confidence": 1.0
          },
          {
            "name": "pointy nose",
            "value": "no",
            "confidence": 0.28
          },
          {
            "name": "race",
            "value": "white",
            "confidence": 0.99
          },
          {
            "name": "receding hairline",
            "value": "no",
            "confidence": 1.0
          },
          {
            "name": "rosy cheeks",
            "value": "no",
            "confidence": 1.0
          },
          {
            "name": "sideburns",
            "value": "no",
            "confidence": 0.94
          },
          {
            "name": "straight hair",
            "value": "yes",
            "confidence": 0.38
          },
          {
            "name": "wavy hair",
            "value": "no",
            "confidence": 0.62
          },
          {
            "name": "wearing earrings",
            "value": "no",
            "confidence": 0.9
          },
          {
            "name": "wearing hat",
            "value": "no",
            "confidence": 0.27
          },
          {
            "name": "wearing lipstick",
            "value": "no",
            "confidence": 0.94
          },
          {
            "name": "wearing necklace",
            "value": "no",
            "confidence": 0.97
          },
          {
            "name": "wearing necktie",
            "value": "no",
            "confidence": 0.02
          },
          {
            "name": "yaw",
            "value": "-39.42",
            "confidence": 1.0
          },
          {
            "name": "young",
            "value": "yes",
            "confidence": 0.91
          }
        ],
        "person_id": "",
        "appearance_id": 0,
        "start": "00:00:00",
        "duration": "00:00:00"
      }
    ],
    "tags": null,
    "original_filename": "https://raw.githubusercontent.com/sarkrui/Hairstyle60k/master/Dataset/Mullet/IMG_8.jpg",
    "duration": "00:00:00"
  },
  "recognize": null
}