{
  "media": {
    "media_uuid": "18cb699e-db49-4442-944e-89bc725791f3",
    "checksum": "e873291012e41f2675eea668550aeb5f933a377642562873f48103becfe2ac3a",
    "faces": [
      {
        "face_uuid": "00156764-1536-11e9-99c4-0cc47a6c4dbd",
        "media_uuid": "18cb699e-db49-4442-944e-89bc725791f3",
        "x": 318.78,
        "y": 395.62,
        "width": 243.24,
        "height": 302.44,
        "angle": 2.6866,
        "detection_score": 1.0,
        "points": [
          {
            "x": 285.87,
            "y": 359.19,
            "type": 512,
            "name": "basic eye left"
          },
          {
            "x": 403.13,
            "y": 353.69,
            "type": 768,
            "name": "basic eye right"
          },
          {
            "x": 259.59,
            "y": 360.95,
            "type": 1024,
            "name": "basic eye left outer"
          },
          {
            "x": 427.14,
            "y": 353.04,
            "type": 1280,
            "name": "basic eye right outer"
          },
          {
            "x": 311.56,
            "y": 359.47,
            "type": 1536,
            "name": "basic eye left inner"
          },
          {
            "x": 379.59,
            "y": 356.36,
            "type": 1792,
            "name": "basic eye right inner"
          },
          {
            "x": 302.36,
            "y": 477.57,
            "type": 2048,
            "name": "basic mouth left"
          },
          {
            "x": 402.71,
            "y": 472.03,
            "type": 2304,
            "name": "basic mouth right"
          },
          {
            "x": 364.79,
            "y": 428.18,
            "type": 2560,
            "name": "basic nose tip"
          },
          {
            "x": 354.29,
            "y": 476.41,
            "type": 2816,
            "name": "basic mouth center"
          },
          {
            "x": 354.29,
            "y": 476.41,
            "type": 3072,
            "name": "basic eyebrow left"
          },
          {
            "x": 354.29,
            "y": 476.41,
            "type": 3328,
            "name": "basic eyebrow left inner corner"
          },
          {
            "x": 354.29,
            "y": 476.41,
            "type": 3584,
            "name": "basic eyebrow left outer corner"
          },
          {
            "x": 354.29,
            "y": 476.41,
            "type": 3840,
            "name": "basic eyebrow right"
          },
          {
            "x": 354.29,
            "y": 476.41,
            "type": 4096,
            "name": "basic eyebrow right inner corner"
          },
          {
            "x": 354.29,
            "y": 476.41,
            "type": 4352,
            "name": "basic eyebrow right outer corner"
          },
          {
            "x": 354.29,
            "y": 476.41,
            "type": 4608,
            "name": "basic chin bottom"
          },
          {
            "x": 354.29,
            "y": 476.41,
            "type": 4864,
            "name": "basic chin left"
          },
          {
            "x": 354.29,
            "y": 476.41,
            "type": 5120,
            "name": "basic chin right"
          },
          {
            "x": 326.39,
            "y": 432.72,
            "type": 5376,
            "name": "basic nose left"
          },
          {
            "x": 387.69,
            "y": 429.45,
            "type": 5632,
            "name": "basic nose right"
          }
        ],
        "user_points": null,
        "tags": [
          {
            "name": "5oclock shadow",
            "value": "yes",
            "confidence": 0.24
          },
          {
            "name": "age",
            "value": "25",
            "confidence": 0.6
          },
          {
            "name": "arched eyebrows",
            "value": "no",
            "confidence": 0.79
          },
          {
            "name": "attractive",
            "value": "yes",
            "confidence": 0.12
          },
          {
            "name": "bags under eyes",
            "value": "yes",
            "confidence": 0.39
          },
          {
            "name": "bald",
            "value": "no",
            "confidence": 1.0
          },
          {
            "name": "bangs",
            "value": "yes",
            "confidence": 0.62
          },
          {
            "name": "beard",
            "value": "no",
            "confidence": 0.45
          },
          {
            "name": "big lips",
            "value": "no",
            "confidence": 0.44
          },
          {
            "name": "big nose",
            "value": "yes",
            "confidence": 0.28
          },
          {
            "name": "black hair",
            "value": "yes",
            "confidence": 0.29
          },
          {
            "name": "blond hair",
            "value": "no",
            "confidence": 0.83
          },
          {
            "name": "blurry",
            "value": "no",
            "confidence": 1.0
          },
          {
            "name": "brown hair",
            "value": "no",
            "confidence": 0.31
          },
          {
            "name": "bushy eyebrows",
            "value": "yes",
            "confidence": 0.83
          },
          {
            "name": "chubby",
            "value": "no",
            "confidence": 0.85
          },
          {
            "name": "double chin",
            "value": "no",
            "confidence": 0.87
          },
          {
            "name": "expression",
            "value": "neutral",
            "confidence": 0.43
          },
          {
            "name": "gender",
            "value": "male",
            "confidence": 1.0
          },
          {
            "name": "glasses",
            "value": "no",
            "confidence": 1.0
          },
          {
            "name": "goatee",
            "value": "no",
            "confidence": 0.99
          },
          {
            "name": "gray hair",
            "value": "no",
            "confidence": 1.0
          },
          {
            "name": "heavy makeup",
            "value": "no",
            "confidence": 1.0
          },
          {
            "name": "high cheekbones",
            "value": "no",
            "confidence": 0.57
          },
          {
            "name": "mouth open",
            "value": "no",
            "confidence": 1.0
          },
          {
            "name": "mustache",
            "value": "no",
            "confidence": 0.79
          },
          {
            "name": "narrow eyes",
            "value": "no",
            "confidence": 0.62
          },
          {
            "name": "oval face",
            "value": "yes",
            "confidence": 0.08
          },
          {
            "name": "pale skin",
            "value": "no",
            "confidence": 0.13
          },
          {
            "name": "pitch",
            "value": "-8.74",
            "confidence": 1.0
          },
          {
            "name": "pointy nose",
            "value": "no",
            "confidence": 0.35
          },
          {
            "name": "race",
            "value": "white",
            "confidence": 1.0
          },
          {
            "name": "receding hairline",
            "value": "no",
            "confidence": 1.0
          },
          {
            "name": "rosy cheeks",
            "value": "no",
            "confidence": 0.89
          },
          {
            "name": "sideburns",
            "value": "no",
            "confidence": 0.92
          },
          {
            "name": "straight hair",
            "value": "yes",
            "confidence": 0.13
          },
          {
            "name": "wavy hair",
            "value": "no",
            "confidence": 0.2
          },
          {
            "name": "wearing earrings",
            "value": "no",
            "confidence": 1.0
          },
          {
            "name": "wearing hat",
            "value": "no",
            "confidence": 0.27
          },
          {
            "name": "wearing lipstick",
            "value": "no",
            "confidence": 1.0
          },
          {
            "name": "wearing necklace",
            "value": "no",
            "confidence": 0.83
          },
          {
            "name": "wearing necktie",
            "value": "yes",
            "confidence": 0.04
          },
          {
            "name": "yaw",
            "value": "-18.15",
            "confidence": 1.0
          },
          {
            "name": "young",
            "value": "yes",
            "confidence": 0.84
          }
        ],
        "person_id": "",
        "appearance_id": 0,
        "start": "00:00:00",
        "duration": "00:00:00"
      }
    ],
    "tags": null,
    "original_filename": "https://raw.githubusercontent.com/sarkrui/Hairstyle60k/master/Dataset/Mullet/IMG_3.jpg",
    "duration": "00:00:00"
  },
  "recognize": null
}