{
  "media": {
    "media_uuid": "55e93023-f41b-496b-8a86-1dc77a435138",
    "checksum": "be90f49a8df7e2b4fef470a866a6241471573becf332b1e1cc80949876304731",
    "faces": [
      {
        "face_uuid": "f7a08fa0-157f-11e9-99c4-0cc47a6c4dbd",
        "media_uuid": "55e93023-f41b-496b-8a86-1dc77a435138",
        "x": 530.33,
        "y": 381.17,
        "width": 298.71,
        "height": 359.72,
        "angle": -5.5298,
        "detection_score": 1.0,
        "points": [
          {
            "x": 462.95,
            "y": 317.98,
            "type": 512,
            "name": "basic eye left"
          },
          {
            "x": 608.25,
            "y": 332.05,
            "type": 768,
            "name": "basic eye right"
          },
          {
            "x": 432.73,
            "y": 315.91,
            "type": 1024,
            "name": "basic eye left outer"
          },
          {
            "x": 638.04,
            "y": 335.79,
            "type": 1280,
            "name": "basic eye right outer"
          },
          {
            "x": 492.13,
            "y": 325.37,
            "type": 1536,
            "name": "basic eye left inner"
          },
          {
            "x": 578.27,
            "y": 333.7,
            "type": 1792,
            "name": "basic eye right inner"
          },
          {
            "x": 469.49,
            "y": 472.83,
            "type": 2048,
            "name": "basic mouth left"
          },
          {
            "x": 573.59,
            "y": 481.24,
            "type": 2304,
            "name": "basic mouth right"
          },
          {
            "x": 529.28,
            "y": 410.62,
            "type": 2560,
            "name": "basic nose tip"
          },
          {
            "x": 521.7,
            "y": 478.35,
            "type": 2816,
            "name": "basic mouth center"
          },
          {
            "x": 521.7,
            "y": 478.35,
            "type": 3072,
            "name": "basic eyebrow left"
          },
          {
            "x": 521.7,
            "y": 478.35,
            "type": 3328,
            "name": "basic eyebrow left inner corner"
          },
          {
            "x": 521.7,
            "y": 478.35,
            "type": 3584,
            "name": "basic eyebrow left outer corner"
          },
          {
            "x": 521.7,
            "y": 478.35,
            "type": 3840,
            "name": "basic eyebrow right"
          },
          {
            "x": 521.7,
            "y": 478.35,
            "type": 4096,
            "name": "basic eyebrow right inner corner"
          },
          {
            "x": 521.7,
            "y": 478.35,
            "type": 4352,
            "name": "basic eyebrow right outer corner"
          },
          {
            "x": 521.7,
            "y": 478.35,
            "type": 4608,
            "name": "basic chin bottom"
          },
          {
            "x": 521.7,
            "y": 478.35,
            "type": 4864,
            "name": "basic chin left"
          },
          {
            "x": 521.7,
            "y": 478.35,
            "type": 5120,
            "name": "basic chin right"
          },
          {
            "x": 493.46,
            "y": 418.97,
            "type": 5376,
            "name": "basic nose left"
          },
          {
            "x": 561.26,
            "y": 424.99,
            "type": 5632,
            "name": "basic nose right"
          }
        ],
        "user_points": null,
        "tags": [
          {
            "name": "5oclock shadow",
            "value": "no",
            "confidence": 0.98
          },
          {
            "name": "age",
            "value": "10",
            "confidence": 0.6
          },
          {
            "name": "arched eyebrows",
            "value": "no",
            "confidence": 0.77
          },
          {
            "name": "attractive",
            "value": "yes",
            "confidence": 0.76
          },
          {
            "name": "bags under eyes",
            "value": "no",
            "confidence": 0.54
          },
          {
            "name": "bald",
            "value": "no",
            "confidence": 1.0
          },
          {
            "name": "bangs",
            "value": "yes",
            "confidence": 0.82
          },
          {
            "name": "beard",
            "value": "no",
            "confidence": 1.0
          },
          {
            "name": "big lips",
            "value": "no",
            "confidence": 0.3
          },
          {
            "name": "big nose",
            "value": "no",
            "confidence": 0.8
          },
          {
            "name": "black hair",
            "value": "yes",
            "confidence": 0.21
          },
          {
            "name": "blond hair",
            "value": "no",
            "confidence": 0.68
          },
          {
            "name": "blurry",
            "value": "no",
            "confidence": 0.87
          },
          {
            "name": "brown hair",
            "value": "no",
            "confidence": 0.62
          },
          {
            "name": "bushy eyebrows",
            "value": "no",
            "confidence": 0.26
          },
          {
            "name": "chubby",
            "value": "no",
            "confidence": 1.0
          },
          {
            "name": "double chin",
            "value": "no",
            "confidence": 1.0
          },
          {
            "name": "expression",
            "value": "neutral",
            "confidence": 0.73
          },
          {
            "name": "gender",
            "value": "female",
            "confidence": 0.27
          },
          {
            "name": "glasses",
            "value": "no",
            "confidence": 1.0
          },
          {
            "name": "goatee",
            "value": "no",
            "confidence": 1.0
          },
          {
            "name": "gray hair",
            "value": "no",
            "confidence": 1.0
          },
          {
            "name": "heavy makeup",
            "value": "no",
            "confidence": 0.28
          },
          {
            "name": "high cheekbones",
            "value": "no",
            "confidence": 0.78
          },
          {
            "name": "mouth open",
            "value": "no",
            "confidence": 0.9
          },
          {
            "name": "mustache",
            "value": "no",
            "confidence": 1.0
          },
          {
            "name": "narrow eyes",
            "value": "no",
            "confidence": 0.31
          },
          {
            "name": "oval face",
            "value": "yes",
            "confidence": 0.24
          },
          {
            "name": "pale skin",
            "value": "yes",
            "confidence": 0.96
          },
          {
            "name": "pitch",
            "value": "-9.22",
            "confidence": 1.0
          },
          {
            "name": "pointy nose",
            "value": "no",
            "confidence": 0.52
          },
          {
            "name": "race",
            "value": "white",
            "confidence": 0.66
          },
          {
            "name": "receding hairline",
            "value": "no",
            "confidence": 1.0
          },
          {
            "name": "rosy cheeks",
            "value": "no",
            "confidence": 1.0
          },
          {
            "name": "sideburns",
            "value": "no",
            "confidence": 1.0
          },
          {
            "name": "straight hair",
            "value": "yes",
            "confidence": 0.5
          },
          {
            "name": "wavy hair",
            "value": "no",
            "confidence": 0.92
          },
          {
            "name": "wearing earrings",
            "value": "no",
            "confidence": 0.41
          },
          {
            "name": "wearing hat",
            "value": "no",
            "confidence": 0.01
          },
          {
            "name": "wearing lipstick",
            "value": "no",
            "confidence": 0.08
          },
          {
            "name": "wearing necklace",
            "value": "no",
            "confidence": 0.61
          },
          {
            "name": "wearing necktie",
            "value": "no",
            "confidence": 0.62
          },
          {
            "name": "yaw",
            "value": "-6.22",
            "confidence": 1.0
          },
          {
            "name": "young",
            "value": "yes",
            "confidence": 1.0
          }
        ],
        "person_id": "",
        "appearance_id": 0,
        "start": "00:00:00",
        "duration": "00:00:00"
      }
    ],
    "tags": null,
    "original_filename": "https://raw.githubusercontent.com/sarkrui/Hairstyle60k/master/Dataset/Odango_Hair/IMG_17.jpg",
    "duration": "00:00:00"
  },
  "recognize": null
}