{
  "media": {
    "media_uuid": "71db8f9a-c34d-40b0-b1f1-82ff917c12fa",
    "checksum": "2ee25f15c75f0f5b82cc37e408d4c311466bfc875e576f68791dcbe3fd45d0a6",
    "faces": [
      {
        "face_uuid": "fa9749dd-157f-11e9-99c4-0cc47a6c4dbd",
        "media_uuid": "71db8f9a-c34d-40b0-b1f1-82ff917c12fa",
        "x": 157.5,
        "y": 211.5,
        "width": 94.07,
        "height": 137.78,
        "angle": 1.9515,
        "detection_score": 1.0,
        "points": [
          {
            "x": 131.61,
            "y": 197.26,
            "type": 512,
            "name": "basic eye left"
          },
          {
            "x": 178.23,
            "y": 195.67,
            "type": 768,
            "name": "basic eye right"
          },
          {
            "x": 121.63,
            "y": 197.76,
            "type": 1024,
            "name": "basic eye left outer"
          },
          {
            "x": 188.39,
            "y": 195.49,
            "type": 1280,
            "name": "basic eye right outer"
          },
          {
            "x": 141.5,
            "y": 197.19,
            "type": 1536,
            "name": "basic eye left inner"
          },
          {
            "x": 168.25,
            "y": 196.29,
            "type": 1792,
            "name": "basic eye right inner"
          },
          {
            "x": 134.66,
            "y": 242.16,
            "type": 2048,
            "name": "basic mouth left"
          },
          {
            "x": 177.0,
            "y": 240.54,
            "type": 2304,
            "name": "basic mouth right"
          },
          {
            "x": 153.81,
            "y": 224.05,
            "type": 2560,
            "name": "basic nose tip"
          },
          {
            "x": 155.65,
            "y": 242.43,
            "type": 2816,
            "name": "basic mouth center"
          },
          {
            "x": 155.65,
            "y": 242.43,
            "type": 3072,
            "name": "basic eyebrow left"
          },
          {
            "x": 155.65,
            "y": 242.43,
            "type": 3328,
            "name": "basic eyebrow left inner corner"
          },
          {
            "x": 155.65,
            "y": 242.43,
            "type": 3584,
            "name": "basic eyebrow left outer corner"
          },
          {
            "x": 155.65,
            "y": 242.43,
            "type": 3840,
            "name": "basic eyebrow right"
          },
          {
            "x": 155.65,
            "y": 242.43,
            "type": 4096,
            "name": "basic eyebrow right inner corner"
          },
          {
            "x": 155.65,
            "y": 242.43,
            "type": 4352,
            "name": "basic eyebrow right outer corner"
          },
          {
            "x": 155.65,
            "y": 242.43,
            "type": 4608,
            "name": "basic chin bottom"
          },
          {
            "x": 155.65,
            "y": 242.43,
            "type": 4864,
            "name": "basic chin left"
          },
          {
            "x": 155.65,
            "y": 242.43,
            "type": 5120,
            "name": "basic chin right"
          },
          {
            "x": 142.08,
            "y": 224.23,
            "type": 5376,
            "name": "basic nose left"
          },
          {
            "x": 167.16,
            "y": 223.26,
            "type": 5632,
            "name": "basic nose right"
          }
        ],
        "user_points": null,
        "tags": [
          {
            "name": "5oclock shadow",
            "value": "no",
            "confidence": 1.0
          },
          {
            "name": "age",
            "value": "26",
            "confidence": 0.6
          },
          {
            "name": "arched eyebrows",
            "value": "yes",
            "confidence": 0.73
          },
          {
            "name": "attractive",
            "value": "yes",
            "confidence": 0.52
          },
          {
            "name": "bags under eyes",
            "value": "no",
            "confidence": 0.75
          },
          {
            "name": "bald",
            "value": "no",
            "confidence": 0.58
          },
          {
            "name": "bangs",
            "value": "no",
            "confidence": 0.98
          },
          {
            "name": "beard",
            "value": "no",
            "confidence": 1.0
          },
          {
            "name": "big lips",
            "value": "yes",
            "confidence": 0.18
          },
          {
            "name": "big nose",
            "value": "no",
            "confidence": 0.08
          },
          {
            "name": "black hair",
            "value": "yes",
            "confidence": 0.84
          },
          {
            "name": "blond hair",
            "value": "no",
            "confidence": 0.93
          },
          {
            "name": "blurry",
            "value": "no",
            "confidence": 1.0
          },
          {
            "name": "brown hair",
            "value": "no",
            "confidence": 1.0
          },
          {
            "name": "bushy eyebrows",
            "value": "no",
            "confidence": 0.03
          },
          {
            "name": "chubby",
            "value": "no",
            "confidence": 0.35
          },
          {
            "name": "double chin",
            "value": "no",
            "confidence": 0.36
          },
          {
            "name": "expression",
            "value": "smile",
            "confidence": 1.0
          },
          {
            "name": "gender",
            "value": "female",
            "confidence": 0.95
          },
          {
            "name": "glasses",
            "value": "no",
            "confidence": 1.0
          },
          {
            "name": "goatee",
            "value": "no",
            "confidence": 1.0
          },
          {
            "name": "gray hair",
            "value": "no",
            "confidence": 0.86
          },
          {
            "name": "heavy makeup",
            "value": "yes",
            "confidence": 1.0
          },
          {
            "name": "high cheekbones",
            "value": "yes",
            "confidence": 1.0
          },
          {
            "name": "mouth open",
            "value": "yes",
            "confidence": 1.0
          },
          {
            "name": "mustache",
            "value": "no",
            "confidence": 1.0
          },
          {
            "name": "narrow eyes",
            "value": "no",
            "confidence": 0.4
          },
          {
            "name": "oval face",
            "value": "yes",
            "confidence": 0.86
          },
          {
            "name": "pale skin",
            "value": "no",
            "confidence": 0.85
          },
          {
            "name": "pitch",
            "value": "-10.33",
            "confidence": 1.0
          },
          {
            "name": "pointy nose",
            "value": "yes",
            "confidence": 0.12
          },
          {
            "name": "race",
            "value": "white",
            "confidence": 1.0
          },
          {
            "name": "receding hairline",
            "value": "yes",
            "confidence": 0.45
          },
          {
            "name": "rosy cheeks",
            "value": "yes",
            "confidence": 0.84
          },
          {
            "name": "sideburns",
            "value": "no",
            "confidence": 1.0
          },
          {
            "name": "straight hair",
            "value": "no",
            "confidence": 0.03
          },
          {
            "name": "wavy hair",
            "value": "no",
            "confidence": 0.57
          },
          {
            "name": "wearing earrings",
            "value": "yes",
            "confidence": 1.0
          },
          {
            "name": "wearing hat",
            "value": "no",
            "confidence": 0.84
          },
          {
            "name": "wearing lipstick",
            "value": "yes",
            "confidence": 1.0
          },
          {
            "name": "wearing necklace",
            "value": "yes",
            "confidence": 0.11
          },
          {
            "name": "wearing necktie",
            "value": "no",
            "confidence": 0.76
          },
          {
            "name": "yaw",
            "value": "0.11",
            "confidence": 1.0
          },
          {
            "name": "young",
            "value": "yes",
            "confidence": 0.56
          }
        ],
        "person_id": "",
        "appearance_id": 0,
        "start": "00:00:00",
        "duration": "00:00:00"
      }
    ],
    "tags": null,
    "original_filename": "https://raw.githubusercontent.com/sarkrui/Hairstyle60k/master/Dataset/Odango_Hair/IMG_20.jpg",
    "duration": "00:00:00"
  },
  "recognize": null
}