{
  "media": {
    "media_uuid": "bd84e18a-3791-419e-928e-40a1eb3d6742",
    "checksum": "2af8b339034165ff237b0c1567869b2f22f69ccc3aa0f6ebb62037d59eac98ef",
    "faces": [
      {
        "face_uuid": "f6c1ae80-157f-11e9-99c4-0cc47a6c4dbd",
        "media_uuid": "bd84e18a-3791-419e-928e-40a1eb3d6742",
        "x": 535.85,
        "y": 280.63,
        "width": 111.6,
        "height": 130.55,
        "angle": -15.9094,
        "detection_score": 1.0,
        "points": [
          {
            "x": 517.09,
            "y": 255.11,
            "type": 512,
            "name": "basic eye left"
          },
          {
            "x": 568.52,
            "y": 269.77,
            "type": 768,
            "name": "basic eye right"
          },
          {
            "x": 506.03,
            "y": 252.48,
            "type": 1024,
            "name": "basic eye left outer"
          },
          {
            "x": 578.85,
            "y": 273.24,
            "type": 1280,
            "name": "basic eye right outer"
          },
          {
            "x": 527.44,
            "y": 259.41,
            "type": 1536,
            "name": "basic eye left inner"
          },
          {
            "x": 557.85,
            "y": 268.09,
            "type": 1792,
            "name": "basic eye right inner"
          },
          {
            "x": 511.5,
            "y": 313.84,
            "type": 2048,
            "name": "basic mouth left"
          },
          {
            "x": 546.75,
            "y": 323.42,
            "type": 2304,
            "name": "basic mouth right"
          },
          {
            "x": 538.15,
            "y": 291.63,
            "type": 2560,
            "name": "basic nose tip"
          },
          {
            "x": 529.45,
            "y": 318.66,
            "type": 2816,
            "name": "basic mouth center"
          },
          {
            "x": 529.45,
            "y": 318.66,
            "type": 3072,
            "name": "basic eyebrow left"
          },
          {
            "x": 529.45,
            "y": 318.66,
            "type": 3328,
            "name": "basic eyebrow left inner corner"
          },
          {
            "x": 529.45,
            "y": 318.66,
            "type": 3584,
            "name": "basic eyebrow left outer corner"
          },
          {
            "x": 529.45,
            "y": 318.66,
            "type": 3840,
            "name": "basic eyebrow right"
          },
          {
            "x": 529.45,
            "y": 318.66,
            "type": 4096,
            "name": "basic eyebrow right inner corner"
          },
          {
            "x": 529.45,
            "y": 318.66,
            "type": 4352,
            "name": "basic eyebrow right outer corner"
          },
          {
            "x": 529.45,
            "y": 318.66,
            "type": 4608,
            "name": "basic chin bottom"
          },
          {
            "x": 529.45,
            "y": 318.66,
            "type": 4864,
            "name": "basic chin left"
          },
          {
            "x": 529.45,
            "y": 318.66,
            "type": 5120,
            "name": "basic chin right"
          },
          {
            "x": 523.52,
            "y": 293.33,
            "type": 5376,
            "name": "basic nose left"
          },
          {
            "x": 547.47,
            "y": 299.81,
            "type": 5632,
            "name": "basic nose right"
          }
        ],
        "user_points": null,
        "tags": [
          {
            "name": "5oclock shadow",
            "value": "no",
            "confidence": 1.0
          },
          {
            "name": "age",
            "value": "13",
            "confidence": 0.6
          },
          {
            "name": "arched eyebrows",
            "value": "no",
            "confidence": 0.41
          },
          {
            "name": "attractive",
            "value": "yes",
            "confidence": 0.44
          },
          {
            "name": "bags under eyes",
            "value": "no",
            "confidence": 0.6
          },
          {
            "name": "bald",
            "value": "no",
            "confidence": 0.86
          },
          {
            "name": "bangs",
            "value": "yes",
            "confidence": 0.52
          },
          {
            "name": "beard",
            "value": "no",
            "confidence": 1.0
          },
          {
            "name": "big lips",
            "value": "no",
            "confidence": 0.15
          },
          {
            "name": "big nose",
            "value": "no",
            "confidence": 0.82
          },
          {
            "name": "black hair",
            "value": "no",
            "confidence": 0.14
          },
          {
            "name": "blond hair",
            "value": "no",
            "confidence": 0.59
          },
          {
            "name": "blurry",
            "value": "no",
            "confidence": 0.88
          },
          {
            "name": "brown hair",
            "value": "no",
            "confidence": 0.57
          },
          {
            "name": "bushy eyebrows",
            "value": "no",
            "confidence": 0.46
          },
          {
            "name": "chubby",
            "value": "no",
            "confidence": 0.87
          },
          {
            "name": "double chin",
            "value": "no",
            "confidence": 1.0
          },
          {
            "name": "expression",
            "value": "neutral",
            "confidence": 0.84
          },
          {
            "name": "gender",
            "value": "female",
            "confidence": 0.94
          },
          {
            "name": "glasses",
            "value": "no",
            "confidence": 1.0
          },
          {
            "name": "goatee",
            "value": "no",
            "confidence": 1.0
          },
          {
            "name": "gray hair",
            "value": "no",
            "confidence": 0.79
          },
          {
            "name": "heavy makeup",
            "value": "yes",
            "confidence": 0.33
          },
          {
            "name": "high cheekbones",
            "value": "no",
            "confidence": 0.68
          },
          {
            "name": "mouth open",
            "value": "no",
            "confidence": 0.84
          },
          {
            "name": "mustache",
            "value": "no",
            "confidence": 1.0
          },
          {
            "name": "narrow eyes",
            "value": "no",
            "confidence": 0.37
          },
          {
            "name": "oval face",
            "value": "yes",
            "confidence": 0.19
          },
          {
            "name": "pale skin",
            "value": "yes",
            "confidence": 0.7
          },
          {
            "name": "pitch",
            "value": "-9.04",
            "confidence": 1.0
          },
          {
            "name": "pointy nose",
            "value": "no",
            "confidence": 0.46
          },
          {
            "name": "race",
            "value": "white",
            "confidence": 0.96
          },
          {
            "name": "receding hairline",
            "value": "no",
            "confidence": 1.0
          },
          {
            "name": "rosy cheeks",
            "value": "no",
            "confidence": 0.87
          },
          {
            "name": "sideburns",
            "value": "no",
            "confidence": 1.0
          },
          {
            "name": "straight hair",
            "value": "no",
            "confidence": 0.17
          },
          {
            "name": "wavy hair",
            "value": "no",
            "confidence": 0.54
          },
          {
            "name": "wearing earrings",
            "value": "yes",
            "confidence": 0.18
          },
          {
            "name": "wearing hat",
            "value": "yes",
            "confidence": 0.35
          },
          {
            "name": "wearing lipstick",
            "value": "yes",
            "confidence": 0.54
          },
          {
            "name": "wearing necklace",
            "value": "no",
            "confidence": 0.27
          },
          {
            "name": "wearing necktie",
            "value": "no",
            "confidence": 1.0
          },
          {
            "name": "yaw",
            "value": "-10.09",
            "confidence": 1.0
          },
          {
            "name": "young",
            "value": "yes",
            "confidence": 0.72
          }
        ],
        "person_id": "",
        "appearance_id": 0,
        "start": "00:00:00",
        "duration": "00:00:00"
      }
    ],
    "tags": null,
    "original_filename": "https://raw.githubusercontent.com/sarkrui/Hairstyle60k/master/Dataset/Odango_Hair/IMG_16.jpg",
    "duration": "00:00:00"
  },
  "recognize": null
}