{
  "media": {
    "media_uuid": "a8d81c3a-4618-43c0-8052-7c1f610a96af",
    "checksum": "249366676feec57821e084df1242d732deff562adf8f2abe845470d33a363805",
    "faces": [
      {
        "face_uuid": "f06466f9-157f-11e9-99c4-0cc47a6c4dbd",
        "media_uuid": "a8d81c3a-4618-43c0-8052-7c1f610a96af",
        "x": 291.5,
        "y": 281.01,
        "width": 100.96,
        "height": 133.57,
        "angle": -0.347,
        "detection_score": 1.0,
        "points": [
          {
            "x": 266.5,
            "y": 269.18,
            "type": 512,
            "name": "basic eye left"
          },
          {
            "x": 316.95,
            "y": 269.49,
            "type": 768,
            "name": "basic eye right"
          },
          {
            "x": 255.86,
            "y": 269.29,
            "type": 1024,
            "name": "basic eye left outer"
          },
          {
            "x": 327.64,
            "y": 269.73,
            "type": 1280,
            "name": "basic eye right outer"
          },
          {
            "x": 277.11,
            "y": 270.12,
            "type": 1536,
            "name": "basic eye left inner"
          },
          {
            "x": 306.31,
            "y": 270.28,
            "type": 1792,
            "name": "basic eye right inner"
          },
          {
            "x": 269.45,
            "y": 319.4,
            "type": 2048,
            "name": "basic mouth left"
          },
          {
            "x": 314.18,
            "y": 320.44,
            "type": 2304,
            "name": "basic mouth right"
          },
          {
            "x": 291.5,
            "y": 300.68,
            "type": 2560,
            "name": "basic nose tip"
          },
          {
            "x": 291.74,
            "y": 321.01,
            "type": 2816,
            "name": "basic mouth center"
          },
          {
            "x": 291.74,
            "y": 321.01,
            "type": 3072,
            "name": "basic eyebrow left"
          },
          {
            "x": 291.74,
            "y": 321.01,
            "type": 3328,
            "name": "basic eyebrow left inner corner"
          },
          {
            "x": 291.74,
            "y": 321.01,
            "type": 3584,
            "name": "basic eyebrow left outer corner"
          },
          {
            "x": 291.74,
            "y": 321.01,
            "type": 3840,
            "name": "basic eyebrow right"
          },
          {
            "x": 291.74,
            "y": 321.01,
            "type": 4096,
            "name": "basic eyebrow right inner corner"
          },
          {
            "x": 291.74,
            "y": 321.01,
            "type": 4352,
            "name": "basic eyebrow right outer corner"
          },
          {
            "x": 291.74,
            "y": 321.01,
            "type": 4608,
            "name": "basic chin bottom"
          },
          {
            "x": 291.74,
            "y": 321.01,
            "type": 4864,
            "name": "basic chin left"
          },
          {
            "x": 291.74,
            "y": 321.01,
            "type": 5120,
            "name": "basic chin right"
          },
          {
            "x": 278.45,
            "y": 301.76,
            "type": 5376,
            "name": "basic nose left"
          },
          {
            "x": 304.82,
            "y": 302.18,
            "type": 5632,
            "name": "basic nose right"
          }
        ],
        "user_points": null,
        "tags": [
          {
            "name": "5oclock shadow",
            "value": "no",
            "confidence": 1.0
          },
          {
            "name": "age",
            "value": "15",
            "confidence": 0.6
          },
          {
            "name": "arched eyebrows",
            "value": "no",
            "confidence": 0.75
          },
          {
            "name": "attractive",
            "value": "no",
            "confidence": 0.94
          },
          {
            "name": "bags under eyes",
            "value": "no",
            "confidence": 0.14
          },
          {
            "name": "bald",
            "value": "no",
            "confidence": 0.36
          },
          {
            "name": "bangs",
            "value": "no",
            "confidence": 1.0
          },
          {
            "name": "beard",
            "value": "no",
            "confidence": 0.87
          },
          {
            "name": "big lips",
            "value": "no",
            "confidence": 0.8
          },
          {
            "name": "big nose",
            "value": "no",
            "confidence": 0.5
          },
          {
            "name": "black hair",
            "value": "no",
            "confidence": 0.84
          },
          {
            "name": "blond hair",
            "value": "yes",
            "confidence": 0.16
          },
          {
            "name": "blurry",
            "value": "yes",
            "confidence": 0.89
          },
          {
            "name": "brown hair",
            "value": "no",
            "confidence": 0.44
          },
          {
            "name": "bushy eyebrows",
            "value": "no",
            "confidence": 0.98
          },
          {
            "name": "chubby",
            "value": "no",
            "confidence": 0.16
          },
          {
            "name": "double chin",
            "value": "no",
            "confidence": 0.43
          },
          {
            "name": "expression",
            "value": "neutral",
            "confidence": 0.19
          },
          {
            "name": "gender",
            "value": "female",
            "confidence": 0.5
          },
          {
            "name": "glasses",
            "value": "no",
            "confidence": 1.0
          },
          {
            "name": "goatee",
            "value": "no",
            "confidence": 1.0
          },
          {
            "name": "gray hair",
            "value": "no",
            "confidence": 0.22
          },
          {
            "name": "heavy makeup",
            "value": "no",
            "confidence": 1.0
          },
          {
            "name": "high cheekbones",
            "value": "no",
            "confidence": 0.09
          },
          {
            "name": "mouth open",
            "value": "no",
            "confidence": 0.5
          },
          {
            "name": "mustache",
            "value": "no",
            "confidence": 0.99
          },
          {
            "name": "narrow eyes",
            "value": "yes",
            "confidence": 0.25
          },
          {
            "name": "oval face",
            "value": "yes",
            "confidence": 0.25
          },
          {
            "name": "pale skin",
            "value": "no",
            "confidence": 0.59
          },
          {
            "name": "pitch",
            "value": "-9.05",
            "confidence": 1.0
          },
          {
            "name": "pointy nose",
            "value": "no",
            "confidence": 1.0
          },
          {
            "name": "race",
            "value": "white",
            "confidence": 1.0
          },
          {
            "name": "receding hairline",
            "value": "yes",
            "confidence": 0.33
          },
          {
            "name": "rosy cheeks",
            "value": "no",
            "confidence": 1.0
          },
          {
            "name": "sideburns",
            "value": "no",
            "confidence": 1.0
          },
          {
            "name": "straight hair",
            "value": "no",
            "confidence": 0.39
          },
          {
            "name": "wavy hair",
            "value": "no",
            "confidence": 0.51
          },
          {
            "name": "wearing earrings",
            "value": "yes",
            "confidence": 0.0
          },
          {
            "name": "wearing hat",
            "value": "no",
            "confidence": 0.33
          },
          {
            "name": "wearing lipstick",
            "value": "no",
            "confidence": 1.0
          },
          {
            "name": "wearing necklace",
            "value": "no",
            "confidence": 0.38
          },
          {
            "name": "wearing necktie",
            "value": "no",
            "confidence": 0.97
          },
          {
            "name": "yaw",
            "value": "3.36",
            "confidence": 1.0
          },
          {
            "name": "young",
            "value": "yes",
            "confidence": 0.05
          }
        ],
        "person_id": "",
        "appearance_id": 0,
        "start": "00:00:00",
        "duration": "00:00:00"
      }
    ],
    "tags": null,
    "original_filename": "https://raw.githubusercontent.com/sarkrui/Hairstyle60k/master/Dataset/Odango_Hair/IMG_10.jpg",
    "duration": "00:00:00"
  },
  "recognize": null
}