{
  "media": {
    "media_uuid": "2d350d14-b02e-4835-9477-fe044745ba09",
    "checksum": "d517ca9018de2fa4ef901a99ccde93a65656017c15e91094a51427496fae6024",
    "faces": [
      {
        "face_uuid": "fb944df7-157f-11e9-99c4-0cc47a6c4dbd",
        "media_uuid": "2d350d14-b02e-4835-9477-fe044745ba09",
        "x": 450.78,
        "y": 299.42,
        "width": 131.29,
        "height": 188.46,
        "angle": 3.999,
        "detection_score": 1.0,
        "points": [
          {
            "x": 419.92,
            "y": 287.31,
            "type": 512,
            "name": "basic eye left"
          },
          {
            "x": 483.97,
            "y": 282.83,
            "type": 768,
            "name": "basic eye right"
          },
          {
            "x": 405.86,
            "y": 288.19,
            "type": 1024,
            "name": "basic eye left outer"
          },
          {
            "x": 497.64,
            "y": 281.74,
            "type": 1280,
            "name": "basic eye right outer"
          },
          {
            "x": 433.89,
            "y": 287.53,
            "type": 1536,
            "name": "basic eye left inner"
          },
          {
            "x": 470.63,
            "y": 284.98,
            "type": 1792,
            "name": "basic eye right inner"
          },
          {
            "x": 432.93,
            "y": 354.9,
            "type": 2048,
            "name": "basic mouth left"
          },
          {
            "x": 480.26,
            "y": 351.24,
            "type": 2304,
            "name": "basic mouth right"
          },
          {
            "x": 458.22,
            "y": 329.51,
            "type": 2560,
            "name": "basic nose tip"
          },
          {
            "x": 456.97,
            "y": 354.32,
            "type": 2816,
            "name": "basic mouth center"
          },
          {
            "x": 456.97,
            "y": 354.32,
            "type": 3072,
            "name": "basic eyebrow left"
          },
          {
            "x": 456.97,
            "y": 354.32,
            "type": 3328,
            "name": "basic eyebrow left inner corner"
          },
          {
            "x": 456.97,
            "y": 354.32,
            "type": 3584,
            "name": "basic eyebrow left outer corner"
          },
          {
            "x": 456.97,
            "y": 354.32,
            "type": 3840,
            "name": "basic eyebrow right"
          },
          {
            "x": 456.97,
            "y": 354.32,
            "type": 4096,
            "name": "basic eyebrow right inner corner"
          },
          {
            "x": 456.97,
            "y": 354.32,
            "type": 4352,
            "name": "basic eyebrow right outer corner"
          },
          {
            "x": 456.97,
            "y": 354.32,
            "type": 4608,
            "name": "basic chin bottom"
          },
          {
            "x": 456.97,
            "y": 354.32,
            "type": 4864,
            "name": "basic chin left"
          },
          {
            "x": 456.97,
            "y": 354.32,
            "type": 5120,
            "name": "basic chin right"
          },
          {
            "x": 441.3,
            "y": 330.75,
            "type": 5376,
            "name": "basic nose left"
          },
          {
            "x": 472.42,
            "y": 328.34,
            "type": 5632,
            "name": "basic nose right"
          }
        ],
        "user_points": null,
        "tags": [
          {
            "name": "5oclock shadow",
            "value": "no",
            "confidence": 0.84
          },
          {
            "name": "age",
            "value": "25",
            "confidence": 0.6
          },
          {
            "name": "arched eyebrows",
            "value": "yes",
            "confidence": 0.03
          },
          {
            "name": "attractive",
            "value": "yes",
            "confidence": 0.37
          },
          {
            "name": "bags under eyes",
            "value": "no",
            "confidence": 0.69
          },
          {
            "name": "bald",
            "value": "no",
            "confidence": 0.72
          },
          {
            "name": "bangs",
            "value": "no",
            "confidence": 1.0
          },
          {
            "name": "beard",
            "value": "no",
            "confidence": 0.8
          },
          {
            "name": "big lips",
            "value": "yes",
            "confidence": 0.18
          },
          {
            "name": "big nose",
            "value": "no",
            "confidence": 0.71
          },
          {
            "name": "black hair",
            "value": "yes",
            "confidence": 0.23
          },
          {
            "name": "blond hair",
            "value": "no",
            "confidence": 0.77
          },
          {
            "name": "blurry",
            "value": "no",
            "confidence": 0.67
          },
          {
            "name": "brown hair",
            "value": "no",
            "confidence": 0.56
          },
          {
            "name": "bushy eyebrows",
            "value": "no",
            "confidence": 0.45
          },
          {
            "name": "chubby",
            "value": "no",
            "confidence": 1.0
          },
          {
            "name": "double chin",
            "value": "no",
            "confidence": 1.0
          },
          {
            "name": "expression",
            "value": "neutral",
            "confidence": 1.0
          },
          {
            "name": "gender",
            "value": "female",
            "confidence": 0.75
          },
          {
            "name": "glasses",
            "value": "no",
            "confidence": 1.0
          },
          {
            "name": "goatee",
            "value": "no",
            "confidence": 0.95
          },
          {
            "name": "gray hair",
            "value": "no",
            "confidence": 0.94
          },
          {
            "name": "heavy makeup",
            "value": "no",
            "confidence": 0.27
          },
          {
            "name": "high cheekbones",
            "value": "no",
            "confidence": 0.99
          },
          {
            "name": "mouth open",
            "value": "no",
            "confidence": 0.9
          },
          {
            "name": "mustache",
            "value": "no",
            "confidence": 0.96
          },
          {
            "name": "narrow eyes",
            "value": "no",
            "confidence": 0.8
          },
          {
            "name": "oval face",
            "value": "no",
            "confidence": 0.33
          },
          {
            "name": "pale skin",
            "value": "yes",
            "confidence": 0.46
          },
          {
            "name": "pitch",
            "value": "-7.71",
            "confidence": 1.0
          },
          {
            "name": "pointy nose",
            "value": "yes",
            "confidence": 0.08
          },
          {
            "name": "race",
            "value": "white",
            "confidence": 1.0
          },
          {
            "name": "receding hairline",
            "value": "yes",
            "confidence": 0.27
          },
          {
            "name": "rosy cheeks",
            "value": "no",
            "confidence": 1.0
          },
          {
            "name": "sideburns",
            "value": "no",
            "confidence": 1.0
          },
          {
            "name": "straight hair",
            "value": "yes",
            "confidence": 0.14
          },
          {
            "name": "wavy hair",
            "value": "no",
            "confidence": 0.67
          },
          {
            "name": "wearing earrings",
            "value": "no",
            "confidence": 0.19
          },
          {
            "name": "wearing hat",
            "value": "no",
            "confidence": 0.85
          },
          {
            "name": "wearing lipstick",
            "value": "yes",
            "confidence": 0.05
          },
          {
            "name": "wearing necklace",
            "value": "no",
            "confidence": 0.44
          },
          {
            "name": "wearing necktie",
            "value": "no",
            "confidence": 0.8
          },
          {
            "name": "yaw",
            "value": "15.1",
            "confidence": 1.0
          },
          {
            "name": "young",
            "value": "yes",
            "confidence": 0.91
          }
        ],
        "person_id": "",
        "appearance_id": 0,
        "start": "00:00:00",
        "duration": "00:00:00"
      }
    ],
    "tags": null,
    "original_filename": "https://raw.githubusercontent.com/sarkrui/Hairstyle60k/master/Dataset/Odango_Hair/IMG_21.jpg",
    "duration": "00:00:00"
  },
  "recognize": null
}