{
  "media": {
    "media_uuid": "5beb8d70-74fd-49b4-8799-79021200f123",
    "checksum": "19c2a7e89a609df78079f384dff18621b6e8f9adfe951fcc3f09dfc268e4bda5",
    "faces": [
      {
        "face_uuid": "74647531-1540-11e9-99c4-0cc47a6c4dbd",
        "media_uuid": "5beb8d70-74fd-49b4-8799-79021200f123",
        "x": 323.89,
        "y": 241.91,
        "width": 126.93,
        "height": 160.63,
        "angle": -2.9089,
        "detection_score": 1.0,
        "points": [
          {
            "x": 295.96,
            "y": 232.38,
            "type": 512,
            "name": "basic eye left"
          },
          {
            "x": 355.3,
            "y": 235.39,
            "type": 768,
            "name": "basic eye right"
          },
          {
            "x": 283.35,
            "y": 231.45,
            "type": 1024,
            "name": "basic eye left outer"
          },
          {
            "x": 368.08,
            "y": 235.71,
            "type": 1280,
            "name": "basic eye right outer"
          },
          {
            "x": 308.17,
            "y": 234.45,
            "type": 1536,
            "name": "basic eye left inner"
          },
          {
            "x": 342.6,
            "y": 236.2,
            "type": 1792,
            "name": "basic eye right inner"
          },
          {
            "x": 300.22,
            "y": 289.26,
            "type": 2048,
            "name": "basic mouth left"
          },
          {
            "x": 346.31,
            "y": 291.77,
            "type": 2304,
            "name": "basic mouth right"
          },
          {
            "x": 323.33,
            "y": 276.43,
            "type": 2560,
            "name": "basic nose tip"
          },
          {
            "x": 323.19,
            "y": 292.3,
            "type": 2816,
            "name": "basic mouth center"
          },
          {
            "x": 323.19,
            "y": 292.3,
            "type": 3072,
            "name": "basic eyebrow left"
          },
          {
            "x": 323.19,
            "y": 292.3,
            "type": 3328,
            "name": "basic eyebrow left inner corner"
          },
          {
            "x": 323.19,
            "y": 292.3,
            "type": 3584,
            "name": "basic eyebrow left outer corner"
          },
          {
            "x": 323.19,
            "y": 292.3,
            "type": 3840,
            "name": "basic eyebrow right"
          },
          {
            "x": 323.19,
            "y": 292.3,
            "type": 4096,
            "name": "basic eyebrow right inner corner"
          },
          {
            "x": 323.19,
            "y": 292.3,
            "type": 4352,
            "name": "basic eyebrow right outer corner"
          },
          {
            "x": 323.19,
            "y": 292.3,
            "type": 4608,
            "name": "basic chin bottom"
          },
          {
            "x": 323.19,
            "y": 292.3,
            "type": 4864,
            "name": "basic chin left"
          },
          {
            "x": 323.19,
            "y": 292.3,
            "type": 5120,
            "name": "basic chin right"
          },
          {
            "x": 308.67,
            "y": 272.39,
            "type": 5376,
            "name": "basic nose left"
          },
          {
            "x": 338.67,
            "y": 274.25,
            "type": 5632,
            "name": "basic nose right"
          }
        ],
        "user_points": null,
        "tags": [
          {
            "name": "5oclock shadow",
            "value": "no",
            "confidence": 0.77
          },
          {
            "name": "age",
            "value": "29",
            "confidence": 0.6
          },
          {
            "name": "arched eyebrows",
            "value": "no",
            "confidence": 1.0
          },
          {
            "name": "attractive",
            "value": "no",
            "confidence": 0.67
          },
          {
            "name": "bags under eyes",
            "value": "no",
            "confidence": 0.53
          },
          {
            "name": "bald",
            "value": "no",
            "confidence": 0.57
          },
          {
            "name": "bangs",
            "value": "no",
            "confidence": 0.27
          },
          {
            "name": "beard",
            "value": "no",
            "confidence": 0.81
          },
          {
            "name": "big lips",
            "value": "no",
            "confidence": 0.83
          },
          {
            "name": "big nose",
            "value": "no",
            "confidence": 0.53
          },
          {
            "name": "black hair",
            "value": "no",
            "confidence": 0.95
          },
          {
            "name": "blond hair",
            "value": "no",
            "confidence": 0.07
          },
          {
            "name": "blurry",
            "value": "yes",
            "confidence": 0.21
          },
          {
            "name": "brown hair",
            "value": "yes",
            "confidence": 0.12
          },
          {
            "name": "bushy eyebrows",
            "value": "no",
            "confidence": 1.0
          },
          {
            "name": "chubby",
            "value": "no",
            "confidence": 0.62
          },
          {
            "name": "double chin",
            "value": "no",
            "confidence": 0.74
          },
          {
            "name": "expression",
            "value": "neutral",
            "confidence": 0.73
          },
          {
            "name": "gender",
            "value": "male",
            "confidence": 0.33
          },
          {
            "name": "glasses",
            "value": "no",
            "confidence": 1.0
          },
          {
            "name": "goatee",
            "value": "no",
            "confidence": 1.0
          },
          {
            "name": "gray hair",
            "value": "no",
            "confidence": 0.06
          },
          {
            "name": "heavy makeup",
            "value": "no",
            "confidence": 0.76
          },
          {
            "name": "high cheekbones",
            "value": "no",
            "confidence": 0.79
          },
          {
            "name": "mouth open",
            "value": "no",
            "confidence": 0.46
          },
          {
            "name": "mustache",
            "value": "no",
            "confidence": 0.93
          },
          {
            "name": "narrow eyes",
            "value": "no",
            "confidence": 0.26
          },
          {
            "name": "oval face",
            "value": "no",
            "confidence": 0.24
          },
          {
            "name": "pale skin",
            "value": "yes",
            "confidence": 0.09
          },
          {
            "name": "pitch",
            "value": "-6.85",
            "confidence": 1.0
          },
          {
            "name": "pointy nose",
            "value": "no",
            "confidence": 0.27
          },
          {
            "name": "race",
            "value": "white",
            "confidence": 0.99
          },
          {
            "name": "receding hairline",
            "value": "no",
            "confidence": 0.35
          },
          {
            "name": "rosy cheeks",
            "value": "no",
            "confidence": 1.0
          },
          {
            "name": "sideburns",
            "value": "no",
            "confidence": 1.0
          },
          {
            "name": "straight hair",
            "value": "yes",
            "confidence": 0.4
          },
          {
            "name": "wavy hair",
            "value": "no",
            "confidence": 0.47
          },
          {
            "name": "wearing earrings",
            "value": "no",
            "confidence": 0.96
          },
          {
            "name": "wearing hat",
            "value": "no",
            "confidence": 1.0
          },
          {
            "name": "wearing lipstick",
            "value": "no",
            "confidence": 0.7
          },
          {
            "name": "wearing necklace",
            "value": "no",
            "confidence": 0.8
          },
          {
            "name": "wearing necktie",
            "value": "no",
            "confidence": 0.25
          },
          {
            "name": "yaw",
            "value": "-6.02",
            "confidence": 1.0
          },
          {
            "name": "young",
            "value": "no",
            "confidence": 0.15
          }
        ],
        "person_id": "",
        "appearance_id": 0,
        "start": "00:00:00",
        "duration": "00:00:00"
      }
    ],
    "tags": null,
    "original_filename": "https://raw.githubusercontent.com/sarkrui/Hairstyle60k/master/Dataset/Odango_Hair/IMG_1.jpg",
    "duration": "00:00:00"
  },
  "recognize": null
}