{
  "media": {
    "media_uuid": "4c64d07c-22c4-46f1-bc1c-1b689039395c",
    "checksum": "6f8eb3c9be8c6e78569edfe610a12c2b70a8e99d8170b436ca7db068e85a1de6",
    "faces": [
      {
        "face_uuid": "4e5f3248-1536-11e9-99c4-0cc47a6c4dbd",
        "media_uuid": "4c64d07c-22c4-46f1-bc1c-1b689039395c",
        "x": 191.5,
        "y": 221.5,
        "width": 182.1,
        "height": 235.49,
        "angle": -0.375,
        "detection_score": 1.0,
        "points": [
          {
            "x": 150.3,
            "y": 192.07,
            "type": 512,
            "name": "basic eye left"
          },
          {
            "x": 235.76,
            "y": 192.63,
            "type": 768,
            "name": "basic eye right"
          },
          {
            "x": 132.35,
            "y": 192.23,
            "type": 1024,
            "name": "basic eye left outer"
          },
          {
            "x": 254.02,
            "y": 193.04,
            "type": 1280,
            "name": "basic eye right outer"
          },
          {
            "x": 167.98,
            "y": 194.0,
            "type": 1536,
            "name": "basic eye left inner"
          },
          {
            "x": 217.65,
            "y": 194.32,
            "type": 1792,
            "name": "basic eye right inner"
          },
          {
            "x": 153.45,
            "y": 280.47,
            "type": 2048,
            "name": "basic mouth left"
          },
          {
            "x": 227.95,
            "y": 279.75,
            "type": 2304,
            "name": "basic mouth right"
          },
          {
            "x": 189.87,
            "y": 246.52,
            "type": 2560,
            "name": "basic nose tip"
          },
          {
            "x": 190.62,
            "y": 282.15,
            "type": 2816,
            "name": "basic mouth center"
          },
          {
            "x": 190.62,
            "y": 282.15,
            "type": 3072,
            "name": "basic eyebrow left"
          },
          {
            "x": 190.62,
            "y": 282.15,
            "type": 3328,
            "name": "basic eyebrow left inner corner"
          },
          {
            "x": 190.62,
            "y": 282.15,
            "type": 3584,
            "name": "basic eyebrow left outer corner"
          },
          {
            "x": 190.62,
            "y": 282.15,
            "type": 3840,
            "name": "basic eyebrow right"
          },
          {
            "x": 190.62,
            "y": 282.15,
            "type": 4096,
            "name": "basic eyebrow right inner corner"
          },
          {
            "x": 190.62,
            "y": 282.15,
            "type": 4352,
            "name": "basic eyebrow right outer corner"
          },
          {
            "x": 190.62,
            "y": 282.15,
            "type": 4608,
            "name": "basic chin bottom"
          },
          {
            "x": 190.62,
            "y": 282.15,
            "type": 4864,
            "name": "basic chin left"
          },
          {
            "x": 190.62,
            "y": 282.15,
            "type": 5120,
            "name": "basic chin right"
          },
          {
            "x": 168.97,
            "y": 249.28,
            "type": 5376,
            "name": "basic nose left"
          },
          {
            "x": 212.32,
            "y": 249.11,
            "type": 5632,
            "name": "basic nose right"
          }
        ],
        "user_points": null,
        "tags": [
          {
            "name": "5oclock shadow",
            "value": "no",
            "confidence": 1.0
          },
          {
            "name": "age",
            "value": "33",
            "confidence": 0.6
          },
          {
            "name": "arched eyebrows",
            "value": "no",
            "confidence": 0.66
          },
          {
            "name": "attractive",
            "value": "yes",
            "confidence": 0.63
          },
          {
            "name": "bags under eyes",
            "value": "no",
            "confidence": 1.0
          },
          {
            "name": "bald",
            "value": "no",
            "confidence": 1.0
          },
          {
            "name": "bangs",
            "value": "yes",
            "confidence": 1.0
          },
          {
            "name": "beard",
            "value": "no",
            "confidence": 1.0
          },
          {
            "name": "big lips",
            "value": "no",
            "confidence": 0.19
          },
          {
            "name": "big nose",
            "value": "no",
            "confidence": 0.8
          },
          {
            "name": "black hair",
            "value": "yes",
            "confidence": 1.0
          },
          {
            "name": "blond hair",
            "value": "no",
            "confidence": 1.0
          },
          {
            "name": "blurry",
            "value": "no",
            "confidence": 0.62
          },
          {
            "name": "brown hair",
            "value": "no",
            "confidence": 0.82
          },
          {
            "name": "bushy eyebrows",
            "value": "no",
            "confidence": 0.36
          },
          {
            "name": "chubby",
            "value": "no",
            "confidence": 0.83
          },
          {
            "name": "double chin",
            "value": "no",
            "confidence": 0.78
          },
          {
            "name": "expression",
            "value": "smile",
            "confidence": 1.0
          },
          {
            "name": "gender",
            "value": "female",
            "confidence": 0.91
          },
          {
            "name": "glasses",
            "value": "no",
            "confidence": 1.0
          },
          {
            "name": "goatee",
            "value": "no",
            "confidence": 1.0
          },
          {
            "name": "gray hair",
            "value": "no",
            "confidence": 1.0
          },
          {
            "name": "heavy makeup",
            "value": "yes",
            "confidence": 0.61
          },
          {
            "name": "high cheekbones",
            "value": "yes",
            "confidence": 0.66
          },
          {
            "name": "mouth open",
            "value": "yes",
            "confidence": 1.0
          },
          {
            "name": "mustache",
            "value": "no",
            "confidence": 1.0
          },
          {
            "name": "narrow eyes",
            "value": "no",
            "confidence": 0.48
          },
          {
            "name": "oval face",
            "value": "yes",
            "confidence": 0.4
          },
          {
            "name": "pale skin",
            "value": "yes",
            "confidence": 0.29
          },
          {
            "name": "pitch",
            "value": "-9.02",
            "confidence": 1.0
          },
          {
            "name": "pointy nose",
            "value": "yes",
            "confidence": 0.11
          },
          {
            "name": "race",
            "value": "white",
            "confidence": 1.0
          },
          {
            "name": "receding hairline",
            "value": "no",
            "confidence": 1.0
          },
          {
            "name": "rosy cheeks",
            "value": "no",
            "confidence": 0.11
          },
          {
            "name": "sideburns",
            "value": "no",
            "confidence": 1.0
          },
          {
            "name": "straight hair",
            "value": "yes",
            "confidence": 0.35
          },
          {
            "name": "wavy hair",
            "value": "no",
            "confidence": 0.29
          },
          {
            "name": "wearing earrings",
            "value": "no",
            "confidence": 0.17
          },
          {
            "name": "wearing hat",
            "value": "no",
            "confidence": 0.49
          },
          {
            "name": "wearing lipstick",
            "value": "yes",
            "confidence": 0.87
          },
          {
            "name": "wearing necklace",
            "value": "no",
            "confidence": 0.05
          },
          {
            "name": "wearing necktie",
            "value": "no",
            "confidence": 0.77
          },
          {
            "name": "yaw",
            "value": "4.91",
            "confidence": 1.0
          },
          {
            "name": "young",
            "value": "yes",
            "confidence": 0.42
          }
        ],
        "person_id": "",
        "appearance_id": 0,
        "start": "00:00:00",
        "duration": "00:00:00"
      }
    ],
    "tags": null,
    "original_filename": "https://raw.githubusercontent.com/sarkrui/Hairstyle60k/master/Dataset/Pageboy/IMG_2.jpg",
    "duration": "00:00:00"
  },
  "recognize": null
}