{
  "media": {
    "media_uuid": "e5870939-6fb4-4c50-a944-bb2d13106c70",
    "checksum": "e79af7fd6b1f11793a02756002625715e63136fd5ec958f1d7cf68330126f898",
    "faces": [
      {
        "face_uuid": "55c573f8-1536-11e9-99c4-0cc47a6c4dbd",
        "media_uuid": "e5870939-6fb4-4c50-a944-bb2d13106c70",
        "x": 235.0,
        "y": 301.0,
        "width": 260.59,
        "height": 323.36,
        "angle": -2.666,
        "detection_score": 1.0,
        "points": [
          {
            "x": 167.7,
            "y": 252.55,
            "type": 512,
            "name": "basic eye left"
          },
          {
            "x": 296.7,
            "y": 258.56,
            "type": 768,
            "name": "basic eye right"
          },
          {
            "x": 140.38,
            "y": 252.45,
            "type": 1024,
            "name": "basic eye left outer"
          },
          {
            "x": 323.98,
            "y": 261.04,
            "type": 1280,
            "name": "basic eye right outer"
          },
          {
            "x": 194.06,
            "y": 256.04,
            "type": 1536,
            "name": "basic eye left inner"
          },
          {
            "x": 270.04,
            "y": 259.56,
            "type": 1792,
            "name": "basic eye right inner"
          },
          {
            "x": 182.96,
            "y": 382.67,
            "type": 2048,
            "name": "basic mouth left"
          },
          {
            "x": 267.79,
            "y": 386.6,
            "type": 2304,
            "name": "basic mouth right"
          },
          {
            "x": 227.37,
            "y": 324.46,
            "type": 2560,
            "name": "basic nose tip"
          },
          {
            "x": 225.31,
            "y": 384.9,
            "type": 2816,
            "name": "basic mouth center"
          },
          {
            "x": 225.31,
            "y": 384.9,
            "type": 3072,
            "name": "basic eyebrow left"
          },
          {
            "x": 225.31,
            "y": 384.9,
            "type": 3328,
            "name": "basic eyebrow left inner corner"
          },
          {
            "x": 225.31,
            "y": 384.9,
            "type": 3584,
            "name": "basic eyebrow left outer corner"
          },
          {
            "x": 225.31,
            "y": 384.9,
            "type": 3840,
            "name": "basic eyebrow right"
          },
          {
            "x": 225.31,
            "y": 384.9,
            "type": 4096,
            "name": "basic eyebrow right inner corner"
          },
          {
            "x": 225.31,
            "y": 384.9,
            "type": 4352,
            "name": "basic eyebrow right outer corner"
          },
          {
            "x": 225.31,
            "y": 384.9,
            "type": 4608,
            "name": "basic chin bottom"
          },
          {
            "x": 225.31,
            "y": 384.9,
            "type": 4864,
            "name": "basic chin left"
          },
          {
            "x": 225.31,
            "y": 384.9,
            "type": 5120,
            "name": "basic chin right"
          },
          {
            "x": 197.82,
            "y": 330.44,
            "type": 5376,
            "name": "basic nose left"
          },
          {
            "x": 257.32,
            "y": 333.24,
            "type": 5632,
            "name": "basic nose right"
          }
        ],
        "user_points": null,
        "tags": [
          {
            "name": "5oclock shadow",
            "value": "no",
            "confidence": 1.0
          },
          {
            "name": "age",
            "value": "18",
            "confidence": 0.6
          },
          {
            "name": "arched eyebrows",
            "value": "no",
            "confidence": 0.69
          },
          {
            "name": "attractive",
            "value": "no",
            "confidence": 0.09
          },
          {
            "name": "bags under eyes",
            "value": "no",
            "confidence": 0.85
          },
          {
            "name": "bald",
            "value": "no",
            "confidence": 0.95
          },
          {
            "name": "bangs",
            "value": "yes",
            "confidence": 1.0
          },
          {
            "name": "beard",
            "value": "no",
            "confidence": 1.0
          },
          {
            "name": "big lips",
            "value": "no",
            "confidence": 0.22
          },
          {
            "name": "big nose",
            "value": "no",
            "confidence": 0.88
          },
          {
            "name": "black hair",
            "value": "no",
            "confidence": 0.92
          },
          {
            "name": "blond hair",
            "value": "yes",
            "confidence": 0.89
          },
          {
            "name": "blurry",
            "value": "no",
            "confidence": 0.34
          },
          {
            "name": "brown hair",
            "value": "no",
            "confidence": 1.0
          },
          {
            "name": "bushy eyebrows",
            "value": "no",
            "confidence": 0.91
          },
          {
            "name": "chubby",
            "value": "no",
            "confidence": 0.77
          },
          {
            "name": "double chin",
            "value": "no",
            "confidence": 0.87
          },
          {
            "name": "expression",
            "value": "neutral",
            "confidence": 0.98
          },
          {
            "name": "gender",
            "value": "female",
            "confidence": 0.79
          },
          {
            "name": "glasses",
            "value": "no",
            "confidence": 1.0
          },
          {
            "name": "goatee",
            "value": "no",
            "confidence": 0.97
          },
          {
            "name": "gray hair",
            "value": "no",
            "confidence": 0.1
          },
          {
            "name": "heavy makeup",
            "value": "yes",
            "confidence": 0.38
          },
          {
            "name": "high cheekbones",
            "value": "no",
            "confidence": 0.71
          },
          {
            "name": "mouth open",
            "value": "no",
            "confidence": 0.72
          },
          {
            "name": "mustache",
            "value": "no",
            "confidence": 0.93
          },
          {
            "name": "narrow eyes",
            "value": "no",
            "confidence": 0.42
          },
          {
            "name": "oval face",
            "value": "no",
            "confidence": 0.06
          },
          {
            "name": "pale skin",
            "value": "yes",
            "confidence": 0.27
          },
          {
            "name": "pitch",
            "value": "-9.65",
            "confidence": 1.0
          },
          {
            "name": "pointy nose",
            "value": "no",
            "confidence": 0.05
          },
          {
            "name": "race",
            "value": "white",
            "confidence": 1.0
          },
          {
            "name": "receding hairline",
            "value": "no",
            "confidence": 1.0
          },
          {
            "name": "rosy cheeks",
            "value": "no",
            "confidence": 0.54
          },
          {
            "name": "sideburns",
            "value": "no",
            "confidence": 0.97
          },
          {
            "name": "straight hair",
            "value": "no",
            "confidence": 0.71
          },
          {
            "name": "wavy hair",
            "value": "yes",
            "confidence": 0.43
          },
          {
            "name": "wearing earrings",
            "value": "no",
            "confidence": 0.18
          },
          {
            "name": "wearing hat",
            "value": "no",
            "confidence": 0.21
          },
          {
            "name": "wearing lipstick",
            "value": "yes",
            "confidence": 0.51
          },
          {
            "name": "wearing necklace",
            "value": "yes",
            "confidence": 0.12
          },
          {
            "name": "wearing necktie",
            "value": "no",
            "confidence": 0.99
          },
          {
            "name": "yaw",
            "value": "1.88",
            "confidence": 1.0
          },
          {
            "name": "young",
            "value": "no",
            "confidence": 0.13
          }
        ],
        "person_id": "",
        "appearance_id": 0,
        "start": "00:00:00",
        "duration": "00:00:00"
      }
    ],
    "tags": null,
    "original_filename": "https://raw.githubusercontent.com/sarkrui/Hairstyle60k/master/Dataset/Pageboy/IMG_11.jpg",
    "duration": "00:00:00"
  },
  "recognize": null
}