{
  "media": {
    "media_uuid": "9b5e3bed-b309-4f1c-9fdf-02b1eb3eba38",
    "checksum": "7f7299d0b7e1fd4b251531e7f636511b754b1990dc81a923748a9ee38ac16f06",
    "faces": [
      {
        "face_uuid": "514796f7-1536-11e9-99c4-0cc47a6c4dbd",
        "media_uuid": "9b5e3bed-b309-4f1c-9fdf-02b1eb3eba38",
        "x": 139.0,
        "y": 102.0,
        "width": 63.44,
        "height": 82.67,
        "angle": -8.6055,
        "detection_score": 1.0,
        "points": [
          {
            "x": 137.99,
            "y": 89.58,
            "type": 512,
            "name": "basic eye left"
          },
          {
            "x": 167.15,
            "y": 93.99,
            "type": 768,
            "name": "basic eye right"
          },
          {
            "x": 130.96,
            "y": 88.69,
            "type": 1024,
            "name": "basic eye left outer"
          },
          {
            "x": 172.84,
            "y": 95.01,
            "type": 1280,
            "name": "basic eye right outer"
          },
          {
            "x": 144.63,
            "y": 90.6,
            "type": 1536,
            "name": "basic eye left inner"
          },
          {
            "x": 161.58,
            "y": 93.19,
            "type": 1792,
            "name": "basic eye right inner"
          },
          {
            "x": 137.01,
            "y": 123.49,
            "type": 2048,
            "name": "basic mouth left"
          },
          {
            "x": 160.94,
            "y": 127.27,
            "type": 2304,
            "name": "basic mouth right"
          },
          {
            "x": 156.97,
            "y": 109.28,
            "type": 2560,
            "name": "basic nose tip"
          },
          {
            "x": 149.7,
            "y": 125.21,
            "type": 2816,
            "name": "basic mouth center"
          },
          {
            "x": 149.7,
            "y": 125.21,
            "type": 3072,
            "name": "basic eyebrow left"
          },
          {
            "x": 149.7,
            "y": 125.21,
            "type": 3328,
            "name": "basic eyebrow left inner corner"
          },
          {
            "x": 149.7,
            "y": 125.21,
            "type": 3584,
            "name": "basic eyebrow left outer corner"
          },
          {
            "x": 149.7,
            "y": 125.21,
            "type": 3840,
            "name": "basic eyebrow right"
          },
          {
            "x": 149.7,
            "y": 125.21,
            "type": 4096,
            "name": "basic eyebrow right inner corner"
          },
          {
            "x": 149.7,
            "y": 125.21,
            "type": 4352,
            "name": "basic eyebrow right outer corner"
          },
          {
            "x": 149.7,
            "y": 125.21,
            "type": 4608,
            "name": "basic chin bottom"
          },
          {
            "x": 149.7,
            "y": 125.21,
            "type": 4864,
            "name": "basic chin left"
          },
          {
            "x": 149.7,
            "y": 125.21,
            "type": 5120,
            "name": "basic chin right"
          },
          {
            "x": 145.73,
            "y": 110.56,
            "type": 5376,
            "name": "basic nose left"
          },
          {
            "x": 160.96,
            "y": 112.94,
            "type": 5632,
            "name": "basic nose right"
          }
        ],
        "user_points": null,
        "tags": [
          {
            "name": "5oclock shadow",
            "value": "no",
            "confidence": 0.77
          },
          {
            "name": "age",
            "value": "26",
            "confidence": 0.6
          },
          {
            "name": "arched eyebrows",
            "value": "no",
            "confidence": 1.0
          },
          {
            "name": "attractive",
            "value": "no",
            "confidence": 0.51
          },
          {
            "name": "bags under eyes",
            "value": "no",
            "confidence": 0.41
          },
          {
            "name": "bald",
            "value": "no",
            "confidence": 1.0
          },
          {
            "name": "bangs",
            "value": "yes",
            "confidence": 0.54
          },
          {
            "name": "beard",
            "value": "no",
            "confidence": 1.0
          },
          {
            "name": "big lips",
            "value": "no",
            "confidence": 0.79
          },
          {
            "name": "big nose",
            "value": "no",
            "confidence": 0.83
          },
          {
            "name": "black hair",
            "value": "no",
            "confidence": 0.82
          },
          {
            "name": "blond hair",
            "value": "no",
            "confidence": 0.26
          },
          {
            "name": "blurry",
            "value": "yes",
            "confidence": 0.2
          },
          {
            "name": "brown hair",
            "value": "yes",
            "confidence": 0.03
          },
          {
            "name": "bushy eyebrows",
            "value": "no",
            "confidence": 0.31
          },
          {
            "name": "chubby",
            "value": "no",
            "confidence": 0.93
          },
          {
            "name": "double chin",
            "value": "no",
            "confidence": 1.0
          },
          {
            "name": "expression",
            "value": "neutral",
            "confidence": 0.79
          },
          {
            "name": "gender",
            "value": "male",
            "confidence": 0.46
          },
          {
            "name": "glasses",
            "value": "no",
            "confidence": 1.0
          },
          {
            "name": "goatee",
            "value": "no",
            "confidence": 1.0
          },
          {
            "name": "gray hair",
            "value": "no",
            "confidence": 0.55
          },
          {
            "name": "heavy makeup",
            "value": "no",
            "confidence": 1.0
          },
          {
            "name": "high cheekbones",
            "value": "no",
            "confidence": 0.72
          },
          {
            "name": "mouth open",
            "value": "no",
            "confidence": 0.48
          },
          {
            "name": "mustache",
            "value": "no",
            "confidence": 1.0
          },
          {
            "name": "narrow eyes",
            "value": "yes",
            "confidence": 0.21
          },
          {
            "name": "oval face",
            "value": "no",
            "confidence": 0.08
          },
          {
            "name": "pale skin",
            "value": "yes",
            "confidence": 0.15
          },
          {
            "name": "pitch",
            "value": "-6.38",
            "confidence": 1.0
          },
          {
            "name": "pointy nose",
            "value": "no",
            "confidence": 0.56
          },
          {
            "name": "race",
            "value": "white",
            "confidence": 0.85
          },
          {
            "name": "receding hairline",
            "value": "no",
            "confidence": 1.0
          },
          {
            "name": "rosy cheeks",
            "value": "no",
            "confidence": 1.0
          },
          {
            "name": "sideburns",
            "value": "no",
            "confidence": 1.0
          },
          {
            "name": "straight hair",
            "value": "yes",
            "confidence": 0.03
          },
          {
            "name": "wavy hair",
            "value": "no",
            "confidence": 0.37
          },
          {
            "name": "wearing earrings",
            "value": "no",
            "confidence": 0.86
          },
          {
            "name": "wearing hat",
            "value": "no",
            "confidence": 0.15
          },
          {
            "name": "wearing lipstick",
            "value": "no",
            "confidence": 0.99
          },
          {
            "name": "wearing necklace",
            "value": "no",
            "confidence": 0.77
          },
          {
            "name": "wearing necktie",
            "value": "no",
            "confidence": 0.54
          },
          {
            "name": "yaw",
            "value": "-46.59",
            "confidence": 1.0
          },
          {
            "name": "young",
            "value": "yes",
            "confidence": 0.43
          }
        ],
        "person_id": "",
        "appearance_id": 0,
        "start": "00:00:00",
        "duration": "00:00:00"
      }
    ],
    "tags": null,
    "original_filename": "https://raw.githubusercontent.com/sarkrui/Hairstyle60k/master/Dataset/Pageboy/IMG_5.jpg",
    "duration": "00:00:00"
  },
  "recognize": null
}