{
  "media": {
    "media_uuid": "b56c60e9-1c6f-4ac0-b898-348f00fd6dc8",
    "checksum": "38c1cccc887666460328b41eaae47229b52acf87ea40aa01adca221da0d12901",
    "faces": [
      {
        "face_uuid": "5449b0a7-1536-11e9-99c4-0cc47a6c4dbd",
        "media_uuid": "b56c60e9-1c6f-4ac0-b898-348f00fd6dc8",
        "x": 195.0,
        "y": 260.0,
        "width": 210.22,
        "height": 311.5,
        "angle": 2.1897,
        "detection_score": 1.0,
        "points": [
          {
            "x": 88.41,
            "y": 229.53,
            "type": 512,
            "name": "basic eye left"
          },
          {
            "x": 202.53,
            "y": 225.16,
            "type": 768,
            "name": "basic eye right"
          },
          {
            "x": 66.55,
            "y": 231.03,
            "type": 1024,
            "name": "basic eye left outer"
          },
          {
            "x": 229.39,
            "y": 225.0,
            "type": 1280,
            "name": "basic eye right outer"
          },
          {
            "x": 109.78,
            "y": 229.58,
            "type": 1536,
            "name": "basic eye left inner"
          },
          {
            "x": 176.5,
            "y": 227.01,
            "type": 1792,
            "name": "basic eye right inner"
          },
          {
            "x": 89.62,
            "y": 358.93,
            "type": 2048,
            "name": "basic mouth left"
          },
          {
            "x": 186.8,
            "y": 359.31,
            "type": 2304,
            "name": "basic mouth right"
          },
          {
            "x": 116.44,
            "y": 296.93,
            "type": 2560,
            "name": "basic nose tip"
          },
          {
            "x": 135.46,
            "y": 359.0,
            "type": 2816,
            "name": "basic mouth center"
          },
          {
            "x": 135.46,
            "y": 359.0,
            "type": 3072,
            "name": "basic eyebrow left"
          },
          {
            "x": 135.46,
            "y": 359.0,
            "type": 3328,
            "name": "basic eyebrow left inner corner"
          },
          {
            "x": 135.46,
            "y": 359.0,
            "type": 3584,
            "name": "basic eyebrow left outer corner"
          },
          {
            "x": 135.46,
            "y": 359.0,
            "type": 3840,
            "name": "basic eyebrow right"
          },
          {
            "x": 135.46,
            "y": 359.0,
            "type": 4096,
            "name": "basic eyebrow right inner corner"
          },
          {
            "x": 135.46,
            "y": 359.0,
            "type": 4352,
            "name": "basic eyebrow right outer corner"
          },
          {
            "x": 135.46,
            "y": 359.0,
            "type": 4608,
            "name": "basic chin bottom"
          },
          {
            "x": 135.46,
            "y": 359.0,
            "type": 4864,
            "name": "basic chin left"
          },
          {
            "x": 135.46,
            "y": 359.0,
            "type": 5120,
            "name": "basic chin right"
          },
          {
            "x": 97.28,
            "y": 306.02,
            "type": 5376,
            "name": "basic nose left"
          },
          {
            "x": 159.98,
            "y": 306.79,
            "type": 5632,
            "name": "basic nose right"
          }
        ],
        "user_points": null,
        "tags": [
          {
            "name": "5oclock shadow",
            "value": "no",
            "confidence": 1.0
          },
          {
            "name": "age",
            "value": "31",
            "confidence": 0.6
          },
          {
            "name": "arched eyebrows",
            "value": "yes",
            "confidence": 0.28
          },
          {
            "name": "attractive",
            "value": "yes",
            "confidence": 0.39
          },
          {
            "name": "bags under eyes",
            "value": "no",
            "confidence": 1.0
          },
          {
            "name": "bald",
            "value": "no",
            "confidence": 1.0
          },
          {
            "name": "bangs",
            "value": "yes",
            "confidence": 0.99
          },
          {
            "name": "beard",
            "value": "no",
            "confidence": 1.0
          },
          {
            "name": "big lips",
            "value": "yes",
            "confidence": 0.35
          },
          {
            "name": "big nose",
            "value": "no",
            "confidence": 0.71
          },
          {
            "name": "black hair",
            "value": "yes",
            "confidence": 0.81
          },
          {
            "name": "blond hair",
            "value": "no",
            "confidence": 1.0
          },
          {
            "name": "blurry",
            "value": "no",
            "confidence": 0.99
          },
          {
            "name": "brown hair",
            "value": "no",
            "confidence": 0.74
          },
          {
            "name": "bushy eyebrows",
            "value": "no",
            "confidence": 0.45
          },
          {
            "name": "chubby",
            "value": "no",
            "confidence": 0.77
          },
          {
            "name": "double chin",
            "value": "no",
            "confidence": 0.94
          },
          {
            "name": "expression",
            "value": "neutral",
            "confidence": 0.99
          },
          {
            "name": "gender",
            "value": "female",
            "confidence": 0.96
          },
          {
            "name": "glasses",
            "value": "no",
            "confidence": 1.0
          },
          {
            "name": "goatee",
            "value": "no",
            "confidence": 1.0
          },
          {
            "name": "gray hair",
            "value": "no",
            "confidence": 1.0
          },
          {
            "name": "heavy makeup",
            "value": "yes",
            "confidence": 1.0
          },
          {
            "name": "high cheekbones",
            "value": "no",
            "confidence": 0.69
          },
          {
            "name": "mouth open",
            "value": "no",
            "confidence": 0.68
          },
          {
            "name": "mustache",
            "value": "no",
            "confidence": 0.98
          },
          {
            "name": "narrow eyes",
            "value": "no",
            "confidence": 0.35
          },
          {
            "name": "oval face",
            "value": "yes",
            "confidence": 0.04
          },
          {
            "name": "pale skin",
            "value": "yes",
            "confidence": 0.21
          },
          {
            "name": "pitch",
            "value": "-6.36",
            "confidence": 1.0
          },
          {
            "name": "pointy nose",
            "value": "no",
            "confidence": 0.11
          },
          {
            "name": "race",
            "value": "white",
            "confidence": 0.99
          },
          {
            "name": "receding hairline",
            "value": "no",
            "confidence": 0.93
          },
          {
            "name": "rosy cheeks",
            "value": "no",
            "confidence": 0.42
          },
          {
            "name": "sideburns",
            "value": "no",
            "confidence": 1.0
          },
          {
            "name": "straight hair",
            "value": "yes",
            "confidence": 0.33
          },
          {
            "name": "wavy hair",
            "value": "no",
            "confidence": 0.39
          },
          {
            "name": "wearing earrings",
            "value": "yes",
            "confidence": 0.23
          },
          {
            "name": "wearing hat",
            "value": "no",
            "confidence": 0.56
          },
          {
            "name": "wearing lipstick",
            "value": "yes",
            "confidence": 1.0
          },
          {
            "name": "wearing necklace",
            "value": "yes",
            "confidence": 0.06
          },
          {
            "name": "wearing necktie",
            "value": "no",
            "confidence": 0.94
          },
          {
            "name": "yaw",
            "value": "47.74",
            "confidence": 1.0
          },
          {
            "name": "young",
            "value": "yes",
            "confidence": 0.73
          }
        ],
        "person_id": "",
        "appearance_id": 0,
        "start": "00:00:00",
        "duration": "00:00:00"
      }
    ],
    "tags": null,
    "original_filename": "https://raw.githubusercontent.com/sarkrui/Hairstyle60k/master/Dataset/Pageboy/IMG_9.jpg",
    "duration": "00:00:00"
  },
  "recognize": null
}