{
  "media": {
    "media_uuid": "fcdbef70-88b4-47d0-99fb-6ac071707698",
    "checksum": "6dca6b1ef010851277f46632b5804b113558797e8b55a7d5a7953ed8491c6e75",
    "faces": [
      {
        "face_uuid": "6342354a-1536-11e9-99c4-0cc47a6c4dbd",
        "media_uuid": "fcdbef70-88b4-47d0-99fb-6ac071707698",
        "x": 214.0,
        "y": 100.0,
        "width": 89.87,
        "height": 120.47,
        "angle": -11.2803,
        "detection_score": 1.0,
        "points": [
          {
            "x": 197.73,
            "y": 88.11,
            "type": 512,
            "name": "basic eye left"
          },
          {
            "x": 242.67,
            "y": 97.07,
            "type": 768,
            "name": "basic eye right"
          },
          {
            "x": 187.86,
            "y": 86.05,
            "type": 1024,
            "name": "basic eye left outer"
          },
          {
            "x": 251.94,
            "y": 98.79,
            "type": 1280,
            "name": "basic eye right outer"
          },
          {
            "x": 207.3,
            "y": 91.16,
            "type": 1536,
            "name": "basic eye left inner"
          },
          {
            "x": 233.41,
            "y": 96.4,
            "type": 1792,
            "name": "basic eye right inner"
          },
          {
            "x": 194.62,
            "y": 134.13,
            "type": 2048,
            "name": "basic mouth left"
          },
          {
            "x": 225.88,
            "y": 140.89,
            "type": 2304,
            "name": "basic mouth right"
          },
          {
            "x": 217.28,
            "y": 123.57,
            "type": 2560,
            "name": "basic nose tip"
          },
          {
            "x": 210.37,
            "y": 138.32,
            "type": 2816,
            "name": "basic mouth center"
          },
          {
            "x": 210.37,
            "y": 138.32,
            "type": 3072,
            "name": "basic eyebrow left"
          },
          {
            "x": 210.37,
            "y": 138.32,
            "type": 3328,
            "name": "basic eyebrow left inner corner"
          },
          {
            "x": 210.37,
            "y": 138.32,
            "type": 3584,
            "name": "basic eyebrow left outer corner"
          },
          {
            "x": 210.37,
            "y": 138.32,
            "type": 3840,
            "name": "basic eyebrow right"
          },
          {
            "x": 210.37,
            "y": 138.32,
            "type": 4096,
            "name": "basic eyebrow right inner corner"
          },
          {
            "x": 210.37,
            "y": 138.32,
            "type": 4352,
            "name": "basic eyebrow right outer corner"
          },
          {
            "x": 210.37,
            "y": 138.32,
            "type": 4608,
            "name": "basic chin bottom"
          },
          {
            "x": 210.37,
            "y": 138.32,
            "type": 4864,
            "name": "basic chin left"
          },
          {
            "x": 210.37,
            "y": 138.32,
            "type": 5120,
            "name": "basic chin right"
          },
          {
            "x": 204.76,
            "y": 120.86,
            "type": 5376,
            "name": "basic nose left"
          },
          {
            "x": 226.62,
            "y": 125.48,
            "type": 5632,
            "name": "basic nose right"
          }
        ],
        "user_points": null,
        "tags": [
          {
            "name": "5oclock shadow",
            "value": "no",
            "confidence": 0.89
          },
          {
            "name": "age",
            "value": "42",
            "confidence": 0.6
          },
          {
            "name": "arched eyebrows",
            "value": "no",
            "confidence": 0.15
          },
          {
            "name": "attractive",
            "value": "yes",
            "confidence": 0.45
          },
          {
            "name": "bags under eyes",
            "value": "yes",
            "confidence": 0.14
          },
          {
            "name": "bald",
            "value": "no",
            "confidence": 1.0
          },
          {
            "name": "bangs",
            "value": "no",
            "confidence": 0.36
          },
          {
            "name": "beard",
            "value": "no",
            "confidence": 0.82
          },
          {
            "name": "big lips",
            "value": "no",
            "confidence": 0.04
          },
          {
            "name": "big nose",
            "value": "no",
            "confidence": 0.26
          },
          {
            "name": "black hair",
            "value": "no",
            "confidence": 0.4
          },
          {
            "name": "blond hair",
            "value": "no",
            "confidence": 1.0
          },
          {
            "name": "blurry",
            "value": "no",
            "confidence": 0.82
          },
          {
            "name": "brown hair",
            "value": "yes",
            "confidence": 0.62
          },
          {
            "name": "bushy eyebrows",
            "value": "yes",
            "confidence": 0.32
          },
          {
            "name": "chubby",
            "value": "no",
            "confidence": 0.95
          },
          {
            "name": "double chin",
            "value": "no",
            "confidence": 0.92
          },
          {
            "name": "expression",
            "value": "neutral",
            "confidence": 0.22
          },
          {
            "name": "gender",
            "value": "female",
            "confidence": 0.85
          },
          {
            "name": "glasses",
            "value": "no",
            "confidence": 1.0
          },
          {
            "name": "goatee",
            "value": "no",
            "confidence": 0.81
          },
          {
            "name": "gray hair",
            "value": "no",
            "confidence": 1.0
          },
          {
            "name": "heavy makeup",
            "value": "no",
            "confidence": 0.2
          },
          {
            "name": "high cheekbones",
            "value": "no",
            "confidence": 0.32
          },
          {
            "name": "mouth open",
            "value": "no",
            "confidence": 0.97
          },
          {
            "name": "mustache",
            "value": "no",
            "confidence": 0.83
          },
          {
            "name": "narrow eyes",
            "value": "no",
            "confidence": 0.66
          },
          {
            "name": "oval face",
            "value": "yes",
            "confidence": 0.16
          },
          {
            "name": "pale skin",
            "value": "yes",
            "confidence": 0.15
          },
          {
            "name": "pitch",
            "value": "-7.26",
            "confidence": 1.0
          },
          {
            "name": "pointy nose",
            "value": "no",
            "confidence": 0.04
          },
          {
            "name": "race",
            "value": "asian",
            "confidence": 0.6
          },
          {
            "name": "receding hairline",
            "value": "no",
            "confidence": 0.85
          },
          {
            "name": "rosy cheeks",
            "value": "no",
            "confidence": 0.97
          },
          {
            "name": "sideburns",
            "value": "no",
            "confidence": 0.74
          },
          {
            "name": "straight hair",
            "value": "no",
            "confidence": 0.57
          },
          {
            "name": "wavy hair",
            "value": "yes",
            "confidence": 0.81
          },
          {
            "name": "wearing earrings",
            "value": "no",
            "confidence": 0.76
          },
          {
            "name": "wearing hat",
            "value": "no",
            "confidence": 1.0
          },
          {
            "name": "wearing lipstick",
            "value": "yes",
            "confidence": 0.27
          },
          {
            "name": "wearing necklace",
            "value": "no",
            "confidence": 0.28
          },
          {
            "name": "wearing necktie",
            "value": "no",
            "confidence": 0.83
          },
          {
            "name": "yaw",
            "value": "-2.15",
            "confidence": 1.0
          },
          {
            "name": "young",
            "value": "yes",
            "confidence": 0.64
          }
        ],
        "person_id": "",
        "appearance_id": 0,
        "start": "00:00:00",
        "duration": "00:00:00"
      }
    ],
    "tags": null,
    "original_filename": "https://raw.githubusercontent.com/sarkrui/Hairstyle60k/master/Dataset/Perm/IMG_4.jpg",
    "duration": "00:00:00"
  },
  "recognize": null
}