{
  "media": {
    "media_uuid": "d9e5bbbb-37fe-48b9-badc-4b27006f8713",
    "checksum": "dcf1a987f92716f9df6bb34515aeaa3e87fb59dafe6a766e5bd8fc3685d9814c",
    "faces": [
      {
        "face_uuid": "6123ec6d-1536-11e9-99c4-0cc47a6c4dbd",
        "media_uuid": "d9e5bbbb-37fe-48b9-badc-4b27006f8713",
        "x": 167.0,
        "y": 156.0,
        "width": 158.4,
        "height": 224.07,
        "angle": -11.7353,
        "detection_score": 1.0,
        "points": [
          {
            "x": 117.22,
            "y": 136.4,
            "type": 512,
            "name": "basic eye left"
          },
          {
            "x": 196.29,
            "y": 152.82,
            "type": 768,
            "name": "basic eye right"
          },
          {
            "x": 100.93,
            "y": 132.95,
            "type": 1024,
            "name": "basic eye left outer"
          },
          {
            "x": 213.61,
            "y": 156.47,
            "type": 1280,
            "name": "basic eye right outer"
          },
          {
            "x": 132.93,
            "y": 140.99,
            "type": 1536,
            "name": "basic eye left inner"
          },
          {
            "x": 178.73,
            "y": 150.43,
            "type": 1792,
            "name": "basic eye right inner"
          },
          {
            "x": 104.98,
            "y": 212.96,
            "type": 2048,
            "name": "basic mouth left"
          },
          {
            "x": 180.25,
            "y": 228.2,
            "type": 2304,
            "name": "basic mouth right"
          },
          {
            "x": 139.83,
            "y": 197.04,
            "type": 2560,
            "name": "basic nose tip"
          },
          {
            "x": 141.49,
            "y": 223.55,
            "type": 2816,
            "name": "basic mouth center"
          },
          {
            "x": 141.49,
            "y": 223.55,
            "type": 3072,
            "name": "basic eyebrow left"
          },
          {
            "x": 141.49,
            "y": 223.55,
            "type": 3328,
            "name": "basic eyebrow left inner corner"
          },
          {
            "x": 141.49,
            "y": 223.55,
            "type": 3584,
            "name": "basic eyebrow left outer corner"
          },
          {
            "x": 141.49,
            "y": 223.55,
            "type": 3840,
            "name": "basic eyebrow right"
          },
          {
            "x": 141.49,
            "y": 223.55,
            "type": 4096,
            "name": "basic eyebrow right inner corner"
          },
          {
            "x": 141.49,
            "y": 223.55,
            "type": 4352,
            "name": "basic eyebrow right outer corner"
          },
          {
            "x": 141.49,
            "y": 223.55,
            "type": 4608,
            "name": "basic chin bottom"
          },
          {
            "x": 141.49,
            "y": 223.55,
            "type": 4864,
            "name": "basic chin left"
          },
          {
            "x": 141.49,
            "y": 223.55,
            "type": 5120,
            "name": "basic chin right"
          },
          {
            "x": 121.93,
            "y": 191.94,
            "type": 5376,
            "name": "basic nose left"
          },
          {
            "x": 164.29,
            "y": 200.41,
            "type": 5632,
            "name": "basic nose right"
          }
        ],
        "user_points": null,
        "tags": [
          {
            "name": "5oclock shadow",
            "value": "no",
            "confidence": 1.0
          },
          {
            "name": "age",
            "value": "12",
            "confidence": 0.6
          },
          {
            "name": "arched eyebrows",
            "value": "no",
            "confidence": 0.22
          },
          {
            "name": "attractive",
            "value": "yes",
            "confidence": 1.0
          },
          {
            "name": "bags under eyes",
            "value": "no",
            "confidence": 0.35
          },
          {
            "name": "bald",
            "value": "no",
            "confidence": 1.0
          },
          {
            "name": "bangs",
            "value": "yes",
            "confidence": 0.46
          },
          {
            "name": "beard",
            "value": "no",
            "confidence": 1.0
          },
          {
            "name": "big lips",
            "value": "no",
            "confidence": 0.32
          },
          {
            "name": "big nose",
            "value": "no",
            "confidence": 0.83
          },
          {
            "name": "black hair",
            "value": "no",
            "confidence": 0.74
          },
          {
            "name": "blond hair",
            "value": "no",
            "confidence": 0.84
          },
          {
            "name": "blurry",
            "value": "no",
            "confidence": 1.0
          },
          {
            "name": "brown hair",
            "value": "yes",
            "confidence": 1.0
          },
          {
            "name": "bushy eyebrows",
            "value": "no",
            "confidence": 0.46
          },
          {
            "name": "chubby",
            "value": "no",
            "confidence": 1.0
          },
          {
            "name": "double chin",
            "value": "no",
            "confidence": 1.0
          },
          {
            "name": "expression",
            "value": "smile",
            "confidence": 1.0
          },
          {
            "name": "gender",
            "value": "female",
            "confidence": 1.0
          },
          {
            "name": "glasses",
            "value": "no",
            "confidence": 1.0
          },
          {
            "name": "goatee",
            "value": "no",
            "confidence": 1.0
          },
          {
            "name": "gray hair",
            "value": "no",
            "confidence": 1.0
          },
          {
            "name": "heavy makeup",
            "value": "yes",
            "confidence": 0.72
          },
          {
            "name": "high cheekbones",
            "value": "yes",
            "confidence": 1.0
          },
          {
            "name": "mouth open",
            "value": "yes",
            "confidence": 1.0
          },
          {
            "name": "mustache",
            "value": "no",
            "confidence": 1.0
          },
          {
            "name": "narrow eyes",
            "value": "no",
            "confidence": 0.24
          },
          {
            "name": "oval face",
            "value": "yes",
            "confidence": 1.0
          },
          {
            "name": "pale skin",
            "value": "yes",
            "confidence": 0.19
          },
          {
            "name": "pitch",
            "value": "-7.65",
            "confidence": 1.0
          },
          {
            "name": "pointy nose",
            "value": "no",
            "confidence": 0.51
          },
          {
            "name": "race",
            "value": "asian",
            "confidence": 1.0
          },
          {
            "name": "receding hairline",
            "value": "no",
            "confidence": 1.0
          },
          {
            "name": "rosy cheeks",
            "value": "no",
            "confidence": 0.28
          },
          {
            "name": "sideburns",
            "value": "no",
            "confidence": 1.0
          },
          {
            "name": "straight hair",
            "value": "no",
            "confidence": 0.04
          },
          {
            "name": "wavy hair",
            "value": "yes",
            "confidence": 0.12
          },
          {
            "name": "wearing earrings",
            "value": "no",
            "confidence": 0.18
          },
          {
            "name": "wearing hat",
            "value": "no",
            "confidence": 1.0
          },
          {
            "name": "wearing lipstick",
            "value": "yes",
            "confidence": 0.92
          },
          {
            "name": "wearing necklace",
            "value": "no",
            "confidence": 0.19
          },
          {
            "name": "wearing necktie",
            "value": "no",
            "confidence": 0.91
          },
          {
            "name": "yaw",
            "value": "-0.06",
            "confidence": 1.0
          },
          {
            "name": "young",
            "value": "yes",
            "confidence": 0.91
          }
        ],
        "person_id": "",
        "appearance_id": 0,
        "start": "00:00:00",
        "duration": "00:00:00"
      }
    ],
    "tags": null,
    "original_filename": "https://raw.githubusercontent.com/sarkrui/Hairstyle60k/master/Dataset/Perm/IMG_2.jpg",
    "duration": "00:00:00"
  },
  "recognize": null
}