{
  "media": {
    "media_uuid": "b7d8ca85-cec0-41f2-ad8f-835ccb4e5fdd",
    "checksum": "9b5e24e8d81b1c334fd90e4e0179f3f2dd5f0a58d3c31f9a584abc3566b5e41d",
    "faces": [
      {
        "face_uuid": "70e630c8-1536-11e9-99c4-0cc47a6c4dbd",
        "media_uuid": "b7d8ca85-cec0-41f2-ad8f-835ccb4e5fdd",
        "x": 304.0,
        "y": 187.0,
        "width": 151.02,
        "height": 212.19,
        "angle": 1.2627,
        "detection_score": 1.0,
        "points": [
          {
            "x": 260.39,
            "y": 177.31,
            "type": 512,
            "name": "basic eye left"
          },
          {
            "x": 337.54,
            "y": 175.61,
            "type": 768,
            "name": "basic eye right"
          },
          {
            "x": 243.91,
            "y": 177.65,
            "type": 1024,
            "name": "basic eye left outer"
          },
          {
            "x": 353.91,
            "y": 175.21,
            "type": 1280,
            "name": "basic eye right outer"
          },
          {
            "x": 276.76,
            "y": 178.62,
            "type": 1536,
            "name": "basic eye left inner"
          },
          {
            "x": 321.4,
            "y": 177.62,
            "type": 1792,
            "name": "basic eye right inner"
          },
          {
            "x": 271.9,
            "y": 255.5,
            "type": 2048,
            "name": "basic mouth left"
          },
          {
            "x": 330.1,
            "y": 254.48,
            "type": 2304,
            "name": "basic mouth right"
          },
          {
            "x": 301.55,
            "y": 229.05,
            "type": 2560,
            "name": "basic nose tip"
          },
          {
            "x": 301.15,
            "y": 256.76,
            "type": 2816,
            "name": "basic mouth center"
          },
          {
            "x": 301.15,
            "y": 256.76,
            "type": 3072,
            "name": "basic eyebrow left"
          },
          {
            "x": 301.15,
            "y": 256.76,
            "type": 3328,
            "name": "basic eyebrow left inner corner"
          },
          {
            "x": 301.15,
            "y": 256.76,
            "type": 3584,
            "name": "basic eyebrow left outer corner"
          },
          {
            "x": 301.15,
            "y": 256.76,
            "type": 3840,
            "name": "basic eyebrow right"
          },
          {
            "x": 301.15,
            "y": 256.76,
            "type": 4096,
            "name": "basic eyebrow right inner corner"
          },
          {
            "x": 301.15,
            "y": 256.76,
            "type": 4352,
            "name": "basic eyebrow right outer corner"
          },
          {
            "x": 301.15,
            "y": 256.76,
            "type": 4608,
            "name": "basic chin bottom"
          },
          {
            "x": 301.15,
            "y": 256.76,
            "type": 4864,
            "name": "basic chin left"
          },
          {
            "x": 301.15,
            "y": 256.76,
            "type": 5120,
            "name": "basic chin right"
          },
          {
            "x": 282.17,
            "y": 228.81,
            "type": 5376,
            "name": "basic nose left"
          },
          {
            "x": 319.97,
            "y": 227.99,
            "type": 5632,
            "name": "basic nose right"
          }
        ],
        "user_points": null,
        "tags": [
          {
            "name": "5oclock shadow",
            "value": "no",
            "confidence": 1.0
          },
          {
            "name": "age",
            "value": "25",
            "confidence": 0.6
          },
          {
            "name": "arched eyebrows",
            "value": "yes",
            "confidence": 0.77
          },
          {
            "name": "attractive",
            "value": "yes",
            "confidence": 0.77
          },
          {
            "name": "bags under eyes",
            "value": "no",
            "confidence": 0.31
          },
          {
            "name": "bald",
            "value": "no",
            "confidence": 0.73
          },
          {
            "name": "bangs",
            "value": "no",
            "confidence": 1.0
          },
          {
            "name": "beard",
            "value": "no",
            "confidence": 0.96
          },
          {
            "name": "big lips",
            "value": "yes",
            "confidence": 0.41
          },
          {
            "name": "big nose",
            "value": "no",
            "confidence": 0.08
          },
          {
            "name": "black hair",
            "value": "no",
            "confidence": 0.2
          },
          {
            "name": "blond hair",
            "value": "no",
            "confidence": 0.86
          },
          {
            "name": "blurry",
            "value": "no",
            "confidence": 1.0
          },
          {
            "name": "brown hair",
            "value": "yes",
            "confidence": 0.03
          },
          {
            "name": "bushy eyebrows",
            "value": "yes",
            "confidence": 0.37
          },
          {
            "name": "chubby",
            "value": "no",
            "confidence": 0.56
          },
          {
            "name": "double chin",
            "value": "no",
            "confidence": 0.79
          },
          {
            "name": "expression",
            "value": "neutral",
            "confidence": 0.91
          },
          {
            "name": "gender",
            "value": "female",
            "confidence": 0.9
          },
          {
            "name": "glasses",
            "value": "no",
            "confidence": 1.0
          },
          {
            "name": "goatee",
            "value": "no",
            "confidence": 0.85
          },
          {
            "name": "gray hair",
            "value": "no",
            "confidence": 0.94
          },
          {
            "name": "heavy makeup",
            "value": "yes",
            "confidence": 0.77
          },
          {
            "name": "high cheekbones",
            "value": "no",
            "confidence": 0.64
          },
          {
            "name": "mouth open",
            "value": "no",
            "confidence": 1.0
          },
          {
            "name": "mustache",
            "value": "no",
            "confidence": 0.9
          },
          {
            "name": "narrow eyes",
            "value": "no",
            "confidence": 0.93
          },
          {
            "name": "oval face",
            "value": "yes",
            "confidence": 0.37
          },
          {
            "name": "pale skin",
            "value": "yes",
            "confidence": 0.21
          },
          {
            "name": "pitch",
            "value": "-7.15",
            "confidence": 1.0
          },
          {
            "name": "pointy nose",
            "value": "no",
            "confidence": 0.21
          },
          {
            "name": "race",
            "value": "white",
            "confidence": 1.0
          },
          {
            "name": "receding hairline",
            "value": "yes",
            "confidence": 0.01
          },
          {
            "name": "rosy cheeks",
            "value": "no",
            "confidence": 0.66
          },
          {
            "name": "sideburns",
            "value": "no",
            "confidence": 0.94
          },
          {
            "name": "straight hair",
            "value": "no",
            "confidence": 0.49
          },
          {
            "name": "wavy hair",
            "value": "yes",
            "confidence": 0.4
          },
          {
            "name": "wearing earrings",
            "value": "yes",
            "confidence": 0.07
          },
          {
            "name": "wearing hat",
            "value": "no",
            "confidence": 1.0
          },
          {
            "name": "wearing lipstick",
            "value": "yes",
            "confidence": 0.86
          },
          {
            "name": "wearing necklace",
            "value": "no",
            "confidence": 0.02
          },
          {
            "name": "wearing necktie",
            "value": "no",
            "confidence": 0.82
          },
          {
            "name": "yaw",
            "value": "-9.85",
            "confidence": 1.0
          },
          {
            "name": "young",
            "value": "yes",
            "confidence": 0.96
          }
        ],
        "person_id": "",
        "appearance_id": 0,
        "start": "00:00:00",
        "duration": "00:00:00"
      }
    ],
    "tags": null,
    "original_filename": "https://raw.githubusercontent.com/sarkrui/Hairstyle60k/master/Dataset/Perm/IMG_20.jpg",
    "duration": "00:00:00"
  },
  "recognize": null
}