{
  "media": {
    "media_uuid": "b73adb48-7c6d-4ca4-9b00-d3957bc49bd4",
    "checksum": "fd6ae29bd277302554eb9c3dd47cd0e6110d2aebc2f0d16b9d6744af06ce9d77",
    "faces": [
      {
        "face_uuid": "6905e0f5-1536-11e9-99c4-0cc47a6c4dbd",
        "media_uuid": "b73adb48-7c6d-4ca4-9b00-d3957bc49bd4",
        "x": 155.0,
        "y": 89.5,
        "width": 70.6,
        "height": 96.36,
        "angle": -4.0316,
        "detection_score": 1.0,
        "points": [
          {
            "x": 137.73,
            "y": 78.98,
            "type": 512,
            "name": "basic eye left"
          },
          {
            "x": 175.13,
            "y": 81.61,
            "type": 768,
            "name": "basic eye right"
          },
          {
            "x": 129.67,
            "y": 78.41,
            "type": 1024,
            "name": "basic eye left outer"
          },
          {
            "x": 182.92,
            "y": 82.15,
            "type": 1280,
            "name": "basic eye right outer"
          },
          {
            "x": 145.57,
            "y": 80.51,
            "type": 1536,
            "name": "basic eye left inner"
          },
          {
            "x": 167.49,
            "y": 82.07,
            "type": 1792,
            "name": "basic eye right inner"
          },
          {
            "x": 140.68,
            "y": 116.57,
            "type": 2048,
            "name": "basic mouth left"
          },
          {
            "x": 169.06,
            "y": 117.82,
            "type": 2304,
            "name": "basic mouth right"
          },
          {
            "x": 156.52,
            "y": 105.41,
            "type": 2560,
            "name": "basic nose tip"
          },
          {
            "x": 154.96,
            "y": 118.08,
            "type": 2816,
            "name": "basic mouth center"
          },
          {
            "x": 154.96,
            "y": 118.08,
            "type": 3072,
            "name": "basic eyebrow left"
          },
          {
            "x": 154.96,
            "y": 118.08,
            "type": 3328,
            "name": "basic eyebrow left inner corner"
          },
          {
            "x": 154.96,
            "y": 118.08,
            "type": 3584,
            "name": "basic eyebrow left outer corner"
          },
          {
            "x": 154.96,
            "y": 118.08,
            "type": 3840,
            "name": "basic eyebrow right"
          },
          {
            "x": 154.96,
            "y": 118.08,
            "type": 4096,
            "name": "basic eyebrow right inner corner"
          },
          {
            "x": 154.96,
            "y": 118.08,
            "type": 4352,
            "name": "basic eyebrow right outer corner"
          },
          {
            "x": 154.96,
            "y": 118.08,
            "type": 4608,
            "name": "basic chin bottom"
          },
          {
            "x": 154.96,
            "y": 118.08,
            "type": 4864,
            "name": "basic chin left"
          },
          {
            "x": 154.96,
            "y": 118.08,
            "type": 5120,
            "name": "basic chin right"
          },
          {
            "x": 146.76,
            "y": 104.45,
            "type": 5376,
            "name": "basic nose left"
          },
          {
            "x": 164.96,
            "y": 105.45,
            "type": 5632,
            "name": "basic nose right"
          }
        ],
        "user_points": null,
        "tags": [
          {
            "name": "5oclock shadow",
            "value": "no",
            "confidence": 1.0
          },
          {
            "name": "age",
            "value": "10",
            "confidence": 0.6
          },
          {
            "name": "arched eyebrows",
            "value": "no",
            "confidence": 0.13
          },
          {
            "name": "attractive",
            "value": "yes",
            "confidence": 0.85
          },
          {
            "name": "bags under eyes",
            "value": "no",
            "confidence": 1.0
          },
          {
            "name": "bald",
            "value": "no",
            "confidence": 0.82
          },
          {
            "name": "bangs",
            "value": "no",
            "confidence": 0.66
          },
          {
            "name": "beard",
            "value": "no",
            "confidence": 1.0
          },
          {
            "name": "big lips",
            "value": "no",
            "confidence": 0.41
          },
          {
            "name": "big nose",
            "value": "no",
            "confidence": 1.0
          },
          {
            "name": "black hair",
            "value": "yes",
            "confidence": 0.53
          },
          {
            "name": "blond hair",
            "value": "no",
            "confidence": 0.82
          },
          {
            "name": "blurry",
            "value": "no",
            "confidence": 0.71
          },
          {
            "name": "brown hair",
            "value": "no",
            "confidence": 0.13
          },
          {
            "name": "bushy eyebrows",
            "value": "no",
            "confidence": 0.54
          },
          {
            "name": "chubby",
            "value": "no",
            "confidence": 0.91
          },
          {
            "name": "double chin",
            "value": "no",
            "confidence": 1.0
          },
          {
            "name": "expression",
            "value": "smile",
            "confidence": 0.41
          },
          {
            "name": "gender",
            "value": "female",
            "confidence": 1.0
          },
          {
            "name": "glasses",
            "value": "no",
            "confidence": 1.0
          },
          {
            "name": "goatee",
            "value": "no",
            "confidence": 0.98
          },
          {
            "name": "gray hair",
            "value": "no",
            "confidence": 1.0
          },
          {
            "name": "heavy makeup",
            "value": "yes",
            "confidence": 0.83
          },
          {
            "name": "high cheekbones",
            "value": "yes",
            "confidence": 0.32
          },
          {
            "name": "mouth open",
            "value": "yes",
            "confidence": 0.63
          },
          {
            "name": "mustache",
            "value": "no",
            "confidence": 1.0
          },
          {
            "name": "narrow eyes",
            "value": "no",
            "confidence": 0.65
          },
          {
            "name": "oval face",
            "value": "yes",
            "confidence": 1.0
          },
          {
            "name": "pale skin",
            "value": "no",
            "confidence": 0.01
          },
          {
            "name": "pitch",
            "value": "-8.83",
            "confidence": 1.0
          },
          {
            "name": "pointy nose",
            "value": "no",
            "confidence": 0.55
          },
          {
            "name": "race",
            "value": "asian",
            "confidence": 1.0
          },
          {
            "name": "receding hairline",
            "value": "no",
            "confidence": 0.54
          },
          {
            "name": "rosy cheeks",
            "value": "no",
            "confidence": 0.51
          },
          {
            "name": "sideburns",
            "value": "no",
            "confidence": 0.92
          },
          {
            "name": "straight hair",
            "value": "yes",
            "confidence": 0.94
          },
          {
            "name": "wavy hair",
            "value": "no",
            "confidence": 0.54
          },
          {
            "name": "wearing earrings",
            "value": "no",
            "confidence": 0.56
          },
          {
            "name": "wearing hat",
            "value": "no",
            "confidence": 1.0
          },
          {
            "name": "wearing lipstick",
            "value": "yes",
            "confidence": 0.93
          },
          {
            "name": "wearing necklace",
            "value": "no",
            "confidence": 0.43
          },
          {
            "name": "wearing necktie",
            "value": "no",
            "confidence": 0.84
          },
          {
            "name": "yaw",
            "value": "-2.41",
            "confidence": 1.0
          },
          {
            "name": "young",
            "value": "yes",
            "confidence": 1.0
          }
        ],
        "person_id": "",
        "appearance_id": 0,
        "start": "00:00:00",
        "duration": "00:00:00"
      }
    ],
    "tags": null,
    "original_filename": "https://raw.githubusercontent.com/sarkrui/Hairstyle60k/master/Dataset/Perm/IMG_11.jpg",
    "duration": "00:00:00"
  },
  "recognize": null
}