{
  "media": {
    "media_uuid": "ecdb087b-2d05-4aeb-b46a-c5cd163ea194",
    "checksum": "38e669b586e51d2327adb8824632d37a3077cbdb56bf4f515ecc358393a521c1",
    "faces": [
      {
        "face_uuid": "6279eedd-1536-11e9-99c4-0cc47a6c4dbd",
        "media_uuid": "ecdb087b-2d05-4aeb-b46a-c5cd163ea194",
        "x": 213.0,
        "y": 97.5,
        "width": 82.12,
        "height": 113.63,
        "angle": -1.6685,
        "detection_score": 1.0,
        "points": [
          {
            "x": 189.8,
            "y": 86.22,
            "type": 512,
            "name": "basic eye left"
          },
          {
            "x": 232.49,
            "y": 87.46,
            "type": 768,
            "name": "basic eye right"
          },
          {
            "x": 180.85,
            "y": 86.05,
            "type": 1024,
            "name": "basic eye left outer"
          },
          {
            "x": 241.57,
            "y": 87.82,
            "type": 1280,
            "name": "basic eye right outer"
          },
          {
            "x": 198.61,
            "y": 87.23,
            "type": 1536,
            "name": "basic eye left inner"
          },
          {
            "x": 223.54,
            "y": 87.95,
            "type": 1792,
            "name": "basic eye right inner"
          },
          {
            "x": 192.11,
            "y": 125.59,
            "type": 2048,
            "name": "basic mouth left"
          },
          {
            "x": 229.39,
            "y": 126.51,
            "type": 2304,
            "name": "basic mouth right"
          },
          {
            "x": 210.1,
            "y": 112.97,
            "type": 2560,
            "name": "basic nose tip"
          },
          {
            "x": 210.67,
            "y": 127.34,
            "type": 2816,
            "name": "basic mouth center"
          },
          {
            "x": 210.67,
            "y": 127.34,
            "type": 3072,
            "name": "basic eyebrow left"
          },
          {
            "x": 210.67,
            "y": 127.34,
            "type": 3328,
            "name": "basic eyebrow left inner corner"
          },
          {
            "x": 210.67,
            "y": 127.34,
            "type": 3584,
            "name": "basic eyebrow left outer corner"
          },
          {
            "x": 210.67,
            "y": 127.34,
            "type": 3840,
            "name": "basic eyebrow right"
          },
          {
            "x": 210.67,
            "y": 127.34,
            "type": 4096,
            "name": "basic eyebrow right inner corner"
          },
          {
            "x": 210.67,
            "y": 127.34,
            "type": 4352,
            "name": "basic eyebrow right outer corner"
          },
          {
            "x": 210.67,
            "y": 127.34,
            "type": 4608,
            "name": "basic chin bottom"
          },
          {
            "x": 210.67,
            "y": 127.34,
            "type": 4864,
            "name": "basic chin left"
          },
          {
            "x": 210.67,
            "y": 127.34,
            "type": 5120,
            "name": "basic chin right"
          },
          {
            "x": 199.51,
            "y": 112.32,
            "type": 5376,
            "name": "basic nose left"
          },
          {
            "x": 221.42,
            "y": 112.89,
            "type": 5632,
            "name": "basic nose right"
          }
        ],
        "user_points": null,
        "tags": [
          {
            "name": "5oclock shadow",
            "value": "no",
            "confidence": 1.0
          },
          {
            "name": "age",
            "value": "15",
            "confidence": 0.6
          },
          {
            "name": "arched eyebrows",
            "value": "no",
            "confidence": 0.28
          },
          {
            "name": "attractive",
            "value": "yes",
            "confidence": 1.0
          },
          {
            "name": "bags under eyes",
            "value": "yes",
            "confidence": 0.13
          },
          {
            "name": "bald",
            "value": "no",
            "confidence": 0.97
          },
          {
            "name": "bangs",
            "value": "yes",
            "confidence": 0.24
          },
          {
            "name": "beard",
            "value": "no",
            "confidence": 0.99
          },
          {
            "name": "big lips",
            "value": "no",
            "confidence": 0.35
          },
          {
            "name": "big nose",
            "value": "no",
            "confidence": 0.61
          },
          {
            "name": "black hair",
            "value": "no",
            "confidence": 0.73
          },
          {
            "name": "blond hair",
            "value": "no",
            "confidence": 0.75
          },
          {
            "name": "blurry",
            "value": "no",
            "confidence": 1.0
          },
          {
            "name": "brown hair",
            "value": "yes",
            "confidence": 1.0
          },
          {
            "name": "bushy eyebrows",
            "value": "no",
            "confidence": 0.23
          },
          {
            "name": "chubby",
            "value": "no",
            "confidence": 0.91
          },
          {
            "name": "double chin",
            "value": "no",
            "confidence": 1.0
          },
          {
            "name": "expression",
            "value": "smile",
            "confidence": 1.0
          },
          {
            "name": "gender",
            "value": "female",
            "confidence": 0.91
          },
          {
            "name": "glasses",
            "value": "no",
            "confidence": 1.0
          },
          {
            "name": "goatee",
            "value": "no",
            "confidence": 0.95
          },
          {
            "name": "gray hair",
            "value": "no",
            "confidence": 1.0
          },
          {
            "name": "heavy makeup",
            "value": "yes",
            "confidence": 0.38
          },
          {
            "name": "high cheekbones",
            "value": "yes",
            "confidence": 0.86
          },
          {
            "name": "mouth open",
            "value": "yes",
            "confidence": 0.87
          },
          {
            "name": "mustache",
            "value": "no",
            "confidence": 1.0
          },
          {
            "name": "narrow eyes",
            "value": "yes",
            "confidence": 0.07
          },
          {
            "name": "oval face",
            "value": "yes",
            "confidence": 1.0
          },
          {
            "name": "pale skin",
            "value": "yes",
            "confidence": 0.27
          },
          {
            "name": "pitch",
            "value": "-8.82",
            "confidence": 1.0
          },
          {
            "name": "pointy nose",
            "value": "no",
            "confidence": 0.97
          },
          {
            "name": "race",
            "value": "asian",
            "confidence": 1.0
          },
          {
            "name": "receding hairline",
            "value": "no",
            "confidence": 1.0
          },
          {
            "name": "rosy cheeks",
            "value": "no",
            "confidence": 0.75
          },
          {
            "name": "sideburns",
            "value": "no",
            "confidence": 0.98
          },
          {
            "name": "straight hair",
            "value": "no",
            "confidence": 0.02
          },
          {
            "name": "wavy hair",
            "value": "yes",
            "confidence": 0.22
          },
          {
            "name": "wearing earrings",
            "value": "no",
            "confidence": 0.66
          },
          {
            "name": "wearing hat",
            "value": "no",
            "confidence": 0.93
          },
          {
            "name": "wearing lipstick",
            "value": "yes",
            "confidence": 0.64
          },
          {
            "name": "wearing necklace",
            "value": "no",
            "confidence": 0.31
          },
          {
            "name": "wearing necktie",
            "value": "no",
            "confidence": 0.87
          },
          {
            "name": "yaw",
            "value": "-6.75",
            "confidence": 1.0
          },
          {
            "name": "young",
            "value": "yes",
            "confidence": 1.0
          }
        ],
        "person_id": "",
        "appearance_id": 0,
        "start": "00:00:00",
        "duration": "00:00:00"
      }
    ],
    "tags": null,
    "original_filename": "https://raw.githubusercontent.com/sarkrui/Hairstyle60k/master/Dataset/Perm/IMG_3.jpg",
    "duration": "00:00:00"
  },
  "recognize": null
}