{
  "media": {
    "media_uuid": "8fbb9131-6214-4df8-b404-0cc08cbb5d59",
    "checksum": "4c5777d8d3ba43264a7d4af62f6671b19b16c214bcb20247e52ac6e662a7366e",
    "faces": [
      {
        "face_uuid": "6da46704-1536-11e9-99c4-0cc47a6c4dbd",
        "media_uuid": "8fbb9131-6214-4df8-b404-0cc08cbb5d59",
        "x": 162.0,
        "y": 135.0,
        "width": 99.68,
        "height": 138.02,
        "angle": -0.4605,
        "detection_score": 1.0,
        "points": [
          {
            "x": 136.53,
            "y": 126.18,
            "type": 512,
            "name": "basic eye left"
          },
          {
            "x": 188.92,
            "y": 126.6,
            "type": 768,
            "name": "basic eye right"
          },
          {
            "x": 125.28,
            "y": 126.26,
            "type": 1024,
            "name": "basic eye left outer"
          },
          {
            "x": 199.94,
            "y": 126.82,
            "type": 1280,
            "name": "basic eye right outer"
          },
          {
            "x": 147.5,
            "y": 127.43,
            "type": 1536,
            "name": "basic eye left inner"
          },
          {
            "x": 178.22,
            "y": 127.69,
            "type": 1792,
            "name": "basic eye right inner"
          },
          {
            "x": 146.98,
            "y": 177.97,
            "type": 2048,
            "name": "basic mouth left"
          },
          {
            "x": 181.05,
            "y": 177.42,
            "type": 2304,
            "name": "basic mouth right"
          },
          {
            "x": 164.63,
            "y": 157.22,
            "type": 2560,
            "name": "basic nose tip"
          },
          {
            "x": 164.21,
            "y": 178.16,
            "type": 2816,
            "name": "basic mouth center"
          },
          {
            "x": 164.21,
            "y": 178.16,
            "type": 3072,
            "name": "basic eyebrow left"
          },
          {
            "x": 164.21,
            "y": 178.16,
            "type": 3328,
            "name": "basic eyebrow left inner corner"
          },
          {
            "x": 164.21,
            "y": 178.16,
            "type": 3584,
            "name": "basic eyebrow left outer corner"
          },
          {
            "x": 164.21,
            "y": 178.16,
            "type": 3840,
            "name": "basic eyebrow right"
          },
          {
            "x": 164.21,
            "y": 178.16,
            "type": 4096,
            "name": "basic eyebrow right inner corner"
          },
          {
            "x": 164.21,
            "y": 178.16,
            "type": 4352,
            "name": "basic eyebrow right outer corner"
          },
          {
            "x": 164.21,
            "y": 178.16,
            "type": 4608,
            "name": "basic chin bottom"
          },
          {
            "x": 164.21,
            "y": 178.16,
            "type": 4864,
            "name": "basic chin left"
          },
          {
            "x": 164.21,
            "y": 178.16,
            "type": 5120,
            "name": "basic chin right"
          },
          {
            "x": 151.95,
            "y": 158.47,
            "type": 5376,
            "name": "basic nose left"
          },
          {
            "x": 175.94,
            "y": 158.36,
            "type": 5632,
            "name": "basic nose right"
          }
        ],
        "user_points": null,
        "tags": [
          {
            "name": "5oclock shadow",
            "value": "no",
            "confidence": 1.0
          },
          {
            "name": "age",
            "value": "14",
            "confidence": 0.6
          },
          {
            "name": "arched eyebrows",
            "value": "yes",
            "confidence": 0.32
          },
          {
            "name": "attractive",
            "value": "yes",
            "confidence": 0.93
          },
          {
            "name": "bags under eyes",
            "value": "no",
            "confidence": 1.0
          },
          {
            "name": "bald",
            "value": "no",
            "confidence": 1.0
          },
          {
            "name": "bangs",
            "value": "no",
            "confidence": 0.49
          },
          {
            "name": "beard",
            "value": "no",
            "confidence": 1.0
          },
          {
            "name": "big lips",
            "value": "no",
            "confidence": 0.2
          },
          {
            "name": "big nose",
            "value": "no",
            "confidence": 1.0
          },
          {
            "name": "black hair",
            "value": "no",
            "confidence": 1.0
          },
          {
            "name": "blond hair",
            "value": "no",
            "confidence": 0.06
          },
          {
            "name": "blurry",
            "value": "no",
            "confidence": 0.95
          },
          {
            "name": "brown hair",
            "value": "yes",
            "confidence": 0.69
          },
          {
            "name": "bushy eyebrows",
            "value": "no",
            "confidence": 0.67
          },
          {
            "name": "chubby",
            "value": "no",
            "confidence": 0.91
          },
          {
            "name": "double chin",
            "value": "no",
            "confidence": 1.0
          },
          {
            "name": "expression",
            "value": "neutral",
            "confidence": 0.86
          },
          {
            "name": "gender",
            "value": "female",
            "confidence": 1.0
          },
          {
            "name": "glasses",
            "value": "no",
            "confidence": 1.0
          },
          {
            "name": "goatee",
            "value": "no",
            "confidence": 1.0
          },
          {
            "name": "gray hair",
            "value": "no",
            "confidence": 0.99
          },
          {
            "name": "heavy makeup",
            "value": "yes",
            "confidence": 1.0
          },
          {
            "name": "high cheekbones",
            "value": "no",
            "confidence": 0.78
          },
          {
            "name": "mouth open",
            "value": "no",
            "confidence": 0.69
          },
          {
            "name": "mustache",
            "value": "no",
            "confidence": 1.0
          },
          {
            "name": "narrow eyes",
            "value": "no",
            "confidence": 0.29
          },
          {
            "name": "oval face",
            "value": "yes",
            "confidence": 0.66
          },
          {
            "name": "pale skin",
            "value": "yes",
            "confidence": 0.55
          },
          {
            "name": "pitch",
            "value": "-6.93",
            "confidence": 1.0
          },
          {
            "name": "pointy nose",
            "value": "no",
            "confidence": 0.13
          },
          {
            "name": "race",
            "value": "white",
            "confidence": 1.0
          },
          {
            "name": "receding hairline",
            "value": "no",
            "confidence": 0.86
          },
          {
            "name": "rosy cheeks",
            "value": "no",
            "confidence": 0.74
          },
          {
            "name": "sideburns",
            "value": "no",
            "confidence": 1.0
          },
          {
            "name": "straight hair",
            "value": "no",
            "confidence": 0.41
          },
          {
            "name": "wavy hair",
            "value": "yes",
            "confidence": 0.75
          },
          {
            "name": "wearing earrings",
            "value": "no",
            "confidence": 0.82
          },
          {
            "name": "wearing hat",
            "value": "no",
            "confidence": 1.0
          },
          {
            "name": "wearing lipstick",
            "value": "yes",
            "confidence": 1.0
          },
          {
            "name": "wearing necklace",
            "value": "no",
            "confidence": 0.29
          },
          {
            "name": "wearing necktie",
            "value": "no",
            "confidence": 0.86
          },
          {
            "name": "yaw",
            "value": "-7.65",
            "confidence": 1.0
          },
          {
            "name": "young",
            "value": "yes",
            "confidence": 1.0
          }
        ],
        "person_id": "",
        "appearance_id": 0,
        "start": "00:00:00",
        "duration": "00:00:00"
      }
    ],
    "tags": null,
    "original_filename": "https://raw.githubusercontent.com/sarkrui/Hairstyle60k/master/Dataset/Perm/IMG_16.jpg",
    "duration": "00:00:00"
  },
  "recognize": null
}