{
  "media": {
    "media_uuid": "71cd025d-1afc-4a99-a8cb-74996e66a0d6",
    "checksum": "6d6a98378a92ad6b1904eb1008dba71a6cc352105c2982dd45d00c2cd3d4eec3",
    "faces": [
      {
        "face_uuid": "748a66b1-1536-11e9-99c4-0cc47a6c4dbd",
        "media_uuid": "71cd025d-1afc-4a99-a8cb-74996e66a0d6",
        "x": 364.19,
        "y": 480.12,
        "width": 341.39,
        "height": 432.6,
        "angle": -1.7553,
        "detection_score": 1.0,
        "points": [
          {
            "x": 277.36,
            "y": 442.35,
            "type": 512,
            "name": "basic eye left"
          },
          {
            "x": 453.53,
            "y": 447.74,
            "type": 768,
            "name": "basic eye right"
          },
          {
            "x": 240.27,
            "y": 441.87,
            "type": 1024,
            "name": "basic eye left outer"
          },
          {
            "x": 490.44,
            "y": 449.51,
            "type": 1280,
            "name": "basic eye right outer"
          },
          {
            "x": 313.41,
            "y": 447.04,
            "type": 1536,
            "name": "basic eye left inner"
          },
          {
            "x": 417.48,
            "y": 450.22,
            "type": 1792,
            "name": "basic eye right inner"
          },
          {
            "x": 292.88,
            "y": 600.26,
            "type": 2048,
            "name": "basic mouth left"
          },
          {
            "x": 427.9,
            "y": 604.27,
            "type": 2304,
            "name": "basic mouth right"
          },
          {
            "x": 363.95,
            "y": 545.9,
            "type": 2560,
            "name": "basic nose tip"
          },
          {
            "x": 360.58,
            "y": 606.08,
            "type": 2816,
            "name": "basic mouth center"
          },
          {
            "x": 360.58,
            "y": 606.08,
            "type": 3072,
            "name": "basic eyebrow left"
          },
          {
            "x": 360.58,
            "y": 606.08,
            "type": 3328,
            "name": "basic eyebrow left inner corner"
          },
          {
            "x": 360.58,
            "y": 606.08,
            "type": 3584,
            "name": "basic eyebrow left outer corner"
          },
          {
            "x": 360.58,
            "y": 606.08,
            "type": 3840,
            "name": "basic eyebrow right"
          },
          {
            "x": 360.58,
            "y": 606.08,
            "type": 4096,
            "name": "basic eyebrow right inner corner"
          },
          {
            "x": 360.58,
            "y": 606.08,
            "type": 4352,
            "name": "basic eyebrow right outer corner"
          },
          {
            "x": 360.58,
            "y": 606.08,
            "type": 4608,
            "name": "basic chin bottom"
          },
          {
            "x": 360.58,
            "y": 606.08,
            "type": 4864,
            "name": "basic chin left"
          },
          {
            "x": 360.58,
            "y": 606.08,
            "type": 5120,
            "name": "basic chin right"
          },
          {
            "x": 320.38,
            "y": 545.3,
            "type": 5376,
            "name": "basic nose left"
          },
          {
            "x": 405.98,
            "y": 547.89,
            "type": 5632,
            "name": "basic nose right"
          }
        ],
        "user_points": null,
        "tags": [
          {
            "name": "5oclock shadow",
            "value": "no",
            "confidence": 1.0
          },
          {
            "name": "age",
            "value": "15",
            "confidence": 0.6
          },
          {
            "name": "arched eyebrows",
            "value": "yes",
            "confidence": 0.17
          },
          {
            "name": "attractive",
            "value": "yes",
            "confidence": 0.12
          },
          {
            "name": "bags under eyes",
            "value": "no",
            "confidence": 0.56
          },
          {
            "name": "bald",
            "value": "no",
            "confidence": 0.89
          },
          {
            "name": "bangs",
            "value": "yes",
            "confidence": 1.0
          },
          {
            "name": "beard",
            "value": "no",
            "confidence": 0.93
          },
          {
            "name": "big lips",
            "value": "yes",
            "confidence": 0.05
          },
          {
            "name": "big nose",
            "value": "no",
            "confidence": 0.52
          },
          {
            "name": "black hair",
            "value": "no",
            "confidence": 0.97
          },
          {
            "name": "blond hair",
            "value": "yes",
            "confidence": 0.15
          },
          {
            "name": "blurry",
            "value": "no",
            "confidence": 1.0
          },
          {
            "name": "brown hair",
            "value": "yes",
            "confidence": 0.24
          },
          {
            "name": "bushy eyebrows",
            "value": "no",
            "confidence": 0.64
          },
          {
            "name": "chubby",
            "value": "no",
            "confidence": 0.61
          },
          {
            "name": "double chin",
            "value": "no",
            "confidence": 0.77
          },
          {
            "name": "expression",
            "value": "neutral",
            "confidence": 0.78
          },
          {
            "name": "gender",
            "value": "female",
            "confidence": 0.88
          },
          {
            "name": "glasses",
            "value": "no",
            "confidence": 1.0
          },
          {
            "name": "goatee",
            "value": "no",
            "confidence": 0.87
          },
          {
            "name": "gray hair",
            "value": "no",
            "confidence": 0.66
          },
          {
            "name": "heavy makeup",
            "value": "yes",
            "confidence": 0.8
          },
          {
            "name": "high cheekbones",
            "value": "no",
            "confidence": 0.37
          },
          {
            "name": "mouth open",
            "value": "no",
            "confidence": 0.8
          },
          {
            "name": "mustache",
            "value": "no",
            "confidence": 0.88
          },
          {
            "name": "narrow eyes",
            "value": "no",
            "confidence": 0.66
          },
          {
            "name": "oval face",
            "value": "yes",
            "confidence": 0.43
          },
          {
            "name": "pale skin",
            "value": "no",
            "confidence": 0.31
          },
          {
            "name": "pitch",
            "value": "-8.03",
            "confidence": 1.0
          },
          {
            "name": "pointy nose",
            "value": "no",
            "confidence": 0.42
          },
          {
            "name": "race",
            "value": "white",
            "confidence": 1.0
          },
          {
            "name": "receding hairline",
            "value": "no",
            "confidence": 1.0
          },
          {
            "name": "rosy cheeks",
            "value": "no",
            "confidence": 0.17
          },
          {
            "name": "sideburns",
            "value": "no",
            "confidence": 0.97
          },
          {
            "name": "straight hair",
            "value": "yes",
            "confidence": 0.26
          },
          {
            "name": "wavy hair",
            "value": "no",
            "confidence": 0.49
          },
          {
            "name": "wearing earrings",
            "value": "yes",
            "confidence": 0.41
          },
          {
            "name": "wearing hat",
            "value": "no",
            "confidence": 0.54
          },
          {
            "name": "wearing lipstick",
            "value": "yes",
            "confidence": 0.87
          },
          {
            "name": "wearing necklace",
            "value": "yes",
            "confidence": 0.19
          },
          {
            "name": "wearing necktie",
            "value": "no",
            "confidence": 0.97
          },
          {
            "name": "yaw",
            "value": "-4.18",
            "confidence": 1.0
          },
          {
            "name": "young",
            "value": "yes",
            "confidence": 0.23
          }
        ],
        "person_id": "",
        "appearance_id": 0,
        "start": "00:00:00",
        "duration": "00:00:00"
      }
    ],
    "tags": null,
    "original_filename": "https://raw.githubusercontent.com/sarkrui/Hairstyle60k/master/Dataset/Pixie_Cut/IMG_1.jpg",
    "duration": "00:00:00"
  },
  "recognize": null
}