{
  "media": {
    "media_uuid": "926d6b79-be0b-4e02-90ad-c0614e522967",
    "checksum": "69908f7ad50044fcf01d0c4c54688ca05032aef505cb46532889837090927d90",
    "faces": [
      {
        "face_uuid": "7c8b6a98-1536-11e9-99c4-0cc47a6c4dbd",
        "media_uuid": "926d6b79-be0b-4e02-90ad-c0614e522967",
        "x": 291.53,
        "y": 408.88,
        "width": 301.65,
        "height": 364.55,
        "angle": 1.0485,
        "detection_score": 1.0,
        "points": [
          {
            "x": 219.0,
            "y": 367.31,
            "type": 512,
            "name": "basic eye left"
          },
          {
            "x": 364.88,
            "y": 364.64,
            "type": 768,
            "name": "basic eye right"
          },
          {
            "x": 188.45,
            "y": 368.6,
            "type": 1024,
            "name": "basic eye left outer"
          },
          {
            "x": 395.45,
            "y": 364.78,
            "type": 1280,
            "name": "basic eye right outer"
          },
          {
            "x": 248.95,
            "y": 370.45,
            "type": 1536,
            "name": "basic eye left inner"
          },
          {
            "x": 335.02,
            "y": 368.89,
            "type": 1792,
            "name": "basic eye right inner"
          },
          {
            "x": 235.48,
            "y": 509.21,
            "type": 2048,
            "name": "basic mouth left"
          },
          {
            "x": 352.16,
            "y": 507.07,
            "type": 2304,
            "name": "basic mouth right"
          },
          {
            "x": 292.89,
            "y": 452.59,
            "type": 2560,
            "name": "basic nose tip"
          },
          {
            "x": 293.74,
            "y": 511.11,
            "type": 2816,
            "name": "basic mouth center"
          },
          {
            "x": 293.74,
            "y": 511.11,
            "type": 3072,
            "name": "basic eyebrow left"
          },
          {
            "x": 293.74,
            "y": 511.11,
            "type": 3328,
            "name": "basic eyebrow left inner corner"
          },
          {
            "x": 293.74,
            "y": 511.11,
            "type": 3584,
            "name": "basic eyebrow left outer corner"
          },
          {
            "x": 293.74,
            "y": 511.11,
            "type": 3840,
            "name": "basic eyebrow right"
          },
          {
            "x": 293.74,
            "y": 511.11,
            "type": 4096,
            "name": "basic eyebrow right inner corner"
          },
          {
            "x": 293.74,
            "y": 511.11,
            "type": 4352,
            "name": "basic eyebrow right outer corner"
          },
          {
            "x": 293.74,
            "y": 511.11,
            "type": 4608,
            "name": "basic chin bottom"
          },
          {
            "x": 293.74,
            "y": 511.11,
            "type": 4864,
            "name": "basic chin left"
          },
          {
            "x": 293.74,
            "y": 511.11,
            "type": 5120,
            "name": "basic chin right"
          },
          {
            "x": 258.36,
            "y": 459.34,
            "type": 5376,
            "name": "basic nose left"
          },
          {
            "x": 328.13,
            "y": 457.94,
            "type": 5632,
            "name": "basic nose right"
          }
        ],
        "user_points": null,
        "tags": [
          {
            "name": "5oclock shadow",
            "value": "no",
            "confidence": 1.0
          },
          {
            "name": "age",
            "value": "13",
            "confidence": 0.6
          },
          {
            "name": "arched eyebrows",
            "value": "no",
            "confidence": 0.16
          },
          {
            "name": "attractive",
            "value": "yes",
            "confidence": 0.94
          },
          {
            "name": "bags under eyes",
            "value": "no",
            "confidence": 1.0
          },
          {
            "name": "bald",
            "value": "no",
            "confidence": 0.87
          },
          {
            "name": "bangs",
            "value": "yes",
            "confidence": 0.93
          },
          {
            "name": "beard",
            "value": "no",
            "confidence": 1.0
          },
          {
            "name": "big lips",
            "value": "no",
            "confidence": 0.45
          },
          {
            "name": "big nose",
            "value": "no",
            "confidence": 0.99
          },
          {
            "name": "black hair",
            "value": "no",
            "confidence": 0.19
          },
          {
            "name": "blond hair",
            "value": "no",
            "confidence": 0.9
          },
          {
            "name": "blurry",
            "value": "no",
            "confidence": 1.0
          },
          {
            "name": "brown hair",
            "value": "yes",
            "confidence": 0.32
          },
          {
            "name": "bushy eyebrows",
            "value": "no",
            "confidence": 0.16
          },
          {
            "name": "chubby",
            "value": "no",
            "confidence": 0.96
          },
          {
            "name": "double chin",
            "value": "no",
            "confidence": 1.0
          },
          {
            "name": "expression",
            "value": "neutral",
            "confidence": 0.81
          },
          {
            "name": "gender",
            "value": "female",
            "confidence": 0.75
          },
          {
            "name": "glasses",
            "value": "no",
            "confidence": 1.0
          },
          {
            "name": "goatee",
            "value": "no",
            "confidence": 0.95
          },
          {
            "name": "gray hair",
            "value": "no",
            "confidence": 1.0
          },
          {
            "name": "heavy makeup",
            "value": "yes",
            "confidence": 0.51
          },
          {
            "name": "high cheekbones",
            "value": "no",
            "confidence": 0.93
          },
          {
            "name": "mouth open",
            "value": "no",
            "confidence": 0.82
          },
          {
            "name": "mustache",
            "value": "no",
            "confidence": 0.98
          },
          {
            "name": "narrow eyes",
            "value": "no",
            "confidence": 0.96
          },
          {
            "name": "oval face",
            "value": "yes",
            "confidence": 1.0
          },
          {
            "name": "pale skin",
            "value": "yes",
            "confidence": 0.66
          },
          {
            "name": "pitch",
            "value": "-9.51",
            "confidence": 1.0
          },
          {
            "name": "pointy nose",
            "value": "no",
            "confidence": 0.5
          },
          {
            "name": "race",
            "value": "white",
            "confidence": 0.91
          },
          {
            "name": "receding hairline",
            "value": "no",
            "confidence": 0.99
          },
          {
            "name": "rosy cheeks",
            "value": "no",
            "confidence": 0.75
          },
          {
            "name": "sideburns",
            "value": "no",
            "confidence": 0.97
          },
          {
            "name": "straight hair",
            "value": "yes",
            "confidence": 0.84
          },
          {
            "name": "wavy hair",
            "value": "no",
            "confidence": 0.87
          },
          {
            "name": "wearing earrings",
            "value": "no",
            "confidence": 0.23
          },
          {
            "name": "wearing hat",
            "value": "no",
            "confidence": 0.9
          },
          {
            "name": "wearing lipstick",
            "value": "yes",
            "confidence": 0.66
          },
          {
            "name": "wearing necklace",
            "value": "no",
            "confidence": 0.53
          },
          {
            "name": "wearing necktie",
            "value": "no",
            "confidence": 0.62
          },
          {
            "name": "yaw",
            "value": "-0.6",
            "confidence": 1.0
          },
          {
            "name": "young",
            "value": "yes",
            "confidence": 1.0
          }
        ],
        "person_id": "",
        "appearance_id": 0,
        "start": "00:00:00",
        "duration": "00:00:00"
      }
    ],
    "tags": null,
    "original_filename": "https://raw.githubusercontent.com/sarkrui/Hairstyle60k/master/Dataset/Pixie_Cut/IMG_11.jpg",
    "duration": "00:00:00"
  },
  "recognize": null
}