{
  "media": {
    "media_uuid": "65881984-af9c-406b-9b0f-8c78df3d8b43",
    "checksum": "b12646df646d7a29dc872d4388cc8e7c6d8b08a4f7cd736b30deefc14a4c6542",
    "faces": [
      {
        "face_uuid": "84a7cad5-1536-11e9-99c4-0cc47a6c4dbd",
        "media_uuid": "65881984-af9c-406b-9b0f-8c78df3d8b43",
        "x": 963.43,
        "y": 1009.84,
        "width": 785.25,
        "height": 975.23,
        "angle": 2.3353,
        "detection_score": 1.0,
        "points": [
          {
            "x": 715.12,
            "y": 914.54,
            "type": 512,
            "name": "basic eye left"
          },
          {
            "x": 1071.84,
            "y": 899.99,
            "type": 768,
            "name": "basic eye right"
          },
          {
            "x": 642.95,
            "y": 918.83,
            "type": 1024,
            "name": "basic eye left outer"
          },
          {
            "x": 1150.41,
            "y": 898.51,
            "type": 1280,
            "name": "basic eye right outer"
          },
          {
            "x": 786.09,
            "y": 919.46,
            "type": 1536,
            "name": "basic eye left inner"
          },
          {
            "x": 994.87,
            "y": 910.85,
            "type": 1792,
            "name": "basic eye right inner"
          },
          {
            "x": 769.4,
            "y": 1276.13,
            "type": 2048,
            "name": "basic mouth left"
          },
          {
            "x": 1040.4,
            "y": 1269.88,
            "type": 2304,
            "name": "basic mouth right"
          },
          {
            "x": 864.02,
            "y": 1132.07,
            "type": 2560,
            "name": "basic nose tip"
          },
          {
            "x": 901.2,
            "y": 1279.17,
            "type": 2816,
            "name": "basic mouth center"
          },
          {
            "x": 901.2,
            "y": 1279.17,
            "type": 3072,
            "name": "basic eyebrow left"
          },
          {
            "x": 901.2,
            "y": 1279.17,
            "type": 3328,
            "name": "basic eyebrow left inner corner"
          },
          {
            "x": 901.2,
            "y": 1279.17,
            "type": 3584,
            "name": "basic eyebrow left outer corner"
          },
          {
            "x": 901.2,
            "y": 1279.17,
            "type": 3840,
            "name": "basic eyebrow right"
          },
          {
            "x": 901.2,
            "y": 1279.17,
            "type": 4096,
            "name": "basic eyebrow right inner corner"
          },
          {
            "x": 901.2,
            "y": 1279.17,
            "type": 4352,
            "name": "basic eyebrow right outer corner"
          },
          {
            "x": 901.2,
            "y": 1279.17,
            "type": 4608,
            "name": "basic chin bottom"
          },
          {
            "x": 901.2,
            "y": 1279.17,
            "type": 4864,
            "name": "basic chin left"
          },
          {
            "x": 901.2,
            "y": 1279.17,
            "type": 5120,
            "name": "basic chin right"
          },
          {
            "x": 795.59,
            "y": 1148.2,
            "type": 5376,
            "name": "basic nose left"
          },
          {
            "x": 970.19,
            "y": 1142.65,
            "type": 5632,
            "name": "basic nose right"
          }
        ],
        "user_points": null,
        "tags": [
          {
            "name": "5oclock shadow",
            "value": "no",
            "confidence": 0.98
          },
          {
            "name": "age",
            "value": "17",
            "confidence": 0.6
          },
          {
            "name": "arched eyebrows",
            "value": "yes",
            "confidence": 0.01
          },
          {
            "name": "attractive",
            "value": "yes",
            "confidence": 0.76
          },
          {
            "name": "bags under eyes",
            "value": "no",
            "confidence": 0.9
          },
          {
            "name": "bald",
            "value": "no",
            "confidence": 0.94
          },
          {
            "name": "bangs",
            "value": "yes",
            "confidence": 1.0
          },
          {
            "name": "beard",
            "value": "no",
            "confidence": 0.87
          },
          {
            "name": "big lips",
            "value": "no",
            "confidence": 0.18
          },
          {
            "name": "big nose",
            "value": "no",
            "confidence": 1.0
          },
          {
            "name": "black hair",
            "value": "no",
            "confidence": 0.82
          },
          {
            "name": "blond hair",
            "value": "no",
            "confidence": 0.16
          },
          {
            "name": "blurry",
            "value": "no",
            "confidence": 1.0
          },
          {
            "name": "brown hair",
            "value": "yes",
            "confidence": 0.39
          },
          {
            "name": "bushy eyebrows",
            "value": "no",
            "confidence": 0.66
          },
          {
            "name": "chubby",
            "value": "no",
            "confidence": 1.0
          },
          {
            "name": "double chin",
            "value": "no",
            "confidence": 1.0
          },
          {
            "name": "expression",
            "value": "neutral",
            "confidence": 0.4
          },
          {
            "name": "gender",
            "value": "female",
            "confidence": 1.0
          },
          {
            "name": "glasses",
            "value": "no",
            "confidence": 1.0
          },
          {
            "name": "goatee",
            "value": "no",
            "confidence": 0.96
          },
          {
            "name": "gray hair",
            "value": "no",
            "confidence": 0.8
          },
          {
            "name": "heavy makeup",
            "value": "yes",
            "confidence": 1.0
          },
          {
            "name": "high cheekbones",
            "value": "yes",
            "confidence": 0.06
          },
          {
            "name": "mouth open",
            "value": "no",
            "confidence": 0.98
          },
          {
            "name": "mustache",
            "value": "no",
            "confidence": 1.0
          },
          {
            "name": "narrow eyes",
            "value": "no",
            "confidence": 0.84
          },
          {
            "name": "oval face",
            "value": "yes",
            "confidence": 0.56
          },
          {
            "name": "pale skin",
            "value": "no",
            "confidence": 0.42
          },
          {
            "name": "pitch",
            "value": "-7.92",
            "confidence": 1.0
          },
          {
            "name": "pointy nose",
            "value": "yes",
            "confidence": 0.29
          },
          {
            "name": "race",
            "value": "white",
            "confidence": 0.94
          },
          {
            "name": "receding hairline",
            "value": "no",
            "confidence": 1.0
          },
          {
            "name": "rosy cheeks",
            "value": "yes",
            "confidence": 0.42
          },
          {
            "name": "sideburns",
            "value": "no",
            "confidence": 0.94
          },
          {
            "name": "straight hair",
            "value": "yes",
            "confidence": 0.77
          },
          {
            "name": "wavy hair",
            "value": "no",
            "confidence": 0.99
          },
          {
            "name": "wearing earrings",
            "value": "yes",
            "confidence": 0.6
          },
          {
            "name": "wearing hat",
            "value": "no",
            "confidence": 0.84
          },
          {
            "name": "wearing lipstick",
            "value": "yes",
            "confidence": 1.0
          },
          {
            "name": "wearing necklace",
            "value": "yes",
            "confidence": 0.07
          },
          {
            "name": "wearing necktie",
            "value": "no",
            "confidence": 0.92
          },
          {
            "name": "yaw",
            "value": "27.78",
            "confidence": 1.0
          },
          {
            "name": "young",
            "value": "yes",
            "confidence": 0.47
          }
        ],
        "person_id": "",
        "appearance_id": 0,
        "start": "00:00:00",
        "duration": "00:00:00"
      }
    ],
    "tags": null,
    "original_filename": "https://raw.githubusercontent.com/sarkrui/Hairstyle60k/master/Dataset/Pixie_Cut/IMG_21.jpg",
    "duration": "00:00:00"
  },
  "recognize": null
}