{
  "media": {
    "media_uuid": "444f0b0e-dbfb-45ad-92ef-c349ee9f223a",
    "checksum": "a2cb24578bcb2374ed2e8c1988bcc8fa447646dac2ed5d6dfd0162f9418481fe",
    "faces": [
      {
        "face_uuid": "81512393-1536-11e9-99c4-0cc47a6c4dbd",
        "media_uuid": "444f0b0e-dbfb-45ad-92ef-c349ee9f223a",
        "x": 316.13,
        "y": 255.56,
        "width": 190.32,
        "height": 253.42,
        "angle": -1.5644,
        "detection_score": 1.0,
        "points": [
          {
            "x": 264.3,
            "y": 220.35,
            "type": 512,
            "name": "basic eye left"
          },
          {
            "x": 361.41,
            "y": 223.0,
            "type": 768,
            "name": "basic eye right"
          },
          {
            "x": 244.94,
            "y": 220.31,
            "type": 1024,
            "name": "basic eye left outer"
          },
          {
            "x": 382.84,
            "y": 224.32,
            "type": 1280,
            "name": "basic eye right outer"
          },
          {
            "x": 282.86,
            "y": 222.71,
            "type": 1536,
            "name": "basic eye left inner"
          },
          {
            "x": 340.21,
            "y": 224.25,
            "type": 1792,
            "name": "basic eye right inner"
          },
          {
            "x": 231.15,
            "y": 320.92,
            "type": 2048,
            "name": "basic mouth left"
          },
          {
            "x": 310.96,
            "y": 337.18,
            "type": 2304,
            "name": "basic mouth right"
          },
          {
            "x": 282.08,
            "y": 280.75,
            "type": 2560,
            "name": "basic nose tip"
          },
          {
            "x": 269.66,
            "y": 329.9,
            "type": 2816,
            "name": "basic mouth center"
          },
          {
            "x": 269.66,
            "y": 329.9,
            "type": 3072,
            "name": "basic eyebrow left"
          },
          {
            "x": 269.66,
            "y": 329.9,
            "type": 3328,
            "name": "basic eyebrow left inner corner"
          },
          {
            "x": 269.66,
            "y": 329.9,
            "type": 3584,
            "name": "basic eyebrow left outer corner"
          },
          {
            "x": 269.66,
            "y": 329.9,
            "type": 3840,
            "name": "basic eyebrow right"
          },
          {
            "x": 269.66,
            "y": 329.9,
            "type": 4096,
            "name": "basic eyebrow right inner corner"
          },
          {
            "x": 269.66,
            "y": 329.9,
            "type": 4352,
            "name": "basic eyebrow right outer corner"
          },
          {
            "x": 269.66,
            "y": 329.9,
            "type": 4608,
            "name": "basic chin bottom"
          },
          {
            "x": 269.66,
            "y": 329.9,
            "type": 4864,
            "name": "basic chin left"
          },
          {
            "x": 269.66,
            "y": 329.9,
            "type": 5120,
            "name": "basic chin right"
          },
          {
            "x": 261.63,
            "y": 286.33,
            "type": 5376,
            "name": "basic nose left"
          },
          {
            "x": 311.65,
            "y": 292.71,
            "type": 5632,
            "name": "basic nose right"
          }
        ],
        "user_points": null,
        "tags": [
          {
            "name": "5oclock shadow",
            "value": "no",
            "confidence": 0.41
          },
          {
            "name": "age",
            "value": "40",
            "confidence": 0.6
          },
          {
            "name": "arched eyebrows",
            "value": "no",
            "confidence": 0.77
          },
          {
            "name": "attractive",
            "value": "no",
            "confidence": 0.44
          },
          {
            "name": "bags under eyes",
            "value": "no",
            "confidence": 0.58
          },
          {
            "name": "bald",
            "value": "no",
            "confidence": 0.78
          },
          {
            "name": "bangs",
            "value": "no",
            "confidence": 0.15
          },
          {
            "name": "beard",
            "value": "no",
            "confidence": 0.46
          },
          {
            "name": "big lips",
            "value": "no",
            "confidence": 0.08
          },
          {
            "name": "big nose",
            "value": "no",
            "confidence": 0.33
          },
          {
            "name": "black hair",
            "value": "no",
            "confidence": 0.3
          },
          {
            "name": "blond hair",
            "value": "no",
            "confidence": 1.0
          },
          {
            "name": "blurry",
            "value": "no",
            "confidence": 0.47
          },
          {
            "name": "brown hair",
            "value": "no",
            "confidence": 0.03
          },
          {
            "name": "bushy eyebrows",
            "value": "no",
            "confidence": 0.3
          },
          {
            "name": "chubby",
            "value": "no",
            "confidence": 0.66
          },
          {
            "name": "double chin",
            "value": "no",
            "confidence": 0.92
          },
          {
            "name": "expression",
            "value": "neutral",
            "confidence": 0.91
          },
          {
            "name": "gender",
            "value": "male",
            "confidence": 0.16
          },
          {
            "name": "glasses",
            "value": "no",
            "confidence": 0.99
          },
          {
            "name": "goatee",
            "value": "no",
            "confidence": 0.69
          },
          {
            "name": "gray hair",
            "value": "no",
            "confidence": 0.96
          },
          {
            "name": "heavy makeup",
            "value": "no",
            "confidence": 0.54
          },
          {
            "name": "high cheekbones",
            "value": "no",
            "confidence": 0.65
          },
          {
            "name": "mouth open",
            "value": "no",
            "confidence": 0.97
          },
          {
            "name": "mustache",
            "value": "no",
            "confidence": 0.61
          },
          {
            "name": "narrow eyes",
            "value": "no",
            "confidence": 0.2
          },
          {
            "name": "oval face",
            "value": "no",
            "confidence": 0.31
          },
          {
            "name": "pale skin",
            "value": "yes",
            "confidence": 0.07
          },
          {
            "name": "pitch",
            "value": "-4.97",
            "confidence": 1.0
          },
          {
            "name": "pointy nose",
            "value": "no",
            "confidence": 0.49
          },
          {
            "name": "race",
            "value": "asian",
            "confidence": 1.0
          },
          {
            "name": "receding hairline",
            "value": "no",
            "confidence": 0.71
          },
          {
            "name": "rosy cheeks",
            "value": "no",
            "confidence": 1.0
          },
          {
            "name": "sideburns",
            "value": "no",
            "confidence": 0.77
          },
          {
            "name": "straight hair",
            "value": "no",
            "confidence": 0.25
          },
          {
            "name": "wavy hair",
            "value": "no",
            "confidence": 0.51
          },
          {
            "name": "wearing earrings",
            "value": "no",
            "confidence": 0.27
          },
          {
            "name": "wearing hat",
            "value": "yes",
            "confidence": 0.19
          },
          {
            "name": "wearing lipstick",
            "value": "no",
            "confidence": 0.49
          },
          {
            "name": "wearing necklace",
            "value": "no",
            "confidence": 0.61
          },
          {
            "name": "wearing necktie",
            "value": "no",
            "confidence": 0.76
          },
          {
            "name": "yaw",
            "value": "54.76",
            "confidence": 1.0
          },
          {
            "name": "young",
            "value": "yes",
            "confidence": 0.57
          }
        ],
        "person_id": "",
        "appearance_id": 0,
        "start": "00:00:00",
        "duration": "00:00:00"
      }
    ],
    "tags": null,
    "original_filename": "https://raw.githubusercontent.com/sarkrui/Hairstyle60k/master/Dataset/Pixie_Cut/IMG_17.jpg",
    "duration": "00:00:00"
  },
  "recognize": null
}