{
  "media": {
    "media_uuid": "0a449e44-f0a9-4186-99a9-be53ea8df875",
    "checksum": "249bcf3ec78527b10ec0040aaa1f36ccb635b69db4944a908a96a7a13e79c151",
    "faces": [
      {
        "face_uuid": "79636b34-1536-11e9-99c4-0cc47a6c4dbd",
        "media_uuid": "0a449e44-f0a9-4186-99a9-be53ea8df875",
        "x": 264.22,
        "y": 316.45,
        "width": 241.94,
        "height": 319.96,
        "angle": -6.6707,
        "detection_score": 1.0,
        "points": [
          {
            "x": 223.86,
            "y": 279.69,
            "type": 512,
            "name": "basic eye left"
          },
          {
            "x": 342.53,
            "y": 293.57,
            "type": 768,
            "name": "basic eye right"
          },
          {
            "x": 197.29,
            "y": 276.85,
            "type": 1024,
            "name": "basic eye left outer"
          },
          {
            "x": 367.07,
            "y": 296.58,
            "type": 1280,
            "name": "basic eye right outer"
          },
          {
            "x": 249.58,
            "y": 285.21,
            "type": 1536,
            "name": "basic eye left inner"
          },
          {
            "x": 318.45,
            "y": 293.39,
            "type": 1792,
            "name": "basic eye right inner"
          },
          {
            "x": 221.03,
            "y": 399.12,
            "type": 2048,
            "name": "basic mouth left"
          },
          {
            "x": 313.22,
            "y": 409.91,
            "type": 2304,
            "name": "basic mouth right"
          },
          {
            "x": 286.58,
            "y": 366.51,
            "type": 2560,
            "name": "basic nose tip"
          },
          {
            "x": 268.24,
            "y": 407.17,
            "type": 2816,
            "name": "basic mouth center"
          },
          {
            "x": 268.24,
            "y": 407.17,
            "type": 3072,
            "name": "basic eyebrow left"
          },
          {
            "x": 268.24,
            "y": 407.17,
            "type": 3328,
            "name": "basic eyebrow left inner corner"
          },
          {
            "x": 268.24,
            "y": 407.17,
            "type": 3584,
            "name": "basic eyebrow left outer corner"
          },
          {
            "x": 268.24,
            "y": 407.17,
            "type": 3840,
            "name": "basic eyebrow right"
          },
          {
            "x": 268.24,
            "y": 407.17,
            "type": 4096,
            "name": "basic eyebrow right inner corner"
          },
          {
            "x": 268.24,
            "y": 407.17,
            "type": 4352,
            "name": "basic eyebrow right outer corner"
          },
          {
            "x": 268.24,
            "y": 407.17,
            "type": 4608,
            "name": "basic chin bottom"
          },
          {
            "x": 268.24,
            "y": 407.17,
            "type": 4864,
            "name": "basic chin left"
          },
          {
            "x": 268.24,
            "y": 407.17,
            "type": 5120,
            "name": "basic chin right"
          },
          {
            "x": 251.43,
            "y": 363.14,
            "type": 5376,
            "name": "basic nose left"
          },
          {
            "x": 308.79,
            "y": 369.66,
            "type": 5632,
            "name": "basic nose right"
          }
        ],
        "user_points": null,
        "tags": [
          {
            "name": "5oclock shadow",
            "value": "no",
            "confidence": 1.0
          },
          {
            "name": "age",
            "value": "15",
            "confidence": 0.6
          },
          {
            "name": "arched eyebrows",
            "value": "yes",
            "confidence": 0.25
          },
          {
            "name": "attractive",
            "value": "yes",
            "confidence": 1.0
          },
          {
            "name": "bags under eyes",
            "value": "no",
            "confidence": 1.0
          },
          {
            "name": "bald",
            "value": "no",
            "confidence": 0.8
          },
          {
            "name": "bangs",
            "value": "no",
            "confidence": 0.65
          },
          {
            "name": "beard",
            "value": "no",
            "confidence": 1.0
          },
          {
            "name": "big lips",
            "value": "yes",
            "confidence": 0.16
          },
          {
            "name": "big nose",
            "value": "no",
            "confidence": 0.96
          },
          {
            "name": "black hair",
            "value": "no",
            "confidence": 0.46
          },
          {
            "name": "blond hair",
            "value": "yes",
            "confidence": 0.05
          },
          {
            "name": "blurry",
            "value": "no",
            "confidence": 1.0
          },
          {
            "name": "brown hair",
            "value": "no",
            "confidence": 0.43
          },
          {
            "name": "bushy eyebrows",
            "value": "no",
            "confidence": 0.26
          },
          {
            "name": "chubby",
            "value": "no",
            "confidence": 1.0
          },
          {
            "name": "double chin",
            "value": "no",
            "confidence": 1.0
          },
          {
            "name": "expression",
            "value": "neutral",
            "confidence": 0.62
          },
          {
            "name": "gender",
            "value": "female",
            "confidence": 0.98
          },
          {
            "name": "glasses",
            "value": "no",
            "confidence": 1.0
          },
          {
            "name": "goatee",
            "value": "no",
            "confidence": 1.0
          },
          {
            "name": "gray hair",
            "value": "no",
            "confidence": 0.92
          },
          {
            "name": "heavy makeup",
            "value": "yes",
            "confidence": 0.88
          },
          {
            "name": "high cheekbones",
            "value": "no",
            "confidence": 0.61
          },
          {
            "name": "mouth open",
            "value": "no",
            "confidence": 0.78
          },
          {
            "name": "mustache",
            "value": "no",
            "confidence": 1.0
          },
          {
            "name": "narrow eyes",
            "value": "no",
            "confidence": 0.91
          },
          {
            "name": "oval face",
            "value": "yes",
            "confidence": 0.38
          },
          {
            "name": "pale skin",
            "value": "yes",
            "confidence": 1.0
          },
          {
            "name": "pitch",
            "value": "-9.02",
            "confidence": 1.0
          },
          {
            "name": "pointy nose",
            "value": "yes",
            "confidence": 0.22
          },
          {
            "name": "race",
            "value": "white",
            "confidence": 0.81
          },
          {
            "name": "receding hairline",
            "value": "no",
            "confidence": 0.49
          },
          {
            "name": "rosy cheeks",
            "value": "no",
            "confidence": 0.87
          },
          {
            "name": "sideburns",
            "value": "no",
            "confidence": 1.0
          },
          {
            "name": "straight hair",
            "value": "yes",
            "confidence": 0.16
          },
          {
            "name": "wavy hair",
            "value": "no",
            "confidence": 0.24
          },
          {
            "name": "wearing earrings",
            "value": "no",
            "confidence": 0.41
          },
          {
            "name": "wearing hat",
            "value": "no",
            "confidence": 0.66
          },
          {
            "name": "wearing lipstick",
            "value": "yes",
            "confidence": 0.92
          },
          {
            "name": "wearing necklace",
            "value": "no",
            "confidence": 0.48
          },
          {
            "name": "wearing necktie",
            "value": "no",
            "confidence": 0.89
          },
          {
            "name": "yaw",
            "value": "-4.42",
            "confidence": 1.0
          },
          {
            "name": "young",
            "value": "yes",
            "confidence": 1.0
          }
        ],
        "person_id": "",
        "appearance_id": 0,
        "start": "00:00:00",
        "duration": "00:00:00"
      }
    ],
    "tags": null,
    "original_filename": "https://raw.githubusercontent.com/sarkrui/Hairstyle60k/master/Dataset/Pixie_Cut/IMG_7.jpg",
    "duration": "00:00:00"
  },
  "recognize": null
}