{
  "media": {
    "media_uuid": "7b6067dd-d33d-43ad-9e8d-b1682b46a8bc",
    "checksum": "7f2dc22341eecff857a3712f785d328a3a057576f24c939809ce1161da6c57f6",
    "faces": [
      {
        "face_uuid": "969f9a8d-1536-11e9-99c4-0cc47a6c4dbd",
        "media_uuid": "7b6067dd-d33d-43ad-9e8d-b1682b46a8bc",
        "x": 86.5,
        "y": 261.5,
        "width": 135.09,
        "height": 205.99,
        "angle": 20.1263,
        "detection_score": 1.0,
        "points": [
          {
            "x": 22.43,
            "y": 245.9,
            "type": 512,
            "name": "basic eye left"
          },
          {
            "x": 103.95,
            "y": 216.02,
            "type": 768,
            "name": "basic eye right"
          },
          {
            "x": 6.72,
            "y": 252.15,
            "type": 1024,
            "name": "basic eye left outer"
          },
          {
            "x": 122.62,
            "y": 210.01,
            "type": 1280,
            "name": "basic eye right outer"
          },
          {
            "x": 38.36,
            "y": 241.56,
            "type": 1536,
            "name": "basic eye left inner"
          },
          {
            "x": 86.53,
            "y": 223.75,
            "type": 1792,
            "name": "basic eye right inner"
          },
          {
            "x": 25.64,
            "y": 344.39,
            "type": 2048,
            "name": "basic mouth left"
          },
          {
            "x": 99.19,
            "y": 322.51,
            "type": 2304,
            "name": "basic mouth right"
          },
          {
            "x": 46.52,
            "y": 286.9,
            "type": 2560,
            "name": "basic nose tip"
          },
          {
            "x": 60.58,
            "y": 334.07,
            "type": 2816,
            "name": "basic mouth center"
          },
          {
            "x": 60.58,
            "y": 334.07,
            "type": 3072,
            "name": "basic eyebrow left"
          },
          {
            "x": 60.58,
            "y": 334.07,
            "type": 3328,
            "name": "basic eyebrow left inner corner"
          },
          {
            "x": 60.58,
            "y": 334.07,
            "type": 3584,
            "name": "basic eyebrow left outer corner"
          },
          {
            "x": 60.58,
            "y": 334.07,
            "type": 3840,
            "name": "basic eyebrow right"
          },
          {
            "x": 60.58,
            "y": 334.07,
            "type": 4096,
            "name": "basic eyebrow right inner corner"
          },
          {
            "x": 60.58,
            "y": 334.07,
            "type": 4352,
            "name": "basic eyebrow right outer corner"
          },
          {
            "x": 60.58,
            "y": 334.07,
            "type": 4608,
            "name": "basic chin bottom"
          },
          {
            "x": 60.58,
            "y": 334.07,
            "type": 4864,
            "name": "basic chin left"
          },
          {
            "x": 60.58,
            "y": 334.07,
            "type": 5120,
            "name": "basic chin right"
          },
          {
            "x": 34.16,
            "y": 299.19,
            "type": 5376,
            "name": "basic nose left"
          },
          {
            "x": 78.61,
            "y": 285.68,
            "type": 5632,
            "name": "basic nose right"
          }
        ],
        "user_points": null,
        "tags": [
          {
            "name": "5oclock shadow",
            "value": "no",
            "confidence": 1.0
          },
          {
            "name": "age",
            "value": "20",
            "confidence": 0.6
          },
          {
            "name": "arched eyebrows",
            "value": "no",
            "confidence": 0.97
          },
          {
            "name": "attractive",
            "value": "no",
            "confidence": 0.56
          },
          {
            "name": "bags under eyes",
            "value": "no",
            "confidence": 1.0
          },
          {
            "name": "bald",
            "value": "no",
            "confidence": 0.45
          },
          {
            "name": "bangs",
            "value": "no",
            "confidence": 0.23
          },
          {
            "name": "beard",
            "value": "no",
            "confidence": 0.61
          },
          {
            "name": "big lips",
            "value": "no",
            "confidence": 0.19
          },
          {
            "name": "big nose",
            "value": "no",
            "confidence": 0.83
          },
          {
            "name": "black hair",
            "value": "no",
            "confidence": 0.36
          },
          {
            "name": "blond hair",
            "value": "no",
            "confidence": 0.7
          },
          {
            "name": "blurry",
            "value": "yes",
            "confidence": 0.09
          },
          {
            "name": "brown hair",
            "value": "no",
            "confidence": 0.61
          },
          {
            "name": "bushy eyebrows",
            "value": "no",
            "confidence": 0.8
          },
          {
            "name": "chubby",
            "value": "no",
            "confidence": 0.73
          },
          {
            "name": "double chin",
            "value": "no",
            "confidence": 1.0
          },
          {
            "name": "expression",
            "value": "neutral",
            "confidence": 0.75
          },
          {
            "name": "gender",
            "value": "female",
            "confidence": 0.42
          },
          {
            "name": "glasses",
            "value": "no",
            "confidence": 0.94
          },
          {
            "name": "goatee",
            "value": "no",
            "confidence": 0.78
          },
          {
            "name": "gray hair",
            "value": "no",
            "confidence": 0.76
          },
          {
            "name": "heavy makeup",
            "value": "no",
            "confidence": 0.41
          },
          {
            "name": "high cheekbones",
            "value": "no",
            "confidence": 0.76
          },
          {
            "name": "mouth open",
            "value": "yes",
            "confidence": 0.62
          },
          {
            "name": "mustache",
            "value": "no",
            "confidence": 0.72
          },
          {
            "name": "narrow eyes",
            "value": "no",
            "confidence": 0.27
          },
          {
            "name": "oval face",
            "value": "no",
            "confidence": 0.11
          },
          {
            "name": "pale skin",
            "value": "yes",
            "confidence": 0.5
          },
          {
            "name": "pitch",
            "value": "-4.86",
            "confidence": 1.0
          },
          {
            "name": "pointy nose",
            "value": "no",
            "confidence": 0.43
          },
          {
            "name": "race",
            "value": "asian",
            "confidence": 1.0
          },
          {
            "name": "receding hairline",
            "value": "no",
            "confidence": 0.58
          },
          {
            "name": "rosy cheeks",
            "value": "no",
            "confidence": 1.0
          },
          {
            "name": "sideburns",
            "value": "no",
            "confidence": 0.98
          },
          {
            "name": "straight hair",
            "value": "no",
            "confidence": 0.47
          },
          {
            "name": "wavy hair",
            "value": "no",
            "confidence": 0.69
          },
          {
            "name": "wearing earrings",
            "value": "no",
            "confidence": 0.33
          },
          {
            "name": "wearing hat",
            "value": "yes",
            "confidence": 0.56
          },
          {
            "name": "wearing lipstick",
            "value": "no",
            "confidence": 0.27
          },
          {
            "name": "wearing necklace",
            "value": "no",
            "confidence": 0.55
          },
          {
            "name": "wearing necktie",
            "value": "no",
            "confidence": 1.0
          },
          {
            "name": "yaw",
            "value": "72.69",
            "confidence": 1.0
          },
          {
            "name": "young",
            "value": "yes",
            "confidence": 0.53
          }
        ],
        "person_id": "",
        "appearance_id": 0,
        "start": "00:00:00",
        "duration": "00:00:00"
      }
    ],
    "tags": null,
    "original_filename": "https://raw.githubusercontent.com/sarkrui/Hairstyle60k/master/Dataset/Ponytail/IMG_21.jpg",
    "duration": "00:00:00"
  },
  "recognize": null
}