{
  "media": {
    "media_uuid": "43f32515-7f48-41c4-aab2-df59b771aef7",
    "checksum": "f82851c5fb6421cd3eba0329323f0f6bd9db0ba8e2a4216556163d769c59e876",
    "faces": [
      {
        "face_uuid": "92d736de-1536-11e9-99c4-0cc47a6c4dbd",
        "media_uuid": "43f32515-7f48-41c4-aab2-df59b771aef7",
        "x": 562.81,
        "y": 389.27,
        "width": 227.72,
        "height": 304.5,
        "angle": -3.9892,
        "detection_score": 1.0,
        "points": [
          {
            "x": 534.19,
            "y": 363.62,
            "type": 512,
            "name": "basic eye left"
          },
          {
            "x": 642.8,
            "y": 371.2,
            "type": 768,
            "name": "basic eye right"
          },
          {
            "x": 508.48,
            "y": 363.64,
            "type": 1024,
            "name": "basic eye left outer"
          },
          {
            "x": 663.75,
            "y": 373.81,
            "type": 1280,
            "name": "basic eye right outer"
          },
          {
            "x": 558.16,
            "y": 365.09,
            "type": 1536,
            "name": "basic eye left inner"
          },
          {
            "x": 622.0,
            "y": 369.83,
            "type": 1792,
            "name": "basic eye right inner"
          },
          {
            "x": 555.74,
            "y": 485.35,
            "type": 2048,
            "name": "basic mouth left"
          },
          {
            "x": 640.04,
            "y": 484.49,
            "type": 2304,
            "name": "basic mouth right"
          },
          {
            "x": 618.96,
            "y": 426.5,
            "type": 2560,
            "name": "basic nose tip"
          },
          {
            "x": 600.11,
            "y": 484.67,
            "type": 2816,
            "name": "basic mouth center"
          },
          {
            "x": 600.11,
            "y": 484.67,
            "type": 3072,
            "name": "basic eyebrow left"
          },
          {
            "x": 600.11,
            "y": 484.67,
            "type": 3328,
            "name": "basic eyebrow left inner corner"
          },
          {
            "x": 600.11,
            "y": 484.67,
            "type": 3584,
            "name": "basic eyebrow left outer corner"
          },
          {
            "x": 600.11,
            "y": 484.67,
            "type": 3840,
            "name": "basic eyebrow right"
          },
          {
            "x": 600.11,
            "y": 484.67,
            "type": 4096,
            "name": "basic eyebrow right inner corner"
          },
          {
            "x": 600.11,
            "y": 484.67,
            "type": 4352,
            "name": "basic eyebrow right outer corner"
          },
          {
            "x": 600.11,
            "y": 484.67,
            "type": 4608,
            "name": "basic chin bottom"
          },
          {
            "x": 600.11,
            "y": 484.67,
            "type": 4864,
            "name": "basic chin left"
          },
          {
            "x": 600.11,
            "y": 484.67,
            "type": 5120,
            "name": "basic chin right"
          },
          {
            "x": 579.63,
            "y": 437.19,
            "type": 5376,
            "name": "basic nose left"
          },
          {
            "x": 633.77,
            "y": 437.96,
            "type": 5632,
            "name": "basic nose right"
          }
        ],
        "user_points": null,
        "tags": [
          {
            "name": "5oclock shadow",
            "value": "no",
            "confidence": 1.0
          },
          {
            "name": "age",
            "value": "20",
            "confidence": 0.6
          },
          {
            "name": "arched eyebrows",
            "value": "no",
            "confidence": 0.14
          },
          {
            "name": "attractive",
            "value": "no",
            "confidence": 0.67
          },
          {
            "name": "bags under eyes",
            "value": "no",
            "confidence": 0.88
          },
          {
            "name": "bald",
            "value": "no",
            "confidence": 0.69
          },
          {
            "name": "bangs",
            "value": "no",
            "confidence": 0.67
          },
          {
            "name": "beard",
            "value": "no",
            "confidence": 1.0
          },
          {
            "name": "big lips",
            "value": "yes",
            "confidence": 0.1
          },
          {
            "name": "big nose",
            "value": "no",
            "confidence": 0.68
          },
          {
            "name": "black hair",
            "value": "yes",
            "confidence": 0.38
          },
          {
            "name": "blond hair",
            "value": "no",
            "confidence": 0.99
          },
          {
            "name": "blurry",
            "value": "no",
            "confidence": 0.11
          },
          {
            "name": "brown hair",
            "value": "no",
            "confidence": 0.33
          },
          {
            "name": "bushy eyebrows",
            "value": "no",
            "confidence": 0.56
          },
          {
            "name": "chubby",
            "value": "no",
            "confidence": 0.57
          },
          {
            "name": "double chin",
            "value": "no",
            "confidence": 0.94
          },
          {
            "name": "expression",
            "value": "neutral",
            "confidence": 0.84
          },
          {
            "name": "gender",
            "value": "female",
            "confidence": 0.98
          },
          {
            "name": "glasses",
            "value": "no",
            "confidence": 1.0
          },
          {
            "name": "goatee",
            "value": "no",
            "confidence": 1.0
          },
          {
            "name": "gray hair",
            "value": "no",
            "confidence": 1.0
          },
          {
            "name": "heavy makeup",
            "value": "no",
            "confidence": 0.21
          },
          {
            "name": "high cheekbones",
            "value": "no",
            "confidence": 0.34
          },
          {
            "name": "mouth open",
            "value": "no",
            "confidence": 0.34
          },
          {
            "name": "mustache",
            "value": "no",
            "confidence": 1.0
          },
          {
            "name": "narrow eyes",
            "value": "no",
            "confidence": 0.51
          },
          {
            "name": "oval face",
            "value": "yes",
            "confidence": 0.01
          },
          {
            "name": "pale skin",
            "value": "no",
            "confidence": 0.8
          },
          {
            "name": "pitch",
            "value": "-5.39",
            "confidence": 1.0
          },
          {
            "name": "pointy nose",
            "value": "no",
            "confidence": 0.42
          },
          {
            "name": "race",
            "value": "asian",
            "confidence": 0.61
          },
          {
            "name": "receding hairline",
            "value": "yes",
            "confidence": 0.07
          },
          {
            "name": "rosy cheeks",
            "value": "no",
            "confidence": 0.85
          },
          {
            "name": "sideburns",
            "value": "no",
            "confidence": 1.0
          },
          {
            "name": "straight hair",
            "value": "yes",
            "confidence": 0.28
          },
          {
            "name": "wavy hair",
            "value": "no",
            "confidence": 0.94
          },
          {
            "name": "wearing earrings",
            "value": "yes",
            "confidence": 0.37
          },
          {
            "name": "wearing hat",
            "value": "no",
            "confidence": 0.49
          },
          {
            "name": "wearing lipstick",
            "value": "yes",
            "confidence": 0.06
          },
          {
            "name": "wearing necklace",
            "value": "no",
            "confidence": 0.08
          },
          {
            "name": "wearing necktie",
            "value": "no",
            "confidence": 1.0
          },
          {
            "name": "yaw",
            "value": "-61.36",
            "confidence": 1.0
          },
          {
            "name": "young",
            "value": "yes",
            "confidence": 0.69
          }
        ],
        "person_id": "",
        "appearance_id": 0,
        "start": "00:00:00",
        "duration": "00:00:00"
      }
    ],
    "tags": null,
    "original_filename": "https://raw.githubusercontent.com/sarkrui/Hairstyle60k/master/Dataset/Ponytail/IMG_16.jpg",
    "duration": "00:00:00"
  },
  "recognize": null
}