{
  "media": {
    "media_uuid": "f8054890-99db-4724-85fb-b38ee0c62587",
    "checksum": "ee5e0a53e6efb14e0809f60538e91a51b7267d3396b1519de0b869cb000b50d4",
    "faces": [
      {
        "face_uuid": "ab025b28-1536-11e9-99c4-0cc47a6c4dbd",
        "media_uuid": "f8054890-99db-4724-85fb-b38ee0c62587",
        "x": 237.0,
        "y": 338.5,
        "width": 226.3,
        "height": 290.0,
        "angle": 1.448,
        "detection_score": 1.0,
        "points": [
          {
            "x": 187.71,
            "y": 309.54,
            "type": 512,
            "name": "basic eye left"
          },
          {
            "x": 296.49,
            "y": 306.79,
            "type": 768,
            "name": "basic eye right"
          },
          {
            "x": 163.95,
            "y": 310.23,
            "type": 1024,
            "name": "basic eye left outer"
          },
          {
            "x": 319.42,
            "y": 306.23,
            "type": 1280,
            "name": "basic eye right outer"
          },
          {
            "x": 211.17,
            "y": 311.86,
            "type": 1536,
            "name": "basic eye left inner"
          },
          {
            "x": 274.17,
            "y": 310.31,
            "type": 1792,
            "name": "basic eye right inner"
          },
          {
            "x": 203.4,
            "y": 425.71,
            "type": 2048,
            "name": "basic mouth left"
          },
          {
            "x": 284.59,
            "y": 423.8,
            "type": 2304,
            "name": "basic mouth right"
          },
          {
            "x": 249.09,
            "y": 383.34,
            "type": 2560,
            "name": "basic nose tip"
          },
          {
            "x": 244.59,
            "y": 426.6,
            "type": 2816,
            "name": "basic mouth center"
          },
          {
            "x": 244.59,
            "y": 426.6,
            "type": 3072,
            "name": "basic eyebrow left"
          },
          {
            "x": 244.59,
            "y": 426.6,
            "type": 3328,
            "name": "basic eyebrow left inner corner"
          },
          {
            "x": 244.59,
            "y": 426.6,
            "type": 3584,
            "name": "basic eyebrow left outer corner"
          },
          {
            "x": 244.59,
            "y": 426.6,
            "type": 3840,
            "name": "basic eyebrow right"
          },
          {
            "x": 244.59,
            "y": 426.6,
            "type": 4096,
            "name": "basic eyebrow right inner corner"
          },
          {
            "x": 244.59,
            "y": 426.6,
            "type": 4352,
            "name": "basic eyebrow right outer corner"
          },
          {
            "x": 244.59,
            "y": 426.6,
            "type": 4608,
            "name": "basic chin bottom"
          },
          {
            "x": 244.59,
            "y": 426.6,
            "type": 4864,
            "name": "basic chin left"
          },
          {
            "x": 244.59,
            "y": 426.6,
            "type": 5120,
            "name": "basic chin right"
          },
          {
            "x": 220.82,
            "y": 386.07,
            "type": 5376,
            "name": "basic nose left"
          },
          {
            "x": 272.63,
            "y": 384.63,
            "type": 5632,
            "name": "basic nose right"
          }
        ],
        "user_points": null,
        "tags": [
          {
            "name": "5oclock shadow",
            "value": "yes",
            "confidence": 0.8
          },
          {
            "name": "age",
            "value": "17",
            "confidence": 0.6
          },
          {
            "name": "arched eyebrows",
            "value": "no",
            "confidence": 0.47
          },
          {
            "name": "attractive",
            "value": "yes",
            "confidence": 0.21
          },
          {
            "name": "bags under eyes",
            "value": "no",
            "confidence": 0.04
          },
          {
            "name": "bald",
            "value": "no",
            "confidence": 0.71
          },
          {
            "name": "bangs",
            "value": "no",
            "confidence": 0.35
          },
          {
            "name": "beard",
            "value": "yes",
            "confidence": 0.36
          },
          {
            "name": "big lips",
            "value": "no",
            "confidence": 0.14
          },
          {
            "name": "big nose",
            "value": "yes",
            "confidence": 0.14
          },
          {
            "name": "black hair",
            "value": "no",
            "confidence": 1.0
          },
          {
            "name": "blond hair",
            "value": "no",
            "confidence": 0.41
          },
          {
            "name": "blurry",
            "value": "no",
            "confidence": 1.0
          },
          {
            "name": "brown hair",
            "value": "no",
            "confidence": 0.34
          },
          {
            "name": "bushy eyebrows",
            "value": "yes",
            "confidence": 1.0
          },
          {
            "name": "chubby",
            "value": "no",
            "confidence": 0.97
          },
          {
            "name": "double chin",
            "value": "no",
            "confidence": 1.0
          },
          {
            "name": "expression",
            "value": "neutral",
            "confidence": 0.99
          },
          {
            "name": "gender",
            "value": "male",
            "confidence": 1.0
          },
          {
            "name": "glasses",
            "value": "no",
            "confidence": 1.0
          },
          {
            "name": "goatee",
            "value": "no",
            "confidence": 0.13
          },
          {
            "name": "gray hair",
            "value": "no",
            "confidence": 0.66
          },
          {
            "name": "heavy makeup",
            "value": "no",
            "confidence": 1.0
          },
          {
            "name": "high cheekbones",
            "value": "no",
            "confidence": 1.0
          },
          {
            "name": "mouth open",
            "value": "no",
            "confidence": 0.94
          },
          {
            "name": "mustache",
            "value": "no",
            "confidence": 0.13
          },
          {
            "name": "narrow eyes",
            "value": "no",
            "confidence": 0.81
          },
          {
            "name": "oval face",
            "value": "no",
            "confidence": 0.12
          },
          {
            "name": "pale skin",
            "value": "yes",
            "confidence": 0.07
          },
          {
            "name": "pitch",
            "value": "-10.07",
            "confidence": 1.0
          },
          {
            "name": "pointy nose",
            "value": "yes",
            "confidence": 0.24
          },
          {
            "name": "race",
            "value": "white",
            "confidence": 1.0
          },
          {
            "name": "receding hairline",
            "value": "no",
            "confidence": 1.0
          },
          {
            "name": "rosy cheeks",
            "value": "no",
            "confidence": 0.84
          },
          {
            "name": "sideburns",
            "value": "no",
            "confidence": 0.13
          },
          {
            "name": "straight hair",
            "value": "no",
            "confidence": 0.3
          },
          {
            "name": "wavy hair",
            "value": "no",
            "confidence": 0.64
          },
          {
            "name": "wearing earrings",
            "value": "no",
            "confidence": 0.75
          },
          {
            "name": "wearing hat",
            "value": "yes",
            "confidence": 0.27
          },
          {
            "name": "wearing lipstick",
            "value": "no",
            "confidence": 1.0
          },
          {
            "name": "wearing necklace",
            "value": "no",
            "confidence": 0.88
          },
          {
            "name": "wearing necktie",
            "value": "no",
            "confidence": 0.0
          },
          {
            "name": "yaw",
            "value": "1.71",
            "confidence": 1.0
          },
          {
            "name": "young",
            "value": "yes",
            "confidence": 0.86
          }
        ],
        "person_id": "",
        "appearance_id": 0,
        "start": "00:00:00",
        "duration": "00:00:00"
      }
    ],
    "tags": null,
    "original_filename": "https://raw.githubusercontent.com/sarkrui/Hairstyle60k/master/Dataset/Quiff/IMG_22.jpg",
    "duration": "00:00:00"
  },
  "recognize": null
}