{
  "media": {
    "media_uuid": "71bf1a4f-f6c0-4257-aa31-4ae7e64a00a2",
    "checksum": "c0d3c0e519f071bb6b119a770d62f02146878fb1de0a479b16928a2eba819418",
    "faces": [
      {
        "face_uuid": "a02e1c38-1536-11e9-99c4-0cc47a6c4dbd",
        "media_uuid": "71bf1a4f-f6c0-4257-aa31-4ae7e64a00a2",
        "x": 275.1,
        "y": 383.08,
        "width": 231.51,
        "height": 263.04,
        "angle": 20.0131,
        "detection_score": 1.0,
        "points": [
          {
            "x": 197.67,
            "y": 375.56,
            "type": 512,
            "name": "basic eye left"
          },
          {
            "x": 283.89,
            "y": 344.16,
            "type": 768,
            "name": "basic eye right"
          },
          {
            "x": 180.64,
            "y": 382.17,
            "type": 1024,
            "name": "basic eye left outer"
          },
          {
            "x": 303.99,
            "y": 337.31,
            "type": 1280,
            "name": "basic eye right outer"
          },
          {
            "x": 214.68,
            "y": 370.21,
            "type": 1536,
            "name": "basic eye left inner"
          },
          {
            "x": 264.66,
            "y": 352.03,
            "type": 1792,
            "name": "basic eye right inner"
          },
          {
            "x": 235.53,
            "y": 472.76,
            "type": 2048,
            "name": "basic mouth left"
          },
          {
            "x": 303.62,
            "y": 451.5,
            "type": 2304,
            "name": "basic mouth right"
          },
          {
            "x": 240.53,
            "y": 420.64,
            "type": 2560,
            "name": "basic nose tip"
          },
          {
            "x": 267.72,
            "y": 462.73,
            "type": 2816,
            "name": "basic mouth center"
          },
          {
            "x": 267.72,
            "y": 462.73,
            "type": 3072,
            "name": "basic eyebrow left"
          },
          {
            "x": 267.72,
            "y": 462.73,
            "type": 3328,
            "name": "basic eyebrow left inner corner"
          },
          {
            "x": 267.72,
            "y": 462.73,
            "type": 3584,
            "name": "basic eyebrow left outer corner"
          },
          {
            "x": 267.72,
            "y": 462.73,
            "type": 3840,
            "name": "basic eyebrow right"
          },
          {
            "x": 267.72,
            "y": 462.73,
            "type": 4096,
            "name": "basic eyebrow right inner corner"
          },
          {
            "x": 267.72,
            "y": 462.73,
            "type": 4352,
            "name": "basic eyebrow right outer corner"
          },
          {
            "x": 267.72,
            "y": 462.73,
            "type": 4608,
            "name": "basic chin bottom"
          },
          {
            "x": 267.72,
            "y": 462.73,
            "type": 4864,
            "name": "basic chin left"
          },
          {
            "x": 267.72,
            "y": 462.73,
            "type": 5120,
            "name": "basic chin right"
          },
          {
            "x": 227.39,
            "y": 431.82,
            "type": 5376,
            "name": "basic nose left"
          },
          {
            "x": 273.54,
            "y": 415.65,
            "type": 5632,
            "name": "basic nose right"
          }
        ],
        "user_points": null,
        "tags": [
          {
            "name": "5oclock shadow",
            "value": "no",
            "confidence": 1.0
          },
          {
            "name": "age",
            "value": "22",
            "confidence": 0.6
          },
          {
            "name": "arched eyebrows",
            "value": "no",
            "confidence": 0.93
          },
          {
            "name": "attractive",
            "value": "no",
            "confidence": 0.01
          },
          {
            "name": "bags under eyes",
            "value": "no",
            "confidence": 1.0
          },
          {
            "name": "bald",
            "value": "no",
            "confidence": 0.99
          },
          {
            "name": "bangs",
            "value": "no",
            "confidence": 0.16
          },
          {
            "name": "beard",
            "value": "no",
            "confidence": 1.0
          },
          {
            "name": "big lips",
            "value": "no",
            "confidence": 0.43
          },
          {
            "name": "big nose",
            "value": "no",
            "confidence": 1.0
          },
          {
            "name": "black hair",
            "value": "no",
            "confidence": 0.42
          },
          {
            "name": "blond hair",
            "value": "yes",
            "confidence": 0.12
          },
          {
            "name": "blurry",
            "value": "yes",
            "confidence": 0.03
          },
          {
            "name": "brown hair",
            "value": "no",
            "confidence": 0.26
          },
          {
            "name": "bushy eyebrows",
            "value": "no",
            "confidence": 0.69
          },
          {
            "name": "chubby",
            "value": "no",
            "confidence": 1.0
          },
          {
            "name": "double chin",
            "value": "no",
            "confidence": 1.0
          },
          {
            "name": "expression",
            "value": "neutral",
            "confidence": 0.76
          },
          {
            "name": "gender",
            "value": "female",
            "confidence": 0.66
          },
          {
            "name": "glasses",
            "value": "no",
            "confidence": 1.0
          },
          {
            "name": "goatee",
            "value": "no",
            "confidence": 1.0
          },
          {
            "name": "gray hair",
            "value": "no",
            "confidence": 0.83
          },
          {
            "name": "heavy makeup",
            "value": "no",
            "confidence": 0.31
          },
          {
            "name": "high cheekbones",
            "value": "no",
            "confidence": 0.65
          },
          {
            "name": "mouth open",
            "value": "no",
            "confidence": 0.33
          },
          {
            "name": "mustache",
            "value": "no",
            "confidence": 1.0
          },
          {
            "name": "narrow eyes",
            "value": "no",
            "confidence": 0.34
          },
          {
            "name": "oval face",
            "value": "yes",
            "confidence": 0.04
          },
          {
            "name": "pale skin",
            "value": "yes",
            "confidence": 0.55
          },
          {
            "name": "pitch",
            "value": "-4.82",
            "confidence": 1.0
          },
          {
            "name": "pointy nose",
            "value": "no",
            "confidence": 0.29
          },
          {
            "name": "race",
            "value": "asian",
            "confidence": 0.99
          },
          {
            "name": "receding hairline",
            "value": "no",
            "confidence": 0.68
          },
          {
            "name": "rosy cheeks",
            "value": "no",
            "confidence": 1.0
          },
          {
            "name": "sideburns",
            "value": "no",
            "confidence": 1.0
          },
          {
            "name": "straight hair",
            "value": "yes",
            "confidence": 0.38
          },
          {
            "name": "wavy hair",
            "value": "no",
            "confidence": 0.54
          },
          {
            "name": "wearing earrings",
            "value": "no",
            "confidence": 0.51
          },
          {
            "name": "wearing hat",
            "value": "no",
            "confidence": 0.82
          },
          {
            "name": "wearing lipstick",
            "value": "no",
            "confidence": 0.12
          },
          {
            "name": "wearing necklace",
            "value": "no",
            "confidence": 0.68
          },
          {
            "name": "wearing necktie",
            "value": "no",
            "confidence": 0.96
          },
          {
            "name": "yaw",
            "value": "72.34",
            "confidence": 1.0
          },
          {
            "name": "young",
            "value": "yes",
            "confidence": 0.79
          }
        ],
        "person_id": "",
        "appearance_id": 0,
        "start": "00:00:00",
        "duration": "00:00:00"
      }
    ],
    "tags": null,
    "original_filename": "https://raw.githubusercontent.com/sarkrui/Hairstyle60k/master/Dataset/Quiff/IMG_9.jpg",
    "duration": "00:00:00"
  },
  "recognize": null
}