{
  "media": {
    "media_uuid": "533e5a5d-df74-4270-813b-76e7f8372728",
    "checksum": "6104c73eccd9f1f68b7c77d54a04b0075537341bf4b179cee2b1b834fda7417f",
    "faces": [
      {
        "face_uuid": "a4130f30-1536-11e9-99c4-0cc47a6c4dbd",
        "media_uuid": "533e5a5d-df74-4270-813b-76e7f8372728",
        "x": 447.38,
        "y": 407.14,
        "width": 236.93,
        "height": 362.18,
        "angle": -5.3101,
        "detection_score": 1.0,
        "points": [
          {
            "x": 411.44,
            "y": 357.44,
            "type": 512,
            "name": "basic eye left"
          },
          {
            "x": 567.36,
            "y": 371.93,
            "type": 768,
            "name": "basic eye right"
          },
          {
            "x": 374.99,
            "y": 353.32,
            "type": 1024,
            "name": "basic eye left outer"
          },
          {
            "x": 596.73,
            "y": 374.26,
            "type": 1280,
            "name": "basic eye right outer"
          },
          {
            "x": 446.21,
            "y": 364.21,
            "type": 1536,
            "name": "basic eye left inner"
          },
          {
            "x": 538.64,
            "y": 372.94,
            "type": 1792,
            "name": "basic eye right inner"
          },
          {
            "x": 413.57,
            "y": 525.5,
            "type": 2048,
            "name": "basic mouth left"
          },
          {
            "x": 538.93,
            "y": 543.92,
            "type": 2304,
            "name": "basic mouth right"
          },
          {
            "x": 517.96,
            "y": 477.41,
            "type": 2560,
            "name": "basic nose tip"
          },
          {
            "x": 479.04,
            "y": 536.76,
            "type": 2816,
            "name": "basic mouth center"
          },
          {
            "x": 479.04,
            "y": 536.76,
            "type": 3072,
            "name": "basic eyebrow left"
          },
          {
            "x": 479.04,
            "y": 536.76,
            "type": 3328,
            "name": "basic eyebrow left inner corner"
          },
          {
            "x": 479.04,
            "y": 536.76,
            "type": 3584,
            "name": "basic eyebrow left outer corner"
          },
          {
            "x": 479.04,
            "y": 536.76,
            "type": 3840,
            "name": "basic eyebrow right"
          },
          {
            "x": 479.04,
            "y": 536.76,
            "type": 4096,
            "name": "basic eyebrow right inner corner"
          },
          {
            "x": 479.04,
            "y": 536.76,
            "type": 4352,
            "name": "basic eyebrow right outer corner"
          },
          {
            "x": 479.04,
            "y": 536.76,
            "type": 4608,
            "name": "basic chin bottom"
          },
          {
            "x": 479.04,
            "y": 536.76,
            "type": 4864,
            "name": "basic chin left"
          },
          {
            "x": 479.04,
            "y": 536.76,
            "type": 5120,
            "name": "basic chin right"
          },
          {
            "x": 459.07,
            "y": 469.75,
            "type": 5376,
            "name": "basic nose left"
          },
          {
            "x": 542.95,
            "y": 482.38,
            "type": 5632,
            "name": "basic nose right"
          }
        ],
        "user_points": null,
        "tags": [
          {
            "name": "5oclock shadow",
            "value": "no",
            "confidence": 0.6
          },
          {
            "name": "age",
            "value": "34",
            "confidence": 0.6
          },
          {
            "name": "arched eyebrows",
            "value": "no",
            "confidence": 0.95
          },
          {
            "name": "attractive",
            "value": "no",
            "confidence": 0.66
          },
          {
            "name": "bags under eyes",
            "value": "no",
            "confidence": 1.0
          },
          {
            "name": "bald",
            "value": "no",
            "confidence": 0.98
          },
          {
            "name": "bangs",
            "value": "no",
            "confidence": 0.03
          },
          {
            "name": "beard",
            "value": "no",
            "confidence": 0.45
          },
          {
            "name": "big lips",
            "value": "no",
            "confidence": 0.18
          },
          {
            "name": "big nose",
            "value": "no",
            "confidence": 0.4
          },
          {
            "name": "black hair",
            "value": "no",
            "confidence": 0.5
          },
          {
            "name": "blond hair",
            "value": "no",
            "confidence": 1.0
          },
          {
            "name": "blurry",
            "value": "yes",
            "confidence": 0.25
          },
          {
            "name": "brown hair",
            "value": "yes",
            "confidence": 0.57
          },
          {
            "name": "bushy eyebrows",
            "value": "no",
            "confidence": 0.65
          },
          {
            "name": "chubby",
            "value": "no",
            "confidence": 0.61
          },
          {
            "name": "double chin",
            "value": "no",
            "confidence": 0.84
          },
          {
            "name": "expression",
            "value": "neutral",
            "confidence": 0.79
          },
          {
            "name": "gender",
            "value": "male",
            "confidence": 0.04
          },
          {
            "name": "glasses",
            "value": "yes",
            "confidence": 0.99
          },
          {
            "name": "goatee",
            "value": "no",
            "confidence": 0.62
          },
          {
            "name": "gray hair",
            "value": "no",
            "confidence": 0.85
          },
          {
            "name": "heavy makeup",
            "value": "no",
            "confidence": 0.65
          },
          {
            "name": "high cheekbones",
            "value": "no",
            "confidence": 0.77
          },
          {
            "name": "mouth open",
            "value": "no",
            "confidence": 0.5
          },
          {
            "name": "mustache",
            "value": "no",
            "confidence": 0.49
          },
          {
            "name": "narrow eyes",
            "value": "no",
            "confidence": 0.26
          },
          {
            "name": "oval face",
            "value": "no",
            "confidence": 0.39
          },
          {
            "name": "pale skin",
            "value": "yes",
            "confidence": 0.07
          },
          {
            "name": "pitch",
            "value": "-5.15",
            "confidence": 1.0
          },
          {
            "name": "pointy nose",
            "value": "no",
            "confidence": 0.36
          },
          {
            "name": "race",
            "value": "white",
            "confidence": 1.0
          },
          {
            "name": "receding hairline",
            "value": "no",
            "confidence": 0.98
          },
          {
            "name": "rosy cheeks",
            "value": "no",
            "confidence": 1.0
          },
          {
            "name": "sideburns",
            "value": "no",
            "confidence": 0.76
          },
          {
            "name": "straight hair",
            "value": "no",
            "confidence": 0.78
          },
          {
            "name": "wavy hair",
            "value": "yes",
            "confidence": 0.49
          },
          {
            "name": "wearing earrings",
            "value": "no",
            "confidence": 0.61
          },
          {
            "name": "wearing hat",
            "value": "no",
            "confidence": 0.29
          },
          {
            "name": "wearing lipstick",
            "value": "no",
            "confidence": 0.48
          },
          {
            "name": "wearing necklace",
            "value": "no",
            "confidence": 0.4
          },
          {
            "name": "wearing necktie",
            "value": "no",
            "confidence": 1.0
          },
          {
            "name": "yaw",
            "value": "-65.76",
            "confidence": 1.0
          },
          {
            "name": "young",
            "value": "yes",
            "confidence": 0.07
          }
        ],
        "person_id": "",
        "appearance_id": 0,
        "start": "00:00:00",
        "duration": "00:00:00"
      }
    ],
    "tags": null,
    "original_filename": "https://raw.githubusercontent.com/sarkrui/Hairstyle60k/master/Dataset/Quiff/IMG_13.jpg",
    "duration": "00:00:00"
  },
  "recognize": null
}