{
  "media": {
    "media_uuid": "13b172eb-95be-4f09-9511-74b021f0fbe7",
    "checksum": "5a5d4ead1b32c3fac1f28cc441ddb78d7f85064db9970392ad39d121355d075a",
    "faces": [
      {
        "face_uuid": "a7b98b6b-1536-11e9-99c4-0cc47a6c4dbd",
        "media_uuid": "13b172eb-95be-4f09-9511-74b021f0fbe7",
        "x": 200.0,
        "y": 277.0,
        "width": 181.71,
        "height": 242.92,
        "angle": 13.0066,
        "detection_score": 1.0,
        "points": [
          {
            "x": 110.62,
            "y": 256.31,
            "type": 512,
            "name": "basic eye left"
          },
          {
            "x": 194.96,
            "y": 236.83,
            "type": 768,
            "name": "basic eye right"
          },
          {
            "x": 94.21,
            "y": 260.5,
            "type": 1024,
            "name": "basic eye left outer"
          },
          {
            "x": 215.34,
            "y": 232.78,
            "type": 1280,
            "name": "basic eye right outer"
          },
          {
            "x": 126.82,
            "y": 253.08,
            "type": 1536,
            "name": "basic eye left inner"
          },
          {
            "x": 175.88,
            "y": 241.73,
            "type": 1792,
            "name": "basic eye right inner"
          },
          {
            "x": 41.74,
            "y": 364.33,
            "type": 2048,
            "name": "basic mouth left"
          },
          {
            "x": 146.62,
            "y": 347.14,
            "type": 2304,
            "name": "basic mouth right"
          },
          {
            "x": 86.38,
            "y": 302.33,
            "type": 2560,
            "name": "basic nose tip"
          },
          {
            "x": 90.83,
            "y": 356.38,
            "type": 2816,
            "name": "basic mouth center"
          },
          {
            "x": 90.83,
            "y": 356.38,
            "type": 3072,
            "name": "basic eyebrow left"
          },
          {
            "x": 90.83,
            "y": 356.38,
            "type": 3328,
            "name": "basic eyebrow left inner corner"
          },
          {
            "x": 90.83,
            "y": 356.38,
            "type": 3584,
            "name": "basic eyebrow left outer corner"
          },
          {
            "x": 90.83,
            "y": 356.38,
            "type": 3840,
            "name": "basic eyebrow right"
          },
          {
            "x": 90.83,
            "y": 356.38,
            "type": 4096,
            "name": "basic eyebrow right inner corner"
          },
          {
            "x": 90.83,
            "y": 356.38,
            "type": 4352,
            "name": "basic eyebrow right outer corner"
          },
          {
            "x": 90.83,
            "y": 356.38,
            "type": 4608,
            "name": "basic chin bottom"
          },
          {
            "x": 90.83,
            "y": 356.38,
            "type": 4864,
            "name": "basic chin left"
          },
          {
            "x": 90.83,
            "y": 356.38,
            "type": 5120,
            "name": "basic chin right"
          },
          {
            "x": 72.49,
            "y": 315.49,
            "type": 5376,
            "name": "basic nose left"
          },
          {
            "x": 128.12,
            "y": 306.16,
            "type": 5632,
            "name": "basic nose right"
          }
        ],
        "user_points": null,
        "tags": [
          {
            "name": "5oclock shadow",
            "value": "yes",
            "confidence": 0.13
          },
          {
            "name": "age",
            "value": "22",
            "confidence": 0.6
          },
          {
            "name": "arched eyebrows",
            "value": "no",
            "confidence": 1.0
          },
          {
            "name": "attractive",
            "value": "no",
            "confidence": 0.57
          },
          {
            "name": "bags under eyes",
            "value": "no",
            "confidence": 0.64
          },
          {
            "name": "bald",
            "value": "no",
            "confidence": 0.82
          },
          {
            "name": "bangs",
            "value": "no",
            "confidence": 0.78
          },
          {
            "name": "beard",
            "value": "no",
            "confidence": 0.06
          },
          {
            "name": "big lips",
            "value": "no",
            "confidence": 0.56
          },
          {
            "name": "big nose",
            "value": "no",
            "confidence": 0.71
          },
          {
            "name": "black hair",
            "value": "no",
            "confidence": 0.45
          },
          {
            "name": "blond hair",
            "value": "no",
            "confidence": 1.0
          },
          {
            "name": "blurry",
            "value": "no",
            "confidence": 0.02
          },
          {
            "name": "brown hair",
            "value": "yes",
            "confidence": 0.63
          },
          {
            "name": "bushy eyebrows",
            "value": "no",
            "confidence": 0.29
          },
          {
            "name": "chubby",
            "value": "no",
            "confidence": 0.74
          },
          {
            "name": "double chin",
            "value": "no",
            "confidence": 1.0
          },
          {
            "name": "expression",
            "value": "neutral",
            "confidence": 1.0
          },
          {
            "name": "gender",
            "value": "male",
            "confidence": 0.96
          },
          {
            "name": "glasses",
            "value": "no",
            "confidence": 0.89
          },
          {
            "name": "goatee",
            "value": "no",
            "confidence": 0.5
          },
          {
            "name": "gray hair",
            "value": "no",
            "confidence": 0.92
          },
          {
            "name": "heavy makeup",
            "value": "no",
            "confidence": 0.99
          },
          {
            "name": "high cheekbones",
            "value": "no",
            "confidence": 0.85
          },
          {
            "name": "mouth open",
            "value": "no",
            "confidence": 0.91
          },
          {
            "name": "mustache",
            "value": "no",
            "confidence": 0.45
          },
          {
            "name": "narrow eyes",
            "value": "no",
            "confidence": 0.39
          },
          {
            "name": "oval face",
            "value": "no",
            "confidence": 0.28
          },
          {
            "name": "pale skin",
            "value": "no",
            "confidence": 0.55
          },
          {
            "name": "pitch",
            "value": "-5.37",
            "confidence": 1.0
          },
          {
            "name": "pointy nose",
            "value": "no",
            "confidence": 0.32
          },
          {
            "name": "race",
            "value": "asian",
            "confidence": 1.0
          },
          {
            "name": "receding hairline",
            "value": "no",
            "confidence": 0.53
          },
          {
            "name": "rosy cheeks",
            "value": "no",
            "confidence": 1.0
          },
          {
            "name": "sideburns",
            "value": "no",
            "confidence": 0.51
          },
          {
            "name": "straight hair",
            "value": "yes",
            "confidence": 0.38
          },
          {
            "name": "wavy hair",
            "value": "no",
            "confidence": 0.7
          },
          {
            "name": "wearing earrings",
            "value": "no",
            "confidence": 0.83
          },
          {
            "name": "wearing hat",
            "value": "no",
            "confidence": 1.0
          },
          {
            "name": "wearing lipstick",
            "value": "no",
            "confidence": 1.0
          },
          {
            "name": "wearing necklace",
            "value": "no",
            "confidence": 1.0
          },
          {
            "name": "wearing necktie",
            "value": "no",
            "confidence": 0.14
          },
          {
            "name": "yaw",
            "value": "64.74",
            "confidence": 1.0
          },
          {
            "name": "young",
            "value": "yes",
            "confidence": 0.41
          }
        ],
        "person_id": "",
        "appearance_id": 0,
        "start": "00:00:00",
        "duration": "00:00:00"
      }
    ],
    "tags": null,
    "original_filename": "https://raw.githubusercontent.com/sarkrui/Hairstyle60k/master/Dataset/Quiff/IMG_18.jpg",
    "duration": "00:00:00"
  },
  "recognize": null
}