{
  "media": {
    "media_uuid": "10de1420-6eca-4ff0-9726-169e3d300526",
    "checksum": "55bcb3dfdfc2e5012c6abbaa831a64126cbf3e30b711709b4e729e253c00a08e",
    "faces": [
      {
        "face_uuid": "9a8ad396-1536-11e9-99c4-0cc47a6c4dbd",
        "media_uuid": "10de1420-6eca-4ff0-9726-169e3d300526",
        "x": 394.41,
        "y": 340.71,
        "width": 219.1,
        "height": 291.77,
        "angle": -9.6709,
        "detection_score": 1.0,
        "points": [
          {
            "x": 358.5,
            "y": 306.51,
            "type": 512,
            "name": "basic eye left"
          },
          {
            "x": 460.75,
            "y": 323.94,
            "type": 768,
            "name": "basic eye right"
          },
          {
            "x": 335.98,
            "y": 304.32,
            "type": 1024,
            "name": "basic eye left outer"
          },
          {
            "x": 481.2,
            "y": 328.91,
            "type": 1280,
            "name": "basic eye right outer"
          },
          {
            "x": 380.07,
            "y": 310.64,
            "type": 1536,
            "name": "basic eye left inner"
          },
          {
            "x": 440.56,
            "y": 321.07,
            "type": 1792,
            "name": "basic eye right inner"
          },
          {
            "x": 360.27,
            "y": 412.22,
            "type": 2048,
            "name": "basic mouth left"
          },
          {
            "x": 433.52,
            "y": 423.01,
            "type": 2304,
            "name": "basic mouth right"
          },
          {
            "x": 411.38,
            "y": 362.24,
            "type": 2560,
            "name": "basic nose tip"
          },
          {
            "x": 397.59,
            "y": 417.26,
            "type": 2816,
            "name": "basic mouth center"
          },
          {
            "x": 397.59,
            "y": 417.26,
            "type": 3072,
            "name": "basic eyebrow left"
          },
          {
            "x": 397.59,
            "y": 417.26,
            "type": 3328,
            "name": "basic eyebrow left inner corner"
          },
          {
            "x": 397.59,
            "y": 417.26,
            "type": 3584,
            "name": "basic eyebrow left outer corner"
          },
          {
            "x": 397.59,
            "y": 417.26,
            "type": 3840,
            "name": "basic eyebrow right"
          },
          {
            "x": 397.59,
            "y": 417.26,
            "type": 4096,
            "name": "basic eyebrow right inner corner"
          },
          {
            "x": 397.59,
            "y": 417.26,
            "type": 4352,
            "name": "basic eyebrow right outer corner"
          },
          {
            "x": 397.59,
            "y": 417.26,
            "type": 4608,
            "name": "basic chin bottom"
          },
          {
            "x": 397.59,
            "y": 417.26,
            "type": 4864,
            "name": "basic chin left"
          },
          {
            "x": 397.59,
            "y": 417.26,
            "type": 5120,
            "name": "basic chin right"
          },
          {
            "x": 381.31,
            "y": 369.62,
            "type": 5376,
            "name": "basic nose left"
          },
          {
            "x": 430.17,
            "y": 377.76,
            "type": 5632,
            "name": "basic nose right"
          }
        ],
        "user_points": null,
        "tags": [
          {
            "name": "5oclock shadow",
            "value": "yes",
            "confidence": 0.27
          },
          {
            "name": "age",
            "value": "14",
            "confidence": 0.6
          },
          {
            "name": "arched eyebrows",
            "value": "no",
            "confidence": 1.0
          },
          {
            "name": "attractive",
            "value": "no",
            "confidence": 0.51
          },
          {
            "name": "bags under eyes",
            "value": "no",
            "confidence": 1.0
          },
          {
            "name": "bald",
            "value": "no",
            "confidence": 0.56
          },
          {
            "name": "bangs",
            "value": "no",
            "confidence": 1.0
          },
          {
            "name": "beard",
            "value": "yes",
            "confidence": 0.05
          },
          {
            "name": "big lips",
            "value": "no",
            "confidence": 0.36
          },
          {
            "name": "big nose",
            "value": "no",
            "confidence": 0.27
          },
          {
            "name": "black hair",
            "value": "yes",
            "confidence": 1.0
          },
          {
            "name": "blond hair",
            "value": "no",
            "confidence": 1.0
          },
          {
            "name": "blurry",
            "value": "no",
            "confidence": 0.44
          },
          {
            "name": "brown hair",
            "value": "no",
            "confidence": 1.0
          },
          {
            "name": "bushy eyebrows",
            "value": "no",
            "confidence": 0.18
          },
          {
            "name": "chubby",
            "value": "no",
            "confidence": 0.31
          },
          {
            "name": "double chin",
            "value": "no",
            "confidence": 0.48
          },
          {
            "name": "expression",
            "value": "neutral",
            "confidence": 0.79
          },
          {
            "name": "gender",
            "value": "male",
            "confidence": 0.96
          },
          {
            "name": "glasses",
            "value": "yes",
            "confidence": 1.0
          },
          {
            "name": "goatee",
            "value": "no",
            "confidence": 0.42
          },
          {
            "name": "gray hair",
            "value": "no",
            "confidence": 0.99
          },
          {
            "name": "heavy makeup",
            "value": "no",
            "confidence": 1.0
          },
          {
            "name": "high cheekbones",
            "value": "no",
            "confidence": 1.0
          },
          {
            "name": "mouth open",
            "value": "yes",
            "confidence": 0.62
          },
          {
            "name": "mustache",
            "value": "no",
            "confidence": 0.19
          },
          {
            "name": "narrow eyes",
            "value": "no",
            "confidence": 1.0
          },
          {
            "name": "oval face",
            "value": "yes",
            "confidence": 0.03
          },
          {
            "name": "pale skin",
            "value": "no",
            "confidence": 0.46
          },
          {
            "name": "pitch",
            "value": "-8.19",
            "confidence": 1.0
          },
          {
            "name": "pointy nose",
            "value": "no",
            "confidence": 0.38
          },
          {
            "name": "race",
            "value": "white",
            "confidence": 1.0
          },
          {
            "name": "receding hairline",
            "value": "no",
            "confidence": 0.31
          },
          {
            "name": "rosy cheeks",
            "value": "no",
            "confidence": 0.82
          },
          {
            "name": "sideburns",
            "value": "no",
            "confidence": 0.52
          },
          {
            "name": "straight hair",
            "value": "yes",
            "confidence": 0.61
          },
          {
            "name": "wavy hair",
            "value": "no",
            "confidence": 1.0
          },
          {
            "name": "wearing earrings",
            "value": "no",
            "confidence": 0.58
          },
          {
            "name": "wearing hat",
            "value": "no",
            "confidence": 0.17
          },
          {
            "name": "wearing lipstick",
            "value": "no",
            "confidence": 1.0
          },
          {
            "name": "wearing necklace",
            "value": "no",
            "confidence": 0.78
          },
          {
            "name": "wearing necktie",
            "value": "yes",
            "confidence": 0.08
          },
          {
            "name": "yaw",
            "value": "-5.16",
            "confidence": 1.0
          },
          {
            "name": "young",
            "value": "yes",
            "confidence": 0.42
          }
        ],
        "person_id": "",
        "appearance_id": 0,
        "start": "00:00:00",
        "duration": "00:00:00"
      }
    ],
    "tags": null,
    "original_filename": "https://raw.githubusercontent.com/sarkrui/Hairstyle60k/master/Dataset/Quiff/IMG_3.jpg",
    "duration": "00:00:00"
  },
  "recognize": null
}