{
  "media": {
    "media_uuid": "a352c803-5f5b-47f5-bf50-e8c7dc70d2cb",
    "checksum": "cb09ef3bf35989c99bb22832aefbe678a915ae6052c2c57ee471839f90b3f8c9",
    "faces": [
      {
        "face_uuid": "a306fbe6-1536-11e9-99c4-0cc47a6c4dbd",
        "media_uuid": "a352c803-5f5b-47f5-bf50-e8c7dc70d2cb",
        "x": 798.07,
        "y": 1160.56,
        "width": 738.51,
        "height": 1145.57,
        "angle": -2.4645,
        "detection_score": 1.0,
        "points": [
          {
            "x": 629.09,
            "y": 1023.25,
            "type": 512,
            "name": "basic eye left"
          },
          {
            "x": 1010.24,
            "y": 1039.66,
            "type": 768,
            "name": "basic eye right"
          },
          {
            "x": 543.87,
            "y": 1022.37,
            "type": 1024,
            "name": "basic eye left outer"
          },
          {
            "x": 1092.05,
            "y": 1045.25,
            "type": 1280,
            "name": "basic eye right outer"
          },
          {
            "x": 710.14,
            "y": 1026.17,
            "type": 1536,
            "name": "basic eye left inner"
          },
          {
            "x": 930.59,
            "y": 1036.15,
            "type": 1792,
            "name": "basic eye right inner"
          },
          {
            "x": 767.96,
            "y": 1455.47,
            "type": 2048,
            "name": "basic mouth left"
          },
          {
            "x": 1109.8,
            "y": 1451.59,
            "type": 2304,
            "name": "basic mouth right"
          },
          {
            "x": 893.57,
            "y": 1272.34,
            "type": 2560,
            "name": "basic nose tip"
          },
          {
            "x": 940.72,
            "y": 1457.42,
            "type": 2816,
            "name": "basic mouth center"
          },
          {
            "x": 940.72,
            "y": 1457.42,
            "type": 3072,
            "name": "basic eyebrow left"
          },
          {
            "x": 940.72,
            "y": 1457.42,
            "type": 3328,
            "name": "basic eyebrow left inner corner"
          },
          {
            "x": 940.72,
            "y": 1457.42,
            "type": 3584,
            "name": "basic eyebrow left outer corner"
          },
          {
            "x": 940.72,
            "y": 1457.42,
            "type": 3840,
            "name": "basic eyebrow right"
          },
          {
            "x": 940.72,
            "y": 1457.42,
            "type": 4096,
            "name": "basic eyebrow right inner corner"
          },
          {
            "x": 940.72,
            "y": 1457.42,
            "type": 4352,
            "name": "basic eyebrow right outer corner"
          },
          {
            "x": 940.72,
            "y": 1457.42,
            "type": 4608,
            "name": "basic chin bottom"
          },
          {
            "x": 940.72,
            "y": 1457.42,
            "type": 4864,
            "name": "basic chin left"
          },
          {
            "x": 940.72,
            "y": 1457.42,
            "type": 5120,
            "name": "basic chin right"
          },
          {
            "x": 777.39,
            "y": 1284.24,
            "type": 5376,
            "name": "basic nose left"
          },
          {
            "x": 992.79,
            "y": 1289.24,
            "type": 5632,
            "name": "basic nose right"
          }
        ],
        "user_points": null,
        "tags": [
          {
            "name": "5oclock shadow",
            "value": "yes",
            "confidence": 0.81
          },
          {
            "name": "age",
            "value": "25",
            "confidence": 0.6
          },
          {
            "name": "arched eyebrows",
            "value": "no",
            "confidence": 0.94
          },
          {
            "name": "attractive",
            "value": "no",
            "confidence": 0.12
          },
          {
            "name": "bags under eyes",
            "value": "no",
            "confidence": 0.06
          },
          {
            "name": "bald",
            "value": "no",
            "confidence": 0.94
          },
          {
            "name": "bangs",
            "value": "no",
            "confidence": 0.84
          },
          {
            "name": "beard",
            "value": "yes",
            "confidence": 0.98
          },
          {
            "name": "big lips",
            "value": "no",
            "confidence": 0.45
          },
          {
            "name": "big nose",
            "value": "yes",
            "confidence": 0.21
          },
          {
            "name": "black hair",
            "value": "yes",
            "confidence": 0.54
          },
          {
            "name": "blond hair",
            "value": "no",
            "confidence": 1.0
          },
          {
            "name": "blurry",
            "value": "no",
            "confidence": 0.35
          },
          {
            "name": "brown hair",
            "value": "no",
            "confidence": 0.4
          },
          {
            "name": "bushy eyebrows",
            "value": "yes",
            "confidence": 0.47
          },
          {
            "name": "chubby",
            "value": "no",
            "confidence": 0.31
          },
          {
            "name": "double chin",
            "value": "no",
            "confidence": 0.56
          },
          {
            "name": "expression",
            "value": "neutral",
            "confidence": 0.73
          },
          {
            "name": "gender",
            "value": "male",
            "confidence": 1.0
          },
          {
            "name": "glasses",
            "value": "no",
            "confidence": 0.57
          },
          {
            "name": "goatee",
            "value": "yes",
            "confidence": 0.61
          },
          {
            "name": "gray hair",
            "value": "no",
            "confidence": 0.98
          },
          {
            "name": "heavy makeup",
            "value": "no",
            "confidence": 1.0
          },
          {
            "name": "high cheekbones",
            "value": "no",
            "confidence": 0.93
          },
          {
            "name": "mouth open",
            "value": "no",
            "confidence": 0.83
          },
          {
            "name": "mustache",
            "value": "yes",
            "confidence": 0.65
          },
          {
            "name": "narrow eyes",
            "value": "yes",
            "confidence": 0.15
          },
          {
            "name": "oval face",
            "value": "no",
            "confidence": 0.54
          },
          {
            "name": "pale skin",
            "value": "no",
            "confidence": 0.35
          },
          {
            "name": "pitch",
            "value": "-6.09",
            "confidence": 1.0
          },
          {
            "name": "pointy nose",
            "value": "no",
            "confidence": 0.18
          },
          {
            "name": "race",
            "value": "white",
            "confidence": 0.83
          },
          {
            "name": "receding hairline",
            "value": "no",
            "confidence": 1.0
          },
          {
            "name": "rosy cheeks",
            "value": "no",
            "confidence": 1.0
          },
          {
            "name": "sideburns",
            "value": "yes",
            "confidence": 0.73
          },
          {
            "name": "straight hair",
            "value": "yes",
            "confidence": 0.03
          },
          {
            "name": "wavy hair",
            "value": "no",
            "confidence": 0.07
          },
          {
            "name": "wearing earrings",
            "value": "no",
            "confidence": 1.0
          },
          {
            "name": "wearing hat",
            "value": "no",
            "confidence": 0.27
          },
          {
            "name": "wearing lipstick",
            "value": "no",
            "confidence": 1.0
          },
          {
            "name": "wearing necklace",
            "value": "no",
            "confidence": 0.96
          },
          {
            "name": "wearing necktie",
            "value": "yes",
            "confidence": 0.14
          },
          {
            "name": "yaw",
            "value": "-49.63",
            "confidence": 1.0
          },
          {
            "name": "young",
            "value": "yes",
            "confidence": 0.09
          }
        ],
        "person_id": "",
        "appearance_id": 0,
        "start": "00:00:00",
        "duration": "00:00:00"
      }
    ],
    "tags": null,
    "original_filename": "https://raw.githubusercontent.com/sarkrui/Hairstyle60k/master/Dataset/Quiff/IMG_12.jpg",
    "duration": "00:00:00"
  },
  "recognize": null
}