{
  "media": {
    "media_uuid": "0d4d4e75-5fcf-4b33-bba5-5ca7c84ae4fe",
    "checksum": "cf30101378aa6737affce80241a34f8effbb00734c380711c4d7c2500f274162",
    "faces": [
      {
        "face_uuid": "9f6b28dd-1536-11e9-99c4-0cc47a6c4dbd",
        "media_uuid": "0d4d4e75-5fcf-4b33-bba5-5ca7c84ae4fe",
        "x": 1708.41,
        "y": 2870.78,
        "width": 2102.86,
        "height": 2824.98,
        "angle": -4.2436,
        "detection_score": 1.0,
        "points": [
          {
            "x": 757.66,
            "y": 2400.82,
            "type": 512,
            "name": "basic eye left"
          },
          {
            "x": 1841.96,
            "y": 2481.28,
            "type": 768,
            "name": "basic eye right"
          },
          {
            "x": 539.17,
            "y": 2390.56,
            "type": 1024,
            "name": "basic eye left outer"
          },
          {
            "x": 2086.1,
            "y": 2503.36,
            "type": 1280,
            "name": "basic eye right outer"
          },
          {
            "x": 971.07,
            "y": 2423.72,
            "type": 1536,
            "name": "basic eye left inner"
          },
          {
            "x": 1605.96,
            "y": 2471.88,
            "type": 1792,
            "name": "basic eye right inner"
          },
          {
            "x": 906.71,
            "y": 3603.74,
            "type": 2048,
            "name": "basic mouth left"
          },
          {
            "x": 1694.49,
            "y": 3651.25,
            "type": 2304,
            "name": "basic mouth right"
          },
          {
            "x": 1176.51,
            "y": 3115.64,
            "type": 2560,
            "name": "basic nose tip"
          },
          {
            "x": 1287.24,
            "y": 3634.38,
            "type": 2816,
            "name": "basic mouth center"
          },
          {
            "x": 1287.24,
            "y": 3634.38,
            "type": 3072,
            "name": "basic eyebrow left"
          },
          {
            "x": 1287.24,
            "y": 3634.38,
            "type": 3328,
            "name": "basic eyebrow left inner corner"
          },
          {
            "x": 1287.24,
            "y": 3634.38,
            "type": 3584,
            "name": "basic eyebrow left outer corner"
          },
          {
            "x": 1287.24,
            "y": 3634.38,
            "type": 3840,
            "name": "basic eyebrow right"
          },
          {
            "x": 1287.24,
            "y": 3634.38,
            "type": 4096,
            "name": "basic eyebrow right inner corner"
          },
          {
            "x": 1287.24,
            "y": 3634.38,
            "type": 4352,
            "name": "basic eyebrow right outer corner"
          },
          {
            "x": 1287.24,
            "y": 3634.38,
            "type": 4608,
            "name": "basic chin bottom"
          },
          {
            "x": 1287.24,
            "y": 3634.38,
            "type": 4864,
            "name": "basic chin left"
          },
          {
            "x": 1287.24,
            "y": 3634.38,
            "type": 5120,
            "name": "basic chin right"
          },
          {
            "x": 954.09,
            "y": 3141.94,
            "type": 5376,
            "name": "basic nose left"
          },
          {
            "x": 1506.86,
            "y": 3185.95,
            "type": 5632,
            "name": "basic nose right"
          }
        ],
        "user_points": null,
        "tags": [
          {
            "name": "5oclock shadow",
            "value": "yes",
            "confidence": 0.16
          },
          {
            "name": "age",
            "value": "41",
            "confidence": 0.6
          },
          {
            "name": "arched eyebrows",
            "value": "no",
            "confidence": 1.0
          },
          {
            "name": "attractive",
            "value": "no",
            "confidence": 0.76
          },
          {
            "name": "bags under eyes",
            "value": "no",
            "confidence": 0.48
          },
          {
            "name": "bald",
            "value": "no",
            "confidence": 0.68
          },
          {
            "name": "bangs",
            "value": "no",
            "confidence": 0.29
          },
          {
            "name": "beard",
            "value": "yes",
            "confidence": 0.49
          },
          {
            "name": "big lips",
            "value": "no",
            "confidence": 0.58
          },
          {
            "name": "big nose",
            "value": "yes",
            "confidence": 0.01
          },
          {
            "name": "black hair",
            "value": "no",
            "confidence": 0.05
          },
          {
            "name": "blond hair",
            "value": "no",
            "confidence": 1.0
          },
          {
            "name": "blurry",
            "value": "yes",
            "confidence": 0.32
          },
          {
            "name": "brown hair",
            "value": "no",
            "confidence": 0.2
          },
          {
            "name": "bushy eyebrows",
            "value": "no",
            "confidence": 0.38
          },
          {
            "name": "chubby",
            "value": "no",
            "confidence": 0.26
          },
          {
            "name": "double chin",
            "value": "no",
            "confidence": 0.64
          },
          {
            "name": "expression",
            "value": "neutral",
            "confidence": 0.88
          },
          {
            "name": "gender",
            "value": "male",
            "confidence": 0.95
          },
          {
            "name": "glasses",
            "value": "no",
            "confidence": 1.0
          },
          {
            "name": "goatee",
            "value": "yes",
            "confidence": 0.16
          },
          {
            "name": "gray hair",
            "value": "no",
            "confidence": 0.75
          },
          {
            "name": "heavy makeup",
            "value": "no",
            "confidence": 0.97
          },
          {
            "name": "high cheekbones",
            "value": "no",
            "confidence": 0.87
          },
          {
            "name": "mouth open",
            "value": "no",
            "confidence": 1.0
          },
          {
            "name": "mustache",
            "value": "yes",
            "confidence": 0.25
          },
          {
            "name": "narrow eyes",
            "value": "yes",
            "confidence": 0.02
          },
          {
            "name": "oval face",
            "value": "no",
            "confidence": 0.43
          },
          {
            "name": "pale skin",
            "value": "no",
            "confidence": 0.01
          },
          {
            "name": "pitch",
            "value": "-5.9",
            "confidence": 1.0
          },
          {
            "name": "pointy nose",
            "value": "no",
            "confidence": 0.7
          },
          {
            "name": "race",
            "value": "white",
            "confidence": 0.71
          },
          {
            "name": "receding hairline",
            "value": "no",
            "confidence": 0.95
          },
          {
            "name": "rosy cheeks",
            "value": "no",
            "confidence": 1.0
          },
          {
            "name": "sideburns",
            "value": "yes",
            "confidence": 0.12
          },
          {
            "name": "straight hair",
            "value": "no",
            "confidence": 0.05
          },
          {
            "name": "wavy hair",
            "value": "no",
            "confidence": 0.49
          },
          {
            "name": "wearing earrings",
            "value": "no",
            "confidence": 1.0
          },
          {
            "name": "wearing hat",
            "value": "yes",
            "confidence": 0.08
          },
          {
            "name": "wearing lipstick",
            "value": "no",
            "confidence": 1.0
          },
          {
            "name": "wearing necklace",
            "value": "no",
            "confidence": 0.96
          },
          {
            "name": "wearing necktie",
            "value": "no",
            "confidence": 0.35
          },
          {
            "name": "yaw",
            "value": "18.59",
            "confidence": 1.0
          },
          {
            "name": "young",
            "value": "no",
            "confidence": 0.08
          }
        ],
        "person_id": "",
        "appearance_id": 0,
        "start": "00:00:00",
        "duration": "00:00:00"
      }
    ],
    "tags": null,
    "original_filename": "https://raw.githubusercontent.com/sarkrui/Hairstyle60k/master/Dataset/Quiff/IMG_8.jpg",
    "duration": "00:00:00"
  },
  "recognize": null
}