{
  "media": {
    "media_uuid": "273e2f1c-ec3a-4711-8554-048a20808fb4",
    "checksum": "a9b56d67decff1463412ad4b4efb8058a656afcccb3ae107f0579d02bb486acc",
    "faces": [
      {
        "face_uuid": "a4c340f1-1536-11e9-99c4-0cc47a6c4dbd",
        "media_uuid": "273e2f1c-ec3a-4711-8554-048a20808fb4",
        "x": 161.5,
        "y": 214.5,
        "width": 147.77,
        "height": 191.63,
        "angle": -17.2958,
        "detection_score": 1.0,
        "points": [
          {
            "x": 146.86,
            "y": 190.31,
            "type": 512,
            "name": "basic eye left"
          },
          {
            "x": 208.27,
            "y": 209.43,
            "type": 768,
            "name": "basic eye right"
          },
          {
            "x": 132.81,
            "y": 186.3,
            "type": 1024,
            "name": "basic eye left outer"
          },
          {
            "x": 220.61,
            "y": 213.55,
            "type": 1280,
            "name": "basic eye right outer"
          },
          {
            "x": 160.44,
            "y": 195.01,
            "type": 1536,
            "name": "basic eye left inner"
          },
          {
            "x": 195.99,
            "y": 206.18,
            "type": 1792,
            "name": "basic eye right inner"
          },
          {
            "x": 130.26,
            "y": 258.82,
            "type": 2048,
            "name": "basic mouth left"
          },
          {
            "x": 181.98,
            "y": 275.08,
            "type": 2304,
            "name": "basic mouth right"
          },
          {
            "x": 174.56,
            "y": 240.41,
            "type": 2560,
            "name": "basic nose tip"
          },
          {
            "x": 156.83,
            "y": 267.9,
            "type": 2816,
            "name": "basic mouth center"
          },
          {
            "x": 156.83,
            "y": 267.9,
            "type": 3072,
            "name": "basic eyebrow left"
          },
          {
            "x": 156.83,
            "y": 267.9,
            "type": 3328,
            "name": "basic eyebrow left inner corner"
          },
          {
            "x": 156.83,
            "y": 267.9,
            "type": 3584,
            "name": "basic eyebrow left outer corner"
          },
          {
            "x": 156.83,
            "y": 267.9,
            "type": 3840,
            "name": "basic eyebrow right"
          },
          {
            "x": 156.83,
            "y": 267.9,
            "type": 4096,
            "name": "basic eyebrow right inner corner"
          },
          {
            "x": 156.83,
            "y": 267.9,
            "type": 4352,
            "name": "basic eyebrow right outer corner"
          },
          {
            "x": 156.83,
            "y": 267.9,
            "type": 4608,
            "name": "basic chin bottom"
          },
          {
            "x": 156.83,
            "y": 267.9,
            "type": 4864,
            "name": "basic chin left"
          },
          {
            "x": 156.83,
            "y": 267.9,
            "type": 5120,
            "name": "basic chin right"
          },
          {
            "x": 153.39,
            "y": 237.36,
            "type": 5376,
            "name": "basic nose left"
          },
          {
            "x": 185.47,
            "y": 247.31,
            "type": 5632,
            "name": "basic nose right"
          }
        ],
        "user_points": null,
        "tags": [
          {
            "name": "5oclock shadow",
            "value": "no",
            "confidence": 0.12
          },
          {
            "name": "age",
            "value": "23",
            "confidence": 0.6
          },
          {
            "name": "arched eyebrows",
            "value": "no",
            "confidence": 1.0
          },
          {
            "name": "attractive",
            "value": "no",
            "confidence": 0.63
          },
          {
            "name": "bags under eyes",
            "value": "no",
            "confidence": 0.96
          },
          {
            "name": "bald",
            "value": "no",
            "confidence": 0.93
          },
          {
            "name": "bangs",
            "value": "no",
            "confidence": 0.32
          },
          {
            "name": "beard",
            "value": "no",
            "confidence": 0.43
          },
          {
            "name": "big lips",
            "value": "no",
            "confidence": 0.4
          },
          {
            "name": "big nose",
            "value": "yes",
            "confidence": 0.09
          },
          {
            "name": "black hair",
            "value": "yes",
            "confidence": 0.77
          },
          {
            "name": "blond hair",
            "value": "no",
            "confidence": 1.0
          },
          {
            "name": "blurry",
            "value": "no",
            "confidence": 0.17
          },
          {
            "name": "brown hair",
            "value": "no",
            "confidence": 0.84
          },
          {
            "name": "bushy eyebrows",
            "value": "no",
            "confidence": 0.07
          },
          {
            "name": "chubby",
            "value": "no",
            "confidence": 0.17
          },
          {
            "name": "double chin",
            "value": "no",
            "confidence": 0.45
          },
          {
            "name": "expression",
            "value": "neutral",
            "confidence": 0.93
          },
          {
            "name": "gender",
            "value": "male",
            "confidence": 0.91
          },
          {
            "name": "glasses",
            "value": "yes",
            "confidence": 1.0
          },
          {
            "name": "goatee",
            "value": "no",
            "confidence": 0.82
          },
          {
            "name": "gray hair",
            "value": "no",
            "confidence": 0.92
          },
          {
            "name": "heavy makeup",
            "value": "no",
            "confidence": 0.95
          },
          {
            "name": "high cheekbones",
            "value": "no",
            "confidence": 0.84
          },
          {
            "name": "mouth open",
            "value": "no",
            "confidence": 0.98
          },
          {
            "name": "mustache",
            "value": "no",
            "confidence": 0.52
          },
          {
            "name": "narrow eyes",
            "value": "no",
            "confidence": 1.0
          },
          {
            "name": "oval face",
            "value": "yes",
            "confidence": 0.06
          },
          {
            "name": "pale skin",
            "value": "no",
            "confidence": 0.46
          },
          {
            "name": "pitch",
            "value": "-9.03",
            "confidence": 1.0
          },
          {
            "name": "pointy nose",
            "value": "no",
            "confidence": 0.69
          },
          {
            "name": "race",
            "value": "white",
            "confidence": 1.0
          },
          {
            "name": "receding hairline",
            "value": "no",
            "confidence": 0.97
          },
          {
            "name": "rosy cheeks",
            "value": "no",
            "confidence": 0.81
          },
          {
            "name": "sideburns",
            "value": "no",
            "confidence": 0.93
          },
          {
            "name": "straight hair",
            "value": "no",
            "confidence": 0.11
          },
          {
            "name": "wavy hair",
            "value": "no",
            "confidence": 0.24
          },
          {
            "name": "wearing earrings",
            "value": "no",
            "confidence": 0.69
          },
          {
            "name": "wearing hat",
            "value": "yes",
            "confidence": 0.05
          },
          {
            "name": "wearing lipstick",
            "value": "no",
            "confidence": 0.98
          },
          {
            "name": "wearing necklace",
            "value": "no",
            "confidence": 0.61
          },
          {
            "name": "wearing necktie",
            "value": "no",
            "confidence": 0.34
          },
          {
            "name": "yaw",
            "value": "-4.66",
            "confidence": 1.0
          },
          {
            "name": "young",
            "value": "yes",
            "confidence": 0.27
          }
        ],
        "person_id": "",
        "appearance_id": 0,
        "start": "00:00:00",
        "duration": "00:00:00"
      }
    ],
    "tags": null,
    "original_filename": "https://raw.githubusercontent.com/sarkrui/Hairstyle60k/master/Dataset/Quiff/IMG_14.jpg",
    "duration": "00:00:00"
  },
  "recognize": null
}