{
  "media": {
    "media_uuid": "7f047eb4-7176-4562-b5f6-5ac0fbd99c5d",
    "checksum": "ac4c7bbebe0e2c29590c5d05cf2d47cc561e1c822941df003656823119d85d6f",
    "faces": [
      {
        "face_uuid": "b7c909c4-1536-11e9-99c4-0cc47a6c4dbd",
        "media_uuid": "7f047eb4-7176-4562-b5f6-5ac0fbd99c5d",
        "x": 72.0,
        "y": 117.0,
        "width": 45.88,
        "height": 68.83,
        "angle": 18.1509,
        "detection_score": 1.0,
        "points": [
          {
            "x": 47.5,
            "y": 116.87,
            "type": 512,
            "name": "basic eye left"
          },
          {
            "x": 85.15,
            "y": 104.52,
            "type": 768,
            "name": "basic eye right"
          },
          {
            "x": 40.4,
            "y": 119.4,
            "type": 1024,
            "name": "basic eye left outer"
          },
          {
            "x": 92.89,
            "y": 102.23,
            "type": 1280,
            "name": "basic eye right outer"
          },
          {
            "x": 54.9,
            "y": 115.57,
            "type": 1536,
            "name": "basic eye left inner"
          },
          {
            "x": 77.85,
            "y": 107.99,
            "type": 1792,
            "name": "basic eye right inner"
          },
          {
            "x": 63.43,
            "y": 154.86,
            "type": 2048,
            "name": "basic mouth left"
          },
          {
            "x": 95.23,
            "y": 144.76,
            "type": 2304,
            "name": "basic mouth right"
          },
          {
            "x": 69.65,
            "y": 131.04,
            "type": 2560,
            "name": "basic nose tip"
          },
          {
            "x": 79.09,
            "y": 150.04,
            "type": 2816,
            "name": "basic mouth center"
          },
          {
            "x": 79.09,
            "y": 150.04,
            "type": 3072,
            "name": "basic eyebrow left"
          },
          {
            "x": 79.09,
            "y": 150.04,
            "type": 3328,
            "name": "basic eyebrow left inner corner"
          },
          {
            "x": 79.09,
            "y": 150.04,
            "type": 3584,
            "name": "basic eyebrow left outer corner"
          },
          {
            "x": 79.09,
            "y": 150.04,
            "type": 3840,
            "name": "basic eyebrow right"
          },
          {
            "x": 79.09,
            "y": 150.04,
            "type": 4096,
            "name": "basic eyebrow right inner corner"
          },
          {
            "x": 79.09,
            "y": 150.04,
            "type": 4352,
            "name": "basic eyebrow right outer corner"
          },
          {
            "x": 79.09,
            "y": 150.04,
            "type": 4608,
            "name": "basic chin bottom"
          },
          {
            "x": 79.09,
            "y": 150.04,
            "type": 4864,
            "name": "basic chin left"
          },
          {
            "x": 79.09,
            "y": 150.04,
            "type": 5120,
            "name": "basic chin right"
          },
          {
            "x": 61.89,
            "y": 136.81,
            "type": 5376,
            "name": "basic nose left"
          },
          {
            "x": 82.02,
            "y": 130.24,
            "type": 5632,
            "name": "basic nose right"
          }
        ],
        "user_points": null,
        "tags": [
          {
            "name": "5oclock shadow",
            "value": "no",
            "confidence": 1.0
          },
          {
            "name": "age",
            "value": "33",
            "confidence": 0.6
          },
          {
            "name": "arched eyebrows",
            "value": "no",
            "confidence": 0.94
          },
          {
            "name": "attractive",
            "value": "no",
            "confidence": 0.62
          },
          {
            "name": "bags under eyes",
            "value": "no",
            "confidence": 1.0
          },
          {
            "name": "bald",
            "value": "no",
            "confidence": 0.79
          },
          {
            "name": "bangs",
            "value": "no",
            "confidence": 0.57
          },
          {
            "name": "beard",
            "value": "no",
            "confidence": 0.97
          },
          {
            "name": "big lips",
            "value": "no",
            "confidence": 0.7
          },
          {
            "name": "big nose",
            "value": "no",
            "confidence": 0.79
          },
          {
            "name": "black hair",
            "value": "no",
            "confidence": 0.41
          },
          {
            "name": "blond hair",
            "value": "no",
            "confidence": 0.62
          },
          {
            "name": "blurry",
            "value": "yes",
            "confidence": 0.58
          },
          {
            "name": "brown hair",
            "value": "no",
            "confidence": 0.1
          },
          {
            "name": "bushy eyebrows",
            "value": "no",
            "confidence": 0.61
          },
          {
            "name": "chubby",
            "value": "no",
            "confidence": 0.57
          },
          {
            "name": "double chin",
            "value": "no",
            "confidence": 0.83
          },
          {
            "name": "expression",
            "value": "neutral",
            "confidence": 0.25
          },
          {
            "name": "gender",
            "value": "female",
            "confidence": 0.29
          },
          {
            "name": "glasses",
            "value": "no",
            "confidence": 1.0
          },
          {
            "name": "goatee",
            "value": "no",
            "confidence": 1.0
          },
          {
            "name": "gray hair",
            "value": "no",
            "confidence": 0.82
          },
          {
            "name": "heavy makeup",
            "value": "no",
            "confidence": 0.71
          },
          {
            "name": "high cheekbones",
            "value": "no",
            "confidence": 0.38
          },
          {
            "name": "mouth open",
            "value": "yes",
            "confidence": 0.08
          },
          {
            "name": "mustache",
            "value": "no",
            "confidence": 1.0
          },
          {
            "name": "narrow eyes",
            "value": "no",
            "confidence": 0.18
          },
          {
            "name": "oval face",
            "value": "yes",
            "confidence": 0.27
          },
          {
            "name": "pale skin",
            "value": "no",
            "confidence": 0.1
          },
          {
            "name": "pitch",
            "value": "-4.69",
            "confidence": 1.0
          },
          {
            "name": "pointy nose",
            "value": "no",
            "confidence": 0.83
          },
          {
            "name": "race",
            "value": "asian",
            "confidence": 0.75
          },
          {
            "name": "receding hairline",
            "value": "no",
            "confidence": 0.57
          },
          {
            "name": "rosy cheeks",
            "value": "no",
            "confidence": 1.0
          },
          {
            "name": "sideburns",
            "value": "no",
            "confidence": 1.0
          },
          {
            "name": "straight hair",
            "value": "no",
            "confidence": 0.56
          },
          {
            "name": "wavy hair",
            "value": "no",
            "confidence": 0.19
          },
          {
            "name": "wearing earrings",
            "value": "no",
            "confidence": 0.37
          },
          {
            "name": "wearing hat",
            "value": "yes",
            "confidence": 0.11
          },
          {
            "name": "wearing lipstick",
            "value": "no",
            "confidence": 0.64
          },
          {
            "name": "wearing necklace",
            "value": "no",
            "confidence": 0.58
          },
          {
            "name": "wearing necktie",
            "value": "no",
            "confidence": 1.0
          },
          {
            "name": "yaw",
            "value": "62.05",
            "confidence": 1.0
          },
          {
            "name": "young",
            "value": "yes",
            "confidence": 0.55
          }
        ],
        "person_id": "",
        "appearance_id": 0,
        "start": "00:00:00",
        "duration": "00:00:00"
      }
    ],
    "tags": null,
    "original_filename": "https://raw.githubusercontent.com/sarkrui/Hairstyle60k/master/Dataset/Rattail/IMG_18.jpg",
    "duration": "00:00:00"
  },
  "recognize": null
}