{
  "media": {
    "media_uuid": "43133d03-7d61-418c-be8d-2127ed95bed2",
    "checksum": "3ae6963614151ef1a0b1d6a41ba0becbf45cfcb26ff7bbb57fb73f33812823d7",
    "faces": [
      {
        "face_uuid": "b42bb415-1536-11e9-99c4-0cc47a6c4dbd",
        "media_uuid": "43133d03-7d61-418c-be8d-2127ed95bed2",
        "x": 247.0,
        "y": 187.0,
        "width": 143.13,
        "height": 198.48,
        "angle": 5.4121,
        "detection_score": 1.0,
        "points": [
          {
            "x": 225.27,
            "y": 170.18,
            "type": 512,
            "name": "basic eye left"
          },
          {
            "x": 293.97,
            "y": 163.67,
            "type": 768,
            "name": "basic eye right"
          },
          {
            "x": 209.13,
            "y": 171.96,
            "type": 1024,
            "name": "basic eye left outer"
          },
          {
            "x": 308.17,
            "y": 162.46,
            "type": 1280,
            "name": "basic eye right outer"
          },
          {
            "x": 241.32,
            "y": 169.25,
            "type": 1536,
            "name": "basic eye left inner"
          },
          {
            "x": 280.19,
            "y": 165.68,
            "type": 1792,
            "name": "basic eye right inner"
          },
          {
            "x": 238.9,
            "y": 249.6,
            "type": 2048,
            "name": "basic mouth left"
          },
          {
            "x": 293.04,
            "y": 245.28,
            "type": 2304,
            "name": "basic mouth right"
          },
          {
            "x": 275.08,
            "y": 213.34,
            "type": 2560,
            "name": "basic nose tip"
          },
          {
            "x": 267.12,
            "y": 247.6,
            "type": 2816,
            "name": "basic mouth center"
          },
          {
            "x": 267.12,
            "y": 247.6,
            "type": 3072,
            "name": "basic eyebrow left"
          },
          {
            "x": 267.12,
            "y": 247.6,
            "type": 3328,
            "name": "basic eyebrow left inner corner"
          },
          {
            "x": 267.12,
            "y": 247.6,
            "type": 3584,
            "name": "basic eyebrow left outer corner"
          },
          {
            "x": 267.12,
            "y": 247.6,
            "type": 3840,
            "name": "basic eyebrow right"
          },
          {
            "x": 267.12,
            "y": 247.6,
            "type": 4096,
            "name": "basic eyebrow right inner corner"
          },
          {
            "x": 267.12,
            "y": 247.6,
            "type": 4352,
            "name": "basic eyebrow right outer corner"
          },
          {
            "x": 267.12,
            "y": 247.6,
            "type": 4608,
            "name": "basic chin bottom"
          },
          {
            "x": 267.12,
            "y": 247.6,
            "type": 4864,
            "name": "basic chin left"
          },
          {
            "x": 267.12,
            "y": 247.6,
            "type": 5120,
            "name": "basic chin right"
          },
          {
            "x": 251.86,
            "y": 216.85,
            "type": 5376,
            "name": "basic nose left"
          },
          {
            "x": 287.61,
            "y": 213.58,
            "type": 5632,
            "name": "basic nose right"
          }
        ],
        "user_points": null,
        "tags": [
          {
            "name": "5oclock shadow",
            "value": "yes",
            "confidence": 1.0
          },
          {
            "name": "age",
            "value": "47",
            "confidence": 0.6
          },
          {
            "name": "arched eyebrows",
            "value": "no",
            "confidence": 0.81
          },
          {
            "name": "attractive",
            "value": "yes",
            "confidence": 0.37
          },
          {
            "name": "bags under eyes",
            "value": "no",
            "confidence": 0.04
          },
          {
            "name": "bald",
            "value": "no",
            "confidence": 0.74
          },
          {
            "name": "bangs",
            "value": "no",
            "confidence": 0.86
          },
          {
            "name": "beard",
            "value": "yes",
            "confidence": 1.0
          },
          {
            "name": "big lips",
            "value": "no",
            "confidence": 0.55
          },
          {
            "name": "big nose",
            "value": "no",
            "confidence": 0.12
          },
          {
            "name": "black hair",
            "value": "yes",
            "confidence": 0.46
          },
          {
            "name": "blond hair",
            "value": "no",
            "confidence": 0.94
          },
          {
            "name": "blurry",
            "value": "no",
            "confidence": 0.91
          },
          {
            "name": "brown hair",
            "value": "no",
            "confidence": 0.33
          },
          {
            "name": "bushy eyebrows",
            "value": "yes",
            "confidence": 0.33
          },
          {
            "name": "chubby",
            "value": "no",
            "confidence": 0.65
          },
          {
            "name": "double chin",
            "value": "no",
            "confidence": 0.9
          },
          {
            "name": "expression",
            "value": "neutral",
            "confidence": 0.82
          },
          {
            "name": "gender",
            "value": "male",
            "confidence": 0.88
          },
          {
            "name": "glasses",
            "value": "no",
            "confidence": 1.0
          },
          {
            "name": "goatee",
            "value": "yes",
            "confidence": 1.0
          },
          {
            "name": "gray hair",
            "value": "no",
            "confidence": 0.98
          },
          {
            "name": "heavy makeup",
            "value": "no",
            "confidence": 0.94
          },
          {
            "name": "high cheekbones",
            "value": "no",
            "confidence": 1.0
          },
          {
            "name": "mouth open",
            "value": "no",
            "confidence": 0.74
          },
          {
            "name": "mustache",
            "value": "yes",
            "confidence": 0.9
          },
          {
            "name": "narrow eyes",
            "value": "no",
            "confidence": 0.57
          },
          {
            "name": "oval face",
            "value": "no",
            "confidence": 0.2
          },
          {
            "name": "pale skin",
            "value": "no",
            "confidence": 0.26
          },
          {
            "name": "pitch",
            "value": "-8.17",
            "confidence": 1.0
          },
          {
            "name": "pointy nose",
            "value": "yes",
            "confidence": 0.13
          },
          {
            "name": "race",
            "value": "white",
            "confidence": 1.0
          },
          {
            "name": "receding hairline",
            "value": "no",
            "confidence": 0.68
          },
          {
            "name": "rosy cheeks",
            "value": "no",
            "confidence": 1.0
          },
          {
            "name": "sideburns",
            "value": "yes",
            "confidence": 1.0
          },
          {
            "name": "straight hair",
            "value": "yes",
            "confidence": 0.62
          },
          {
            "name": "wavy hair",
            "value": "no",
            "confidence": 0.71
          },
          {
            "name": "wearing earrings",
            "value": "no",
            "confidence": 1.0
          },
          {
            "name": "wearing hat",
            "value": "no",
            "confidence": 0.99
          },
          {
            "name": "wearing lipstick",
            "value": "no",
            "confidence": 0.89
          },
          {
            "name": "wearing necklace",
            "value": "no",
            "confidence": 1.0
          },
          {
            "name": "wearing necktie",
            "value": "yes",
            "confidence": 0.39
          },
          {
            "name": "yaw",
            "value": "-8.94",
            "confidence": 1.0
          },
          {
            "name": "young",
            "value": "yes",
            "confidence": 0.34
          }
        ],
        "person_id": "",
        "appearance_id": 0,
        "start": "00:00:00",
        "duration": "00:00:00"
      }
    ],
    "tags": null,
    "original_filename": "https://raw.githubusercontent.com/sarkrui/Hairstyle60k/master/Dataset/Rattail/IMG_13.jpg",
    "duration": "00:00:00"
  },
  "recognize": null
}