{
  "media": {
    "media_uuid": "24c1dd75-2552-42d2-8c81-04bee335113d",
    "checksum": "dfec89927275de6e35d8ce6585e27829cbb08fcb8ef1b26a4ad4326dcccb7753",
    "faces": [
      {
        "face_uuid": "c84f6104-1536-11e9-99c4-0cc47a6c4dbd",
        "media_uuid": "24c1dd75-2552-42d2-8c81-04bee335113d",
        "x": 276.22,
        "y": 328.23,
        "width": 218.86,
        "height": 282.96,
        "angle": -1.5888,
        "detection_score": 1.0,
        "points": [
          {
            "x": 231.38,
            "y": 293.12,
            "type": 512,
            "name": "basic eye left"
          },
          {
            "x": 336.06,
            "y": 296.03,
            "type": 768,
            "name": "basic eye right"
          },
          {
            "x": 208.86,
            "y": 292.54,
            "type": 1024,
            "name": "basic eye left outer"
          },
          {
            "x": 358.09,
            "y": 296.66,
            "type": 1280,
            "name": "basic eye right outer"
          },
          {
            "x": 253.41,
            "y": 296.32,
            "type": 1536,
            "name": "basic eye left inner"
          },
          {
            "x": 314.37,
            "y": 298.03,
            "type": 1792,
            "name": "basic eye right inner"
          },
          {
            "x": 235.71,
            "y": 399.04,
            "type": 2048,
            "name": "basic mouth left"
          },
          {
            "x": 324.98,
            "y": 401.34,
            "type": 2304,
            "name": "basic mouth right"
          },
          {
            "x": 284.42,
            "y": 363.93,
            "type": 2560,
            "name": "basic nose tip"
          },
          {
            "x": 280.67,
            "y": 402.94,
            "type": 2816,
            "name": "basic mouth center"
          },
          {
            "x": 280.67,
            "y": 402.94,
            "type": 3072,
            "name": "basic eyebrow left"
          },
          {
            "x": 280.67,
            "y": 402.94,
            "type": 3328,
            "name": "basic eyebrow left inner corner"
          },
          {
            "x": 280.67,
            "y": 402.94,
            "type": 3584,
            "name": "basic eyebrow left outer corner"
          },
          {
            "x": 280.67,
            "y": 402.94,
            "type": 3840,
            "name": "basic eyebrow right"
          },
          {
            "x": 280.67,
            "y": 402.94,
            "type": 4096,
            "name": "basic eyebrow right inner corner"
          },
          {
            "x": 280.67,
            "y": 402.94,
            "type": 4352,
            "name": "basic eyebrow right outer corner"
          },
          {
            "x": 280.67,
            "y": 402.94,
            "type": 4608,
            "name": "basic chin bottom"
          },
          {
            "x": 280.67,
            "y": 402.94,
            "type": 4864,
            "name": "basic chin left"
          },
          {
            "x": 280.67,
            "y": 402.94,
            "type": 5120,
            "name": "basic chin right"
          },
          {
            "x": 256.99,
            "y": 364.9,
            "type": 5376,
            "name": "basic nose left"
          },
          {
            "x": 309.31,
            "y": 366.51,
            "type": 5632,
            "name": "basic nose right"
          }
        ],
        "user_points": null,
        "tags": [
          {
            "name": "5oclock shadow",
            "value": "no",
            "confidence": 1.0
          },
          {
            "name": "age",
            "value": "24",
            "confidence": 0.6
          },
          {
            "name": "arched eyebrows",
            "value": "no",
            "confidence": 0.01
          },
          {
            "name": "attractive",
            "value": "yes",
            "confidence": 0.47
          },
          {
            "name": "bags under eyes",
            "value": "no",
            "confidence": 0.85
          },
          {
            "name": "bald",
            "value": "no",
            "confidence": 1.0
          },
          {
            "name": "bangs",
            "value": "yes",
            "confidence": 0.97
          },
          {
            "name": "beard",
            "value": "no",
            "confidence": 0.92
          },
          {
            "name": "big lips",
            "value": "no",
            "confidence": 0.29
          },
          {
            "name": "big nose",
            "value": "no",
            "confidence": 0.66
          },
          {
            "name": "black hair",
            "value": "no",
            "confidence": 0.62
          },
          {
            "name": "blond hair",
            "value": "no",
            "confidence": 0.65
          },
          {
            "name": "blurry",
            "value": "no",
            "confidence": 0.94
          },
          {
            "name": "brown hair",
            "value": "yes",
            "confidence": 0.68
          },
          {
            "name": "bushy eyebrows",
            "value": "no",
            "confidence": 0.35
          },
          {
            "name": "chubby",
            "value": "no",
            "confidence": 0.54
          },
          {
            "name": "double chin",
            "value": "no",
            "confidence": 0.51
          },
          {
            "name": "expression",
            "value": "smile",
            "confidence": 0.79
          },
          {
            "name": "gender",
            "value": "female",
            "confidence": 0.99
          },
          {
            "name": "glasses",
            "value": "no",
            "confidence": 1.0
          },
          {
            "name": "goatee",
            "value": "no",
            "confidence": 1.0
          },
          {
            "name": "gray hair",
            "value": "no",
            "confidence": 0.75
          },
          {
            "name": "heavy makeup",
            "value": "yes",
            "confidence": 0.93
          },
          {
            "name": "high cheekbones",
            "value": "yes",
            "confidence": 1.0
          },
          {
            "name": "mouth open",
            "value": "no",
            "confidence": 0.98
          },
          {
            "name": "mustache",
            "value": "no",
            "confidence": 0.9
          },
          {
            "name": "narrow eyes",
            "value": "no",
            "confidence": 0.6
          },
          {
            "name": "oval face",
            "value": "yes",
            "confidence": 0.82
          },
          {
            "name": "pale skin",
            "value": "no",
            "confidence": 1.0
          },
          {
            "name": "pitch",
            "value": "-7.95",
            "confidence": 1.0
          },
          {
            "name": "pointy nose",
            "value": "yes",
            "confidence": 0.32
          },
          {
            "name": "race",
            "value": "white",
            "confidence": 1.0
          },
          {
            "name": "receding hairline",
            "value": "no",
            "confidence": 1.0
          },
          {
            "name": "rosy cheeks",
            "value": "yes",
            "confidence": 0.95
          },
          {
            "name": "sideburns",
            "value": "no",
            "confidence": 0.97
          },
          {
            "name": "straight hair",
            "value": "no",
            "confidence": 0.25
          },
          {
            "name": "wavy hair",
            "value": "no",
            "confidence": 0.0
          },
          {
            "name": "wearing earrings",
            "value": "yes",
            "confidence": 1.0
          },
          {
            "name": "wearing hat",
            "value": "no",
            "confidence": 1.0
          },
          {
            "name": "wearing lipstick",
            "value": "yes",
            "confidence": 0.97
          },
          {
            "name": "wearing necklace",
            "value": "yes",
            "confidence": 0.11
          },
          {
            "name": "wearing necktie",
            "value": "no",
            "confidence": 0.87
          },
          {
            "name": "yaw",
            "value": "4.76",
            "confidence": 1.0
          },
          {
            "name": "young",
            "value": "no",
            "confidence": 0.13
          }
        ],
        "person_id": "",
        "appearance_id": 0,
        "start": "00:00:00",
        "duration": "00:00:00"
      }
    ],
    "tags": null,
    "original_filename": "https://raw.githubusercontent.com/sarkrui/Hairstyle60k/master/Dataset/Razor_Cut/IMG_16.jpg",
    "duration": "00:00:00"
  },
  "recognize": null
}