{
  "media": {
    "media_uuid": "f472ccaf-e5bc-4e45-9d41-6fc0d33fd200",
    "checksum": "e925cf495c73666d2ece3eec09af31f809a5acc43cac8ce81e379e83064cf162",
    "faces": [
      {
        "face_uuid": "c905120d-1536-11e9-99c4-0cc47a6c4dbd",
        "media_uuid": "f472ccaf-e5bc-4e45-9d41-6fc0d33fd200",
        "x": 256.0,
        "y": 272.0,
        "width": 230.25,
        "height": 312.75,
        "angle": -2.7277,
        "detection_score": 1.0,
        "points": [
          {
            "x": 241.66,
            "y": 241.46,
            "type": 512,
            "name": "basic eye left"
          },
          {
            "x": 343.08,
            "y": 246.29,
            "type": 768,
            "name": "basic eye right"
          },
          {
            "x": 216.69,
            "y": 240.85,
            "type": 1024,
            "name": "basic eye left outer"
          },
          {
            "x": 362.35,
            "y": 247.49,
            "type": 1280,
            "name": "basic eye right outer"
          },
          {
            "x": 266.05,
            "y": 243.19,
            "type": 1536,
            "name": "basic eye left inner"
          },
          {
            "x": 324.34,
            "y": 246.2,
            "type": 1792,
            "name": "basic eye right inner"
          },
          {
            "x": 251.91,
            "y": 361.03,
            "type": 2048,
            "name": "basic mouth left"
          },
          {
            "x": 332.3,
            "y": 364.37,
            "type": 2304,
            "name": "basic mouth right"
          },
          {
            "x": 321.66,
            "y": 307.47,
            "type": 2560,
            "name": "basic nose tip"
          },
          {
            "x": 295.17,
            "y": 362.45,
            "type": 2816,
            "name": "basic mouth center"
          },
          {
            "x": 295.17,
            "y": 362.45,
            "type": 3072,
            "name": "basic eyebrow left"
          },
          {
            "x": 295.17,
            "y": 362.45,
            "type": 3328,
            "name": "basic eyebrow left inner corner"
          },
          {
            "x": 295.17,
            "y": 362.45,
            "type": 3584,
            "name": "basic eyebrow left outer corner"
          },
          {
            "x": 295.17,
            "y": 362.45,
            "type": 3840,
            "name": "basic eyebrow right"
          },
          {
            "x": 295.17,
            "y": 362.45,
            "type": 4096,
            "name": "basic eyebrow right inner corner"
          },
          {
            "x": 295.17,
            "y": 362.45,
            "type": 4352,
            "name": "basic eyebrow right outer corner"
          },
          {
            "x": 295.17,
            "y": 362.45,
            "type": 4608,
            "name": "basic chin bottom"
          },
          {
            "x": 295.17,
            "y": 362.45,
            "type": 4864,
            "name": "basic chin left"
          },
          {
            "x": 295.17,
            "y": 362.45,
            "type": 5120,
            "name": "basic chin right"
          },
          {
            "x": 280.38,
            "y": 315.51,
            "type": 5376,
            "name": "basic nose left"
          },
          {
            "x": 333.13,
            "y": 317.66,
            "type": 5632,
            "name": "basic nose right"
          }
        ],
        "user_points": null,
        "tags": [
          {
            "name": "5oclock shadow",
            "value": "no",
            "confidence": 1.0
          },
          {
            "name": "age",
            "value": "14",
            "confidence": 0.6
          },
          {
            "name": "arched eyebrows",
            "value": "no",
            "confidence": 0.15
          },
          {
            "name": "attractive",
            "value": "yes",
            "confidence": 0.4
          },
          {
            "name": "bags under eyes",
            "value": "no",
            "confidence": 0.99
          },
          {
            "name": "bald",
            "value": "no",
            "confidence": 1.0
          },
          {
            "name": "bangs",
            "value": "yes",
            "confidence": 0.41
          },
          {
            "name": "beard",
            "value": "no",
            "confidence": 1.0
          },
          {
            "name": "big lips",
            "value": "no",
            "confidence": 0.18
          },
          {
            "name": "big nose",
            "value": "no",
            "confidence": 1.0
          },
          {
            "name": "black hair",
            "value": "no",
            "confidence": 0.38
          },
          {
            "name": "blond hair",
            "value": "no",
            "confidence": 0.8
          },
          {
            "name": "blurry",
            "value": "no",
            "confidence": 0.93
          },
          {
            "name": "brown hair",
            "value": "yes",
            "confidence": 0.33
          },
          {
            "name": "bushy eyebrows",
            "value": "no",
            "confidence": 0.25
          },
          {
            "name": "chubby",
            "value": "no",
            "confidence": 1.0
          },
          {
            "name": "double chin",
            "value": "no",
            "confidence": 1.0
          },
          {
            "name": "expression",
            "value": "neutral",
            "confidence": 0.94
          },
          {
            "name": "gender",
            "value": "female",
            "confidence": 1.0
          },
          {
            "name": "glasses",
            "value": "no",
            "confidence": 1.0
          },
          {
            "name": "goatee",
            "value": "no",
            "confidence": 1.0
          },
          {
            "name": "gray hair",
            "value": "no",
            "confidence": 1.0
          },
          {
            "name": "heavy makeup",
            "value": "yes",
            "confidence": 0.63
          },
          {
            "name": "high cheekbones",
            "value": "no",
            "confidence": 0.79
          },
          {
            "name": "mouth open",
            "value": "yes",
            "confidence": 0.74
          },
          {
            "name": "mustache",
            "value": "no",
            "confidence": 1.0
          },
          {
            "name": "narrow eyes",
            "value": "no",
            "confidence": 0.29
          },
          {
            "name": "oval face",
            "value": "yes",
            "confidence": 0.28
          },
          {
            "name": "pale skin",
            "value": "yes",
            "confidence": 0.01
          },
          {
            "name": "pitch",
            "value": "-6.18",
            "confidence": 1.0
          },
          {
            "name": "pointy nose",
            "value": "no",
            "confidence": 0.01
          },
          {
            "name": "race",
            "value": "white",
            "confidence": 0.97
          },
          {
            "name": "receding hairline",
            "value": "no",
            "confidence": 1.0
          },
          {
            "name": "rosy cheeks",
            "value": "no",
            "confidence": 0.59
          },
          {
            "name": "sideburns",
            "value": "no",
            "confidence": 1.0
          },
          {
            "name": "straight hair",
            "value": "yes",
            "confidence": 0.01
          },
          {
            "name": "wavy hair",
            "value": "no",
            "confidence": 0.02
          },
          {
            "name": "wearing earrings",
            "value": "no",
            "confidence": 0.23
          },
          {
            "name": "wearing hat",
            "value": "no",
            "confidence": 0.59
          },
          {
            "name": "wearing lipstick",
            "value": "yes",
            "confidence": 0.85
          },
          {
            "name": "wearing necklace",
            "value": "no",
            "confidence": 0.11
          },
          {
            "name": "wearing necktie",
            "value": "no",
            "confidence": 1.0
          },
          {
            "name": "yaw",
            "value": "-16.63",
            "confidence": 1.0
          },
          {
            "name": "young",
            "value": "yes",
            "confidence": 0.85
          }
        ],
        "person_id": "",
        "appearance_id": 0,
        "start": "00:00:00",
        "duration": "00:00:00"
      }
    ],
    "tags": null,
    "original_filename": "https://raw.githubusercontent.com/sarkrui/Hairstyle60k/master/Dataset/Razor_Cut/IMG_17.jpg",
    "duration": "00:00:00"
  },
  "recognize": null
}