{
  "media": {
    "media_uuid": "c83499ea-9c32-4379-a180-c7ff01a4812f",
    "checksum": "0f4b1944a1fa8f114c6385277e877d625b2a73372cf9cc2f3f2f57d74df9061d",
    "faces": [
      {
        "face_uuid": "cd250071-1536-11e9-99c4-0cc47a6c4dbd",
        "media_uuid": "c83499ea-9c32-4379-a180-c7ff01a4812f",
        "x": 368.64,
        "y": 354.7,
        "width": 221.23,
        "height": 286.12,
        "angle": -2.1734,
        "detection_score": 0.98,
        "points": [
          {
            "x": 299.1,
            "y": 317.26,
            "type": 512,
            "name": "basic eye left"
          },
          {
            "x": 405.78,
            "y": 321.31,
            "type": 768,
            "name": "basic eye right"
          },
          {
            "x": 277.11,
            "y": 317.13,
            "type": 1024,
            "name": "basic eye left outer"
          },
          {
            "x": 428.33,
            "y": 322.84,
            "type": 1280,
            "name": "basic eye right outer"
          },
          {
            "x": 321.06,
            "y": 320.35,
            "type": 1536,
            "name": "basic eye left inner"
          },
          {
            "x": 383.31,
            "y": 322.77,
            "type": 1792,
            "name": "basic eye right inner"
          },
          {
            "x": 306.65,
            "y": 432.87,
            "type": 2048,
            "name": "basic mouth left"
          },
          {
            "x": 392.82,
            "y": 434.93,
            "type": 2304,
            "name": "basic mouth right"
          },
          {
            "x": 345.4,
            "y": 383.16,
            "type": 2560,
            "name": "basic nose tip"
          },
          {
            "x": 349.09,
            "y": 435.05,
            "type": 2816,
            "name": "basic mouth center"
          },
          {
            "x": 349.09,
            "y": 435.05,
            "type": 3072,
            "name": "basic eyebrow left"
          },
          {
            "x": 349.09,
            "y": 435.05,
            "type": 3328,
            "name": "basic eyebrow left inner corner"
          },
          {
            "x": 349.09,
            "y": 435.05,
            "type": 3584,
            "name": "basic eyebrow left outer corner"
          },
          {
            "x": 349.09,
            "y": 435.05,
            "type": 3840,
            "name": "basic eyebrow right"
          },
          {
            "x": 349.09,
            "y": 435.05,
            "type": 4096,
            "name": "basic eyebrow right inner corner"
          },
          {
            "x": 349.09,
            "y": 435.05,
            "type": 4352,
            "name": "basic eyebrow right outer corner"
          },
          {
            "x": 349.09,
            "y": 435.05,
            "type": 4608,
            "name": "basic chin bottom"
          },
          {
            "x": 349.09,
            "y": 435.05,
            "type": 4864,
            "name": "basic chin left"
          },
          {
            "x": 349.09,
            "y": 435.05,
            "type": 5120,
            "name": "basic chin right"
          },
          {
            "x": 320.71,
            "y": 389.11,
            "type": 5376,
            "name": "basic nose left"
          },
          {
            "x": 374.52,
            "y": 390.94,
            "type": 5632,
            "name": "basic nose right"
          }
        ],
        "user_points": null,
        "tags": [
          {
            "name": "5oclock shadow",
            "value": "no",
            "confidence": 1.0
          },
          {
            "name": "age",
            "value": "47",
            "confidence": 0.6
          },
          {
            "name": "arched eyebrows",
            "value": "no",
            "confidence": 0.17
          },
          {
            "name": "attractive",
            "value": "no",
            "confidence": 0.09
          },
          {
            "name": "bags under eyes",
            "value": "no",
            "confidence": 0.4
          },
          {
            "name": "bald",
            "value": "no",
            "confidence": 0.94
          },
          {
            "name": "bangs",
            "value": "yes",
            "confidence": 1.0
          },
          {
            "name": "beard",
            "value": "no",
            "confidence": 1.0
          },
          {
            "name": "big lips",
            "value": "no",
            "confidence": 0.42
          },
          {
            "name": "big nose",
            "value": "no",
            "confidence": 0.72
          },
          {
            "name": "black hair",
            "value": "no",
            "confidence": 1.0
          },
          {
            "name": "blond hair",
            "value": "yes",
            "confidence": 0.94
          },
          {
            "name": "blurry",
            "value": "no",
            "confidence": 0.74
          },
          {
            "name": "brown hair",
            "value": "no",
            "confidence": 0.27
          },
          {
            "name": "bushy eyebrows",
            "value": "no",
            "confidence": 0.95
          },
          {
            "name": "chubby",
            "value": "no",
            "confidence": 0.54
          },
          {
            "name": "double chin",
            "value": "no",
            "confidence": 0.67
          },
          {
            "name": "expression",
            "value": "neutral",
            "confidence": 0.39
          },
          {
            "name": "gender",
            "value": "female",
            "confidence": 0.97
          },
          {
            "name": "glasses",
            "value": "no",
            "confidence": 1.0
          },
          {
            "name": "goatee",
            "value": "no",
            "confidence": 1.0
          },
          {
            "name": "gray hair",
            "value": "no",
            "confidence": 0.09
          },
          {
            "name": "heavy makeup",
            "value": "yes",
            "confidence": 0.47
          },
          {
            "name": "high cheekbones",
            "value": "yes",
            "confidence": 0.17
          },
          {
            "name": "mouth open",
            "value": "no",
            "confidence": 1.0
          },
          {
            "name": "mustache",
            "value": "no",
            "confidence": 1.0
          },
          {
            "name": "narrow eyes",
            "value": "no",
            "confidence": 0.45
          },
          {
            "name": "oval face",
            "value": "yes",
            "confidence": 0.33
          },
          {
            "name": "pale skin",
            "value": "no",
            "confidence": 0.31
          },
          {
            "name": "pitch",
            "value": "-9.23",
            "confidence": 1.0
          },
          {
            "name": "pointy nose",
            "value": "no",
            "confidence": 0.25
          },
          {
            "name": "race",
            "value": "white",
            "confidence": 1.0
          },
          {
            "name": "receding hairline",
            "value": "no",
            "confidence": 0.9
          },
          {
            "name": "rosy cheeks",
            "value": "yes",
            "confidence": 0.02
          },
          {
            "name": "sideburns",
            "value": "no",
            "confidence": 1.0
          },
          {
            "name": "straight hair",
            "value": "yes",
            "confidence": 0.05
          },
          {
            "name": "wavy hair",
            "value": "no",
            "confidence": 0.27
          },
          {
            "name": "wearing earrings",
            "value": "yes",
            "confidence": 0.89
          },
          {
            "name": "wearing hat",
            "value": "no",
            "confidence": 0.98
          },
          {
            "name": "wearing lipstick",
            "value": "yes",
            "confidence": 0.71
          },
          {
            "name": "wearing necklace",
            "value": "yes",
            "confidence": 0.18
          },
          {
            "name": "wearing necktie",
            "value": "no",
            "confidence": 0.94
          },
          {
            "name": "yaw",
            "value": "10.43",
            "confidence": 1.0
          },
          {
            "name": "young",
            "value": "no",
            "confidence": 0.45
          }
        ],
        "person_id": "",
        "appearance_id": 0,
        "start": "00:00:00",
        "duration": "00:00:00"
      },
      {
        "face_uuid": "cd3d10f2-1536-11e9-99c4-0cc47a6c4dbd",
        "media_uuid": "c83499ea-9c32-4379-a180-c7ff01a4812f",
        "x": 648.99,
        "y": 357.02,
        "width": 108.48,
        "height": 170.26,
        "angle": -3.6253,
        "detection_score": 0.97,
        "points": [
          {
            "x": 356.17,
            "y": 282.99,
            "type": 512,
            "name": "basic eye left"
          },
          {
            "x": 542.67,
            "y": 294.8,
            "type": 768,
            "name": "basic eye right"
          },
          {
            "x": 320.98,
            "y": 282.51,
            "type": 1024,
            "name": "basic eye left outer"
          },
          {
            "x": 587.02,
            "y": 297.4,
            "type": 1280,
            "name": "basic eye right outer"
          },
          {
            "x": 392.75,
            "y": 286.51,
            "type": 1536,
            "name": "basic eye left inner"
          },
          {
            "x": 506.11,
            "y": 294.65,
            "type": 1792,
            "name": "basic eye right inner"
          },
          {
            "x": 383.54,
            "y": 491.36,
            "type": 2048,
            "name": "basic mouth left"
          },
          {
            "x": 611.88,
            "y": 488.61,
            "type": 2304,
            "name": "basic mouth right"
          },
          {
            "x": 446.49,
            "y": 389.62,
            "type": 2560,
            "name": "basic nose tip"
          },
          {
            "x": 494.39,
            "y": 491.05,
            "type": 2816,
            "name": "basic mouth center"
          },
          {
            "x": 494.39,
            "y": 491.05,
            "type": 3072,
            "name": "basic eyebrow left"
          },
          {
            "x": 494.39,
            "y": 491.05,
            "type": 3328,
            "name": "basic eyebrow left inner corner"
          },
          {
            "x": 494.39,
            "y": 491.05,
            "type": 3584,
            "name": "basic eyebrow left outer corner"
          },
          {
            "x": 494.39,
            "y": 491.05,
            "type": 3840,
            "name": "basic eyebrow right"
          },
          {
            "x": 494.39,
            "y": 491.05,
            "type": 4096,
            "name": "basic eyebrow right inner corner"
          },
          {
            "x": 494.39,
            "y": 491.05,
            "type": 4352,
            "name": "basic eyebrow right outer corner"
          },
          {
            "x": 494.39,
            "y": 491.05,
            "type": 4608,
            "name": "basic chin bottom"
          },
          {
            "x": 494.39,
            "y": 491.05,
            "type": 4864,
            "name": "basic chin left"
          },
          {
            "x": 494.39,
            "y": 491.05,
            "type": 5120,
            "name": "basic chin right"
          },
          {
            "x": 397.09,
            "y": 403.84,
            "type": 5376,
            "name": "basic nose left"
          },
          {
            "x": 520.79,
            "y": 409.23,
            "type": 5632,
            "name": "basic nose right"
          }
        ],
        "user_points": null,
        "tags": [
          {
            "name": "5oclock shadow",
            "value": "no",
            "confidence": 1.0
          },
          {
            "name": "age",
            "value": "48",
            "confidence": 0.6
          },
          {
            "name": "arched eyebrows",
            "value": "no",
            "confidence": 1.0
          },
          {
            "name": "attractive",
            "value": "no",
            "confidence": 0.63
          },
          {
            "name": "bags under eyes",
            "value": "no",
            "confidence": 0.14
          },
          {
            "name": "bald",
            "value": "no",
            "confidence": 0.36
          },
          {
            "name": "bangs",
            "value": "yes",
            "confidence": 0.07
          },
          {
            "name": "beard",
            "value": "no",
            "confidence": 1.0
          },
          {
            "name": "big lips",
            "value": "no",
            "confidence": 0.76
          },
          {
            "name": "big nose",
            "value": "no",
            "confidence": 0.05
          },
          {
            "name": "black hair",
            "value": "no",
            "confidence": 0.83
          },
          {
            "name": "blond hair",
            "value": "no",
            "confidence": 0.29
          },
          {
            "name": "blurry",
            "value": "yes",
            "confidence": 0.01
          },
          {
            "name": "brown hair",
            "value": "no",
            "confidence": 0.4
          },
          {
            "name": "bushy eyebrows",
            "value": "no",
            "confidence": 1.0
          },
          {
            "name": "chubby",
            "value": "no",
            "confidence": 0.37
          },
          {
            "name": "double chin",
            "value": "no",
            "confidence": 0.38
          },
          {
            "name": "expression",
            "value": "neutral",
            "confidence": 0.21
          },
          {
            "name": "gender",
            "value": "female",
            "confidence": 0.04
          },
          {
            "name": "glasses",
            "value": "no",
            "confidence": 1.0
          },
          {
            "name": "goatee",
            "value": "no",
            "confidence": 1.0
          },
          {
            "name": "gray hair",
            "value": "yes",
            "confidence": 0.16
          },
          {
            "name": "heavy makeup",
            "value": "no",
            "confidence": 0.8
          },
          {
            "name": "high cheekbones",
            "value": "no",
            "confidence": 0.42
          },
          {
            "name": "mouth open",
            "value": "no",
            "confidence": 0.18
          },
          {
            "name": "mustache",
            "value": "no",
            "confidence": 1.0
          },
          {
            "name": "narrow eyes",
            "value": "no",
            "confidence": 0.23
          },
          {
            "name": "oval face",
            "value": "no",
            "confidence": 0.13
          },
          {
            "name": "pale skin",
            "value": "yes",
            "confidence": 0.44
          },
          {
            "name": "pitch",
            "value": "-6.85",
            "confidence": 1.0
          },
          {
            "name": "pointy nose",
            "value": "no",
            "confidence": 0.57
          },
          {
            "name": "race",
            "value": "asian",
            "confidence": 0.92
          },
          {
            "name": "receding hairline",
            "value": "no",
            "confidence": 0.54
          },
          {
            "name": "rosy cheeks",
            "value": "no",
            "confidence": 0.96
          },
          {
            "name": "sideburns",
            "value": "no",
            "confidence": 1.0
          },
          {
            "name": "straight hair",
            "value": "no",
            "confidence": 0.15
          },
          {
            "name": "wavy hair",
            "value": "no",
            "confidence": 0.57
          },
          {
            "name": "wearing earrings",
            "value": "no",
            "confidence": 0.48
          },
          {
            "name": "wearing hat",
            "value": "yes",
            "confidence": 0.22
          },
          {
            "name": "wearing lipstick",
            "value": "no",
            "confidence": 0.68
          },
          {
            "name": "wearing necklace",
            "value": "no",
            "confidence": 0.57
          },
          {
            "name": "wearing necktie",
            "value": "no",
            "confidence": 0.53
          },
          {
            "name": "yaw",
            "value": "-4.94",
            "confidence": 1.0
          },
          {
            "name": "young",
            "value": "no",
            "confidence": 0.22
          }
        ],
        "person_id": "",
        "appearance_id": 0,
        "start": "00:00:00",
        "duration": "00:00:00"
      }
    ],
    "tags": null,
    "original_filename": "https://raw.githubusercontent.com/sarkrui/Hairstyle60k/master/Dataset/Razor_Cut/IMG_21.jpg",
    "duration": "00:00:00"
  },
  "recognize": null
}