{
  "media": {
    "media_uuid": "ad5b4d94-1b33-461d-a962-398093b6bea6",
    "checksum": "0d24c10370649e5a6b131356e2c6312aeb5f662d0814e23a995a9ae7679de36f",
    "faces": [
      {
        "face_uuid": "c1359324-1536-11e9-99c4-0cc47a6c4dbd",
        "media_uuid": "ad5b4d94-1b33-461d-a962-398093b6bea6",
        "x": 420.0,
        "y": 269.0,
        "width": 180.35,
        "height": 274.36,
        "angle": 23.7134,
        "detection_score": 1.0,
        "points": [
          {
            "x": 367.67,
            "y": 272.58,
            "type": 512,
            "name": "basic eye left"
          },
          {
            "x": 459.92,
            "y": 232.06,
            "type": 768,
            "name": "basic eye right"
          },
          {
            "x": 348.2,
            "y": 281.7,
            "type": 1024,
            "name": "basic eye left outer"
          },
          {
            "x": 479.04,
            "y": 224.25,
            "type": 1280,
            "name": "basic eye right outer"
          },
          {
            "x": 387.82,
            "y": 265.82,
            "type": 1536,
            "name": "basic eye left inner"
          },
          {
            "x": 441.85,
            "y": 242.06,
            "type": 1792,
            "name": "basic eye right inner"
          },
          {
            "x": 430.42,
            "y": 368.04,
            "type": 2048,
            "name": "basic mouth left"
          },
          {
            "x": 499.39,
            "y": 330.32,
            "type": 2304,
            "name": "basic mouth right"
          },
          {
            "x": 448.5,
            "y": 304.13,
            "type": 2560,
            "name": "basic nose tip"
          },
          {
            "x": 466.15,
            "y": 349.47,
            "type": 2816,
            "name": "basic mouth center"
          },
          {
            "x": 466.15,
            "y": 349.47,
            "type": 3072,
            "name": "basic eyebrow left"
          },
          {
            "x": 466.15,
            "y": 349.47,
            "type": 3328,
            "name": "basic eyebrow left inner corner"
          },
          {
            "x": 466.15,
            "y": 349.47,
            "type": 3584,
            "name": "basic eyebrow left outer corner"
          },
          {
            "x": 466.15,
            "y": 349.47,
            "type": 3840,
            "name": "basic eyebrow right"
          },
          {
            "x": 466.15,
            "y": 349.47,
            "type": 4096,
            "name": "basic eyebrow right inner corner"
          },
          {
            "x": 466.15,
            "y": 349.47,
            "type": 4352,
            "name": "basic eyebrow right outer corner"
          },
          {
            "x": 466.15,
            "y": 349.47,
            "type": 4608,
            "name": "basic chin bottom"
          },
          {
            "x": 466.15,
            "y": 349.47,
            "type": 4864,
            "name": "basic chin left"
          },
          {
            "x": 466.15,
            "y": 349.47,
            "type": 5120,
            "name": "basic chin right"
          },
          {
            "x": 424.94,
            "y": 323.8,
            "type": 5376,
            "name": "basic nose left"
          },
          {
            "x": 470.45,
            "y": 301.97,
            "type": 5632,
            "name": "basic nose right"
          }
        ],
        "user_points": null,
        "tags": [
          {
            "name": "5oclock shadow",
            "value": "no",
            "confidence": 0.66
          },
          {
            "name": "age",
            "value": "33",
            "confidence": 0.6
          },
          {
            "name": "arched eyebrows",
            "value": "no",
            "confidence": 0.89
          },
          {
            "name": "attractive",
            "value": "no",
            "confidence": 0.06
          },
          {
            "name": "bags under eyes",
            "value": "no",
            "confidence": 1.0
          },
          {
            "name": "bald",
            "value": "no",
            "confidence": 1.0
          },
          {
            "name": "bangs",
            "value": "yes",
            "confidence": 1.0
          },
          {
            "name": "beard",
            "value": "no",
            "confidence": 0.61
          },
          {
            "name": "big lips",
            "value": "no",
            "confidence": 0.07
          },
          {
            "name": "big nose",
            "value": "no",
            "confidence": 0.77
          },
          {
            "name": "black hair",
            "value": "no",
            "confidence": 0.63
          },
          {
            "name": "blond hair",
            "value": "no",
            "confidence": 0.84
          },
          {
            "name": "blurry",
            "value": "no",
            "confidence": 0.43
          },
          {
            "name": "brown hair",
            "value": "yes",
            "confidence": 0.6
          },
          {
            "name": "bushy eyebrows",
            "value": "no",
            "confidence": 0.87
          },
          {
            "name": "chubby",
            "value": "no",
            "confidence": 1.0
          },
          {
            "name": "double chin",
            "value": "no",
            "confidence": 1.0
          },
          {
            "name": "expression",
            "value": "neutral",
            "confidence": 0.86
          },
          {
            "name": "gender",
            "value": "female",
            "confidence": 0.13
          },
          {
            "name": "glasses",
            "value": "no",
            "confidence": 1.0
          },
          {
            "name": "goatee",
            "value": "no",
            "confidence": 0.84
          },
          {
            "name": "gray hair",
            "value": "no",
            "confidence": 1.0
          },
          {
            "name": "heavy makeup",
            "value": "no",
            "confidence": 0.37
          },
          {
            "name": "high cheekbones",
            "value": "no",
            "confidence": 0.9
          },
          {
            "name": "mouth open",
            "value": "no",
            "confidence": 0.43
          },
          {
            "name": "mustache",
            "value": "no",
            "confidence": 0.86
          },
          {
            "name": "narrow eyes",
            "value": "no",
            "confidence": 0.6
          },
          {
            "name": "oval face",
            "value": "no",
            "confidence": 0.19
          },
          {
            "name": "pale skin",
            "value": "yes",
            "confidence": 0.52
          },
          {
            "name": "pitch",
            "value": "-5.85",
            "confidence": 1.0
          },
          {
            "name": "pointy nose",
            "value": "yes",
            "confidence": 0.02
          },
          {
            "name": "race",
            "value": "asian",
            "confidence": 0.83
          },
          {
            "name": "receding hairline",
            "value": "no",
            "confidence": 1.0
          },
          {
            "name": "rosy cheeks",
            "value": "no",
            "confidence": 1.0
          },
          {
            "name": "sideburns",
            "value": "no",
            "confidence": 0.86
          },
          {
            "name": "straight hair",
            "value": "yes",
            "confidence": 0.17
          },
          {
            "name": "wavy hair",
            "value": "no",
            "confidence": 0.44
          },
          {
            "name": "wearing earrings",
            "value": "no",
            "confidence": 0.55
          },
          {
            "name": "wearing hat",
            "value": "no",
            "confidence": 0.5
          },
          {
            "name": "wearing lipstick",
            "value": "no",
            "confidence": 0.21
          },
          {
            "name": "wearing necklace",
            "value": "no",
            "confidence": 0.49
          },
          {
            "name": "wearing necktie",
            "value": "no",
            "confidence": 0.88
          },
          {
            "name": "yaw",
            "value": "-38.73",
            "confidence": 1.0
          },
          {
            "name": "young",
            "value": "yes",
            "confidence": 0.67
          }
        ],
        "person_id": "",
        "appearance_id": 0,
        "start": "00:00:00",
        "duration": "00:00:00"
      }
    ],
    "tags": null,
    "original_filename": "https://raw.githubusercontent.com/sarkrui/Hairstyle60k/master/Dataset/Razor_Cut/IMG_7.jpg",
    "duration": "00:00:00"
  },
  "recognize": null
}