{
  "media": {
    "media_uuid": "0ef44b5c-6cd8-4cf0-b4f7-1c3f5b0225ca",
    "checksum": "d69a89b5dfeeff62eea8aa7b61b59b954efe6bce666238fafa334784244d9d8c",
    "faces": [
      {
        "face_uuid": "cf8437b9-1536-11e9-99c4-0cc47a6c4dbd",
        "media_uuid": "0ef44b5c-6cd8-4cf0-b4f7-1c3f5b0225ca",
        "x": 106.5,
        "y": 87.0,
        "width": 58.05,
        "height": 72.32,
        "angle": -0.5381,
        "detection_score": 0.99,
        "points": [
          {
            "x": 90.99,
            "y": 77.27,
            "type": 512,
            "name": "basic eye left"
          },
          {
            "x": 118.53,
            "y": 77.53,
            "type": 768,
            "name": "basic eye right"
          },
          {
            "x": 85.41,
            "y": 77.54,
            "type": 1024,
            "name": "basic eye left outer"
          },
          {
            "x": 124.46,
            "y": 77.94,
            "type": 1280,
            "name": "basic eye right outer"
          },
          {
            "x": 96.51,
            "y": 77.81,
            "type": 1536,
            "name": "basic eye left inner"
          },
          {
            "x": 112.6,
            "y": 77.95,
            "type": 1792,
            "name": "basic eye right inner"
          },
          {
            "x": 93.05,
            "y": 107.63,
            "type": 2048,
            "name": "basic mouth left"
          },
          {
            "x": 114.03,
            "y": 108.16,
            "type": 2304,
            "name": "basic mouth right"
          },
          {
            "x": 102.61,
            "y": 92.04,
            "type": 2560,
            "name": "basic nose tip"
          },
          {
            "x": 103.35,
            "y": 107.8,
            "type": 2816,
            "name": "basic mouth center"
          },
          {
            "x": 103.35,
            "y": 107.8,
            "type": 3072,
            "name": "basic eyebrow left"
          },
          {
            "x": 103.35,
            "y": 107.8,
            "type": 3328,
            "name": "basic eyebrow left inner corner"
          },
          {
            "x": 103.35,
            "y": 107.8,
            "type": 3584,
            "name": "basic eyebrow left outer corner"
          },
          {
            "x": 103.35,
            "y": 107.8,
            "type": 3840,
            "name": "basic eyebrow right"
          },
          {
            "x": 103.35,
            "y": 107.8,
            "type": 4096,
            "name": "basic eyebrow right inner corner"
          },
          {
            "x": 103.35,
            "y": 107.8,
            "type": 4352,
            "name": "basic eyebrow right outer corner"
          },
          {
            "x": 103.35,
            "y": 107.8,
            "type": 4608,
            "name": "basic chin bottom"
          },
          {
            "x": 103.35,
            "y": 107.8,
            "type": 4864,
            "name": "basic chin left"
          },
          {
            "x": 103.35,
            "y": 107.8,
            "type": 5120,
            "name": "basic chin right"
          },
          {
            "x": 96.61,
            "y": 94.88,
            "type": 5376,
            "name": "basic nose left"
          },
          {
            "x": 110.04,
            "y": 95.2,
            "type": 5632,
            "name": "basic nose right"
          }
        ],
        "user_points": null,
        "tags": [
          {
            "name": "5oclock shadow",
            "value": "no",
            "confidence": 1.0
          },
          {
            "name": "age",
            "value": "39",
            "confidence": 0.6
          },
          {
            "name": "arched eyebrows",
            "value": "no",
            "confidence": 0.62
          },
          {
            "name": "attractive",
            "value": "yes",
            "confidence": 0.12
          },
          {
            "name": "bags under eyes",
            "value": "no",
            "confidence": 0.74
          },
          {
            "name": "bald",
            "value": "no",
            "confidence": 1.0
          },
          {
            "name": "bangs",
            "value": "yes",
            "confidence": 0.84
          },
          {
            "name": "beard",
            "value": "no",
            "confidence": 1.0
          },
          {
            "name": "big lips",
            "value": "no",
            "confidence": 0.34
          },
          {
            "name": "big nose",
            "value": "no",
            "confidence": 1.0
          },
          {
            "name": "black hair",
            "value": "no",
            "confidence": 0.81
          },
          {
            "name": "blond hair",
            "value": "yes",
            "confidence": 0.53
          },
          {
            "name": "blurry",
            "value": "no",
            "confidence": 0.39
          },
          {
            "name": "brown hair",
            "value": "no",
            "confidence": 0.32
          },
          {
            "name": "bushy eyebrows",
            "value": "no",
            "confidence": 0.64
          },
          {
            "name": "chubby",
            "value": "no",
            "confidence": 1.0
          },
          {
            "name": "double chin",
            "value": "no",
            "confidence": 1.0
          },
          {
            "name": "expression",
            "value": "neutral",
            "confidence": 1.0
          },
          {
            "name": "gender",
            "value": "female",
            "confidence": 0.89
          },
          {
            "name": "glasses",
            "value": "no",
            "confidence": 1.0
          },
          {
            "name": "goatee",
            "value": "no",
            "confidence": 1.0
          },
          {
            "name": "gray hair",
            "value": "no",
            "confidence": 0.58
          },
          {
            "name": "heavy makeup",
            "value": "yes",
            "confidence": 0.22
          },
          {
            "name": "high cheekbones",
            "value": "no",
            "confidence": 0.8
          },
          {
            "name": "mouth open",
            "value": "no",
            "confidence": 0.74
          },
          {
            "name": "mustache",
            "value": "no",
            "confidence": 1.0
          },
          {
            "name": "narrow eyes",
            "value": "no",
            "confidence": 0.19
          },
          {
            "name": "oval face",
            "value": "yes",
            "confidence": 0.15
          },
          {
            "name": "pale skin",
            "value": "yes",
            "confidence": 0.72
          },
          {
            "name": "pitch",
            "value": "-9.31",
            "confidence": 1.0
          },
          {
            "name": "pointy nose",
            "value": "no",
            "confidence": 0.34
          },
          {
            "name": "race",
            "value": "white",
            "confidence": 1.0
          },
          {
            "name": "receding hairline",
            "value": "no",
            "confidence": 1.0
          },
          {
            "name": "rosy cheeks",
            "value": "no",
            "confidence": 1.0
          },
          {
            "name": "sideburns",
            "value": "no",
            "confidence": 1.0
          },
          {
            "name": "straight hair",
            "value": "no",
            "confidence": 0.23
          },
          {
            "name": "wavy hair",
            "value": "yes",
            "confidence": 0.32
          },
          {
            "name": "wearing earrings",
            "value": "no",
            "confidence": 0.51
          },
          {
            "name": "wearing hat",
            "value": "no",
            "confidence": 0.54
          },
          {
            "name": "wearing lipstick",
            "value": "yes",
            "confidence": 0.45
          },
          {
            "name": "wearing necklace",
            "value": "no",
            "confidence": 0.29
          },
          {
            "name": "wearing necktie",
            "value": "no",
            "confidence": 1.0
          },
          {
            "name": "yaw",
            "value": "6.52",
            "confidence": 1.0
          },
          {
            "name": "young",
            "value": "yes",
            "confidence": 0.44
          }
        ],
        "person_id": "",
        "appearance_id": 0,
        "start": "00:00:00",
        "duration": "00:00:00"
      }
    ],
    "tags": null,
    "original_filename": "https://raw.githubusercontent.com/sarkrui/Hairstyle60k/master/Dataset/Ringlet/IMG_1.jpg",
    "duration": "00:00:00"
  },
  "recognize": null
}