{
  "media": {
    "media_uuid": "65fd93bf-1116-4348-a104-a3dbf530b89e",
    "checksum": "abc808cdc6fef7dcdfa8c8d0b154c58ac83e6d2b432b7d290c45fd6708db3dc5",
    "faces": [
      {
        "face_uuid": "d7ce2f06-1536-11e9-99c4-0cc47a6c4dbd",
        "media_uuid": "65fd93bf-1116-4348-a104-a3dbf530b89e",
        "x": 218.5,
        "y": 170.5,
        "width": 125.14,
        "height": 180.55,
        "angle": -1.4188,
        "detection_score": 0.99,
        "points": [
          {
            "x": 185.22,
            "y": 152.9,
            "type": 512,
            "name": "basic eye left"
          },
          {
            "x": 252.21,
            "y": 154.56,
            "type": 768,
            "name": "basic eye right"
          },
          {
            "x": 170.63,
            "y": 152.41,
            "type": 1024,
            "name": "basic eye left outer"
          },
          {
            "x": 266.65,
            "y": 154.77,
            "type": 1280,
            "name": "basic eye right outer"
          },
          {
            "x": 199.54,
            "y": 154.95,
            "type": 1536,
            "name": "basic eye left inner"
          },
          {
            "x": 238.02,
            "y": 155.9,
            "type": 1792,
            "name": "basic eye right inner"
          },
          {
            "x": 193.41,
            "y": 226.09,
            "type": 2048,
            "name": "basic mouth left"
          },
          {
            "x": 240.08,
            "y": 226.98,
            "type": 2304,
            "name": "basic mouth right"
          },
          {
            "x": 218.29,
            "y": 202.72,
            "type": 2560,
            "name": "basic nose tip"
          },
          {
            "x": 216.82,
            "y": 227.51,
            "type": 2816,
            "name": "basic mouth center"
          },
          {
            "x": 216.82,
            "y": 227.51,
            "type": 3072,
            "name": "basic eyebrow left"
          },
          {
            "x": 216.82,
            "y": 227.51,
            "type": 3328,
            "name": "basic eyebrow left inner corner"
          },
          {
            "x": 216.82,
            "y": 227.51,
            "type": 3584,
            "name": "basic eyebrow left outer corner"
          },
          {
            "x": 216.82,
            "y": 227.51,
            "type": 3840,
            "name": "basic eyebrow right"
          },
          {
            "x": 216.82,
            "y": 227.51,
            "type": 4096,
            "name": "basic eyebrow right inner corner"
          },
          {
            "x": 216.82,
            "y": 227.51,
            "type": 4352,
            "name": "basic eyebrow right outer corner"
          },
          {
            "x": 216.82,
            "y": 227.51,
            "type": 4608,
            "name": "basic chin bottom"
          },
          {
            "x": 216.82,
            "y": 227.51,
            "type": 4864,
            "name": "basic chin left"
          },
          {
            "x": 216.82,
            "y": 227.51,
            "type": 5120,
            "name": "basic chin right"
          },
          {
            "x": 201.76,
            "y": 200.78,
            "type": 5376,
            "name": "basic nose left"
          },
          {
            "x": 234.15,
            "y": 201.52,
            "type": 5632,
            "name": "basic nose right"
          }
        ],
        "user_points": null,
        "tags": [
          {
            "name": "5oclock shadow",
            "value": "no",
            "confidence": 1.0
          },
          {
            "name": "age",
            "value": "28",
            "confidence": 0.6
          },
          {
            "name": "arched eyebrows",
            "value": "yes",
            "confidence": 0.0
          },
          {
            "name": "attractive",
            "value": "yes",
            "confidence": 1.0
          },
          {
            "name": "bags under eyes",
            "value": "no",
            "confidence": 0.71
          },
          {
            "name": "bald",
            "value": "no",
            "confidence": 1.0
          },
          {
            "name": "bangs",
            "value": "no",
            "confidence": 0.67
          },
          {
            "name": "beard",
            "value": "no",
            "confidence": 1.0
          },
          {
            "name": "big lips",
            "value": "no",
            "confidence": 0.16
          },
          {
            "name": "big nose",
            "value": "no",
            "confidence": 1.0
          },
          {
            "name": "black hair",
            "value": "no",
            "confidence": 1.0
          },
          {
            "name": "blond hair",
            "value": "no",
            "confidence": 0.11
          },
          {
            "name": "blurry",
            "value": "no",
            "confidence": 1.0
          },
          {
            "name": "brown hair",
            "value": "yes",
            "confidence": 0.67
          },
          {
            "name": "bushy eyebrows",
            "value": "no",
            "confidence": 0.24
          },
          {
            "name": "chubby",
            "value": "no",
            "confidence": 0.92
          },
          {
            "name": "double chin",
            "value": "no",
            "confidence": 1.0
          },
          {
            "name": "expression",
            "value": "neutral",
            "confidence": 0.85
          },
          {
            "name": "gender",
            "value": "female",
            "confidence": 1.0
          },
          {
            "name": "glasses",
            "value": "no",
            "confidence": 1.0
          },
          {
            "name": "goatee",
            "value": "no",
            "confidence": 0.99
          },
          {
            "name": "gray hair",
            "value": "no",
            "confidence": 0.92
          },
          {
            "name": "heavy makeup",
            "value": "yes",
            "confidence": 0.82
          },
          {
            "name": "high cheekbones",
            "value": "no",
            "confidence": 0.61
          },
          {
            "name": "mouth open",
            "value": "no",
            "confidence": 0.88
          },
          {
            "name": "mustache",
            "value": "no",
            "confidence": 0.97
          },
          {
            "name": "narrow eyes",
            "value": "no",
            "confidence": 0.79
          },
          {
            "name": "oval face",
            "value": "yes",
            "confidence": 0.45
          },
          {
            "name": "pale skin",
            "value": "yes",
            "confidence": 0.42
          },
          {
            "name": "pitch",
            "value": "-8.28",
            "confidence": 1.0
          },
          {
            "name": "pointy nose",
            "value": "no",
            "confidence": 0.07
          },
          {
            "name": "race",
            "value": "hispanic",
            "confidence": 0.61
          },
          {
            "name": "receding hairline",
            "value": "no",
            "confidence": 0.96
          },
          {
            "name": "rosy cheeks",
            "value": "no",
            "confidence": 0.78
          },
          {
            "name": "sideburns",
            "value": "no",
            "confidence": 1.0
          },
          {
            "name": "straight hair",
            "value": "no",
            "confidence": 1.0
          },
          {
            "name": "wavy hair",
            "value": "yes",
            "confidence": 1.0
          },
          {
            "name": "wearing earrings",
            "value": "no",
            "confidence": 0.6
          },
          {
            "name": "wearing hat",
            "value": "no",
            "confidence": 0.91
          },
          {
            "name": "wearing lipstick",
            "value": "yes",
            "confidence": 0.94
          },
          {
            "name": "wearing necklace",
            "value": "no",
            "confidence": 0.34
          },
          {
            "name": "wearing necktie",
            "value": "no",
            "confidence": 0.9
          },
          {
            "name": "yaw",
            "value": "-0.46",
            "confidence": 1.0
          },
          {
            "name": "young",
            "value": "yes",
            "confidence": 0.88
          }
        ],
        "person_id": "",
        "appearance_id": 0,
        "start": "00:00:00",
        "duration": "00:00:00"
      }
    ],
    "tags": null,
    "original_filename": "https://raw.githubusercontent.com/sarkrui/Hairstyle60k/master/Dataset/Ringlet/IMG_11.jpg",
    "duration": "00:00:00"
  },
  "recognize": null
}