{
  "media": {
    "media_uuid": "8d1445fd-ac9f-46bf-800e-e6c4009e9b5c",
    "checksum": "3225ed5bc0d5bb3373ec14e9fc55ae31e8a5ced1c3baa0a9be8575bc2dd28921",
    "faces": [
      {
        "face_uuid": "d67ed948-1536-11e9-99c4-0cc47a6c4dbd",
        "media_uuid": "8d1445fd-ac9f-46bf-800e-e6c4009e9b5c",
        "x": 187.5,
        "y": 193.5,
        "width": 188.82,
        "height": 257.83,
        "angle": -1.89,
        "detection_score": 0.87,
        "points": [
          {
            "x": 147.58,
            "y": 173.71,
            "type": 512,
            "name": "basic eye left"
          },
          {
            "x": 239.01,
            "y": 176.73,
            "type": 768,
            "name": "basic eye right"
          },
          {
            "x": 127.86,
            "y": 173.57,
            "type": 1024,
            "name": "basic eye left outer"
          },
          {
            "x": 258.25,
            "y": 177.81,
            "type": 1280,
            "name": "basic eye right outer"
          },
          {
            "x": 166.79,
            "y": 176.3,
            "type": 1536,
            "name": "basic eye left inner"
          },
          {
            "x": 220.2,
            "y": 178.1,
            "type": 1792,
            "name": "basic eye right inner"
          },
          {
            "x": 159.49,
            "y": 269.47,
            "type": 2048,
            "name": "basic mouth left"
          },
          {
            "x": 221.08,
            "y": 271.34,
            "type": 2304,
            "name": "basic mouth right"
          },
          {
            "x": 193.87,
            "y": 230.34,
            "type": 2560,
            "name": "basic nose tip"
          },
          {
            "x": 190.48,
            "y": 271.13,
            "type": 2816,
            "name": "basic mouth center"
          },
          {
            "x": 190.48,
            "y": 271.13,
            "type": 3072,
            "name": "basic eyebrow left"
          },
          {
            "x": 190.48,
            "y": 271.13,
            "type": 3328,
            "name": "basic eyebrow left inner corner"
          },
          {
            "x": 190.48,
            "y": 271.13,
            "type": 3584,
            "name": "basic eyebrow left outer corner"
          },
          {
            "x": 190.48,
            "y": 271.13,
            "type": 3840,
            "name": "basic eyebrow right"
          },
          {
            "x": 190.48,
            "y": 271.13,
            "type": 4096,
            "name": "basic eyebrow right inner corner"
          },
          {
            "x": 190.48,
            "y": 271.13,
            "type": 4352,
            "name": "basic eyebrow right outer corner"
          },
          {
            "x": 190.48,
            "y": 271.13,
            "type": 4608,
            "name": "basic chin bottom"
          },
          {
            "x": 190.48,
            "y": 271.13,
            "type": 4864,
            "name": "basic chin left"
          },
          {
            "x": 190.48,
            "y": 271.13,
            "type": 5120,
            "name": "basic chin right"
          },
          {
            "x": 171.92,
            "y": 234.31,
            "type": 5376,
            "name": "basic nose left"
          },
          {
            "x": 213.88,
            "y": 235.42,
            "type": 5632,
            "name": "basic nose right"
          }
        ],
        "user_points": null,
        "tags": [
          {
            "name": "5oclock shadow",
            "value": "no",
            "confidence": 1.0
          },
          {
            "name": "age",
            "value": "15",
            "confidence": 0.6
          },
          {
            "name": "arched eyebrows",
            "value": "yes",
            "confidence": 0.07
          },
          {
            "name": "attractive",
            "value": "yes",
            "confidence": 0.99
          },
          {
            "name": "bags under eyes",
            "value": "no",
            "confidence": 1.0
          },
          {
            "name": "bald",
            "value": "no",
            "confidence": 0.93
          },
          {
            "name": "bangs",
            "value": "no",
            "confidence": 0.11
          },
          {
            "name": "beard",
            "value": "no",
            "confidence": 1.0
          },
          {
            "name": "big lips",
            "value": "no",
            "confidence": 0.25
          },
          {
            "name": "big nose",
            "value": "no",
            "confidence": 1.0
          },
          {
            "name": "black hair",
            "value": "no",
            "confidence": 0.93
          },
          {
            "name": "blond hair",
            "value": "yes",
            "confidence": 0.98
          },
          {
            "name": "blurry",
            "value": "no",
            "confidence": 1.0
          },
          {
            "name": "brown hair",
            "value": "no",
            "confidence": 0.76
          },
          {
            "name": "bushy eyebrows",
            "value": "no",
            "confidence": 0.94
          },
          {
            "name": "chubby",
            "value": "no",
            "confidence": 1.0
          },
          {
            "name": "double chin",
            "value": "no",
            "confidence": 1.0
          },
          {
            "name": "expression",
            "value": "neutral",
            "confidence": 0.97
          },
          {
            "name": "gender",
            "value": "female",
            "confidence": 0.96
          },
          {
            "name": "glasses",
            "value": "no",
            "confidence": 1.0
          },
          {
            "name": "goatee",
            "value": "no",
            "confidence": 0.98
          },
          {
            "name": "gray hair",
            "value": "no",
            "confidence": 0.63
          },
          {
            "name": "heavy makeup",
            "value": "yes",
            "confidence": 0.91
          },
          {
            "name": "high cheekbones",
            "value": "no",
            "confidence": 0.92
          },
          {
            "name": "mouth open",
            "value": "no",
            "confidence": 0.59
          },
          {
            "name": "mustache",
            "value": "no",
            "confidence": 0.97
          },
          {
            "name": "narrow eyes",
            "value": "no",
            "confidence": 0.8
          },
          {
            "name": "oval face",
            "value": "yes",
            "confidence": 0.72
          },
          {
            "name": "pale skin",
            "value": "yes",
            "confidence": 0.9
          },
          {
            "name": "pitch",
            "value": "-7.3",
            "confidence": 1.0
          },
          {
            "name": "pointy nose",
            "value": "no",
            "confidence": 0.02
          },
          {
            "name": "race",
            "value": "white",
            "confidence": 1.0
          },
          {
            "name": "receding hairline",
            "value": "no",
            "confidence": 0.77
          },
          {
            "name": "rosy cheeks",
            "value": "no",
            "confidence": 0.66
          },
          {
            "name": "sideburns",
            "value": "no",
            "confidence": 1.0
          },
          {
            "name": "straight hair",
            "value": "no",
            "confidence": 0.28
          },
          {
            "name": "wavy hair",
            "value": "yes",
            "confidence": 0.32
          },
          {
            "name": "wearing earrings",
            "value": "no",
            "confidence": 0.37
          },
          {
            "name": "wearing hat",
            "value": "no",
            "confidence": 0.95
          },
          {
            "name": "wearing lipstick",
            "value": "yes",
            "confidence": 0.95
          },
          {
            "name": "wearing necklace",
            "value": "no",
            "confidence": 0.23
          },
          {
            "name": "wearing necktie",
            "value": "no",
            "confidence": 0.81
          },
          {
            "name": "yaw",
            "value": "-8.77",
            "confidence": 1.0
          },
          {
            "name": "young",
            "value": "yes",
            "confidence": 0.91
          }
        ],
        "person_id": "",
        "appearance_id": 0,
        "start": "00:00:00",
        "duration": "00:00:00"
      }
    ],
    "tags": null,
    "original_filename": "https://raw.githubusercontent.com/sarkrui/Hairstyle60k/master/Dataset/Ringlet/IMG_10.jpg",
    "duration": "00:00:00"
  },
  "recognize": null
}