{
  "media": {
    "media_uuid": "402795e6-61ec-43ab-a35b-f05282574464",
    "checksum": "54fea3367ba7ffe40b826ff8b283c6d4f68ebdce5d1d3c5a1aa30abeee8debed",
    "faces": [
      {
        "face_uuid": "dc8a9c36-1536-11e9-99c4-0cc47a6c4dbd",
        "media_uuid": "402795e6-61ec-43ab-a35b-f05282574464",
        "x": 189.0,
        "y": 239.0,
        "width": 152.56,
        "height": 202.14,
        "angle": -15.0592,
        "detection_score": 1.0,
        "points": [
          {
            "x": 142.78,
            "y": 213.84,
            "type": 512,
            "name": "basic eye left"
          },
          {
            "x": 213.47,
            "y": 232.85,
            "type": 768,
            "name": "basic eye right"
          },
          {
            "x": 128.04,
            "y": 209.77,
            "type": 1024,
            "name": "basic eye left outer"
          },
          {
            "x": 229.09,
            "y": 237.11,
            "type": 1280,
            "name": "basic eye right outer"
          },
          {
            "x": 156.86,
            "y": 218.86,
            "type": 1536,
            "name": "basic eye left inner"
          },
          {
            "x": 197.75,
            "y": 229.78,
            "type": 1792,
            "name": "basic eye right inner"
          },
          {
            "x": 132.55,
            "y": 284.47,
            "type": 2048,
            "name": "basic mouth left"
          },
          {
            "x": 186.61,
            "y": 300.55,
            "type": 2304,
            "name": "basic mouth right"
          },
          {
            "x": 160.34,
            "y": 270.45,
            "type": 2560,
            "name": "basic nose tip"
          },
          {
            "x": 158.68,
            "y": 293.86,
            "type": 2816,
            "name": "basic mouth center"
          },
          {
            "x": 158.68,
            "y": 293.86,
            "type": 3072,
            "name": "basic eyebrow left"
          },
          {
            "x": 158.68,
            "y": 293.86,
            "type": 3328,
            "name": "basic eyebrow left inner corner"
          },
          {
            "x": 158.68,
            "y": 293.86,
            "type": 3584,
            "name": "basic eyebrow left outer corner"
          },
          {
            "x": 158.68,
            "y": 293.86,
            "type": 3840,
            "name": "basic eyebrow right"
          },
          {
            "x": 158.68,
            "y": 293.86,
            "type": 4096,
            "name": "basic eyebrow right inner corner"
          },
          {
            "x": 158.68,
            "y": 293.86,
            "type": 4352,
            "name": "basic eyebrow right outer corner"
          },
          {
            "x": 158.68,
            "y": 293.86,
            "type": 4608,
            "name": "basic chin bottom"
          },
          {
            "x": 158.68,
            "y": 293.86,
            "type": 4864,
            "name": "basic chin left"
          },
          {
            "x": 158.68,
            "y": 293.86,
            "type": 5120,
            "name": "basic chin right"
          },
          {
            "x": 145.32,
            "y": 263.87,
            "type": 5376,
            "name": "basic nose left"
          },
          {
            "x": 181.44,
            "y": 274.1,
            "type": 5632,
            "name": "basic nose right"
          }
        ],
        "user_points": null,
        "tags": [
          {
            "name": "5oclock shadow",
            "value": "no",
            "confidence": 0.94
          },
          {
            "name": "age",
            "value": "15",
            "confidence": 0.6
          },
          {
            "name": "arched eyebrows",
            "value": "yes",
            "confidence": 0.33
          },
          {
            "name": "attractive",
            "value": "yes",
            "confidence": 0.77
          },
          {
            "name": "bags under eyes",
            "value": "yes",
            "confidence": 0.78
          },
          {
            "name": "bald",
            "value": "no",
            "confidence": 0.86
          },
          {
            "name": "bangs",
            "value": "no",
            "confidence": 1.0
          },
          {
            "name": "beard",
            "value": "no",
            "confidence": 0.92
          },
          {
            "name": "big lips",
            "value": "yes",
            "confidence": 0.16
          },
          {
            "name": "big nose",
            "value": "yes",
            "confidence": 0.18
          },
          {
            "name": "black hair",
            "value": "no",
            "confidence": 0.8
          },
          {
            "name": "blond hair",
            "value": "no",
            "confidence": 0.79
          },
          {
            "name": "blurry",
            "value": "no",
            "confidence": 1.0
          },
          {
            "name": "brown hair",
            "value": "yes",
            "confidence": 0.84
          },
          {
            "name": "bushy eyebrows",
            "value": "yes",
            "confidence": 0.08
          },
          {
            "name": "chubby",
            "value": "no",
            "confidence": 0.7
          },
          {
            "name": "double chin",
            "value": "no",
            "confidence": 0.61
          },
          {
            "name": "expression",
            "value": "smile",
            "confidence": 0.8
          },
          {
            "name": "gender",
            "value": "female",
            "confidence": 0.96
          },
          {
            "name": "glasses",
            "value": "no",
            "confidence": 1.0
          },
          {
            "name": "goatee",
            "value": "no",
            "confidence": 0.83
          },
          {
            "name": "gray hair",
            "value": "no",
            "confidence": 1.0
          },
          {
            "name": "heavy makeup",
            "value": "yes",
            "confidence": 0.31
          },
          {
            "name": "high cheekbones",
            "value": "yes",
            "confidence": 0.83
          },
          {
            "name": "mouth open",
            "value": "no",
            "confidence": 0.43
          },
          {
            "name": "mustache",
            "value": "no",
            "confidence": 0.88
          },
          {
            "name": "narrow eyes",
            "value": "no",
            "confidence": 0.42
          },
          {
            "name": "oval face",
            "value": "yes",
            "confidence": 0.36
          },
          {
            "name": "pale skin",
            "value": "no",
            "confidence": 0.04
          },
          {
            "name": "pitch",
            "value": "-8.33",
            "confidence": 1.0
          },
          {
            "name": "pointy nose",
            "value": "no",
            "confidence": 0.49
          },
          {
            "name": "race",
            "value": "white",
            "confidence": 1.0
          },
          {
            "name": "receding hairline",
            "value": "no",
            "confidence": 0.26
          },
          {
            "name": "rosy cheeks",
            "value": "no",
            "confidence": 0.49
          },
          {
            "name": "sideburns",
            "value": "no",
            "confidence": 0.86
          },
          {
            "name": "straight hair",
            "value": "no",
            "confidence": 0.95
          },
          {
            "name": "wavy hair",
            "value": "yes",
            "confidence": 0.96
          },
          {
            "name": "wearing earrings",
            "value": "no",
            "confidence": 0.25
          },
          {
            "name": "wearing hat",
            "value": "no",
            "confidence": 0.99
          },
          {
            "name": "wearing lipstick",
            "value": "yes",
            "confidence": 0.72
          },
          {
            "name": "wearing necklace",
            "value": "no",
            "confidence": 0.07
          },
          {
            "name": "wearing necktie",
            "value": "no",
            "confidence": 0.94
          },
          {
            "name": "yaw",
            "value": "1.3",
            "confidence": 1.0
          },
          {
            "name": "young",
            "value": "yes",
            "confidence": 0.84
          }
        ],
        "person_id": "",
        "appearance_id": 0,
        "start": "00:00:00",
        "duration": "00:00:00"
      }
    ],
    "tags": null,
    "original_filename": "https://raw.githubusercontent.com/sarkrui/Hairstyle60k/master/Dataset/Ringlet/IMG_16.jpg",
    "duration": "00:00:00"
  },
  "recognize": null
}