{
  "media": {
    "media_uuid": "a462ff28-e824-486f-9b5f-af2d61332351",
    "checksum": "9062b274c85495bdf621c0dee07c77c902ce4ca55e6eed8135ced4b38d15d0fe",
    "faces": [
      {
        "face_uuid": "e450d505-1536-11e9-99c4-0cc47a6c4dbd",
        "media_uuid": "a462ff28-e824-486f-9b5f-af2d61332351",
        "x": 244.52,
        "y": 228.98,
        "width": 172.19,
        "height": 228.63,
        "angle": 1.9681,
        "detection_score": 1.0,
        "points": [
          {
            "x": 181.15,
            "y": 199.18,
            "type": 512,
            "name": "basic eye left"
          },
          {
            "x": 263.52,
            "y": 196.35,
            "type": 768,
            "name": "basic eye right"
          },
          {
            "x": 165.59,
            "y": 200.63,
            "type": 1024,
            "name": "basic eye left outer"
          },
          {
            "x": 282.61,
            "y": 196.76,
            "type": 1280,
            "name": "basic eye right outer"
          },
          {
            "x": 196.36,
            "y": 199.53,
            "type": 1536,
            "name": "basic eye left inner"
          },
          {
            "x": 244.89,
            "y": 197.81,
            "type": 1792,
            "name": "basic eye right inner"
          },
          {
            "x": 188.23,
            "y": 293.01,
            "type": 2048,
            "name": "basic mouth left"
          },
          {
            "x": 252.73,
            "y": 290.98,
            "type": 2304,
            "name": "basic mouth right"
          },
          {
            "x": 205.15,
            "y": 242.2,
            "type": 2560,
            "name": "basic nose tip"
          },
          {
            "x": 218.8,
            "y": 291.59,
            "type": 2816,
            "name": "basic mouth center"
          },
          {
            "x": 218.8,
            "y": 291.59,
            "type": 3072,
            "name": "basic eyebrow left"
          },
          {
            "x": 218.8,
            "y": 291.59,
            "type": 3328,
            "name": "basic eyebrow left inner corner"
          },
          {
            "x": 218.8,
            "y": 291.59,
            "type": 3584,
            "name": "basic eyebrow left outer corner"
          },
          {
            "x": 218.8,
            "y": 291.59,
            "type": 3840,
            "name": "basic eyebrow right"
          },
          {
            "x": 218.8,
            "y": 291.59,
            "type": 4096,
            "name": "basic eyebrow right inner corner"
          },
          {
            "x": 218.8,
            "y": 291.59,
            "type": 4352,
            "name": "basic eyebrow right outer corner"
          },
          {
            "x": 218.8,
            "y": 291.59,
            "type": 4608,
            "name": "basic chin bottom"
          },
          {
            "x": 218.8,
            "y": 291.59,
            "type": 4864,
            "name": "basic chin left"
          },
          {
            "x": 218.8,
            "y": 291.59,
            "type": 5120,
            "name": "basic chin right"
          },
          {
            "x": 192.2,
            "y": 252.52,
            "type": 5376,
            "name": "basic nose left"
          },
          {
            "x": 234.55,
            "y": 251.65,
            "type": 5632,
            "name": "basic nose right"
          }
        ],
        "user_points": null,
        "tags": [
          {
            "name": "5oclock shadow",
            "value": "no",
            "confidence": 1.0
          },
          {
            "name": "age",
            "value": "32",
            "confidence": 0.6
          },
          {
            "name": "arched eyebrows",
            "value": "no",
            "confidence": 0.33
          },
          {
            "name": "attractive",
            "value": "no",
            "confidence": 0.13
          },
          {
            "name": "bags under eyes",
            "value": "no",
            "confidence": 0.87
          },
          {
            "name": "bald",
            "value": "no",
            "confidence": 1.0
          },
          {
            "name": "bangs",
            "value": "yes",
            "confidence": 0.93
          },
          {
            "name": "beard",
            "value": "no",
            "confidence": 1.0
          },
          {
            "name": "big lips",
            "value": "no",
            "confidence": 0.09
          },
          {
            "name": "big nose",
            "value": "no",
            "confidence": 0.75
          },
          {
            "name": "black hair",
            "value": "no",
            "confidence": 1.0
          },
          {
            "name": "blond hair",
            "value": "no",
            "confidence": 1.0
          },
          {
            "name": "blurry",
            "value": "no",
            "confidence": 0.44
          },
          {
            "name": "brown hair",
            "value": "yes",
            "confidence": 1.0
          },
          {
            "name": "bushy eyebrows",
            "value": "no",
            "confidence": 0.52
          },
          {
            "name": "chubby",
            "value": "no",
            "confidence": 0.51
          },
          {
            "name": "double chin",
            "value": "no",
            "confidence": 0.72
          },
          {
            "name": "expression",
            "value": "neutral",
            "confidence": 1.0
          },
          {
            "name": "gender",
            "value": "female",
            "confidence": 0.78
          },
          {
            "name": "glasses",
            "value": "no",
            "confidence": 1.0
          },
          {
            "name": "goatee",
            "value": "no",
            "confidence": 1.0
          },
          {
            "name": "gray hair",
            "value": "no",
            "confidence": 0.7
          },
          {
            "name": "heavy makeup",
            "value": "yes",
            "confidence": 0.3
          },
          {
            "name": "high cheekbones",
            "value": "no",
            "confidence": 0.69
          },
          {
            "name": "mouth open",
            "value": "no",
            "confidence": 0.81
          },
          {
            "name": "mustache",
            "value": "no",
            "confidence": 0.96
          },
          {
            "name": "narrow eyes",
            "value": "no",
            "confidence": 0.31
          },
          {
            "name": "oval face",
            "value": "no",
            "confidence": 0.08
          },
          {
            "name": "pale skin",
            "value": "yes",
            "confidence": 0.02
          },
          {
            "name": "pitch",
            "value": "-7.69",
            "confidence": 1.0
          },
          {
            "name": "pointy nose",
            "value": "no",
            "confidence": 0.06
          },
          {
            "name": "race",
            "value": "white",
            "confidence": 1.0
          },
          {
            "name": "receding hairline",
            "value": "no",
            "confidence": 1.0
          },
          {
            "name": "rosy cheeks",
            "value": "no",
            "confidence": 0.69
          },
          {
            "name": "sideburns",
            "value": "no",
            "confidence": 1.0
          },
          {
            "name": "straight hair",
            "value": "no",
            "confidence": 1.0
          },
          {
            "name": "wavy hair",
            "value": "yes",
            "confidence": 1.0
          },
          {
            "name": "wearing earrings",
            "value": "no",
            "confidence": 0.23
          },
          {
            "name": "wearing hat",
            "value": "no",
            "confidence": 0.65
          },
          {
            "name": "wearing lipstick",
            "value": "yes",
            "confidence": 0.59
          },
          {
            "name": "wearing necklace",
            "value": "no",
            "confidence": 0.08
          },
          {
            "name": "wearing necktie",
            "value": "no",
            "confidence": 0.96
          },
          {
            "name": "yaw",
            "value": "30.33",
            "confidence": 1.0
          },
          {
            "name": "young",
            "value": "yes",
            "confidence": 0.01
          }
        ],
        "person_id": "",
        "appearance_id": 0,
        "start": "00:00:00",
        "duration": "00:00:00"
      }
    ],
    "tags": null,
    "original_filename": "https://raw.githubusercontent.com/sarkrui/Hairstyle60k/master/Dataset/Shag/IMG_2.jpg",
    "duration": "00:00:00"
  },
  "recognize": null
}