{
  "media": {
    "media_uuid": "c42f2ec2-77c4-4068-9464-1652339d6795",
    "checksum": "161bc6e26313b52658c134990a7f33d28c47030a998537e986640b5b7f2168d2",
    "faces": [
      {
        "face_uuid": "f2753b49-1536-11e9-99c4-0cc47a6c4dbd",
        "media_uuid": "c42f2ec2-77c4-4068-9464-1652339d6795",
        "x": 263.0,
        "y": 269.5,
        "width": 197.21,
        "height": 265.18,
        "angle": -2.4171,
        "detection_score": 1.0,
        "points": [
          {
            "x": 244.15,
            "y": 233.51,
            "type": 512,
            "name": "basic eye left"
          },
          {
            "x": 325.14,
            "y": 236.93,
            "type": 768,
            "name": "basic eye right"
          },
          {
            "x": 224.12,
            "y": 232.93,
            "type": 1024,
            "name": "basic eye left outer"
          },
          {
            "x": 340.95,
            "y": 237.72,
            "type": 1280,
            "name": "basic eye right outer"
          },
          {
            "x": 263.88,
            "y": 234.11,
            "type": 1536,
            "name": "basic eye left inner"
          },
          {
            "x": 309.6,
            "y": 236.17,
            "type": 1792,
            "name": "basic eye right inner"
          },
          {
            "x": 238.15,
            "y": 328.76,
            "type": 2048,
            "name": "basic mouth left"
          },
          {
            "x": 318.39,
            "y": 336.32,
            "type": 2304,
            "name": "basic mouth right"
          },
          {
            "x": 309.38,
            "y": 290.83,
            "type": 2560,
            "name": "basic nose tip"
          },
          {
            "x": 280.81,
            "y": 333.55,
            "type": 2816,
            "name": "basic mouth center"
          },
          {
            "x": 280.81,
            "y": 333.55,
            "type": 3072,
            "name": "basic eyebrow left"
          },
          {
            "x": 280.81,
            "y": 333.55,
            "type": 3328,
            "name": "basic eyebrow left inner corner"
          },
          {
            "x": 280.81,
            "y": 333.55,
            "type": 3584,
            "name": "basic eyebrow left outer corner"
          },
          {
            "x": 280.81,
            "y": 333.55,
            "type": 3840,
            "name": "basic eyebrow right"
          },
          {
            "x": 280.81,
            "y": 333.55,
            "type": 4096,
            "name": "basic eyebrow right inner corner"
          },
          {
            "x": 280.81,
            "y": 333.55,
            "type": 4352,
            "name": "basic eyebrow right outer corner"
          },
          {
            "x": 280.81,
            "y": 333.55,
            "type": 4608,
            "name": "basic chin bottom"
          },
          {
            "x": 280.81,
            "y": 333.55,
            "type": 4864,
            "name": "basic chin left"
          },
          {
            "x": 280.81,
            "y": 333.55,
            "type": 5120,
            "name": "basic chin right"
          },
          {
            "x": 272.98,
            "y": 293.69,
            "type": 5376,
            "name": "basic nose left"
          },
          {
            "x": 320.04,
            "y": 297.28,
            "type": 5632,
            "name": "basic nose right"
          }
        ],
        "user_points": null,
        "tags": [
          {
            "name": "5oclock shadow",
            "value": "no",
            "confidence": 0.91
          },
          {
            "name": "age",
            "value": "20",
            "confidence": 0.6
          },
          {
            "name": "arched eyebrows",
            "value": "no",
            "confidence": 0.63
          },
          {
            "name": "attractive",
            "value": "yes",
            "confidence": 0.49
          },
          {
            "name": "bags under eyes",
            "value": "no",
            "confidence": 0.35
          },
          {
            "name": "bald",
            "value": "no",
            "confidence": 1.0
          },
          {
            "name": "bangs",
            "value": "yes",
            "confidence": 0.72
          },
          {
            "name": "beard",
            "value": "no",
            "confidence": 1.0
          },
          {
            "name": "big lips",
            "value": "no",
            "confidence": 0.24
          },
          {
            "name": "big nose",
            "value": "no",
            "confidence": 0.44
          },
          {
            "name": "black hair",
            "value": "yes",
            "confidence": 1.0
          },
          {
            "name": "blond hair",
            "value": "no",
            "confidence": 1.0
          },
          {
            "name": "blurry",
            "value": "no",
            "confidence": 0.89
          },
          {
            "name": "brown hair",
            "value": "no",
            "confidence": 0.83
          },
          {
            "name": "bushy eyebrows",
            "value": "yes",
            "confidence": 0.04
          },
          {
            "name": "chubby",
            "value": "no",
            "confidence": 0.84
          },
          {
            "name": "double chin",
            "value": "no",
            "confidence": 0.88
          },
          {
            "name": "expression",
            "value": "smile",
            "confidence": 1.0
          },
          {
            "name": "gender",
            "value": "female",
            "confidence": 0.52
          },
          {
            "name": "glasses",
            "value": "no",
            "confidence": 1.0
          },
          {
            "name": "goatee",
            "value": "no",
            "confidence": 1.0
          },
          {
            "name": "gray hair",
            "value": "no",
            "confidence": 1.0
          },
          {
            "name": "heavy makeup",
            "value": "yes",
            "confidence": 0.15
          },
          {
            "name": "high cheekbones",
            "value": "yes",
            "confidence": 0.82
          },
          {
            "name": "mouth open",
            "value": "yes",
            "confidence": 1.0
          },
          {
            "name": "mustache",
            "value": "no",
            "confidence": 1.0
          },
          {
            "name": "narrow eyes",
            "value": "no",
            "confidence": 0.29
          },
          {
            "name": "oval face",
            "value": "yes",
            "confidence": 0.6
          },
          {
            "name": "pale skin",
            "value": "no",
            "confidence": 0.17
          },
          {
            "name": "pitch",
            "value": "-7.2",
            "confidence": 1.0
          },
          {
            "name": "pointy nose",
            "value": "no",
            "confidence": 0.39
          },
          {
            "name": "race",
            "value": "asian",
            "confidence": 1.0
          },
          {
            "name": "receding hairline",
            "value": "no",
            "confidence": 1.0
          },
          {
            "name": "rosy cheeks",
            "value": "no",
            "confidence": 0.39
          },
          {
            "name": "sideburns",
            "value": "no",
            "confidence": 1.0
          },
          {
            "name": "straight hair",
            "value": "yes",
            "confidence": 0.82
          },
          {
            "name": "wavy hair",
            "value": "no",
            "confidence": 0.84
          },
          {
            "name": "wearing earrings",
            "value": "no",
            "confidence": 0.12
          },
          {
            "name": "wearing hat",
            "value": "no",
            "confidence": 0.57
          },
          {
            "name": "wearing lipstick",
            "value": "yes",
            "confidence": 0.43
          },
          {
            "name": "wearing necklace",
            "value": "no",
            "confidence": 0.22
          },
          {
            "name": "wearing necktie",
            "value": "no",
            "confidence": 0.71
          },
          {
            "name": "yaw",
            "value": "-38.57",
            "confidence": 1.0
          },
          {
            "name": "young",
            "value": "yes",
            "confidence": 0.8
          }
        ],
        "person_id": "",
        "appearance_id": 0,
        "start": "00:00:00",
        "duration": "00:00:00"
      }
    ],
    "tags": null,
    "original_filename": "https://raw.githubusercontent.com/sarkrui/Hairstyle60k/master/Dataset/Shag/IMG_20.jpg",
    "duration": "00:00:00"
  },
  "recognize": null
}