{
  "media": {
    "media_uuid": "d3c9a90a-1983-467f-a708-829172825629",
    "checksum": "cacbb7bacae93768492ef64aab35ef27ab34285eb09512f156cef8eb6612f84a",
    "faces": [
      {
        "face_uuid": "ef63420e-1536-11e9-99c4-0cc47a6c4dbd",
        "media_uuid": "d3c9a90a-1983-467f-a708-829172825629",
        "x": 329.17,
        "y": 472.62,
        "width": 366.13,
        "height": 441.09,
        "angle": 5.7956,
        "detection_score": 1.0,
        "points": [
          {
            "x": 243.23,
            "y": 421.03,
            "type": 512,
            "name": "basic eye left"
          },
          {
            "x": 415.06,
            "y": 403.59,
            "type": 768,
            "name": "basic eye right"
          },
          {
            "x": 207.22,
            "y": 425.26,
            "type": 1024,
            "name": "basic eye left outer"
          },
          {
            "x": 450.07,
            "y": 400.57,
            "type": 1280,
            "name": "basic eye right outer"
          },
          {
            "x": 279.82,
            "y": 421.1,
            "type": 1536,
            "name": "basic eye left inner"
          },
          {
            "x": 380.49,
            "y": 410.93,
            "type": 1792,
            "name": "basic eye right inner"
          },
          {
            "x": 263.29,
            "y": 589.37,
            "type": 2048,
            "name": "basic mouth left"
          },
          {
            "x": 420.56,
            "y": 576.09,
            "type": 2304,
            "name": "basic mouth right"
          },
          {
            "x": 344.28,
            "y": 517.57,
            "type": 2560,
            "name": "basic nose tip"
          },
          {
            "x": 342.69,
            "y": 586.89,
            "type": 2816,
            "name": "basic mouth center"
          },
          {
            "x": 342.69,
            "y": 586.89,
            "type": 3072,
            "name": "basic eyebrow left"
          },
          {
            "x": 342.69,
            "y": 586.89,
            "type": 3328,
            "name": "basic eyebrow left inner corner"
          },
          {
            "x": 342.69,
            "y": 586.89,
            "type": 3584,
            "name": "basic eyebrow left outer corner"
          },
          {
            "x": 342.69,
            "y": 586.89,
            "type": 3840,
            "name": "basic eyebrow right"
          },
          {
            "x": 342.69,
            "y": 586.89,
            "type": 4096,
            "name": "basic eyebrow right inner corner"
          },
          {
            "x": 342.69,
            "y": 586.89,
            "type": 4352,
            "name": "basic eyebrow right outer corner"
          },
          {
            "x": 342.69,
            "y": 586.89,
            "type": 4608,
            "name": "basic chin bottom"
          },
          {
            "x": 342.69,
            "y": 586.89,
            "type": 4864,
            "name": "basic chin left"
          },
          {
            "x": 342.69,
            "y": 586.89,
            "type": 5120,
            "name": "basic chin right"
          },
          {
            "x": 296.95,
            "y": 528.11,
            "type": 5376,
            "name": "basic nose left"
          },
          {
            "x": 387.95,
            "y": 519.8,
            "type": 5632,
            "name": "basic nose right"
          }
        ],
        "user_points": null,
        "tags": [
          {
            "name": "5oclock shadow",
            "value": "no",
            "confidence": 0.9
          },
          {
            "name": "age",
            "value": "36",
            "confidence": 0.6
          },
          {
            "name": "arched eyebrows",
            "value": "no",
            "confidence": 0.95
          },
          {
            "name": "attractive",
            "value": "no",
            "confidence": 0.56
          },
          {
            "name": "bags under eyes",
            "value": "no",
            "confidence": 0.01
          },
          {
            "name": "bald",
            "value": "no",
            "confidence": 1.0
          },
          {
            "name": "bangs",
            "value": "yes",
            "confidence": 1.0
          },
          {
            "name": "beard",
            "value": "no",
            "confidence": 1.0
          },
          {
            "name": "big lips",
            "value": "yes",
            "confidence": 0.06
          },
          {
            "name": "big nose",
            "value": "yes",
            "confidence": 0.21
          },
          {
            "name": "black hair",
            "value": "no",
            "confidence": 1.0
          },
          {
            "name": "blond hair",
            "value": "no",
            "confidence": 0.75
          },
          {
            "name": "blurry",
            "value": "no",
            "confidence": 0.35
          },
          {
            "name": "brown hair",
            "value": "yes",
            "confidence": 1.0
          },
          {
            "name": "bushy eyebrows",
            "value": "no",
            "confidence": 0.78
          },
          {
            "name": "chubby",
            "value": "no",
            "confidence": 0.41
          },
          {
            "name": "double chin",
            "value": "no",
            "confidence": 0.32
          },
          {
            "name": "expression",
            "value": "smile",
            "confidence": 0.37
          },
          {
            "name": "gender",
            "value": "female",
            "confidence": 0.18
          },
          {
            "name": "glasses",
            "value": "no",
            "confidence": 0.8
          },
          {
            "name": "goatee",
            "value": "no",
            "confidence": 1.0
          },
          {
            "name": "gray hair",
            "value": "no",
            "confidence": 0.45
          },
          {
            "name": "heavy makeup",
            "value": "no",
            "confidence": 0.57
          },
          {
            "name": "high cheekbones",
            "value": "yes",
            "confidence": 0.2
          },
          {
            "name": "mouth open",
            "value": "yes",
            "confidence": 0.46
          },
          {
            "name": "mustache",
            "value": "no",
            "confidence": 0.96
          },
          {
            "name": "narrow eyes",
            "value": "no",
            "confidence": 0.17
          },
          {
            "name": "oval face",
            "value": "no",
            "confidence": 0.16
          },
          {
            "name": "pale skin",
            "value": "yes",
            "confidence": 0.15
          },
          {
            "name": "pitch",
            "value": "-9.1",
            "confidence": 1.0
          },
          {
            "name": "pointy nose",
            "value": "no",
            "confidence": 0.55
          },
          {
            "name": "race",
            "value": "white",
            "confidence": 0.98
          },
          {
            "name": "receding hairline",
            "value": "no",
            "confidence": 1.0
          },
          {
            "name": "rosy cheeks",
            "value": "no",
            "confidence": 0.76
          },
          {
            "name": "sideburns",
            "value": "no",
            "confidence": 1.0
          },
          {
            "name": "straight hair",
            "value": "no",
            "confidence": 0.6
          },
          {
            "name": "wavy hair",
            "value": "yes",
            "confidence": 0.67
          },
          {
            "name": "wearing earrings",
            "value": "no",
            "confidence": 0.39
          },
          {
            "name": "wearing hat",
            "value": "no",
            "confidence": 0.56
          },
          {
            "name": "wearing lipstick",
            "value": "no",
            "confidence": 0.16
          },
          {
            "name": "wearing necklace",
            "value": "no",
            "confidence": 0.07
          },
          {
            "name": "wearing necktie",
            "value": "no",
            "confidence": 0.65
          },
          {
            "name": "yaw",
            "value": "3.35",
            "confidence": 1.0
          },
          {
            "name": "young",
            "value": "no",
            "confidence": 0.26
          }
        ],
        "person_id": "",
        "appearance_id": 0,
        "start": "00:00:00",
        "duration": "00:00:00"
      }
    ],
    "tags": null,
    "original_filename": "https://raw.githubusercontent.com/sarkrui/Hairstyle60k/master/Dataset/Shag/IMG_16.jpg",
    "duration": "00:00:00"
  },
  "recognize": null
}