{
  "media": {
    "media_uuid": "56301917-44eb-4978-b35a-2591d6d65d00",
    "checksum": "ba86ebd7163791cbc4973bb11511d72d46a2ed0f57763b4b6137d8c2d390aaa6",
    "faces": [
      {
        "face_uuid": "e913d83b-1536-11e9-99c4-0cc47a6c4dbd",
        "media_uuid": "56301917-44eb-4978-b35a-2591d6d65d00",
        "x": 512.68,
        "y": 342.08,
        "width": 285.37,
        "height": 387.77,
        "angle": 7.2928,
        "detection_score": 1.0,
        "points": [
          {
            "x": 432.16,
            "y": 322.81,
            "type": 512,
            "name": "basic eye left"
          },
          {
            "x": 579.16,
            "y": 303.99,
            "type": 768,
            "name": "basic eye right"
          },
          {
            "x": 400.66,
            "y": 326.82,
            "type": 1024,
            "name": "basic eye left outer"
          },
          {
            "x": 610.7,
            "y": 299.99,
            "type": 1280,
            "name": "basic eye right outer"
          },
          {
            "x": 463.69,
            "y": 321.08,
            "type": 1536,
            "name": "basic eye left inner"
          },
          {
            "x": 548.25,
            "y": 310.19,
            "type": 1792,
            "name": "basic eye right inner"
          },
          {
            "x": 457.83,
            "y": 461.39,
            "type": 2048,
            "name": "basic mouth left"
          },
          {
            "x": 591.47,
            "y": 443.3,
            "type": 2304,
            "name": "basic mouth right"
          },
          {
            "x": 515.83,
            "y": 410.72,
            "type": 2560,
            "name": "basic nose tip"
          },
          {
            "x": 525.06,
            "y": 456.94,
            "type": 2816,
            "name": "basic mouth center"
          },
          {
            "x": 525.06,
            "y": 456.94,
            "type": 3072,
            "name": "basic eyebrow left"
          },
          {
            "x": 525.06,
            "y": 456.94,
            "type": 3328,
            "name": "basic eyebrow left inner corner"
          },
          {
            "x": 525.06,
            "y": 456.94,
            "type": 3584,
            "name": "basic eyebrow left outer corner"
          },
          {
            "x": 525.06,
            "y": 456.94,
            "type": 3840,
            "name": "basic eyebrow right"
          },
          {
            "x": 525.06,
            "y": 456.94,
            "type": 4096,
            "name": "basic eyebrow right inner corner"
          },
          {
            "x": 525.06,
            "y": 456.94,
            "type": 4352,
            "name": "basic eyebrow right outer corner"
          },
          {
            "x": 525.06,
            "y": 456.94,
            "type": 4608,
            "name": "basic chin bottom"
          },
          {
            "x": 525.06,
            "y": 456.94,
            "type": 4864,
            "name": "basic chin left"
          },
          {
            "x": 525.06,
            "y": 456.94,
            "type": 5120,
            "name": "basic chin right"
          },
          {
            "x": 477.47,
            "y": 411.23,
            "type": 5376,
            "name": "basic nose left"
          },
          {
            "x": 555.35,
            "y": 400.84,
            "type": 5632,
            "name": "basic nose right"
          }
        ],
        "user_points": null,
        "tags": [
          {
            "name": "5oclock shadow",
            "value": "no",
            "confidence": 1.0
          },
          {
            "name": "age",
            "value": "18",
            "confidence": 0.6
          },
          {
            "name": "arched eyebrows",
            "value": "no",
            "confidence": 0.22
          },
          {
            "name": "attractive",
            "value": "yes",
            "confidence": 1.0
          },
          {
            "name": "bags under eyes",
            "value": "no",
            "confidence": 0.01
          },
          {
            "name": "bald",
            "value": "no",
            "confidence": 1.0
          },
          {
            "name": "bangs",
            "value": "no",
            "confidence": 1.0
          },
          {
            "name": "beard",
            "value": "no",
            "confidence": 1.0
          },
          {
            "name": "big lips",
            "value": "no",
            "confidence": 0.05
          },
          {
            "name": "big nose",
            "value": "no",
            "confidence": 0.62
          },
          {
            "name": "black hair",
            "value": "no",
            "confidence": 1.0
          },
          {
            "name": "blond hair",
            "value": "no",
            "confidence": 0.92
          },
          {
            "name": "blurry",
            "value": "no",
            "confidence": 1.0
          },
          {
            "name": "brown hair",
            "value": "yes",
            "confidence": 1.0
          },
          {
            "name": "bushy eyebrows",
            "value": "no",
            "confidence": 0.45
          },
          {
            "name": "chubby",
            "value": "no",
            "confidence": 1.0
          },
          {
            "name": "double chin",
            "value": "no",
            "confidence": 1.0
          },
          {
            "name": "expression",
            "value": "smile",
            "confidence": 1.0
          },
          {
            "name": "gender",
            "value": "female",
            "confidence": 0.99
          },
          {
            "name": "glasses",
            "value": "no",
            "confidence": 1.0
          },
          {
            "name": "goatee",
            "value": "no",
            "confidence": 1.0
          },
          {
            "name": "gray hair",
            "value": "no",
            "confidence": 1.0
          },
          {
            "name": "heavy makeup",
            "value": "yes",
            "confidence": 0.45
          },
          {
            "name": "high cheekbones",
            "value": "yes",
            "confidence": 0.92
          },
          {
            "name": "mouth open",
            "value": "yes",
            "confidence": 1.0
          },
          {
            "name": "mustache",
            "value": "no",
            "confidence": 1.0
          },
          {
            "name": "narrow eyes",
            "value": "no",
            "confidence": 0.44
          },
          {
            "name": "oval face",
            "value": "yes",
            "confidence": 0.5
          },
          {
            "name": "pale skin",
            "value": "no",
            "confidence": 0.13
          },
          {
            "name": "pitch",
            "value": "-7.29",
            "confidence": 1.0
          },
          {
            "name": "pointy nose",
            "value": "no",
            "confidence": 0.12
          },
          {
            "name": "race",
            "value": "white",
            "confidence": 1.0
          },
          {
            "name": "receding hairline",
            "value": "no",
            "confidence": 0.83
          },
          {
            "name": "rosy cheeks",
            "value": "no",
            "confidence": 0.34
          },
          {
            "name": "sideburns",
            "value": "no",
            "confidence": 1.0
          },
          {
            "name": "straight hair",
            "value": "yes",
            "confidence": 0.08
          },
          {
            "name": "wavy hair",
            "value": "yes",
            "confidence": 0.27
          },
          {
            "name": "wearing earrings",
            "value": "no",
            "confidence": 0.67
          },
          {
            "name": "wearing hat",
            "value": "no",
            "confidence": 1.0
          },
          {
            "name": "wearing lipstick",
            "value": "yes",
            "confidence": 0.92
          },
          {
            "name": "wearing necklace",
            "value": "no",
            "confidence": 0.12
          },
          {
            "name": "wearing necktie",
            "value": "no",
            "confidence": 0.85
          },
          {
            "name": "yaw",
            "value": "-2.03",
            "confidence": 1.0
          },
          {
            "name": "young",
            "value": "yes",
            "confidence": 0.94
          }
        ],
        "person_id": "",
        "appearance_id": 0,
        "start": "00:00:00",
        "duration": "00:00:00"
      }
    ],
    "tags": null,
    "original_filename": "https://raw.githubusercontent.com/sarkrui/Hairstyle60k/master/Dataset/Shag/IMG_8.jpg",
    "duration": "00:00:00"
  },
  "recognize": null
}