{
  "media": {
    "media_uuid": "742da62d-e999-408b-b878-86b5fc839382",
    "checksum": "d1c1e26db97a50301fa2b9f1f227ff207f755d373b287e36e9e3fdf45343032b",
    "faces": [
      {
        "face_uuid": "f33ae6cf-1536-11e9-99c4-0cc47a6c4dbd",
        "media_uuid": "742da62d-e999-408b-b878-86b5fc839382",
        "x": 509.3,
        "y": 672.1,
        "width": 532.35,
        "height": 704.89,
        "angle": -4.6069,
        "detection_score": 1.0,
        "points": [
          {
            "x": 460.16,
            "y": 588.25,
            "type": 512,
            "name": "basic eye left"
          },
          {
            "x": 699.34,
            "y": 607.52,
            "type": 768,
            "name": "basic eye right"
          },
          {
            "x": 404.55,
            "y": 586.7,
            "type": 1024,
            "name": "basic eye left outer"
          },
          {
            "x": 746.9,
            "y": 613.77,
            "type": 1280,
            "name": "basic eye right outer"
          },
          {
            "x": 513.51,
            "y": 593.1,
            "type": 1536,
            "name": "basic eye left inner"
          },
          {
            "x": 652.82,
            "y": 604.75,
            "type": 1792,
            "name": "basic eye right inner"
          },
          {
            "x": 482.36,
            "y": 861.46,
            "type": 2048,
            "name": "basic mouth left"
          },
          {
            "x": 668.68,
            "y": 878.25,
            "type": 2304,
            "name": "basic mouth right"
          },
          {
            "x": 625.93,
            "y": 731.23,
            "type": 2560,
            "name": "basic nose tip"
          },
          {
            "x": 580.14,
            "y": 869.37,
            "type": 2816,
            "name": "basic mouth center"
          },
          {
            "x": 580.14,
            "y": 869.37,
            "type": 3072,
            "name": "basic eyebrow left"
          },
          {
            "x": 580.14,
            "y": 869.37,
            "type": 3328,
            "name": "basic eyebrow left inner corner"
          },
          {
            "x": 580.14,
            "y": 869.37,
            "type": 3584,
            "name": "basic eyebrow left outer corner"
          },
          {
            "x": 580.14,
            "y": 869.37,
            "type": 3840,
            "name": "basic eyebrow right"
          },
          {
            "x": 580.14,
            "y": 869.37,
            "type": 4096,
            "name": "basic eyebrow right inner corner"
          },
          {
            "x": 580.14,
            "y": 869.37,
            "type": 4352,
            "name": "basic eyebrow right outer corner"
          },
          {
            "x": 580.14,
            "y": 869.37,
            "type": 4608,
            "name": "basic chin bottom"
          },
          {
            "x": 580.14,
            "y": 869.37,
            "type": 4864,
            "name": "basic chin left"
          },
          {
            "x": 580.14,
            "y": 869.37,
            "type": 5120,
            "name": "basic chin right"
          },
          {
            "x": 541.17,
            "y": 752.18,
            "type": 5376,
            "name": "basic nose left"
          },
          {
            "x": 662.59,
            "y": 761.41,
            "type": 5632,
            "name": "basic nose right"
          }
        ],
        "user_points": null,
        "tags": [
          {
            "name": "5oclock shadow",
            "value": "no",
            "confidence": 1.0
          },
          {
            "name": "age",
            "value": "13",
            "confidence": 0.6
          },
          {
            "name": "arched eyebrows",
            "value": "no",
            "confidence": 0.45
          },
          {
            "name": "attractive",
            "value": "yes",
            "confidence": 0.62
          },
          {
            "name": "bags under eyes",
            "value": "no",
            "confidence": 0.78
          },
          {
            "name": "bald",
            "value": "no",
            "confidence": 1.0
          },
          {
            "name": "bangs",
            "value": "yes",
            "confidence": 0.77
          },
          {
            "name": "beard",
            "value": "no",
            "confidence": 1.0
          },
          {
            "name": "big lips",
            "value": "no",
            "confidence": 0.2
          },
          {
            "name": "big nose",
            "value": "no",
            "confidence": 1.0
          },
          {
            "name": "black hair",
            "value": "no",
            "confidence": 1.0
          },
          {
            "name": "blond hair",
            "value": "no",
            "confidence": 0.72
          },
          {
            "name": "blurry",
            "value": "no",
            "confidence": 1.0
          },
          {
            "name": "brown hair",
            "value": "yes",
            "confidence": 0.85
          },
          {
            "name": "bushy eyebrows",
            "value": "no",
            "confidence": 0.23
          },
          {
            "name": "chubby",
            "value": "no",
            "confidence": 1.0
          },
          {
            "name": "double chin",
            "value": "no",
            "confidence": 1.0
          },
          {
            "name": "expression",
            "value": "neutral",
            "confidence": 0.87
          },
          {
            "name": "gender",
            "value": "female",
            "confidence": 0.63
          },
          {
            "name": "glasses",
            "value": "no",
            "confidence": 1.0
          },
          {
            "name": "goatee",
            "value": "no",
            "confidence": 1.0
          },
          {
            "name": "gray hair",
            "value": "no",
            "confidence": 0.95
          },
          {
            "name": "heavy makeup",
            "value": "yes",
            "confidence": 0.25
          },
          {
            "name": "high cheekbones",
            "value": "no",
            "confidence": 0.77
          },
          {
            "name": "mouth open",
            "value": "no",
            "confidence": 0.71
          },
          {
            "name": "mustache",
            "value": "no",
            "confidence": 1.0
          },
          {
            "name": "narrow eyes",
            "value": "no",
            "confidence": 0.45
          },
          {
            "name": "oval face",
            "value": "yes",
            "confidence": 0.23
          },
          {
            "name": "pale skin",
            "value": "yes",
            "confidence": 0.32
          },
          {
            "name": "pitch",
            "value": "-6.22",
            "confidence": 1.0
          },
          {
            "name": "pointy nose",
            "value": "no",
            "confidence": 0.04
          },
          {
            "name": "race",
            "value": "asian",
            "confidence": 0.97
          },
          {
            "name": "receding hairline",
            "value": "no",
            "confidence": 1.0
          },
          {
            "name": "rosy cheeks",
            "value": "no",
            "confidence": 0.82
          },
          {
            "name": "sideburns",
            "value": "no",
            "confidence": 1.0
          },
          {
            "name": "straight hair",
            "value": "yes",
            "confidence": 0.05
          },
          {
            "name": "wavy hair",
            "value": "no",
            "confidence": 0.33
          },
          {
            "name": "wearing earrings",
            "value": "no",
            "confidence": 0.14
          },
          {
            "name": "wearing hat",
            "value": "no",
            "confidence": 0.44
          },
          {
            "name": "wearing lipstick",
            "value": "yes",
            "confidence": 0.37
          },
          {
            "name": "wearing necklace",
            "value": "no",
            "confidence": 0.47
          },
          {
            "name": "wearing necktie",
            "value": "no",
            "confidence": 0.93
          },
          {
            "name": "yaw",
            "value": "-49.1",
            "confidence": 1.0
          },
          {
            "name": "young",
            "value": "yes",
            "confidence": 0.97
          }
        ],
        "person_id": "",
        "appearance_id": 0,
        "start": "00:00:00",
        "duration": "00:00:00"
      }
    ],
    "tags": null,
    "original_filename": "https://raw.githubusercontent.com/sarkrui/Hairstyle60k/master/Dataset/Shag/IMG_21.jpg",
    "duration": "00:00:00"
  },
  "recognize": null
}