{
  "media": {
    "media_uuid": "b50887ce-7da8-402e-8af5-611f41a6effd",
    "checksum": "1265ce6ef175b66435309309918ccf92f4e6b0220040f7284e54c5d09026dc19",
    "faces": [
      {
        "face_uuid": "eac47e25-1536-11e9-99c4-0cc47a6c4dbd",
        "media_uuid": "b50887ce-7da8-402e-8af5-611f41a6effd",
        "x": 214.01,
        "y": 278.91,
        "width": 181.18,
        "height": 260.0,
        "angle": -12.0979,
        "detection_score": 1.0,
        "points": [
          {
            "x": 155.28,
            "y": 257.22,
            "type": 512,
            "name": "basic eye left"
          },
          {
            "x": 246.2,
            "y": 276.71,
            "type": 768,
            "name": "basic eye right"
          },
          {
            "x": 136.66,
            "y": 253.51,
            "type": 1024,
            "name": "basic eye left outer"
          },
          {
            "x": 266.44,
            "y": 281.49,
            "type": 1280,
            "name": "basic eye right outer"
          },
          {
            "x": 172.82,
            "y": 262.45,
            "type": 1536,
            "name": "basic eye left inner"
          },
          {
            "x": 225.53,
            "y": 273.66,
            "type": 1792,
            "name": "basic eye right inner"
          },
          {
            "x": 148.77,
            "y": 360.21,
            "type": 2048,
            "name": "basic mouth left"
          },
          {
            "x": 212.28,
            "y": 374.71,
            "type": 2304,
            "name": "basic mouth right"
          },
          {
            "x": 177.03,
            "y": 323.62,
            "type": 2560,
            "name": "basic nose tip"
          },
          {
            "x": 179.4,
            "y": 367.87,
            "type": 2816,
            "name": "basic mouth center"
          },
          {
            "x": 179.4,
            "y": 367.87,
            "type": 3072,
            "name": "basic eyebrow left"
          },
          {
            "x": 179.4,
            "y": 367.87,
            "type": 3328,
            "name": "basic eyebrow left inner corner"
          },
          {
            "x": 179.4,
            "y": 367.87,
            "type": 3584,
            "name": "basic eyebrow left outer corner"
          },
          {
            "x": 179.4,
            "y": 367.87,
            "type": 3840,
            "name": "basic eyebrow right"
          },
          {
            "x": 179.4,
            "y": 367.87,
            "type": 4096,
            "name": "basic eyebrow right inner corner"
          },
          {
            "x": 179.4,
            "y": 367.87,
            "type": 4352,
            "name": "basic eyebrow right outer corner"
          },
          {
            "x": 179.4,
            "y": 367.87,
            "type": 4608,
            "name": "basic chin bottom"
          },
          {
            "x": 179.4,
            "y": 367.87,
            "type": 4864,
            "name": "basic chin left"
          },
          {
            "x": 179.4,
            "y": 367.87,
            "type": 5120,
            "name": "basic chin right"
          },
          {
            "x": 159.34,
            "y": 322.8,
            "type": 5376,
            "name": "basic nose left"
          },
          {
            "x": 204.06,
            "y": 332.74,
            "type": 5632,
            "name": "basic nose right"
          }
        ],
        "user_points": null,
        "tags": [
          {
            "name": "5oclock shadow",
            "value": "no",
            "confidence": 1.0
          },
          {
            "name": "age",
            "value": "15",
            "confidence": 0.6
          },
          {
            "name": "arched eyebrows",
            "value": "no",
            "confidence": 0.23
          },
          {
            "name": "attractive",
            "value": "yes",
            "confidence": 1.0
          },
          {
            "name": "bags under eyes",
            "value": "no",
            "confidence": 1.0
          },
          {
            "name": "bald",
            "value": "no",
            "confidence": 0.79
          },
          {
            "name": "bangs",
            "value": "no",
            "confidence": 0.6
          },
          {
            "name": "beard",
            "value": "no",
            "confidence": 1.0
          },
          {
            "name": "big lips",
            "value": "no",
            "confidence": 0.47
          },
          {
            "name": "big nose",
            "value": "no",
            "confidence": 1.0
          },
          {
            "name": "black hair",
            "value": "yes",
            "confidence": 0.61
          },
          {
            "name": "blond hair",
            "value": "no",
            "confidence": 1.0
          },
          {
            "name": "blurry",
            "value": "no",
            "confidence": 1.0
          },
          {
            "name": "brown hair",
            "value": "no",
            "confidence": 0.28
          },
          {
            "name": "bushy eyebrows",
            "value": "no",
            "confidence": 0.09
          },
          {
            "name": "chubby",
            "value": "no",
            "confidence": 0.94
          },
          {
            "name": "double chin",
            "value": "no",
            "confidence": 1.0
          },
          {
            "name": "expression",
            "value": "neutral",
            "confidence": 0.81
          },
          {
            "name": "gender",
            "value": "female",
            "confidence": 0.95
          },
          {
            "name": "glasses",
            "value": "no",
            "confidence": 1.0
          },
          {
            "name": "goatee",
            "value": "no",
            "confidence": 1.0
          },
          {
            "name": "gray hair",
            "value": "no",
            "confidence": 1.0
          },
          {
            "name": "heavy makeup",
            "value": "yes",
            "confidence": 0.78
          },
          {
            "name": "high cheekbones",
            "value": "no",
            "confidence": 0.74
          },
          {
            "name": "mouth open",
            "value": "no",
            "confidence": 1.0
          },
          {
            "name": "mustache",
            "value": "no",
            "confidence": 1.0
          },
          {
            "name": "narrow eyes",
            "value": "no",
            "confidence": 0.97
          },
          {
            "name": "oval face",
            "value": "yes",
            "confidence": 1.0
          },
          {
            "name": "pale skin",
            "value": "yes",
            "confidence": 0.74
          },
          {
            "name": "pitch",
            "value": "-7.46",
            "confidence": 1.0
          },
          {
            "name": "pointy nose",
            "value": "no",
            "confidence": 0.26
          },
          {
            "name": "race",
            "value": "asian",
            "confidence": 1.0
          },
          {
            "name": "receding hairline",
            "value": "no",
            "confidence": 0.5
          },
          {
            "name": "rosy cheeks",
            "value": "no",
            "confidence": 0.9
          },
          {
            "name": "sideburns",
            "value": "no",
            "confidence": 1.0
          },
          {
            "name": "straight hair",
            "value": "yes",
            "confidence": 0.72
          },
          {
            "name": "wavy hair",
            "value": "no",
            "confidence": 0.48
          },
          {
            "name": "wearing earrings",
            "value": "no",
            "confidence": 0.54
          },
          {
            "name": "wearing hat",
            "value": "no",
            "confidence": 1.0
          },
          {
            "name": "wearing lipstick",
            "value": "yes",
            "confidence": 0.8
          },
          {
            "name": "wearing necklace",
            "value": "no",
            "confidence": 0.74
          },
          {
            "name": "wearing necktie",
            "value": "no",
            "confidence": 0.61
          },
          {
            "name": "yaw",
            "value": "15.56",
            "confidence": 1.0
          },
          {
            "name": "young",
            "value": "yes",
            "confidence": 1.0
          }
        ],
        "person_id": "",
        "appearance_id": 0,
        "start": "00:00:00",
        "duration": "00:00:00"
      }
    ],
    "tags": null,
    "original_filename": "https://raw.githubusercontent.com/sarkrui/Hairstyle60k/master/Dataset/Shag/IMG_10.jpg",
    "duration": "00:00:00"
  },
  "recognize": null
}