{
  "media": {
    "media_uuid": "09dbe921-000a-426a-9e14-b1ab7ca8fbf7",
    "checksum": "2036499569555408827b72302168f7b1bda52b50efa0b2403037ccf4fc27e773",
    "faces": [
      {
        "face_uuid": "01fcd3a8-1537-11e9-99c4-0cc47a6c4dbd",
        "media_uuid": "09dbe921-000a-426a-9e14-b1ab7ca8fbf7",
        "x": 330.5,
        "y": 217.5,
        "width": 161.49,
        "height": 215.01,
        "angle": 5.4177,
        "detection_score": 1.0,
        "points": [
          {
            "x": 300.87,
            "y": 203.22,
            "type": 512,
            "name": "basic eye left"
          },
          {
            "x": 376.44,
            "y": 196.05,
            "type": 768,
            "name": "basic eye right"
          },
          {
            "x": 283.68,
            "y": 205.12,
            "type": 1024,
            "name": "basic eye left outer"
          },
          {
            "x": 391.81,
            "y": 194.74,
            "type": 1280,
            "name": "basic eye right outer"
          },
          {
            "x": 318.03,
            "y": 202.78,
            "type": 1536,
            "name": "basic eye left inner"
          },
          {
            "x": 361.65,
            "y": 198.74,
            "type": 1792,
            "name": "basic eye right inner"
          },
          {
            "x": 318.41,
            "y": 282.57,
            "type": 2048,
            "name": "basic mouth left"
          },
          {
            "x": 376.98,
            "y": 275.9,
            "type": 2304,
            "name": "basic mouth right"
          },
          {
            "x": 355.16,
            "y": 247.58,
            "type": 2560,
            "name": "basic nose tip"
          },
          {
            "x": 348.88,
            "y": 280.21,
            "type": 2816,
            "name": "basic mouth center"
          },
          {
            "x": 348.88,
            "y": 280.21,
            "type": 3072,
            "name": "basic eyebrow left"
          },
          {
            "x": 348.88,
            "y": 280.21,
            "type": 3328,
            "name": "basic eyebrow left inner corner"
          },
          {
            "x": 348.88,
            "y": 280.21,
            "type": 3584,
            "name": "basic eyebrow left outer corner"
          },
          {
            "x": 348.88,
            "y": 280.21,
            "type": 3840,
            "name": "basic eyebrow right"
          },
          {
            "x": 348.88,
            "y": 280.21,
            "type": 4096,
            "name": "basic eyebrow right inner corner"
          },
          {
            "x": 348.88,
            "y": 280.21,
            "type": 4352,
            "name": "basic eyebrow right outer corner"
          },
          {
            "x": 348.88,
            "y": 280.21,
            "type": 4608,
            "name": "basic chin bottom"
          },
          {
            "x": 348.88,
            "y": 280.21,
            "type": 4864,
            "name": "basic chin left"
          },
          {
            "x": 348.88,
            "y": 280.21,
            "type": 5120,
            "name": "basic chin right"
          },
          {
            "x": 331.38,
            "y": 252.13,
            "type": 5376,
            "name": "basic nose left"
          },
          {
            "x": 368.74,
            "y": 248.15,
            "type": 5632,
            "name": "basic nose right"
          }
        ],
        "user_points": null,
        "tags": [
          {
            "name": "5oclock shadow",
            "value": "no",
            "confidence": 0.99
          },
          {
            "name": "age",
            "value": "16",
            "confidence": 0.6
          },
          {
            "name": "arched eyebrows",
            "value": "no",
            "confidence": 0.1
          },
          {
            "name": "attractive",
            "value": "yes",
            "confidence": 1.0
          },
          {
            "name": "bags under eyes",
            "value": "no",
            "confidence": 1.0
          },
          {
            "name": "bald",
            "value": "no",
            "confidence": 0.97
          },
          {
            "name": "bangs",
            "value": "yes",
            "confidence": 0.83
          },
          {
            "name": "beard",
            "value": "no",
            "confidence": 0.87
          },
          {
            "name": "big lips",
            "value": "no",
            "confidence": 0.46
          },
          {
            "name": "big nose",
            "value": "no",
            "confidence": 1.0
          },
          {
            "name": "black hair",
            "value": "no",
            "confidence": 0.98
          },
          {
            "name": "blond hair",
            "value": "yes",
            "confidence": 0.54
          },
          {
            "name": "blurry",
            "value": "no",
            "confidence": 1.0
          },
          {
            "name": "brown hair",
            "value": "yes",
            "confidence": 0.08
          },
          {
            "name": "bushy eyebrows",
            "value": "no",
            "confidence": 0.26
          },
          {
            "name": "chubby",
            "value": "no",
            "confidence": 1.0
          },
          {
            "name": "double chin",
            "value": "no",
            "confidence": 1.0
          },
          {
            "name": "expression",
            "value": "neutral",
            "confidence": 0.38
          },
          {
            "name": "gender",
            "value": "female",
            "confidence": 0.91
          },
          {
            "name": "glasses",
            "value": "no",
            "confidence": 1.0
          },
          {
            "name": "goatee",
            "value": "no",
            "confidence": 0.81
          },
          {
            "name": "gray hair",
            "value": "no",
            "confidence": 0.86
          },
          {
            "name": "heavy makeup",
            "value": "yes",
            "confidence": 0.81
          },
          {
            "name": "high cheekbones",
            "value": "no",
            "confidence": 0.41
          },
          {
            "name": "mouth open",
            "value": "no",
            "confidence": 1.0
          },
          {
            "name": "mustache",
            "value": "no",
            "confidence": 0.83
          },
          {
            "name": "narrow eyes",
            "value": "no",
            "confidence": 1.0
          },
          {
            "name": "oval face",
            "value": "yes",
            "confidence": 1.0
          },
          {
            "name": "pale skin",
            "value": "yes",
            "confidence": 0.31
          },
          {
            "name": "pitch",
            "value": "-8.63",
            "confidence": 1.0
          },
          {
            "name": "pointy nose",
            "value": "no",
            "confidence": 0.11
          },
          {
            "name": "race",
            "value": "white",
            "confidence": 1.0
          },
          {
            "name": "receding hairline",
            "value": "no",
            "confidence": 1.0
          },
          {
            "name": "rosy cheeks",
            "value": "no",
            "confidence": 0.27
          },
          {
            "name": "sideburns",
            "value": "no",
            "confidence": 0.83
          },
          {
            "name": "straight hair",
            "value": "yes",
            "confidence": 0.28
          },
          {
            "name": "wavy hair",
            "value": "no",
            "confidence": 0.31
          },
          {
            "name": "wearing earrings",
            "value": "no",
            "confidence": 0.17
          },
          {
            "name": "wearing hat",
            "value": "no",
            "confidence": 0.89
          },
          {
            "name": "wearing lipstick",
            "value": "yes",
            "confidence": 0.85
          },
          {
            "name": "wearing necklace",
            "value": "no",
            "confidence": 0.22
          },
          {
            "name": "wearing necktie",
            "value": "no",
            "confidence": 0.77
          },
          {
            "name": "yaw",
            "value": "-10.95",
            "confidence": 1.0
          },
          {
            "name": "young",
            "value": "yes",
            "confidence": 1.0
          }
        ],
        "person_id": "",
        "appearance_id": 0,
        "start": "00:00:00",
        "duration": "00:00:00"
      }
    ],
    "tags": null,
    "original_filename": "https://raw.githubusercontent.com/sarkrui/Hairstyle60k/master/Dataset/Shoulder-Length_Hair/IMG_16.jpg",
    "duration": "00:00:00"
  },
  "recognize": null
}