{
  "media": {
    "media_uuid": "f27c077d-c96f-49bf-8de6-db0fd401eb44",
    "checksum": "f4c1daad1772b7fe2e4467fbb9699348c7bb3f6e7f978b88891976438837e091",
    "faces": [
      {
        "face_uuid": "02e08b42-1537-11e9-99c4-0cc47a6c4dbd",
        "media_uuid": "f27c077d-c96f-49bf-8de6-db0fd401eb44",
        "x": 203.5,
        "y": 346.5,
        "width": 239.02,
        "height": 306.76,
        "angle": -5.7698,
        "detection_score": 1.0,
        "points": [
          {
            "x": 130.2,
            "y": 313.61,
            "type": 512,
            "name": "basic eye left"
          },
          {
            "x": 238.43,
            "y": 324.55,
            "type": 768,
            "name": "basic eye right"
          },
          {
            "x": 108.98,
            "y": 311.64,
            "type": 1024,
            "name": "basic eye left outer"
          },
          {
            "x": 263.33,
            "y": 327.48,
            "type": 1280,
            "name": "basic eye right outer"
          },
          {
            "x": 150.34,
            "y": 317.9,
            "type": 1536,
            "name": "basic eye left inner"
          },
          {
            "x": 213.41,
            "y": 324.18,
            "type": 1792,
            "name": "basic eye right inner"
          },
          {
            "x": 128.91,
            "y": 431.16,
            "type": 2048,
            "name": "basic mouth left"
          },
          {
            "x": 210.47,
            "y": 444.63,
            "type": 2304,
            "name": "basic mouth right"
          },
          {
            "x": 157.03,
            "y": 390.9,
            "type": 2560,
            "name": "basic nose tip"
          },
          {
            "x": 167.89,
            "y": 439.51,
            "type": 2816,
            "name": "basic mouth center"
          },
          {
            "x": 167.89,
            "y": 439.51,
            "type": 3072,
            "name": "basic eyebrow left"
          },
          {
            "x": 167.89,
            "y": 439.51,
            "type": 3328,
            "name": "basic eyebrow left inner corner"
          },
          {
            "x": 167.89,
            "y": 439.51,
            "type": 3584,
            "name": "basic eyebrow left outer corner"
          },
          {
            "x": 167.89,
            "y": 439.51,
            "type": 3840,
            "name": "basic eyebrow right"
          },
          {
            "x": 167.89,
            "y": 439.51,
            "type": 4096,
            "name": "basic eyebrow right inner corner"
          },
          {
            "x": 167.89,
            "y": 439.51,
            "type": 4352,
            "name": "basic eyebrow right outer corner"
          },
          {
            "x": 167.89,
            "y": 439.51,
            "type": 4608,
            "name": "basic chin bottom"
          },
          {
            "x": 167.89,
            "y": 439.51,
            "type": 4864,
            "name": "basic chin left"
          },
          {
            "x": 167.89,
            "y": 439.51,
            "type": 5120,
            "name": "basic chin right"
          },
          {
            "x": 138.9,
            "y": 391.53,
            "type": 5376,
            "name": "basic nose left"
          },
          {
            "x": 192.96,
            "y": 399.17,
            "type": 5632,
            "name": "basic nose right"
          }
        ],
        "user_points": null,
        "tags": [
          {
            "name": "5oclock shadow",
            "value": "no",
            "confidence": 0.62
          },
          {
            "name": "age",
            "value": "31",
            "confidence": 0.6
          },
          {
            "name": "arched eyebrows",
            "value": "no",
            "confidence": 0.37
          },
          {
            "name": "attractive",
            "value": "yes",
            "confidence": 0.02
          },
          {
            "name": "bags under eyes",
            "value": "no",
            "confidence": 0.62
          },
          {
            "name": "bald",
            "value": "no",
            "confidence": 1.0
          },
          {
            "name": "bangs",
            "value": "yes",
            "confidence": 1.0
          },
          {
            "name": "beard",
            "value": "no",
            "confidence": 0.46
          },
          {
            "name": "big lips",
            "value": "yes",
            "confidence": 0.27
          },
          {
            "name": "big nose",
            "value": "no",
            "confidence": 0.03
          },
          {
            "name": "black hair",
            "value": "yes",
            "confidence": 0.58
          },
          {
            "name": "blond hair",
            "value": "no",
            "confidence": 1.0
          },
          {
            "name": "blurry",
            "value": "no",
            "confidence": 0.89
          },
          {
            "name": "brown hair",
            "value": "no",
            "confidence": 0.52
          },
          {
            "name": "bushy eyebrows",
            "value": "yes",
            "confidence": 0.44
          },
          {
            "name": "chubby",
            "value": "no",
            "confidence": 0.7
          },
          {
            "name": "double chin",
            "value": "no",
            "confidence": 0.85
          },
          {
            "name": "expression",
            "value": "neutral",
            "confidence": 0.9
          },
          {
            "name": "gender",
            "value": "female",
            "confidence": 0.03
          },
          {
            "name": "glasses",
            "value": "no",
            "confidence": 1.0
          },
          {
            "name": "goatee",
            "value": "no",
            "confidence": 0.6
          },
          {
            "name": "gray hair",
            "value": "no",
            "confidence": 1.0
          },
          {
            "name": "heavy makeup",
            "value": "no",
            "confidence": 0.24
          },
          {
            "name": "high cheekbones",
            "value": "no",
            "confidence": 0.78
          },
          {
            "name": "mouth open",
            "value": "no",
            "confidence": 0.75
          },
          {
            "name": "mustache",
            "value": "no",
            "confidence": 0.54
          },
          {
            "name": "narrow eyes",
            "value": "no",
            "confidence": 0.96
          },
          {
            "name": "oval face",
            "value": "no",
            "confidence": 0.17
          },
          {
            "name": "pale skin",
            "value": "yes",
            "confidence": 0.24
          },
          {
            "name": "pitch",
            "value": "-6.57",
            "confidence": 1.0
          },
          {
            "name": "pointy nose",
            "value": "no",
            "confidence": 0.05
          },
          {
            "name": "race",
            "value": "white",
            "confidence": 1.0
          },
          {
            "name": "receding hairline",
            "value": "no",
            "confidence": 1.0
          },
          {
            "name": "rosy cheeks",
            "value": "no",
            "confidence": 0.76
          },
          {
            "name": "sideburns",
            "value": "no",
            "confidence": 0.71
          },
          {
            "name": "straight hair",
            "value": "no",
            "confidence": 0.88
          },
          {
            "name": "wavy hair",
            "value": "yes",
            "confidence": 0.88
          },
          {
            "name": "wearing earrings",
            "value": "no",
            "confidence": 0.49
          },
          {
            "name": "wearing hat",
            "value": "no",
            "confidence": 0.62
          },
          {
            "name": "wearing lipstick",
            "value": "no",
            "confidence": 0.05
          },
          {
            "name": "wearing necklace",
            "value": "no",
            "confidence": 0.2
          },
          {
            "name": "wearing necktie",
            "value": "no",
            "confidence": 0.74
          },
          {
            "name": "yaw",
            "value": "22.99",
            "confidence": 1.0
          },
          {
            "name": "young",
            "value": "yes",
            "confidence": 0.59
          }
        ],
        "person_id": "",
        "appearance_id": 0,
        "start": "00:00:00",
        "duration": "00:00:00"
      }
    ],
    "tags": null,
    "original_filename": "https://raw.githubusercontent.com/sarkrui/Hairstyle60k/master/Dataset/Shoulder-Length_Hair/IMG_17.jpg",
    "duration": "00:00:00"
  },
  "recognize": null
}