{
  "media": {
    "media_uuid": "1f0e464d-9b59-44d9-9a22-087e6d8fd4d9",
    "checksum": "4a9e421b872ab032f51a81679a82aa57015a12161475fab3c0e7e2e4e674deef",
    "faces": [
      {
        "face_uuid": "061e7cc2-1537-11e9-99c4-0cc47a6c4dbd",
        "media_uuid": "1f0e464d-9b59-44d9-9a22-087e6d8fd4d9",
        "x": 263.73,
        "y": 295.33,
        "width": 269.33,
        "height": 366.84,
        "angle": 1.5208,
        "detection_score": 1.0,
        "points": [
          {
            "x": 175.98,
            "y": 264.78,
            "type": 512,
            "name": "basic eye left"
          },
          {
            "x": 303.05,
            "y": 261.4,
            "type": 768,
            "name": "basic eye right"
          },
          {
            "x": 150.14,
            "y": 265.75,
            "type": 1024,
            "name": "basic eye left outer"
          },
          {
            "x": 331.84,
            "y": 261.12,
            "type": 1280,
            "name": "basic eye right outer"
          },
          {
            "x": 201.2,
            "y": 265.77,
            "type": 1536,
            "name": "basic eye left inner"
          },
          {
            "x": 274.67,
            "y": 263.75,
            "type": 1792,
            "name": "basic eye right inner"
          },
          {
            "x": 193.53,
            "y": 392.96,
            "type": 2048,
            "name": "basic mouth left"
          },
          {
            "x": 293.86,
            "y": 390.84,
            "type": 2304,
            "name": "basic mouth right"
          },
          {
            "x": 223.49,
            "y": 343.96,
            "type": 2560,
            "name": "basic nose tip"
          },
          {
            "x": 241.96,
            "y": 394.1,
            "type": 2816,
            "name": "basic mouth center"
          },
          {
            "x": 241.96,
            "y": 394.1,
            "type": 3072,
            "name": "basic eyebrow left"
          },
          {
            "x": 241.96,
            "y": 394.1,
            "type": 3328,
            "name": "basic eyebrow left inner corner"
          },
          {
            "x": 241.96,
            "y": 394.1,
            "type": 3584,
            "name": "basic eyebrow left outer corner"
          },
          {
            "x": 241.96,
            "y": 394.1,
            "type": 3840,
            "name": "basic eyebrow right"
          },
          {
            "x": 241.96,
            "y": 394.1,
            "type": 4096,
            "name": "basic eyebrow right inner corner"
          },
          {
            "x": 241.96,
            "y": 394.1,
            "type": 4352,
            "name": "basic eyebrow right outer corner"
          },
          {
            "x": 241.96,
            "y": 394.1,
            "type": 4608,
            "name": "basic chin bottom"
          },
          {
            "x": 241.96,
            "y": 394.1,
            "type": 4864,
            "name": "basic chin left"
          },
          {
            "x": 241.96,
            "y": 394.1,
            "type": 5120,
            "name": "basic chin right"
          },
          {
            "x": 200.09,
            "y": 346.99,
            "type": 5376,
            "name": "basic nose left"
          },
          {
            "x": 264.46,
            "y": 345.35,
            "type": 5632,
            "name": "basic nose right"
          }
        ],
        "user_points": null,
        "tags": [
          {
            "name": "5oclock shadow",
            "value": "no",
            "confidence": 0.94
          },
          {
            "name": "age",
            "value": "19",
            "confidence": 0.6
          },
          {
            "name": "arched eyebrows",
            "value": "yes",
            "confidence": 0.53
          },
          {
            "name": "attractive",
            "value": "yes",
            "confidence": 1.0
          },
          {
            "name": "bags under eyes",
            "value": "no",
            "confidence": 1.0
          },
          {
            "name": "bald",
            "value": "no",
            "confidence": 1.0
          },
          {
            "name": "bangs",
            "value": "no",
            "confidence": 0.68
          },
          {
            "name": "beard",
            "value": "no",
            "confidence": 0.9
          },
          {
            "name": "big lips",
            "value": "no",
            "confidence": 0.32
          },
          {
            "name": "big nose",
            "value": "no",
            "confidence": 1.0
          },
          {
            "name": "black hair",
            "value": "no",
            "confidence": 0.89
          },
          {
            "name": "blond hair",
            "value": "yes",
            "confidence": 0.07
          },
          {
            "name": "blurry",
            "value": "no",
            "confidence": 0.96
          },
          {
            "name": "brown hair",
            "value": "yes",
            "confidence": 0.53
          },
          {
            "name": "bushy eyebrows",
            "value": "no",
            "confidence": 0.18
          },
          {
            "name": "chubby",
            "value": "no",
            "confidence": 0.97
          },
          {
            "name": "double chin",
            "value": "no",
            "confidence": 1.0
          },
          {
            "name": "expression",
            "value": "smile",
            "confidence": 0.84
          },
          {
            "name": "gender",
            "value": "female",
            "confidence": 0.91
          },
          {
            "name": "glasses",
            "value": "no",
            "confidence": 1.0
          },
          {
            "name": "goatee",
            "value": "no",
            "confidence": 0.92
          },
          {
            "name": "gray hair",
            "value": "no",
            "confidence": 1.0
          },
          {
            "name": "heavy makeup",
            "value": "yes",
            "confidence": 1.0
          },
          {
            "name": "high cheekbones",
            "value": "yes",
            "confidence": 1.0
          },
          {
            "name": "mouth open",
            "value": "no",
            "confidence": 0.99
          },
          {
            "name": "mustache",
            "value": "no",
            "confidence": 0.88
          },
          {
            "name": "narrow eyes",
            "value": "no",
            "confidence": 0.34
          },
          {
            "name": "oval face",
            "value": "yes",
            "confidence": 1.0
          },
          {
            "name": "pale skin",
            "value": "no",
            "confidence": 0.51
          },
          {
            "name": "pitch",
            "value": "-8.85",
            "confidence": 1.0
          },
          {
            "name": "pointy nose",
            "value": "yes",
            "confidence": 0.49
          },
          {
            "name": "race",
            "value": "white",
            "confidence": 1.0
          },
          {
            "name": "receding hairline",
            "value": "no",
            "confidence": 0.87
          },
          {
            "name": "rosy cheeks",
            "value": "yes",
            "confidence": 0.8
          },
          {
            "name": "sideburns",
            "value": "no",
            "confidence": 0.9
          },
          {
            "name": "straight hair",
            "value": "no",
            "confidence": 0.06
          },
          {
            "name": "wavy hair",
            "value": "yes",
            "confidence": 0.24
          },
          {
            "name": "wearing earrings",
            "value": "yes",
            "confidence": 0.16
          },
          {
            "name": "wearing hat",
            "value": "no",
            "confidence": 1.0
          },
          {
            "name": "wearing lipstick",
            "value": "yes",
            "confidence": 0.95
          },
          {
            "name": "wearing necklace",
            "value": "no",
            "confidence": 0.18
          },
          {
            "name": "wearing necktie",
            "value": "no",
            "confidence": 0.96
          },
          {
            "name": "yaw",
            "value": "10.37",
            "confidence": 1.0
          },
          {
            "name": "young",
            "value": "yes",
            "confidence": 0.98
          }
        ],
        "person_id": "",
        "appearance_id": 0,
        "start": "00:00:00",
        "duration": "00:00:00"
      }
    ],
    "tags": null,
    "original_filename": "https://raw.githubusercontent.com/sarkrui/Hairstyle60k/master/Dataset/Shoulder-Length_Hair/IMG_21.jpg",
    "duration": "00:00:00"
  },
  "recognize": null
}