{
  "media": {
    "media_uuid": "9e09aba3-fe5e-4409-ad96-6945538f9eee",
    "checksum": "fbcfcd5545deec06e5957a3ce97c6bb4ff00da469b71ab869773b4aff165d4e9",
    "faces": [
      {
        "face_uuid": "fd25dd82-1536-11e9-99c4-0cc47a6c4dbd",
        "media_uuid": "9e09aba3-fe5e-4409-ad96-6945538f9eee",
        "x": 294.91,
        "y": 271.72,
        "width": 210.92,
        "height": 307.3,
        "angle": -1.1744,
        "detection_score": 1.0,
        "points": [
          {
            "x": 219.29,
            "y": 244.79,
            "type": 512,
            "name": "basic eye left"
          },
          {
            "x": 327.19,
            "y": 247.0,
            "type": 768,
            "name": "basic eye right"
          },
          {
            "x": 197.77,
            "y": 244.42,
            "type": 1024,
            "name": "basic eye left outer"
          },
          {
            "x": 352.36,
            "y": 247.86,
            "type": 1280,
            "name": "basic eye right outer"
          },
          {
            "x": 240.03,
            "y": 246.85,
            "type": 1536,
            "name": "basic eye left inner"
          },
          {
            "x": 302.06,
            "y": 248.01,
            "type": 1792,
            "name": "basic eye right inner"
          },
          {
            "x": 226.87,
            "y": 362.4,
            "type": 2048,
            "name": "basic mouth left"
          },
          {
            "x": 313.03,
            "y": 365.44,
            "type": 2304,
            "name": "basic mouth right"
          },
          {
            "x": 249.3,
            "y": 318.39,
            "type": 2560,
            "name": "basic nose tip"
          },
          {
            "x": 268.03,
            "y": 365.53,
            "type": 2816,
            "name": "basic mouth center"
          },
          {
            "x": 268.03,
            "y": 365.53,
            "type": 3072,
            "name": "basic eyebrow left"
          },
          {
            "x": 268.03,
            "y": 365.53,
            "type": 3328,
            "name": "basic eyebrow left inner corner"
          },
          {
            "x": 268.03,
            "y": 365.53,
            "type": 3584,
            "name": "basic eyebrow left outer corner"
          },
          {
            "x": 268.03,
            "y": 365.53,
            "type": 3840,
            "name": "basic eyebrow right"
          },
          {
            "x": 268.03,
            "y": 365.53,
            "type": 4096,
            "name": "basic eyebrow right inner corner"
          },
          {
            "x": 268.03,
            "y": 365.53,
            "type": 4352,
            "name": "basic eyebrow right outer corner"
          },
          {
            "x": 268.03,
            "y": 365.53,
            "type": 4608,
            "name": "basic chin bottom"
          },
          {
            "x": 268.03,
            "y": 365.53,
            "type": 4864,
            "name": "basic chin left"
          },
          {
            "x": 268.03,
            "y": 365.53,
            "type": 5120,
            "name": "basic chin right"
          },
          {
            "x": 231.8,
            "y": 321.34,
            "type": 5376,
            "name": "basic nose left"
          },
          {
            "x": 287.34,
            "y": 323.05,
            "type": 5632,
            "name": "basic nose right"
          }
        ],
        "user_points": null,
        "tags": [
          {
            "name": "5oclock shadow",
            "value": "no",
            "confidence": 0.95
          },
          {
            "name": "age",
            "value": "18",
            "confidence": 0.6
          },
          {
            "name": "arched eyebrows",
            "value": "yes",
            "confidence": 0.23
          },
          {
            "name": "attractive",
            "value": "yes",
            "confidence": 0.91
          },
          {
            "name": "bags under eyes",
            "value": "no",
            "confidence": 0.44
          },
          {
            "name": "bald",
            "value": "no",
            "confidence": 1.0
          },
          {
            "name": "bangs",
            "value": "no",
            "confidence": 1.0
          },
          {
            "name": "beard",
            "value": "no",
            "confidence": 0.86
          },
          {
            "name": "big lips",
            "value": "yes",
            "confidence": 0.0
          },
          {
            "name": "big nose",
            "value": "no",
            "confidence": 0.96
          },
          {
            "name": "black hair",
            "value": "no",
            "confidence": 0.99
          },
          {
            "name": "blond hair",
            "value": "no",
            "confidence": 0.76
          },
          {
            "name": "blurry",
            "value": "no",
            "confidence": 1.0
          },
          {
            "name": "brown hair",
            "value": "yes",
            "confidence": 1.0
          },
          {
            "name": "bushy eyebrows",
            "value": "yes",
            "confidence": 0.37
          },
          {
            "name": "chubby",
            "value": "no",
            "confidence": 1.0
          },
          {
            "name": "double chin",
            "value": "no",
            "confidence": 1.0
          },
          {
            "name": "expression",
            "value": "neutral",
            "confidence": 0.67
          },
          {
            "name": "gender",
            "value": "female",
            "confidence": 0.93
          },
          {
            "name": "glasses",
            "value": "no",
            "confidence": 1.0
          },
          {
            "name": "goatee",
            "value": "no",
            "confidence": 0.8
          },
          {
            "name": "gray hair",
            "value": "no",
            "confidence": 1.0
          },
          {
            "name": "heavy makeup",
            "value": "yes",
            "confidence": 0.79
          },
          {
            "name": "high cheekbones",
            "value": "no",
            "confidence": 0.25
          },
          {
            "name": "mouth open",
            "value": "no",
            "confidence": 0.82
          },
          {
            "name": "mustache",
            "value": "no",
            "confidence": 0.91
          },
          {
            "name": "narrow eyes",
            "value": "no",
            "confidence": 0.49
          },
          {
            "name": "oval face",
            "value": "yes",
            "confidence": 0.34
          },
          {
            "name": "pale skin",
            "value": "no",
            "confidence": 0.31
          },
          {
            "name": "pitch",
            "value": "-8.01",
            "confidence": 1.0
          },
          {
            "name": "pointy nose",
            "value": "yes",
            "confidence": 0.35
          },
          {
            "name": "race",
            "value": "white",
            "confidence": 0.98
          },
          {
            "name": "receding hairline",
            "value": "no",
            "confidence": 0.82
          },
          {
            "name": "rosy cheeks",
            "value": "no",
            "confidence": 0.56
          },
          {
            "name": "sideburns",
            "value": "no",
            "confidence": 0.75
          },
          {
            "name": "straight hair",
            "value": "no",
            "confidence": 0.26
          },
          {
            "name": "wavy hair",
            "value": "yes",
            "confidence": 0.53
          },
          {
            "name": "wearing earrings",
            "value": "no",
            "confidence": 0.76
          },
          {
            "name": "wearing hat",
            "value": "no",
            "confidence": 1.0
          },
          {
            "name": "wearing lipstick",
            "value": "yes",
            "confidence": 0.91
          },
          {
            "name": "wearing necklace",
            "value": "no",
            "confidence": 0.32
          },
          {
            "name": "wearing necktie",
            "value": "no",
            "confidence": 0.9
          },
          {
            "name": "yaw",
            "value": "15.05",
            "confidence": 1.0
          },
          {
            "name": "young",
            "value": "yes",
            "confidence": 1.0
          }
        ],
        "person_id": "",
        "appearance_id": 0,
        "start": "00:00:00",
        "duration": "00:00:00"
      }
    ],
    "tags": null,
    "original_filename": "https://raw.githubusercontent.com/sarkrui/Hairstyle60k/master/Dataset/Shoulder-Length_Hair/IMG_10.jpg",
    "duration": "00:00:00"
  },
  "recognize": null
}