{
  "media": {
    "media_uuid": "8fe6d39a-41a7-4315-9650-b67d29ee5ae1",
    "checksum": "bd55b9cecad505a7f8748558c7000ca294e131e5b5a430cae03a17396b02db17",
    "faces": [
      {
        "face_uuid": "05446018-1537-11e9-99c4-0cc47a6c4dbd",
        "media_uuid": "8fe6d39a-41a7-4315-9650-b67d29ee5ae1",
        "x": 246.93,
        "y": 249.7,
        "width": 152.76,
        "height": 208.6,
        "angle": 1.1663,
        "detection_score": 1.0,
        "points": [
          {
            "x": 207.53,
            "y": 234.17,
            "type": 512,
            "name": "basic eye left"
          },
          {
            "x": 281.73,
            "y": 232.66,
            "type": 768,
            "name": "basic eye right"
          },
          {
            "x": 191.31,
            "y": 234.61,
            "type": 1024,
            "name": "basic eye left outer"
          },
          {
            "x": 297.45,
            "y": 232.39,
            "type": 1280,
            "name": "basic eye right outer"
          },
          {
            "x": 223.71,
            "y": 235.39,
            "type": 1536,
            "name": "basic eye left inner"
          },
          {
            "x": 266.26,
            "y": 234.55,
            "type": 1792,
            "name": "basic eye right inner"
          },
          {
            "x": 219.51,
            "y": 316.92,
            "type": 2048,
            "name": "basic mouth left"
          },
          {
            "x": 273.24,
            "y": 315.1,
            "type": 2304,
            "name": "basic mouth right"
          },
          {
            "x": 249.13,
            "y": 284.18,
            "type": 2560,
            "name": "basic nose tip"
          },
          {
            "x": 246.69,
            "y": 316.72,
            "type": 2816,
            "name": "basic mouth center"
          },
          {
            "x": 246.69,
            "y": 316.72,
            "type": 3072,
            "name": "basic eyebrow left"
          },
          {
            "x": 246.69,
            "y": 316.72,
            "type": 3328,
            "name": "basic eyebrow left inner corner"
          },
          {
            "x": 246.69,
            "y": 316.72,
            "type": 3584,
            "name": "basic eyebrow left outer corner"
          },
          {
            "x": 246.69,
            "y": 316.72,
            "type": 3840,
            "name": "basic eyebrow right"
          },
          {
            "x": 246.69,
            "y": 316.72,
            "type": 4096,
            "name": "basic eyebrow right inner corner"
          },
          {
            "x": 246.69,
            "y": 316.72,
            "type": 4352,
            "name": "basic eyebrow right outer corner"
          },
          {
            "x": 246.69,
            "y": 316.72,
            "type": 4608,
            "name": "basic chin bottom"
          },
          {
            "x": 246.69,
            "y": 316.72,
            "type": 4864,
            "name": "basic chin left"
          },
          {
            "x": 246.69,
            "y": 316.72,
            "type": 5120,
            "name": "basic chin right"
          },
          {
            "x": 229.31,
            "y": 285.71,
            "type": 5376,
            "name": "basic nose left"
          },
          {
            "x": 265.57,
            "y": 284.8,
            "type": 5632,
            "name": "basic nose right"
          }
        ],
        "user_points": null,
        "tags": [
          {
            "name": "5oclock shadow",
            "value": "no",
            "confidence": 1.0
          },
          {
            "name": "age",
            "value": "21",
            "confidence": 0.6
          },
          {
            "name": "arched eyebrows",
            "value": "yes",
            "confidence": 0.15
          },
          {
            "name": "attractive",
            "value": "yes",
            "confidence": 1.0
          },
          {
            "name": "bags under eyes",
            "value": "no",
            "confidence": 1.0
          },
          {
            "name": "bald",
            "value": "no",
            "confidence": 0.96
          },
          {
            "name": "bangs",
            "value": "no",
            "confidence": 0.47
          },
          {
            "name": "beard",
            "value": "no",
            "confidence": 1.0
          },
          {
            "name": "big lips",
            "value": "no",
            "confidence": 0.25
          },
          {
            "name": "big nose",
            "value": "no",
            "confidence": 0.89
          },
          {
            "name": "black hair",
            "value": "yes",
            "confidence": 0.37
          },
          {
            "name": "blond hair",
            "value": "no",
            "confidence": 1.0
          },
          {
            "name": "blurry",
            "value": "no",
            "confidence": 1.0
          },
          {
            "name": "brown hair",
            "value": "no",
            "confidence": 0.39
          },
          {
            "name": "bushy eyebrows",
            "value": "yes",
            "confidence": 0.27
          },
          {
            "name": "chubby",
            "value": "no",
            "confidence": 0.97
          },
          {
            "name": "double chin",
            "value": "no",
            "confidence": 1.0
          },
          {
            "name": "expression",
            "value": "neutral",
            "confidence": 0.92
          },
          {
            "name": "gender",
            "value": "female",
            "confidence": 0.91
          },
          {
            "name": "glasses",
            "value": "no",
            "confidence": 1.0
          },
          {
            "name": "goatee",
            "value": "no",
            "confidence": 1.0
          },
          {
            "name": "gray hair",
            "value": "no",
            "confidence": 1.0
          },
          {
            "name": "heavy makeup",
            "value": "yes",
            "confidence": 0.61
          },
          {
            "name": "high cheekbones",
            "value": "no",
            "confidence": 0.93
          },
          {
            "name": "mouth open",
            "value": "no",
            "confidence": 1.0
          },
          {
            "name": "mustache",
            "value": "no",
            "confidence": 1.0
          },
          {
            "name": "narrow eyes",
            "value": "no",
            "confidence": 0.98
          },
          {
            "name": "oval face",
            "value": "yes",
            "confidence": 0.75
          },
          {
            "name": "pale skin",
            "value": "yes",
            "confidence": 0.74
          },
          {
            "name": "pitch",
            "value": "-8.75",
            "confidence": 1.0
          },
          {
            "name": "pointy nose",
            "value": "no",
            "confidence": 0.03
          },
          {
            "name": "race",
            "value": "white",
            "confidence": 1.0
          },
          {
            "name": "receding hairline",
            "value": "no",
            "confidence": 0.71
          },
          {
            "name": "rosy cheeks",
            "value": "no",
            "confidence": 0.81
          },
          {
            "name": "sideburns",
            "value": "no",
            "confidence": 1.0
          },
          {
            "name": "straight hair",
            "value": "yes",
            "confidence": 0.29
          },
          {
            "name": "wavy hair",
            "value": "no",
            "confidence": 0.22
          },
          {
            "name": "wearing earrings",
            "value": "no",
            "confidence": 0.29
          },
          {
            "name": "wearing hat",
            "value": "no",
            "confidence": 0.87
          },
          {
            "name": "wearing lipstick",
            "value": "yes",
            "confidence": 0.77
          },
          {
            "name": "wearing necklace",
            "value": "no",
            "confidence": 0.44
          },
          {
            "name": "wearing necktie",
            "value": "no",
            "confidence": 0.68
          },
          {
            "name": "yaw",
            "value": "-7.36",
            "confidence": 1.0
          },
          {
            "name": "young",
            "value": "yes",
            "confidence": 1.0
          }
        ],
        "person_id": "",
        "appearance_id": 0,
        "start": "00:00:00",
        "duration": "00:00:00"
      }
    ],
    "tags": null,
    "original_filename": "https://raw.githubusercontent.com/sarkrui/Hairstyle60k/master/Dataset/Shoulder-Length_Hair/IMG_20.jpg",
    "duration": "00:00:00"
  },
  "recognize": null
}