{
  "media": {
    "media_uuid": "5c93e24e-8aba-47fc-ba78-5c1092e1d860",
    "checksum": "185bd35e858f476a87aef855b450e1cab189a9f024d41767cad8e1bef680e53f",
    "faces": [
      {
        "face_uuid": "f5af3857-1536-11e9-99c4-0cc47a6c4dbd",
        "media_uuid": "5c93e24e-8aba-47fc-ba78-5c1092e1d860",
        "x": 158.0,
        "y": 161.5,
        "width": 122.07,
        "height": 147.82,
        "angle": 4.2105,
        "detection_score": 1.0,
        "points": [
          {
            "x": 130.75,
            "y": 142.91,
            "type": 512,
            "name": "basic eye left"
          },
          {
            "x": 190.89,
            "y": 138.49,
            "type": 768,
            "name": "basic eye right"
          },
          {
            "x": 117.93,
            "y": 144.16,
            "type": 1024,
            "name": "basic eye left outer"
          },
          {
            "x": 203.35,
            "y": 137.86,
            "type": 1280,
            "name": "basic eye right outer"
          },
          {
            "x": 143.26,
            "y": 143.63,
            "type": 1536,
            "name": "basic eye left inner"
          },
          {
            "x": 178.9,
            "y": 141.02,
            "type": 1792,
            "name": "basic eye right inner"
          },
          {
            "x": 145.4,
            "y": 205.73,
            "type": 2048,
            "name": "basic mouth left"
          },
          {
            "x": 185.79,
            "y": 203.01,
            "type": 2304,
            "name": "basic mouth right"
          },
          {
            "x": 165.16,
            "y": 176.21,
            "type": 2560,
            "name": "basic nose tip"
          },
          {
            "x": 165.84,
            "y": 204.71,
            "type": 2816,
            "name": "basic mouth center"
          },
          {
            "x": 165.84,
            "y": 204.71,
            "type": 3072,
            "name": "basic eyebrow left"
          },
          {
            "x": 165.84,
            "y": 204.71,
            "type": 3328,
            "name": "basic eyebrow left inner corner"
          },
          {
            "x": 165.84,
            "y": 204.71,
            "type": 3584,
            "name": "basic eyebrow left outer corner"
          },
          {
            "x": 165.84,
            "y": 204.71,
            "type": 3840,
            "name": "basic eyebrow right"
          },
          {
            "x": 165.84,
            "y": 204.71,
            "type": 4096,
            "name": "basic eyebrow right inner corner"
          },
          {
            "x": 165.84,
            "y": 204.71,
            "type": 4352,
            "name": "basic eyebrow right outer corner"
          },
          {
            "x": 165.84,
            "y": 204.71,
            "type": 4608,
            "name": "basic chin bottom"
          },
          {
            "x": 165.84,
            "y": 204.71,
            "type": 4864,
            "name": "basic chin left"
          },
          {
            "x": 165.84,
            "y": 204.71,
            "type": 5120,
            "name": "basic chin right"
          },
          {
            "x": 150.93,
            "y": 180.81,
            "type": 5376,
            "name": "basic nose left"
          },
          {
            "x": 178.28,
            "y": 178.77,
            "type": 5632,
            "name": "basic nose right"
          }
        ],
        "user_points": null,
        "tags": [
          {
            "name": "5oclock shadow",
            "value": "no",
            "confidence": 1.0
          },
          {
            "name": "age",
            "value": "20",
            "confidence": 0.6
          },
          {
            "name": "arched eyebrows",
            "value": "no",
            "confidence": 0.28
          },
          {
            "name": "attractive",
            "value": "yes",
            "confidence": 0.62
          },
          {
            "name": "bags under eyes",
            "value": "no",
            "confidence": 1.0
          },
          {
            "name": "bald",
            "value": "no",
            "confidence": 0.74
          },
          {
            "name": "bangs",
            "value": "yes",
            "confidence": 0.88
          },
          {
            "name": "beard",
            "value": "no",
            "confidence": 0.82
          },
          {
            "name": "big lips",
            "value": "no",
            "confidence": 0.39
          },
          {
            "name": "big nose",
            "value": "no",
            "confidence": 0.97
          },
          {
            "name": "black hair",
            "value": "no",
            "confidence": 0.29
          },
          {
            "name": "blond hair",
            "value": "no",
            "confidence": 0.77
          },
          {
            "name": "blurry",
            "value": "no",
            "confidence": 1.0
          },
          {
            "name": "brown hair",
            "value": "yes",
            "confidence": 0.26
          },
          {
            "name": "bushy eyebrows",
            "value": "no",
            "confidence": 0.35
          },
          {
            "name": "chubby",
            "value": "no",
            "confidence": 1.0
          },
          {
            "name": "double chin",
            "value": "no",
            "confidence": 1.0
          },
          {
            "name": "expression",
            "value": "neutral",
            "confidence": 0.83
          },
          {
            "name": "gender",
            "value": "female",
            "confidence": 0.78
          },
          {
            "name": "glasses",
            "value": "no",
            "confidence": 1.0
          },
          {
            "name": "goatee",
            "value": "no",
            "confidence": 0.73
          },
          {
            "name": "gray hair",
            "value": "no",
            "confidence": 1.0
          },
          {
            "name": "heavy makeup",
            "value": "yes",
            "confidence": 0.36
          },
          {
            "name": "high cheekbones",
            "value": "no",
            "confidence": 1.0
          },
          {
            "name": "mouth open",
            "value": "no",
            "confidence": 0.97
          },
          {
            "name": "mustache",
            "value": "no",
            "confidence": 0.82
          },
          {
            "name": "narrow eyes",
            "value": "no",
            "confidence": 0.85
          },
          {
            "name": "oval face",
            "value": "yes",
            "confidence": 0.77
          },
          {
            "name": "pale skin",
            "value": "yes",
            "confidence": 0.84
          },
          {
            "name": "pitch",
            "value": "-9.24",
            "confidence": 1.0
          },
          {
            "name": "pointy nose",
            "value": "no",
            "confidence": 0.55
          },
          {
            "name": "race",
            "value": "white",
            "confidence": 0.87
          },
          {
            "name": "receding hairline",
            "value": "no",
            "confidence": 0.97
          },
          {
            "name": "rosy cheeks",
            "value": "no",
            "confidence": 1.0
          },
          {
            "name": "sideburns",
            "value": "no",
            "confidence": 0.82
          },
          {
            "name": "straight hair",
            "value": "yes",
            "confidence": 0.84
          },
          {
            "name": "wavy hair",
            "value": "no",
            "confidence": 0.86
          },
          {
            "name": "wearing earrings",
            "value": "no",
            "confidence": 0.86
          },
          {
            "name": "wearing hat",
            "value": "no",
            "confidence": 0.57
          },
          {
            "name": "wearing lipstick",
            "value": "yes",
            "confidence": 0.49
          },
          {
            "name": "wearing necklace",
            "value": "no",
            "confidence": 0.56
          },
          {
            "name": "wearing necktie",
            "value": "no",
            "confidence": 0.8
          },
          {
            "name": "yaw",
            "value": "6.17",
            "confidence": 1.0
          },
          {
            "name": "young",
            "value": "yes",
            "confidence": 1.0
          }
        ],
        "person_id": "",
        "appearance_id": 0,
        "start": "00:00:00",
        "duration": "00:00:00"
      }
    ],
    "tags": null,
    "original_filename": "https://raw.githubusercontent.com/sarkrui/Hairstyle60k/master/Dataset/Shoulder-Length_Hair/IMG_1.jpg",
    "duration": "00:00:00"
  },
  "recognize": null
}