{
  "media": {
    "media_uuid": "31c2bf7f-4609-4274-a39c-2426a4ea705c",
    "checksum": "fe5978bdd10ae1ec226c92f9e36e533cda0d92c57568327fcad73bc4fabf36fa",
    "faces": [
      {
        "face_uuid": "0dc1a230-1537-11e9-99c4-0cc47a6c4dbd",
        "media_uuid": "31c2bf7f-4609-4274-a39c-2426a4ea705c",
        "x": 221.52,
        "y": 383.94,
        "width": 280.73,
        "height": 400.26,
        "angle": -22.0106,
        "detection_score": 1.0,
        "points": [
          {
            "x": 143.78,
            "y": 325.37,
            "type": 512,
            "name": "basic eye left"
          },
          {
            "x": 269.43,
            "y": 376.16,
            "type": 768,
            "name": "basic eye right"
          },
          {
            "x": 118.26,
            "y": 315.53,
            "type": 1024,
            "name": "basic eye left outer"
          },
          {
            "x": 298.73,
            "y": 389.03,
            "type": 1280,
            "name": "basic eye right outer"
          },
          {
            "x": 167.79,
            "y": 336.36,
            "type": 1536,
            "name": "basic eye left inner"
          },
          {
            "x": 239.39,
            "y": 365.0,
            "type": 1792,
            "name": "basic eye right inner"
          },
          {
            "x": 97.35,
            "y": 470.14,
            "type": 2048,
            "name": "basic mouth left"
          },
          {
            "x": 192.49,
            "y": 512.1,
            "type": 2304,
            "name": "basic mouth right"
          },
          {
            "x": 149.25,
            "y": 423.45,
            "type": 2560,
            "name": "basic nose tip"
          },
          {
            "x": 142.82,
            "y": 491.29,
            "type": 2816,
            "name": "basic mouth center"
          },
          {
            "x": 142.82,
            "y": 491.29,
            "type": 3072,
            "name": "basic eyebrow left"
          },
          {
            "x": 142.82,
            "y": 491.29,
            "type": 3328,
            "name": "basic eyebrow left inner corner"
          },
          {
            "x": 142.82,
            "y": 491.29,
            "type": 3584,
            "name": "basic eyebrow left outer corner"
          },
          {
            "x": 142.82,
            "y": 491.29,
            "type": 3840,
            "name": "basic eyebrow right"
          },
          {
            "x": 142.82,
            "y": 491.29,
            "type": 4096,
            "name": "basic eyebrow right inner corner"
          },
          {
            "x": 142.82,
            "y": 491.29,
            "type": 4352,
            "name": "basic eyebrow right outer corner"
          },
          {
            "x": 142.82,
            "y": 491.29,
            "type": 4608,
            "name": "basic chin bottom"
          },
          {
            "x": 142.82,
            "y": 491.29,
            "type": 4864,
            "name": "basic chin left"
          },
          {
            "x": 142.82,
            "y": 491.29,
            "type": 5120,
            "name": "basic chin right"
          },
          {
            "x": 125.83,
            "y": 418.5,
            "type": 5376,
            "name": "basic nose left"
          },
          {
            "x": 190.02,
            "y": 445.78,
            "type": 5632,
            "name": "basic nose right"
          }
        ],
        "user_points": null,
        "tags": [
          {
            "name": "5oclock shadow",
            "value": "yes",
            "confidence": 0.94
          },
          {
            "name": "age",
            "value": "23",
            "confidence": 0.6
          },
          {
            "name": "arched eyebrows",
            "value": "no",
            "confidence": 0.62
          },
          {
            "name": "attractive",
            "value": "yes",
            "confidence": 0.54
          },
          {
            "name": "bags under eyes",
            "value": "yes",
            "confidence": 0.77
          },
          {
            "name": "bald",
            "value": "no",
            "confidence": 1.0
          },
          {
            "name": "bangs",
            "value": "no",
            "confidence": 1.0
          },
          {
            "name": "beard",
            "value": "yes",
            "confidence": 0.51
          },
          {
            "name": "big lips",
            "value": "no",
            "confidence": 0.23
          },
          {
            "name": "big nose",
            "value": "yes",
            "confidence": 0.17
          },
          {
            "name": "black hair",
            "value": "yes",
            "confidence": 0.1
          },
          {
            "name": "blond hair",
            "value": "no",
            "confidence": 0.95
          },
          {
            "name": "blurry",
            "value": "no",
            "confidence": 1.0
          },
          {
            "name": "brown hair",
            "value": "no",
            "confidence": 0.05
          },
          {
            "name": "bushy eyebrows",
            "value": "yes",
            "confidence": 1.0
          },
          {
            "name": "chubby",
            "value": "no",
            "confidence": 1.0
          },
          {
            "name": "double chin",
            "value": "no",
            "confidence": 0.94
          },
          {
            "name": "expression",
            "value": "neutral",
            "confidence": 0.76
          },
          {
            "name": "gender",
            "value": "male",
            "confidence": 0.97
          },
          {
            "name": "glasses",
            "value": "no",
            "confidence": 1.0
          },
          {
            "name": "goatee",
            "value": "no",
            "confidence": 0.09
          },
          {
            "name": "gray hair",
            "value": "no",
            "confidence": 0.99
          },
          {
            "name": "heavy makeup",
            "value": "no",
            "confidence": 0.95
          },
          {
            "name": "high cheekbones",
            "value": "no",
            "confidence": 0.85
          },
          {
            "name": "mouth open",
            "value": "no",
            "confidence": 0.97
          },
          {
            "name": "mustache",
            "value": "no",
            "confidence": 0.04
          },
          {
            "name": "narrow eyes",
            "value": "no",
            "confidence": 0.32
          },
          {
            "name": "oval face",
            "value": "no",
            "confidence": 0.38
          },
          {
            "name": "pale skin",
            "value": "no",
            "confidence": 0.24
          },
          {
            "name": "pitch",
            "value": "-6.83",
            "confidence": 1.0
          },
          {
            "name": "pointy nose",
            "value": "yes",
            "confidence": 0.3
          },
          {
            "name": "race",
            "value": "white",
            "confidence": 1.0
          },
          {
            "name": "receding hairline",
            "value": "no",
            "confidence": 0.71
          },
          {
            "name": "rosy cheeks",
            "value": "no",
            "confidence": 1.0
          },
          {
            "name": "sideburns",
            "value": "yes",
            "confidence": 0.09
          },
          {
            "name": "straight hair",
            "value": "yes",
            "confidence": 0.56
          },
          {
            "name": "wavy hair",
            "value": "no",
            "confidence": 0.65
          },
          {
            "name": "wearing earrings",
            "value": "no",
            "confidence": 1.0
          },
          {
            "name": "wearing hat",
            "value": "no",
            "confidence": 1.0
          },
          {
            "name": "wearing lipstick",
            "value": "no",
            "confidence": 1.0
          },
          {
            "name": "wearing necklace",
            "value": "no",
            "confidence": 1.0
          },
          {
            "name": "wearing necktie",
            "value": "yes",
            "confidence": 0.5
          },
          {
            "name": "yaw",
            "value": "30.86",
            "confidence": 1.0
          },
          {
            "name": "young",
            "value": "yes",
            "confidence": 0.72
          }
        ],
        "person_id": "",
        "appearance_id": 0,
        "start": "00:00:00",
        "duration": "00:00:00"
      }
    ],
    "tags": null,
    "original_filename": "https://raw.githubusercontent.com/sarkrui/Hairstyle60k/master/Dataset/Side_Part/IMG_4.jpg",
    "duration": "00:00:00"
  },
  "recognize": null
}