{
  "media": {
    "media_uuid": "9f64ab96-abd5-47e3-ae1e-d2d0d70860c3",
    "checksum": "0fbb4d826112d09132a213f1ef1b3072c83dfc0d9164d0bf5c9ba6184faa92df",
    "faces": [
      {
        "face_uuid": "0f678b7f-1537-11e9-99c4-0cc47a6c4dbd",
        "media_uuid": "9f64ab96-abd5-47e3-ae1e-d2d0d70860c3",
        "x": 308.73,
        "y": 363.28,
        "width": 265.47,
        "height": 348.65,
        "angle": 3.112,
        "detection_score": 1.0,
        "points": [
          {
            "x": 229.18,
            "y": 328.04,
            "type": 512,
            "name": "basic eye left"
          },
          {
            "x": 356.85,
            "y": 321.1,
            "type": 768,
            "name": "basic eye right"
          },
          {
            "x": 201.76,
            "y": 329.89,
            "type": 1024,
            "name": "basic eye left outer"
          },
          {
            "x": 384.87,
            "y": 319.91,
            "type": 1280,
            "name": "basic eye right outer"
          },
          {
            "x": 256.43,
            "y": 328.1,
            "type": 1536,
            "name": "basic eye left inner"
          },
          {
            "x": 329.41,
            "y": 324.16,
            "type": 1792,
            "name": "basic eye right inner"
          },
          {
            "x": 253.6,
            "y": 463.84,
            "type": 2048,
            "name": "basic mouth left"
          },
          {
            "x": 350.1,
            "y": 457.99,
            "type": 2304,
            "name": "basic mouth right"
          },
          {
            "x": 294.21,
            "y": 407.74,
            "type": 2560,
            "name": "basic nose tip"
          },
          {
            "x": 301.59,
            "y": 462.33,
            "type": 2816,
            "name": "basic mouth center"
          },
          {
            "x": 301.59,
            "y": 462.33,
            "type": 3072,
            "name": "basic eyebrow left"
          },
          {
            "x": 301.59,
            "y": 462.33,
            "type": 3328,
            "name": "basic eyebrow left inner corner"
          },
          {
            "x": 301.59,
            "y": 462.33,
            "type": 3584,
            "name": "basic eyebrow left outer corner"
          },
          {
            "x": 301.59,
            "y": 462.33,
            "type": 3840,
            "name": "basic eyebrow right"
          },
          {
            "x": 301.59,
            "y": 462.33,
            "type": 4096,
            "name": "basic eyebrow right inner corner"
          },
          {
            "x": 301.59,
            "y": 462.33,
            "type": 4352,
            "name": "basic eyebrow right outer corner"
          },
          {
            "x": 301.59,
            "y": 462.33,
            "type": 4608,
            "name": "basic chin bottom"
          },
          {
            "x": 301.59,
            "y": 462.33,
            "type": 4864,
            "name": "basic chin left"
          },
          {
            "x": 301.59,
            "y": 462.33,
            "type": 5120,
            "name": "basic chin right"
          },
          {
            "x": 263.81,
            "y": 408.33,
            "type": 5376,
            "name": "basic nose left"
          },
          {
            "x": 328.33,
            "y": 404.73,
            "type": 5632,
            "name": "basic nose right"
          }
        ],
        "user_points": null,
        "tags": [
          {
            "name": "5oclock shadow",
            "value": "yes",
            "confidence": 0.96
          },
          {
            "name": "age",
            "value": "26",
            "confidence": 0.6
          },
          {
            "name": "arched eyebrows",
            "value": "no",
            "confidence": 0.62
          },
          {
            "name": "attractive",
            "value": "yes",
            "confidence": 0.78
          },
          {
            "name": "bags under eyes",
            "value": "no",
            "confidence": 0.01
          },
          {
            "name": "bald",
            "value": "no",
            "confidence": 1.0
          },
          {
            "name": "bangs",
            "value": "no",
            "confidence": 1.0
          },
          {
            "name": "beard",
            "value": "yes",
            "confidence": 0.7
          },
          {
            "name": "big lips",
            "value": "no",
            "confidence": 0.18
          },
          {
            "name": "big nose",
            "value": "no",
            "confidence": 0.15
          },
          {
            "name": "black hair",
            "value": "yes",
            "confidence": 0.47
          },
          {
            "name": "blond hair",
            "value": "no",
            "confidence": 0.92
          },
          {
            "name": "blurry",
            "value": "no",
            "confidence": 1.0
          },
          {
            "name": "brown hair",
            "value": "no",
            "confidence": 0.29
          },
          {
            "name": "bushy eyebrows",
            "value": "yes",
            "confidence": 0.95
          },
          {
            "name": "chubby",
            "value": "no",
            "confidence": 1.0
          },
          {
            "name": "double chin",
            "value": "no",
            "confidence": 1.0
          },
          {
            "name": "expression",
            "value": "neutral",
            "confidence": 1.0
          },
          {
            "name": "gender",
            "value": "male",
            "confidence": 1.0
          },
          {
            "name": "glasses",
            "value": "no",
            "confidence": 1.0
          },
          {
            "name": "goatee",
            "value": "yes",
            "confidence": 0.22
          },
          {
            "name": "gray hair",
            "value": "no",
            "confidence": 1.0
          },
          {
            "name": "heavy makeup",
            "value": "no",
            "confidence": 1.0
          },
          {
            "name": "high cheekbones",
            "value": "no",
            "confidence": 1.0
          },
          {
            "name": "mouth open",
            "value": "no",
            "confidence": 0.9
          },
          {
            "name": "mustache",
            "value": "yes",
            "confidence": 0.17
          },
          {
            "name": "narrow eyes",
            "value": "no",
            "confidence": 0.64
          },
          {
            "name": "oval face",
            "value": "no",
            "confidence": 0.1
          },
          {
            "name": "pale skin",
            "value": "no",
            "confidence": 0.0
          },
          {
            "name": "pitch",
            "value": "-10.27",
            "confidence": 1.0
          },
          {
            "name": "pointy nose",
            "value": "no",
            "confidence": 0.26
          },
          {
            "name": "race",
            "value": "white",
            "confidence": 0.94
          },
          {
            "name": "receding hairline",
            "value": "no",
            "confidence": 0.91
          },
          {
            "name": "rosy cheeks",
            "value": "no",
            "confidence": 1.0
          },
          {
            "name": "sideburns",
            "value": "yes",
            "confidence": 0.32
          },
          {
            "name": "straight hair",
            "value": "yes",
            "confidence": 0.72
          },
          {
            "name": "wavy hair",
            "value": "no",
            "confidence": 0.84
          },
          {
            "name": "wearing earrings",
            "value": "no",
            "confidence": 1.0
          },
          {
            "name": "wearing hat",
            "value": "no",
            "confidence": 0.82
          },
          {
            "name": "wearing lipstick",
            "value": "no",
            "confidence": 0.99
          },
          {
            "name": "wearing necklace",
            "value": "no",
            "confidence": 1.0
          },
          {
            "name": "wearing necktie",
            "value": "yes",
            "confidence": 0.2
          },
          {
            "name": "yaw",
            "value": "2.58",
            "confidence": 1.0
          },
          {
            "name": "young",
            "value": "yes",
            "confidence": 1.0
          }
        ],
        "person_id": "",
        "appearance_id": 0,
        "start": "00:00:00",
        "duration": "00:00:00"
      }
    ],
    "tags": null,
    "original_filename": "https://raw.githubusercontent.com/sarkrui/Hairstyle60k/master/Dataset/Side_Part/IMG_5.jpg",
    "duration": "00:00:00"
  },
  "recognize": null
}