{
  "media": {
    "media_uuid": "b31db9c3-63a4-40f9-92e5-047145586c9f",
    "checksum": "aa9639c892736418ec9a348eb298e993374ca5301e341637d1c4b65714979178",
    "faces": [
      {
        "face_uuid": "23276a39-1537-11e9-99c4-0cc47a6c4dbd",
        "media_uuid": "b31db9c3-63a4-40f9-92e5-047145586c9f",
        "x": 170.4,
        "y": 222.83,
        "width": 157.42,
        "height": 209.2,
        "angle": 0.9455,
        "detection_score": 1.0,
        "points": [
          {
            "x": 128.85,
            "y": 196.72,
            "type": 512,
            "name": "basic eye left"
          },
          {
            "x": 204.01,
            "y": 195.48,
            "type": 768,
            "name": "basic eye right"
          },
          {
            "x": 112.37,
            "y": 197.5,
            "type": 1024,
            "name": "basic eye left outer"
          },
          {
            "x": 220.08,
            "y": 195.69,
            "type": 1280,
            "name": "basic eye right outer"
          },
          {
            "x": 145.08,
            "y": 197.23,
            "type": 1536,
            "name": "basic eye left inner"
          },
          {
            "x": 188.3,
            "y": 196.56,
            "type": 1792,
            "name": "basic eye right inner"
          },
          {
            "x": 141.49,
            "y": 279.22,
            "type": 2048,
            "name": "basic mouth left"
          },
          {
            "x": 194.77,
            "y": 278.16,
            "type": 2304,
            "name": "basic mouth right"
          },
          {
            "x": 169.45,
            "y": 240.86,
            "type": 2560,
            "name": "basic nose tip"
          },
          {
            "x": 168.39,
            "y": 278.7,
            "type": 2816,
            "name": "basic mouth center"
          },
          {
            "x": 168.39,
            "y": 278.7,
            "type": 3072,
            "name": "basic eyebrow left"
          },
          {
            "x": 168.39,
            "y": 278.7,
            "type": 3328,
            "name": "basic eyebrow left inner corner"
          },
          {
            "x": 168.39,
            "y": 278.7,
            "type": 3584,
            "name": "basic eyebrow left outer corner"
          },
          {
            "x": 168.39,
            "y": 278.7,
            "type": 3840,
            "name": "basic eyebrow right"
          },
          {
            "x": 168.39,
            "y": 278.7,
            "type": 4096,
            "name": "basic eyebrow right inner corner"
          },
          {
            "x": 168.39,
            "y": 278.7,
            "type": 4352,
            "name": "basic eyebrow right outer corner"
          },
          {
            "x": 168.39,
            "y": 278.7,
            "type": 4608,
            "name": "basic chin bottom"
          },
          {
            "x": 168.39,
            "y": 278.7,
            "type": 4864,
            "name": "basic chin left"
          },
          {
            "x": 168.39,
            "y": 278.7,
            "type": 5120,
            "name": "basic chin right"
          },
          {
            "x": 149.95,
            "y": 244.51,
            "type": 5376,
            "name": "basic nose left"
          },
          {
            "x": 186.99,
            "y": 243.74,
            "type": 5632,
            "name": "basic nose right"
          }
        ],
        "user_points": null,
        "tags": [
          {
            "name": "5oclock shadow",
            "value": "yes",
            "confidence": 0.54
          },
          {
            "name": "age",
            "value": "33",
            "confidence": 0.6
          },
          {
            "name": "arched eyebrows",
            "value": "no",
            "confidence": 0.7
          },
          {
            "name": "attractive",
            "value": "yes",
            "confidence": 0.42
          },
          {
            "name": "bags under eyes",
            "value": "yes",
            "confidence": 0.39
          },
          {
            "name": "bald",
            "value": "no",
            "confidence": 0.86
          },
          {
            "name": "bangs",
            "value": "no",
            "confidence": 0.83
          },
          {
            "name": "beard",
            "value": "yes",
            "confidence": 0.2
          },
          {
            "name": "big lips",
            "value": "no",
            "confidence": 0.36
          },
          {
            "name": "big nose",
            "value": "no",
            "confidence": 0.0
          },
          {
            "name": "black hair",
            "value": "yes",
            "confidence": 0.64
          },
          {
            "name": "blond hair",
            "value": "no",
            "confidence": 0.85
          },
          {
            "name": "blurry",
            "value": "no",
            "confidence": 1.0
          },
          {
            "name": "brown hair",
            "value": "no",
            "confidence": 0.77
          },
          {
            "name": "bushy eyebrows",
            "value": "yes",
            "confidence": 1.0
          },
          {
            "name": "chubby",
            "value": "no",
            "confidence": 0.96
          },
          {
            "name": "double chin",
            "value": "no",
            "confidence": 1.0
          },
          {
            "name": "expression",
            "value": "neutral",
            "confidence": 0.98
          },
          {
            "name": "gender",
            "value": "male",
            "confidence": 1.0
          },
          {
            "name": "glasses",
            "value": "no",
            "confidence": 1.0
          },
          {
            "name": "goatee",
            "value": "no",
            "confidence": 0.33
          },
          {
            "name": "gray hair",
            "value": "no",
            "confidence": 0.97
          },
          {
            "name": "heavy makeup",
            "value": "no",
            "confidence": 0.9
          },
          {
            "name": "high cheekbones",
            "value": "no",
            "confidence": 0.98
          },
          {
            "name": "mouth open",
            "value": "no",
            "confidence": 0.78
          },
          {
            "name": "mustache",
            "value": "no",
            "confidence": 0.12
          },
          {
            "name": "narrow eyes",
            "value": "no",
            "confidence": 0.91
          },
          {
            "name": "oval face",
            "value": "no",
            "confidence": 0.08
          },
          {
            "name": "pale skin",
            "value": "yes",
            "confidence": 0.35
          },
          {
            "name": "pitch",
            "value": "-10.87",
            "confidence": 1.0
          },
          {
            "name": "pointy nose",
            "value": "no",
            "confidence": 0.04
          },
          {
            "name": "race",
            "value": "white",
            "confidence": 0.95
          },
          {
            "name": "receding hairline",
            "value": "no",
            "confidence": 0.69
          },
          {
            "name": "rosy cheeks",
            "value": "no",
            "confidence": 1.0
          },
          {
            "name": "sideburns",
            "value": "no",
            "confidence": 0.24
          },
          {
            "name": "straight hair",
            "value": "yes",
            "confidence": 0.75
          },
          {
            "name": "wavy hair",
            "value": "no",
            "confidence": 1.0
          },
          {
            "name": "wearing earrings",
            "value": "no",
            "confidence": 1.0
          },
          {
            "name": "wearing hat",
            "value": "no",
            "confidence": 0.93
          },
          {
            "name": "wearing lipstick",
            "value": "no",
            "confidence": 0.9
          },
          {
            "name": "wearing necklace",
            "value": "no",
            "confidence": 1.0
          },
          {
            "name": "wearing necktie",
            "value": "yes",
            "confidence": 0.47
          },
          {
            "name": "yaw",
            "value": "-1.44",
            "confidence": 1.0
          },
          {
            "name": "young",
            "value": "yes",
            "confidence": 0.75
          }
        ],
        "person_id": "",
        "appearance_id": 0,
        "start": "00:00:00",
        "duration": "00:00:00"
      },
      {
        "face_uuid": "23789a66-1537-11e9-99c4-0cc47a6c4dbd",
        "media_uuid": "b31db9c3-63a4-40f9-92e5-047145586c9f",
        "x": 530.31,
        "y": 212.45,
        "width": 188.81,
        "height": 228.9,
        "angle": 22.5263,
        "detection_score": 0.73,
        "points": [
          {
            "x": 476.39,
            "y": 185.05,
            "type": 512,
            "name": "basic eye left"
          },
          {
            "x": 560.26,
            "y": 150.27,
            "type": 768,
            "name": "basic eye right"
          },
          {
            "x": 457.54,
            "y": 192.82,
            "type": 1024,
            "name": "basic eye left outer"
          },
          {
            "x": 577.5,
            "y": 143.47,
            "type": 1280,
            "name": "basic eye right outer"
          },
          {
            "x": 494.81,
            "y": 178.93,
            "type": 1536,
            "name": "basic eye left inner"
          },
          {
            "x": 544.26,
            "y": 158.43,
            "type": 1792,
            "name": "basic eye right inner"
          },
          {
            "x": 509.51,
            "y": 259.4,
            "type": 2048,
            "name": "basic mouth left"
          },
          {
            "x": 574.68,
            "y": 236.37,
            "type": 2304,
            "name": "basic mouth right"
          },
          {
            "x": 544.65,
            "y": 208.93,
            "type": 2560,
            "name": "basic nose tip"
          },
          {
            "x": 543.15,
            "y": 247.31,
            "type": 2816,
            "name": "basic mouth center"
          },
          {
            "x": 543.15,
            "y": 247.31,
            "type": 3072,
            "name": "basic eyebrow left"
          },
          {
            "x": 543.15,
            "y": 247.31,
            "type": 3328,
            "name": "basic eyebrow left inner corner"
          },
          {
            "x": 543.15,
            "y": 247.31,
            "type": 3584,
            "name": "basic eyebrow left outer corner"
          },
          {
            "x": 543.15,
            "y": 247.31,
            "type": 3840,
            "name": "basic eyebrow right"
          },
          {
            "x": 543.15,
            "y": 247.31,
            "type": 4096,
            "name": "basic eyebrow right inner corner"
          },
          {
            "x": 543.15,
            "y": 247.31,
            "type": 4352,
            "name": "basic eyebrow right outer corner"
          },
          {
            "x": 543.15,
            "y": 247.31,
            "type": 4608,
            "name": "basic chin bottom"
          },
          {
            "x": 543.15,
            "y": 247.31,
            "type": 4864,
            "name": "basic chin left"
          },
          {
            "x": 543.15,
            "y": 247.31,
            "type": 5120,
            "name": "basic chin right"
          },
          {
            "x": 518.69,
            "y": 223.87,
            "type": 5376,
            "name": "basic nose left"
          },
          {
            "x": 562.36,
            "y": 206.6,
            "type": 5632,
            "name": "basic nose right"
          }
        ],
        "user_points": null,
        "tags": [
          {
            "name": "5oclock shadow",
            "value": "no",
            "confidence": 1.0
          },
          {
            "name": "age",
            "value": "29",
            "confidence": 0.6
          },
          {
            "name": "arched eyebrows",
            "value": "no",
            "confidence": 0.9
          },
          {
            "name": "attractive",
            "value": "no",
            "confidence": 0.83
          },
          {
            "name": "bags under eyes",
            "value": "no",
            "confidence": 0.78
          },
          {
            "name": "bald",
            "value": "no",
            "confidence": 0.14
          },
          {
            "name": "bangs",
            "value": "no",
            "confidence": 0.37
          },
          {
            "name": "beard",
            "value": "no",
            "confidence": 0.53
          },
          {
            "name": "big lips",
            "value": "no",
            "confidence": 0.11
          },
          {
            "name": "big nose",
            "value": "no",
            "confidence": 0.36
          },
          {
            "name": "black hair",
            "value": "no",
            "confidence": 0.11
          },
          {
            "name": "blond hair",
            "value": "no",
            "confidence": 0.96
          },
          {
            "name": "blurry",
            "value": "yes",
            "confidence": 0.42
          },
          {
            "name": "brown hair",
            "value": "no",
            "confidence": 0.73
          },
          {
            "name": "bushy eyebrows",
            "value": "no",
            "confidence": 0.84
          },
          {
            "name": "chubby",
            "value": "no",
            "confidence": 0.29
          },
          {
            "name": "double chin",
            "value": "no",
            "confidence": 0.58
          },
          {
            "name": "expression",
            "value": "neutral",
            "confidence": 0.65
          },
          {
            "name": "gender",
            "value": "female",
            "confidence": 0.04
          },
          {
            "name": "glasses",
            "value": "no",
            "confidence": 1.0
          },
          {
            "name": "goatee",
            "value": "no",
            "confidence": 0.71
          },
          {
            "name": "gray hair",
            "value": "no",
            "confidence": 0.49
          },
          {
            "name": "heavy makeup",
            "value": "no",
            "confidence": 0.74
          },
          {
            "name": "high cheekbones",
            "value": "no",
            "confidence": 0.31
          },
          {
            "name": "mouth open",
            "value": "no",
            "confidence": 0.09
          },
          {
            "name": "mustache",
            "value": "no",
            "confidence": 0.52
          },
          {
            "name": "narrow eyes",
            "value": "no",
            "confidence": 0.19
          },
          {
            "name": "oval face",
            "value": "yes",
            "confidence": 0.06
          },
          {
            "name": "pale skin",
            "value": "yes",
            "confidence": 0.37
          },
          {
            "name": "pitch",
            "value": "-6.76",
            "confidence": 1.0
          },
          {
            "name": "pointy nose",
            "value": "no",
            "confidence": 0.75
          },
          {
            "name": "race",
            "value": "asian",
            "confidence": 0.92
          },
          {
            "name": "receding hairline",
            "value": "no",
            "confidence": 0.03
          },
          {
            "name": "rosy cheeks",
            "value": "no",
            "confidence": 1.0
          },
          {
            "name": "sideburns",
            "value": "no",
            "confidence": 0.96
          },
          {
            "name": "straight hair",
            "value": "no",
            "confidence": 0.76
          },
          {
            "name": "wavy hair",
            "value": "no",
            "confidence": 0.53
          },
          {
            "name": "wearing earrings",
            "value": "no",
            "confidence": 0.38
          },
          {
            "name": "wearing hat",
            "value": "yes",
            "confidence": 0.07
          },
          {
            "name": "wearing lipstick",
            "value": "no",
            "confidence": 0.64
          },
          {
            "name": "wearing necklace",
            "value": "no",
            "confidence": 0.75
          },
          {
            "name": "wearing necktie",
            "value": "no",
            "confidence": 0.8
          },
          {
            "name": "yaw",
            "value": "-23.86",
            "confidence": 1.0
          },
          {
            "name": "young",
            "value": "yes",
            "confidence": 0.14
          }
        ],
        "person_id": "",
        "appearance_id": 0,
        "start": "00:00:00",
        "duration": "00:00:00"
      }
    ],
    "tags": null,
    "original_filename": "https://raw.githubusercontent.com/sarkrui/Hairstyle60k/master/Dataset/Side_Part/IMG_21.jpg",
    "duration": "00:00:00"
  },
  "recognize": null
}