{
  "media": {
    "media_uuid": "1885e09a-2a98-47ca-9174-a08ea6408176",
    "checksum": "52cffc696169cba2d85b09f5f6bff00e7c9d4ee428b698a5fb44cbbc12d329ad",
    "faces": [
      {
        "face_uuid": "21cb21a6-1537-11e9-99c4-0cc47a6c4dbd",
        "media_uuid": "1885e09a-2a98-47ca-9174-a08ea6408176",
        "x": 177.5,
        "y": 299.0,
        "width": 220.69,
        "height": 307.63,
        "angle": 2.3844,
        "detection_score": 1.0,
        "points": [
          {
            "x": 153.95,
            "y": 276.36,
            "type": 512,
            "name": "basic eye left"
          },
          {
            "x": 262.25,
            "y": 271.85,
            "type": 768,
            "name": "basic eye right"
          },
          {
            "x": 129.28,
            "y": 277.75,
            "type": 1024,
            "name": "basic eye left outer"
          },
          {
            "x": 285.17,
            "y": 271.03,
            "type": 1280,
            "name": "basic eye right outer"
          },
          {
            "x": 177.53,
            "y": 275.7,
            "type": 1536,
            "name": "basic eye left inner"
          },
          {
            "x": 239.41,
            "y": 273.23,
            "type": 1792,
            "name": "basic eye right inner"
          },
          {
            "x": 183.41,
            "y": 391.56,
            "type": 2048,
            "name": "basic mouth left"
          },
          {
            "x": 265.16,
            "y": 385.49,
            "type": 2304,
            "name": "basic mouth right"
          },
          {
            "x": 227.3,
            "y": 344.58,
            "type": 2560,
            "name": "basic nose tip"
          },
          {
            "x": 225.79,
            "y": 388.61,
            "type": 2816,
            "name": "basic mouth center"
          },
          {
            "x": 225.79,
            "y": 388.61,
            "type": 3072,
            "name": "basic eyebrow left"
          },
          {
            "x": 225.79,
            "y": 388.61,
            "type": 3328,
            "name": "basic eyebrow left inner corner"
          },
          {
            "x": 225.79,
            "y": 388.61,
            "type": 3584,
            "name": "basic eyebrow left outer corner"
          },
          {
            "x": 225.79,
            "y": 388.61,
            "type": 3840,
            "name": "basic eyebrow right"
          },
          {
            "x": 225.79,
            "y": 388.61,
            "type": 4096,
            "name": "basic eyebrow right inner corner"
          },
          {
            "x": 225.79,
            "y": 388.61,
            "type": 4352,
            "name": "basic eyebrow right outer corner"
          },
          {
            "x": 225.79,
            "y": 388.61,
            "type": 4608,
            "name": "basic chin bottom"
          },
          {
            "x": 225.79,
            "y": 388.61,
            "type": 4864,
            "name": "basic chin left"
          },
          {
            "x": 225.79,
            "y": 388.61,
            "type": 5120,
            "name": "basic chin right"
          },
          {
            "x": 193.6,
            "y": 350.41,
            "type": 5376,
            "name": "basic nose left"
          },
          {
            "x": 249.49,
            "y": 346.34,
            "type": 5632,
            "name": "basic nose right"
          }
        ],
        "user_points": null,
        "tags": [
          {
            "name": "5oclock shadow",
            "value": "yes",
            "confidence": 0.81
          },
          {
            "name": "age",
            "value": "27",
            "confidence": 0.6
          },
          {
            "name": "arched eyebrows",
            "value": "no",
            "confidence": 0.94
          },
          {
            "name": "attractive",
            "value": "no",
            "confidence": 0.35
          },
          {
            "name": "bags under eyes",
            "value": "no",
            "confidence": 0.3
          },
          {
            "name": "bald",
            "value": "no",
            "confidence": 0.82
          },
          {
            "name": "bangs",
            "value": "no",
            "confidence": 1.0
          },
          {
            "name": "beard",
            "value": "yes",
            "confidence": 0.97
          },
          {
            "name": "big lips",
            "value": "no",
            "confidence": 0.55
          },
          {
            "name": "big nose",
            "value": "no",
            "confidence": 0.27
          },
          {
            "name": "black hair",
            "value": "no",
            "confidence": 0.57
          },
          {
            "name": "blond hair",
            "value": "no",
            "confidence": 0.65
          },
          {
            "name": "blurry",
            "value": "no",
            "confidence": 0.12
          },
          {
            "name": "brown hair",
            "value": "yes",
            "confidence": 0.35
          },
          {
            "name": "bushy eyebrows",
            "value": "yes",
            "confidence": 0.35
          },
          {
            "name": "chubby",
            "value": "no",
            "confidence": 0.62
          },
          {
            "name": "double chin",
            "value": "no",
            "confidence": 1.0
          },
          {
            "name": "expression",
            "value": "neutral",
            "confidence": 0.85
          },
          {
            "name": "gender",
            "value": "male",
            "confidence": 1.0
          },
          {
            "name": "glasses",
            "value": "no",
            "confidence": 1.0
          },
          {
            "name": "goatee",
            "value": "yes",
            "confidence": 0.71
          },
          {
            "name": "gray hair",
            "value": "no",
            "confidence": 1.0
          },
          {
            "name": "heavy makeup",
            "value": "no",
            "confidence": 0.92
          },
          {
            "name": "high cheekbones",
            "value": "no",
            "confidence": 0.88
          },
          {
            "name": "mouth open",
            "value": "no",
            "confidence": 0.86
          },
          {
            "name": "mustache",
            "value": "yes",
            "confidence": 0.58
          },
          {
            "name": "narrow eyes",
            "value": "yes",
            "confidence": 0.03
          },
          {
            "name": "oval face",
            "value": "no",
            "confidence": 0.36
          },
          {
            "name": "pale skin",
            "value": "no",
            "confidence": 0.77
          },
          {
            "name": "pitch",
            "value": "-6.1",
            "confidence": 1.0
          },
          {
            "name": "pointy nose",
            "value": "no",
            "confidence": 0.46
          },
          {
            "name": "race",
            "value": "asian",
            "confidence": 0.82
          },
          {
            "name": "receding hairline",
            "value": "no",
            "confidence": 0.77
          },
          {
            "name": "rosy cheeks",
            "value": "no",
            "confidence": 1.0
          },
          {
            "name": "sideburns",
            "value": "yes",
            "confidence": 0.71
          },
          {
            "name": "straight hair",
            "value": "yes",
            "confidence": 0.07
          },
          {
            "name": "wavy hair",
            "value": "no",
            "confidence": 0.45
          },
          {
            "name": "wearing earrings",
            "value": "no",
            "confidence": 0.9
          },
          {
            "name": "wearing hat",
            "value": "no",
            "confidence": 0.45
          },
          {
            "name": "wearing lipstick",
            "value": "no",
            "confidence": 1.0
          },
          {
            "name": "wearing necklace",
            "value": "no",
            "confidence": 0.99
          },
          {
            "name": "wearing necktie",
            "value": "no",
            "confidence": 0.37
          },
          {
            "name": "yaw",
            "value": "-26.55",
            "confidence": 1.0
          },
          {
            "name": "young",
            "value": "yes",
            "confidence": 0.51
          }
        ],
        "person_id": "",
        "appearance_id": 0,
        "start": "00:00:00",
        "duration": "00:00:00"
      }
    ],
    "tags": null,
    "original_filename": "https://raw.githubusercontent.com/sarkrui/Hairstyle60k/master/Dataset/Side_Part/IMG_20.jpg",
    "duration": "00:00:00"
  },
  "recognize": null
}