{
  "media": {
    "media_uuid": "0558474e-1d34-4f25-99e8-da25f5417fd0",
    "checksum": "e26fb1d82b5efea86163b100d08bc4e3def9c5fd1254cea4e759f24156c7daf5",
    "faces": [
      {
        "face_uuid": "1cf01931-1537-11e9-99c4-0cc47a6c4dbd",
        "media_uuid": "0558474e-1d34-4f25-99e8-da25f5417fd0",
        "x": 352.81,
        "y": 513.24,
        "width": 357.63,
        "height": 490.51,
        "angle": -0.2644,
        "detection_score": 0.99,
        "points": [
          {
            "x": 261.98,
            "y": 468.39,
            "type": 512,
            "name": "basic eye left"
          },
          {
            "x": 430.81,
            "y": 469.17,
            "type": 768,
            "name": "basic eye right"
          },
          {
            "x": 224.82,
            "y": 468.52,
            "type": 1024,
            "name": "basic eye left outer"
          },
          {
            "x": 467.24,
            "y": 469.52,
            "type": 1280,
            "name": "basic eye right outer"
          },
          {
            "x": 298.95,
            "y": 470.98,
            "type": 1536,
            "name": "basic eye left inner"
          },
          {
            "x": 394.92,
            "y": 471.51,
            "type": 1792,
            "name": "basic eye right inner"
          },
          {
            "x": 282.26,
            "y": 655.26,
            "type": 2048,
            "name": "basic mouth left"
          },
          {
            "x": 414.92,
            "y": 654.29,
            "type": 2304,
            "name": "basic mouth right"
          },
          {
            "x": 350.51,
            "y": 582.58,
            "type": 2560,
            "name": "basic nose tip"
          },
          {
            "x": 348.95,
            "y": 656.93,
            "type": 2816,
            "name": "basic mouth center"
          },
          {
            "x": 348.95,
            "y": 656.93,
            "type": 3072,
            "name": "basic eyebrow left"
          },
          {
            "x": 348.95,
            "y": 656.93,
            "type": 3328,
            "name": "basic eyebrow left inner corner"
          },
          {
            "x": 348.95,
            "y": 656.93,
            "type": 3584,
            "name": "basic eyebrow left outer corner"
          },
          {
            "x": 348.95,
            "y": 656.93,
            "type": 3840,
            "name": "basic eyebrow right"
          },
          {
            "x": 348.95,
            "y": 656.93,
            "type": 4096,
            "name": "basic eyebrow right inner corner"
          },
          {
            "x": 348.95,
            "y": 656.93,
            "type": 4352,
            "name": "basic eyebrow right outer corner"
          },
          {
            "x": 348.95,
            "y": 656.93,
            "type": 4608,
            "name": "basic chin bottom"
          },
          {
            "x": 348.95,
            "y": 656.93,
            "type": 4864,
            "name": "basic chin left"
          },
          {
            "x": 348.95,
            "y": 656.93,
            "type": 5120,
            "name": "basic chin right"
          },
          {
            "x": 305.74,
            "y": 583.39,
            "type": 5376,
            "name": "basic nose left"
          },
          {
            "x": 391.47,
            "y": 583.36,
            "type": 5632,
            "name": "basic nose right"
          }
        ],
        "user_points": null,
        "tags": [
          {
            "name": "5oclock shadow",
            "value": "yes",
            "confidence": 0.63
          },
          {
            "name": "age",
            "value": "37",
            "confidence": 0.6
          },
          {
            "name": "arched eyebrows",
            "value": "no",
            "confidence": 0.81
          },
          {
            "name": "attractive",
            "value": "yes",
            "confidence": 0.06
          },
          {
            "name": "bags under eyes",
            "value": "yes",
            "confidence": 0.3
          },
          {
            "name": "bald",
            "value": "no",
            "confidence": 0.63
          },
          {
            "name": "bangs",
            "value": "no",
            "confidence": 0.6
          },
          {
            "name": "beard",
            "value": "yes",
            "confidence": 0.7
          },
          {
            "name": "big lips",
            "value": "no",
            "confidence": 0.15
          },
          {
            "name": "big nose",
            "value": "yes",
            "confidence": 0.36
          },
          {
            "name": "black hair",
            "value": "yes",
            "confidence": 0.08
          },
          {
            "name": "blond hair",
            "value": "no",
            "confidence": 0.84
          },
          {
            "name": "blurry",
            "value": "no",
            "confidence": 0.98
          },
          {
            "name": "brown hair",
            "value": "no",
            "confidence": 0.5
          },
          {
            "name": "bushy eyebrows",
            "value": "yes",
            "confidence": 0.15
          },
          {
            "name": "chubby",
            "value": "no",
            "confidence": 0.51
          },
          {
            "name": "double chin",
            "value": "no",
            "confidence": 0.77
          },
          {
            "name": "expression",
            "value": "neutral",
            "confidence": 0.98
          },
          {
            "name": "gender",
            "value": "male",
            "confidence": 1.0
          },
          {
            "name": "glasses",
            "value": "no",
            "confidence": 1.0
          },
          {
            "name": "goatee",
            "value": "yes",
            "confidence": 0.23
          },
          {
            "name": "gray hair",
            "value": "no",
            "confidence": 0.73
          },
          {
            "name": "heavy makeup",
            "value": "no",
            "confidence": 0.98
          },
          {
            "name": "high cheekbones",
            "value": "no",
            "confidence": 1.0
          },
          {
            "name": "mouth open",
            "value": "no",
            "confidence": 0.85
          },
          {
            "name": "mustache",
            "value": "yes",
            "confidence": 0.31
          },
          {
            "name": "narrow eyes",
            "value": "no",
            "confidence": 0.3
          },
          {
            "name": "oval face",
            "value": "no",
            "confidence": 0.42
          },
          {
            "name": "pale skin",
            "value": "yes",
            "confidence": 0.67
          },
          {
            "name": "pitch",
            "value": "-9.59",
            "confidence": 1.0
          },
          {
            "name": "pointy nose",
            "value": "no",
            "confidence": 0.45
          },
          {
            "name": "race",
            "value": "white",
            "confidence": 1.0
          },
          {
            "name": "receding hairline",
            "value": "no",
            "confidence": 0.61
          },
          {
            "name": "rosy cheeks",
            "value": "no",
            "confidence": 1.0
          },
          {
            "name": "sideburns",
            "value": "yes",
            "confidence": 0.33
          },
          {
            "name": "straight hair",
            "value": "yes",
            "confidence": 0.23
          },
          {
            "name": "wavy hair",
            "value": "no",
            "confidence": 0.71
          },
          {
            "name": "wearing earrings",
            "value": "no",
            "confidence": 1.0
          },
          {
            "name": "wearing hat",
            "value": "no",
            "confidence": 0.44
          },
          {
            "name": "wearing lipstick",
            "value": "no",
            "confidence": 0.96
          },
          {
            "name": "wearing necklace",
            "value": "no",
            "confidence": 1.0
          },
          {
            "name": "wearing necktie",
            "value": "yes",
            "confidence": 0.22
          },
          {
            "name": "yaw",
            "value": "-4.85",
            "confidence": 1.0
          },
          {
            "name": "young",
            "value": "yes",
            "confidence": 0.32
          }
        ],
        "person_id": "",
        "appearance_id": 0,
        "start": "00:00:00",
        "duration": "00:00:00"
      }
    ],
    "tags": null,
    "original_filename": "https://raw.githubusercontent.com/sarkrui/Hairstyle60k/master/Dataset/Side_Part/IMG_16.jpg",
    "duration": "00:00:00"
  },
  "recognize": null
}