{
  "media": {
    "media_uuid": "c6e8cf27-ed30-4429-9448-c53388a001a3",
    "checksum": "c490ceb338ec98a724addc67ade741608488cb07dd1498e8d68ea5c98af63a11",
    "faces": [
      {
        "face_uuid": "15f970bb-1537-11e9-99c4-0cc47a6c4dbd",
        "media_uuid": "c6e8cf27-ed30-4429-9448-c53388a001a3",
        "x": 286.59,
        "y": 292.19,
        "width": 236.5,
        "height": 313.2,
        "angle": 2.8602,
        "detection_score": 1.0,
        "points": [
          {
            "x": 221.01,
            "y": 263.09,
            "type": 512,
            "name": "basic eye left"
          },
          {
            "x": 330.68,
            "y": 257.61,
            "type": 768,
            "name": "basic eye right"
          },
          {
            "x": 197.51,
            "y": 264.42,
            "type": 1024,
            "name": "basic eye left outer"
          },
          {
            "x": 355.41,
            "y": 256.6,
            "type": 1280,
            "name": "basic eye right outer"
          },
          {
            "x": 244.33,
            "y": 263.38,
            "type": 1536,
            "name": "basic eye left inner"
          },
          {
            "x": 306.24,
            "y": 260.25,
            "type": 1792,
            "name": "basic eye right inner"
          },
          {
            "x": 239.95,
            "y": 387.73,
            "type": 2048,
            "name": "basic mouth left"
          },
          {
            "x": 322.29,
            "y": 384.44,
            "type": 2304,
            "name": "basic mouth right"
          },
          {
            "x": 272.6,
            "y": 337.89,
            "type": 2560,
            "name": "basic nose tip"
          },
          {
            "x": 280.57,
            "y": 387.07,
            "type": 2816,
            "name": "basic mouth center"
          },
          {
            "x": 280.57,
            "y": 387.07,
            "type": 3072,
            "name": "basic eyebrow left"
          },
          {
            "x": 280.57,
            "y": 387.07,
            "type": 3328,
            "name": "basic eyebrow left inner corner"
          },
          {
            "x": 280.57,
            "y": 387.07,
            "type": 3584,
            "name": "basic eyebrow left outer corner"
          },
          {
            "x": 280.57,
            "y": 387.07,
            "type": 3840,
            "name": "basic eyebrow right"
          },
          {
            "x": 280.57,
            "y": 387.07,
            "type": 4096,
            "name": "basic eyebrow right inner corner"
          },
          {
            "x": 280.57,
            "y": 387.07,
            "type": 4352,
            "name": "basic eyebrow right outer corner"
          },
          {
            "x": 280.57,
            "y": 387.07,
            "type": 4608,
            "name": "basic chin bottom"
          },
          {
            "x": 280.57,
            "y": 387.07,
            "type": 4864,
            "name": "basic chin left"
          },
          {
            "x": 280.57,
            "y": 387.07,
            "type": 5120,
            "name": "basic chin right"
          },
          {
            "x": 247.92,
            "y": 338.11,
            "type": 5376,
            "name": "basic nose left"
          },
          {
            "x": 303.71,
            "y": 335.68,
            "type": 5632,
            "name": "basic nose right"
          }
        ],
        "user_points": null,
        "tags": [
          {
            "name": "5oclock shadow",
            "value": "no",
            "confidence": 0.02
          },
          {
            "name": "age",
            "value": "30",
            "confidence": 0.6
          },
          {
            "name": "arched eyebrows",
            "value": "no",
            "confidence": 1.0
          },
          {
            "name": "attractive",
            "value": "yes",
            "confidence": 0.53
          },
          {
            "name": "bags under eyes",
            "value": "no",
            "confidence": 0.09
          },
          {
            "name": "bald",
            "value": "no",
            "confidence": 1.0
          },
          {
            "name": "bangs",
            "value": "no",
            "confidence": 0.88
          },
          {
            "name": "beard",
            "value": "no",
            "confidence": 0.96
          },
          {
            "name": "big lips",
            "value": "no",
            "confidence": 0.7
          },
          {
            "name": "big nose",
            "value": "no",
            "confidence": 0.52
          },
          {
            "name": "black hair",
            "value": "yes",
            "confidence": 0.26
          },
          {
            "name": "blond hair",
            "value": "no",
            "confidence": 0.91
          },
          {
            "name": "blurry",
            "value": "no",
            "confidence": 1.0
          },
          {
            "name": "brown hair",
            "value": "no",
            "confidence": 0.24
          },
          {
            "name": "bushy eyebrows",
            "value": "yes",
            "confidence": 0.58
          },
          {
            "name": "chubby",
            "value": "no",
            "confidence": 1.0
          },
          {
            "name": "double chin",
            "value": "no",
            "confidence": 1.0
          },
          {
            "name": "expression",
            "value": "neutral",
            "confidence": 0.9
          },
          {
            "name": "gender",
            "value": "male",
            "confidence": 1.0
          },
          {
            "name": "glasses",
            "value": "no",
            "confidence": 1.0
          },
          {
            "name": "goatee",
            "value": "no",
            "confidence": 1.0
          },
          {
            "name": "gray hair",
            "value": "no",
            "confidence": 1.0
          },
          {
            "name": "heavy makeup",
            "value": "no",
            "confidence": 1.0
          },
          {
            "name": "high cheekbones",
            "value": "no",
            "confidence": 0.84
          },
          {
            "name": "mouth open",
            "value": "no",
            "confidence": 0.7
          },
          {
            "name": "mustache",
            "value": "no",
            "confidence": 1.0
          },
          {
            "name": "narrow eyes",
            "value": "no",
            "confidence": 0.47
          },
          {
            "name": "oval face",
            "value": "yes",
            "confidence": 0.01
          },
          {
            "name": "pale skin",
            "value": "yes",
            "confidence": 0.29
          },
          {
            "name": "pitch",
            "value": "-9.88",
            "confidence": 1.0
          },
          {
            "name": "pointy nose",
            "value": "no",
            "confidence": 0.44
          },
          {
            "name": "race",
            "value": "white",
            "confidence": 0.84
          },
          {
            "name": "receding hairline",
            "value": "no",
            "confidence": 1.0
          },
          {
            "name": "rosy cheeks",
            "value": "no",
            "confidence": 1.0
          },
          {
            "name": "sideburns",
            "value": "no",
            "confidence": 1.0
          },
          {
            "name": "straight hair",
            "value": "yes",
            "confidence": 0.83
          },
          {
            "name": "wavy hair",
            "value": "no",
            "confidence": 0.84
          },
          {
            "name": "wearing earrings",
            "value": "no",
            "confidence": 1.0
          },
          {
            "name": "wearing hat",
            "value": "no",
            "confidence": 0.79
          },
          {
            "name": "wearing lipstick",
            "value": "no",
            "confidence": 1.0
          },
          {
            "name": "wearing necklace",
            "value": "no",
            "confidence": 1.0
          },
          {
            "name": "wearing necktie",
            "value": "yes",
            "confidence": 0.51
          },
          {
            "name": "yaw",
            "value": "0.26",
            "confidence": 1.0
          },
          {
            "name": "young",
            "value": "yes",
            "confidence": 1.0
          }
        ],
        "person_id": "",
        "appearance_id": 0,
        "start": "00:00:00",
        "duration": "00:00:00"
      }
    ],
    "tags": null,
    "original_filename": "https://raw.githubusercontent.com/sarkrui/Hairstyle60k/master/Dataset/Side_Part/IMG_10.jpg",
    "duration": "00:00:00"
  },
  "recognize": null
}