{
  "media": {
    "media_uuid": "2419c2b0-4ccd-4d17-8efc-ce8f10091f0a",
    "checksum": "e6b2e80f10ce5b9b1b9d022af5154026dfa45a47d6a6e62f816165fe90b3ee72",
    "faces": [
      {
        "face_uuid": "13413277-1537-11e9-99c4-0cc47a6c4dbd",
        "media_uuid": "2419c2b0-4ccd-4d17-8efc-ce8f10091f0a",
        "x": 248.0,
        "y": 316.0,
        "width": 220.62,
        "height": 290.99,
        "angle": 0.4616,
        "detection_score": 1.0,
        "points": [
          {
            "x": 193.08,
            "y": 277.12,
            "type": 512,
            "name": "basic eye left"
          },
          {
            "x": 302.71,
            "y": 276.24,
            "type": 768,
            "name": "basic eye right"
          },
          {
            "x": 169.43,
            "y": 277.72,
            "type": 1024,
            "name": "basic eye left outer"
          },
          {
            "x": 326.37,
            "y": 276.47,
            "type": 1280,
            "name": "basic eye right outer"
          },
          {
            "x": 216.48,
            "y": 278.76,
            "type": 1536,
            "name": "basic eye left inner"
          },
          {
            "x": 279.31,
            "y": 278.25,
            "type": 1792,
            "name": "basic eye right inner"
          },
          {
            "x": 204.75,
            "y": 399.14,
            "type": 2048,
            "name": "basic mouth left"
          },
          {
            "x": 288.7,
            "y": 399.33,
            "type": 2304,
            "name": "basic mouth right"
          },
          {
            "x": 248.56,
            "y": 346.97,
            "type": 2560,
            "name": "basic nose tip"
          },
          {
            "x": 246.86,
            "y": 399.85,
            "type": 2816,
            "name": "basic mouth center"
          },
          {
            "x": 246.86,
            "y": 399.85,
            "type": 3072,
            "name": "basic eyebrow left"
          },
          {
            "x": 246.86,
            "y": 399.85,
            "type": 3328,
            "name": "basic eyebrow left inner corner"
          },
          {
            "x": 246.86,
            "y": 399.85,
            "type": 3584,
            "name": "basic eyebrow left outer corner"
          },
          {
            "x": 246.86,
            "y": 399.85,
            "type": 3840,
            "name": "basic eyebrow right"
          },
          {
            "x": 246.86,
            "y": 399.85,
            "type": 4096,
            "name": "basic eyebrow right inner corner"
          },
          {
            "x": 246.86,
            "y": 399.85,
            "type": 4352,
            "name": "basic eyebrow right outer corner"
          },
          {
            "x": 246.86,
            "y": 399.85,
            "type": 4608,
            "name": "basic chin bottom"
          },
          {
            "x": 246.86,
            "y": 399.85,
            "type": 4864,
            "name": "basic chin left"
          },
          {
            "x": 246.86,
            "y": 399.85,
            "type": 5120,
            "name": "basic chin right"
          },
          {
            "x": 220.47,
            "y": 350.54,
            "type": 5376,
            "name": "basic nose left"
          },
          {
            "x": 275.66,
            "y": 350.51,
            "type": 5632,
            "name": "basic nose right"
          }
        ],
        "user_points": null,
        "tags": [
          {
            "name": "5oclock shadow",
            "value": "yes",
            "confidence": 0.8
          },
          {
            "name": "age",
            "value": "34",
            "confidence": 0.6
          },
          {
            "name": "arched eyebrows",
            "value": "no",
            "confidence": 0.9
          },
          {
            "name": "attractive",
            "value": "yes",
            "confidence": 0.61
          },
          {
            "name": "bags under eyes",
            "value": "yes",
            "confidence": 0.3
          },
          {
            "name": "bald",
            "value": "no",
            "confidence": 1.0
          },
          {
            "name": "bangs",
            "value": "no",
            "confidence": 0.96
          },
          {
            "name": "beard",
            "value": "yes",
            "confidence": 0.41
          },
          {
            "name": "big lips",
            "value": "no",
            "confidence": 0.37
          },
          {
            "name": "big nose",
            "value": "no",
            "confidence": 0.16
          },
          {
            "name": "black hair",
            "value": "no",
            "confidence": 0.07
          },
          {
            "name": "blond hair",
            "value": "no",
            "confidence": 0.75
          },
          {
            "name": "blurry",
            "value": "no",
            "confidence": 1.0
          },
          {
            "name": "brown hair",
            "value": "yes",
            "confidence": 0.11
          },
          {
            "name": "bushy eyebrows",
            "value": "yes",
            "confidence": 0.52
          },
          {
            "name": "chubby",
            "value": "no",
            "confidence": 1.0
          },
          {
            "name": "double chin",
            "value": "no",
            "confidence": 1.0
          },
          {
            "name": "expression",
            "value": "neutral",
            "confidence": 1.0
          },
          {
            "name": "gender",
            "value": "male",
            "confidence": 0.99
          },
          {
            "name": "glasses",
            "value": "no",
            "confidence": 1.0
          },
          {
            "name": "goatee",
            "value": "no",
            "confidence": 0.14
          },
          {
            "name": "gray hair",
            "value": "no",
            "confidence": 1.0
          },
          {
            "name": "heavy makeup",
            "value": "no",
            "confidence": 0.98
          },
          {
            "name": "high cheekbones",
            "value": "no",
            "confidence": 1.0
          },
          {
            "name": "mouth open",
            "value": "no",
            "confidence": 1.0
          },
          {
            "name": "mustache",
            "value": "no",
            "confidence": 0.15
          },
          {
            "name": "narrow eyes",
            "value": "no",
            "confidence": 0.48
          },
          {
            "name": "oval face",
            "value": "no",
            "confidence": 0.21
          },
          {
            "name": "pale skin",
            "value": "yes",
            "confidence": 0.06
          },
          {
            "name": "pitch",
            "value": "-9.89",
            "confidence": 1.0
          },
          {
            "name": "pointy nose",
            "value": "no",
            "confidence": 0.29
          },
          {
            "name": "race",
            "value": "white",
            "confidence": 1.0
          },
          {
            "name": "receding hairline",
            "value": "no",
            "confidence": 1.0
          },
          {
            "name": "rosy cheeks",
            "value": "no",
            "confidence": 1.0
          },
          {
            "name": "sideburns",
            "value": "yes",
            "confidence": 0.01
          },
          {
            "name": "straight hair",
            "value": "yes",
            "confidence": 0.71
          },
          {
            "name": "wavy hair",
            "value": "no",
            "confidence": 0.65
          },
          {
            "name": "wearing earrings",
            "value": "no",
            "confidence": 1.0
          },
          {
            "name": "wearing hat",
            "value": "no",
            "confidence": 0.8
          },
          {
            "name": "wearing lipstick",
            "value": "no",
            "confidence": 0.99
          },
          {
            "name": "wearing necklace",
            "value": "no",
            "confidence": 1.0
          },
          {
            "name": "wearing necktie",
            "value": "yes",
            "confidence": 0.16
          },
          {
            "name": "yaw",
            "value": "0.75",
            "confidence": 1.0
          },
          {
            "name": "young",
            "value": "yes",
            "confidence": 1.0
          }
        ],
        "person_id": "",
        "appearance_id": 0,
        "start": "00:00:00",
        "duration": "00:00:00"
      }
    ],
    "tags": null,
    "original_filename": "https://raw.githubusercontent.com/sarkrui/Hairstyle60k/master/Dataset/Side_Part/IMG_8.jpg",
    "duration": "00:00:00"
  },
  "recognize": null
}