{
  "media": {
    "media_uuid": "ddd9a05a-7b62-44fc-b0ef-44a40aa2b847",
    "checksum": "95dcae6989dcc7096bd57aa3c7f04be3ec23ed5093376bf32bf7f7a135e73872",
    "faces": [
      {
        "face_uuid": "1def084a-1537-11e9-99c4-0cc47a6c4dbd",
        "media_uuid": "ddd9a05a-7b62-44fc-b0ef-44a40aa2b847",
        "x": 294.0,
        "y": 331.0,
        "width": 215.92,
        "height": 305.72,
        "angle": 17.4529,
        "detection_score": 1.0,
        "points": [
          {
            "x": 265.28,
            "y": 313.84,
            "type": 512,
            "name": "basic eye left"
          },
          {
            "x": 364.26,
            "y": 282.72,
            "type": 768,
            "name": "basic eye right"
          },
          {
            "x": 241.59,
            "y": 322.26,
            "type": 1024,
            "name": "basic eye left outer"
          },
          {
            "x": 384.21,
            "y": 276.89,
            "type": 1280,
            "name": "basic eye right outer"
          },
          {
            "x": 288.35,
            "y": 305.79,
            "type": 1536,
            "name": "basic eye left inner"
          },
          {
            "x": 344.43,
            "y": 288.58,
            "type": 1792,
            "name": "basic eye right inner"
          },
          {
            "x": 315.69,
            "y": 426.9,
            "type": 2048,
            "name": "basic mouth left"
          },
          {
            "x": 403.61,
            "y": 399.93,
            "type": 2304,
            "name": "basic mouth right"
          },
          {
            "x": 365.12,
            "y": 354.93,
            "type": 2560,
            "name": "basic nose tip"
          },
          {
            "x": 362.23,
            "y": 413.17,
            "type": 2816,
            "name": "basic mouth center"
          },
          {
            "x": 362.23,
            "y": 413.17,
            "type": 3072,
            "name": "basic eyebrow left"
          },
          {
            "x": 362.23,
            "y": 413.17,
            "type": 3328,
            "name": "basic eyebrow left inner corner"
          },
          {
            "x": 362.23,
            "y": 413.17,
            "type": 3584,
            "name": "basic eyebrow left outer corner"
          },
          {
            "x": 362.23,
            "y": 413.17,
            "type": 3840,
            "name": "basic eyebrow right"
          },
          {
            "x": 362.23,
            "y": 413.17,
            "type": 4096,
            "name": "basic eyebrow right inner corner"
          },
          {
            "x": 362.23,
            "y": 413.17,
            "type": 4352,
            "name": "basic eyebrow right outer corner"
          },
          {
            "x": 362.23,
            "y": 413.17,
            "type": 4608,
            "name": "basic chin bottom"
          },
          {
            "x": 362.23,
            "y": 413.17,
            "type": 4864,
            "name": "basic chin left"
          },
          {
            "x": 362.23,
            "y": 413.17,
            "type": 5120,
            "name": "basic chin right"
          },
          {
            "x": 325.89,
            "y": 369.36,
            "type": 5376,
            "name": "basic nose left"
          },
          {
            "x": 380.08,
            "y": 351.5,
            "type": 5632,
            "name": "basic nose right"
          }
        ],
        "user_points": null,
        "tags": [
          {
            "name": "5oclock shadow",
            "value": "yes",
            "confidence": 0.23
          },
          {
            "name": "age",
            "value": "44",
            "confidence": 0.6
          },
          {
            "name": "arched eyebrows",
            "value": "no",
            "confidence": 1.0
          },
          {
            "name": "attractive",
            "value": "no",
            "confidence": 0.75
          },
          {
            "name": "bags under eyes",
            "value": "no",
            "confidence": 0.14
          },
          {
            "name": "bald",
            "value": "no",
            "confidence": 0.7
          },
          {
            "name": "bangs",
            "value": "no",
            "confidence": 0.98
          },
          {
            "name": "beard",
            "value": "no",
            "confidence": 0.09
          },
          {
            "name": "big lips",
            "value": "no",
            "confidence": 0.93
          },
          {
            "name": "big nose",
            "value": "no",
            "confidence": 0.47
          },
          {
            "name": "black hair",
            "value": "no",
            "confidence": 0.82
          },
          {
            "name": "blond hair",
            "value": "no",
            "confidence": 0.61
          },
          {
            "name": "blurry",
            "value": "yes",
            "confidence": 0.3
          },
          {
            "name": "brown hair",
            "value": "yes",
            "confidence": 0.3
          },
          {
            "name": "bushy eyebrows",
            "value": "no",
            "confidence": 0.75
          },
          {
            "name": "chubby",
            "value": "no",
            "confidence": 0.54
          },
          {
            "name": "double chin",
            "value": "no",
            "confidence": 0.7
          },
          {
            "name": "expression",
            "value": "neutral",
            "confidence": 1.0
          },
          {
            "name": "gender",
            "value": "male",
            "confidence": 1.0
          },
          {
            "name": "glasses",
            "value": "no",
            "confidence": 1.0
          },
          {
            "name": "goatee",
            "value": "no",
            "confidence": 0.59
          },
          {
            "name": "gray hair",
            "value": "no",
            "confidence": 0.27
          },
          {
            "name": "heavy makeup",
            "value": "no",
            "confidence": 0.92
          },
          {
            "name": "high cheekbones",
            "value": "no",
            "confidence": 0.9
          },
          {
            "name": "mouth open",
            "value": "no",
            "confidence": 1.0
          },
          {
            "name": "mustache",
            "value": "no",
            "confidence": 0.44
          },
          {
            "name": "narrow eyes",
            "value": "yes",
            "confidence": 0.53
          },
          {
            "name": "oval face",
            "value": "no",
            "confidence": 0.79
          },
          {
            "name": "pale skin",
            "value": "no",
            "confidence": 0.69
          },
          {
            "name": "pitch",
            "value": "-6.35",
            "confidence": 1.0
          },
          {
            "name": "pointy nose",
            "value": "no",
            "confidence": 0.17
          },
          {
            "name": "race",
            "value": "white",
            "confidence": 0.99
          },
          {
            "name": "receding hairline",
            "value": "no",
            "confidence": 0.44
          },
          {
            "name": "rosy cheeks",
            "value": "no",
            "confidence": 0.95
          },
          {
            "name": "sideburns",
            "value": "no",
            "confidence": 0.46
          },
          {
            "name": "straight hair",
            "value": "yes",
            "confidence": 0.3
          },
          {
            "name": "wavy hair",
            "value": "no",
            "confidence": 0.65
          },
          {
            "name": "wearing earrings",
            "value": "no",
            "confidence": 0.91
          },
          {
            "name": "wearing hat",
            "value": "no",
            "confidence": 0.65
          },
          {
            "name": "wearing lipstick",
            "value": "no",
            "confidence": 1.0
          },
          {
            "name": "wearing necklace",
            "value": "no",
            "confidence": 1.0
          },
          {
            "name": "wearing necktie",
            "value": "yes",
            "confidence": 0.07
          },
          {
            "name": "yaw",
            "value": "-48.04",
            "confidence": 1.0
          },
          {
            "name": "young",
            "value": "no",
            "confidence": 0.2
          }
        ],
        "person_id": "",
        "appearance_id": 0,
        "start": "00:00:00",
        "duration": "00:00:00"
      }
    ],
    "tags": null,
    "original_filename": "https://raw.githubusercontent.com/sarkrui/Hairstyle60k/master/Dataset/Side_Part/IMG_17.jpg",
    "duration": "00:00:00"
  },
  "recognize": null
}