{
  "media": {
    "media_uuid": "68d8b43e-ecd6-4bfd-a97d-7f8527b86f48",
    "checksum": "58eb19686a9bf572cf7343857f51fd3b90fde51850b84adefb25bfb84363fc83",
    "faces": [
      {
        "face_uuid": "385f84db-1537-11e9-99c4-0cc47a6c4dbd",
        "media_uuid": "68d8b43e-ecd6-4bfd-a97d-7f8527b86f48",
        "x": 236.99,
        "y": 374.55,
        "width": 293.69,
        "height": 372.63,
        "angle": 0.0554,
        "detection_score": 1.0,
        "points": [
          {
            "x": 140.04,
            "y": 335.73,
            "type": 512,
            "name": "basic eye left"
          },
          {
            "x": 269.99,
            "y": 335.61,
            "type": 768,
            "name": "basic eye right"
          },
          {
            "x": 112.7,
            "y": 335.85,
            "type": 1024,
            "name": "basic eye left outer"
          },
          {
            "x": 299.92,
            "y": 335.9,
            "type": 1280,
            "name": "basic eye right outer"
          },
          {
            "x": 166.84,
            "y": 336.92,
            "type": 1536,
            "name": "basic eye left inner"
          },
          {
            "x": 240.6,
            "y": 336.78,
            "type": 1792,
            "name": "basic eye right inner"
          },
          {
            "x": 155.05,
            "y": 479.69,
            "type": 2048,
            "name": "basic mouth left"
          },
          {
            "x": 259.01,
            "y": 476.87,
            "type": 2304,
            "name": "basic mouth right"
          },
          {
            "x": 189.2,
            "y": 425.72,
            "type": 2560,
            "name": "basic nose tip"
          },
          {
            "x": 205.62,
            "y": 480.1,
            "type": 2816,
            "name": "basic mouth center"
          },
          {
            "x": 205.62,
            "y": 480.1,
            "type": 3072,
            "name": "basic eyebrow left"
          },
          {
            "x": 205.62,
            "y": 480.1,
            "type": 3328,
            "name": "basic eyebrow left inner corner"
          },
          {
            "x": 205.62,
            "y": 480.1,
            "type": 3584,
            "name": "basic eyebrow left outer corner"
          },
          {
            "x": 205.62,
            "y": 480.1,
            "type": 3840,
            "name": "basic eyebrow right"
          },
          {
            "x": 205.62,
            "y": 480.1,
            "type": 4096,
            "name": "basic eyebrow right inner corner"
          },
          {
            "x": 205.62,
            "y": 480.1,
            "type": 4352,
            "name": "basic eyebrow right outer corner"
          },
          {
            "x": 205.62,
            "y": 480.1,
            "type": 4608,
            "name": "basic chin bottom"
          },
          {
            "x": 205.62,
            "y": 480.1,
            "type": 4864,
            "name": "basic chin left"
          },
          {
            "x": 205.62,
            "y": 480.1,
            "type": 5120,
            "name": "basic chin right"
          },
          {
            "x": 163.16,
            "y": 426.07,
            "type": 5376,
            "name": "basic nose left"
          },
          {
            "x": 230.83,
            "y": 425.22,
            "type": 5632,
            "name": "basic nose right"
          }
        ],
        "user_points": null,
        "tags": [
          {
            "name": "5oclock shadow",
            "value": "yes",
            "confidence": 0.9
          },
          {
            "name": "age",
            "value": "32",
            "confidence": 0.6
          },
          {
            "name": "arched eyebrows",
            "value": "no",
            "confidence": 0.98
          },
          {
            "name": "attractive",
            "value": "yes",
            "confidence": 0.42
          },
          {
            "name": "bags under eyes",
            "value": "yes",
            "confidence": 0.42
          },
          {
            "name": "bald",
            "value": "no",
            "confidence": 0.76
          },
          {
            "name": "bangs",
            "value": "no",
            "confidence": 0.64
          },
          {
            "name": "beard",
            "value": "yes",
            "confidence": 1.0
          },
          {
            "name": "big lips",
            "value": "no",
            "confidence": 0.66
          },
          {
            "name": "big nose",
            "value": "no",
            "confidence": 0.02
          },
          {
            "name": "black hair",
            "value": "yes",
            "confidence": 0.03
          },
          {
            "name": "blond hair",
            "value": "no",
            "confidence": 0.92
          },
          {
            "name": "blurry",
            "value": "no",
            "confidence": 0.76
          },
          {
            "name": "brown hair",
            "value": "no",
            "confidence": 0.03
          },
          {
            "name": "bushy eyebrows",
            "value": "yes",
            "confidence": 0.23
          },
          {
            "name": "chubby",
            "value": "no",
            "confidence": 0.7
          },
          {
            "name": "double chin",
            "value": "no",
            "confidence": 0.99
          },
          {
            "name": "expression",
            "value": "neutral",
            "confidence": 0.84
          },
          {
            "name": "gender",
            "value": "male",
            "confidence": 0.93
          },
          {
            "name": "glasses",
            "value": "no",
            "confidence": 1.0
          },
          {
            "name": "goatee",
            "value": "yes",
            "confidence": 0.82
          },
          {
            "name": "gray hair",
            "value": "no",
            "confidence": 0.83
          },
          {
            "name": "heavy makeup",
            "value": "no",
            "confidence": 0.91
          },
          {
            "name": "high cheekbones",
            "value": "no",
            "confidence": 0.96
          },
          {
            "name": "mouth open",
            "value": "no",
            "confidence": 1.0
          },
          {
            "name": "mustache",
            "value": "yes",
            "confidence": 0.72
          },
          {
            "name": "narrow eyes",
            "value": "yes",
            "confidence": 0.18
          },
          {
            "name": "oval face",
            "value": "no",
            "confidence": 0.46
          },
          {
            "name": "pale skin",
            "value": "yes",
            "confidence": 0.05
          },
          {
            "name": "pitch",
            "value": "-8.68",
            "confidence": 1.0
          },
          {
            "name": "pointy nose",
            "value": "no",
            "confidence": 0.11
          },
          {
            "name": "race",
            "value": "white",
            "confidence": 1.0
          },
          {
            "name": "receding hairline",
            "value": "no",
            "confidence": 0.84
          },
          {
            "name": "rosy cheeks",
            "value": "no",
            "confidence": 1.0
          },
          {
            "name": "sideburns",
            "value": "yes",
            "confidence": 1.0
          },
          {
            "name": "straight hair",
            "value": "yes",
            "confidence": 0.7
          },
          {
            "name": "wavy hair",
            "value": "no",
            "confidence": 0.76
          },
          {
            "name": "wearing earrings",
            "value": "no",
            "confidence": 1.0
          },
          {
            "name": "wearing hat",
            "value": "no",
            "confidence": 0.86
          },
          {
            "name": "wearing lipstick",
            "value": "no",
            "confidence": 0.9
          },
          {
            "name": "wearing necklace",
            "value": "no",
            "confidence": 1.0
          },
          {
            "name": "wearing necktie",
            "value": "yes",
            "confidence": 0.43
          },
          {
            "name": "yaw",
            "value": "15.53",
            "confidence": 1.0
          },
          {
            "name": "young",
            "value": "yes",
            "confidence": 0.37
          }
        ],
        "person_id": "",
        "appearance_id": 0,
        "start": "00:00:00",
        "duration": "00:00:00"
      }
    ],
    "tags": null,
    "original_filename": "https://raw.githubusercontent.com/sarkrui/Hairstyle60k/master/Dataset/Slicked-back/IMG_21.jpg",
    "duration": "00:00:00"
  },
  "recognize": null
}