{
  "media": {
    "media_uuid": "a990f980-373a-4bf6-8a6d-94fd53020773",
    "checksum": "fd1ec2796e6e9fa16aad33e79f83755a5703b65b63962c073e6394faf9ca3ab3",
    "faces": [
      {
        "face_uuid": "375a6d1c-1537-11e9-99c4-0cc47a6c4dbd",
        "media_uuid": "a990f980-373a-4bf6-8a6d-94fd53020773",
        "x": 229.5,
        "y": 259.5,
        "width": 191.5,
        "height": 256.93,
        "angle": 20.3635,
        "detection_score": 1.0,
        "points": [
          {
            "x": 145.09,
            "y": 258.45,
            "type": 512,
            "name": "basic eye left"
          },
          {
            "x": 233.6,
            "y": 225.59,
            "type": 768,
            "name": "basic eye right"
          },
          {
            "x": 128.2,
            "y": 265.43,
            "type": 1024,
            "name": "basic eye left outer"
          },
          {
            "x": 254.58,
            "y": 218.88,
            "type": 1280,
            "name": "basic eye right outer"
          },
          {
            "x": 162.19,
            "y": 252.56,
            "type": 1536,
            "name": "basic eye left inner"
          },
          {
            "x": 213.71,
            "y": 233.21,
            "type": 1792,
            "name": "basic eye right inner"
          },
          {
            "x": 173.77,
            "y": 379.49,
            "type": 2048,
            "name": "basic mouth left"
          },
          {
            "x": 260.98,
            "y": 351.1,
            "type": 2304,
            "name": "basic mouth right"
          },
          {
            "x": 185.07,
            "y": 305.02,
            "type": 2560,
            "name": "basic nose tip"
          },
          {
            "x": 215.61,
            "y": 365.53,
            "type": 2816,
            "name": "basic mouth center"
          },
          {
            "x": 215.61,
            "y": 365.53,
            "type": 3072,
            "name": "basic eyebrow left"
          },
          {
            "x": 215.61,
            "y": 365.53,
            "type": 3328,
            "name": "basic eyebrow left inner corner"
          },
          {
            "x": 215.61,
            "y": 365.53,
            "type": 3584,
            "name": "basic eyebrow left outer corner"
          },
          {
            "x": 215.61,
            "y": 365.53,
            "type": 3840,
            "name": "basic eyebrow right"
          },
          {
            "x": 215.61,
            "y": 365.53,
            "type": 4096,
            "name": "basic eyebrow right inner corner"
          },
          {
            "x": 215.61,
            "y": 365.53,
            "type": 4352,
            "name": "basic eyebrow right outer corner"
          },
          {
            "x": 215.61,
            "y": 365.53,
            "type": 4608,
            "name": "basic chin bottom"
          },
          {
            "x": 215.61,
            "y": 365.53,
            "type": 4864,
            "name": "basic chin left"
          },
          {
            "x": 215.61,
            "y": 365.53,
            "type": 5120,
            "name": "basic chin right"
          },
          {
            "x": 168.78,
            "y": 319.41,
            "type": 5376,
            "name": "basic nose left"
          },
          {
            "x": 222.99,
            "y": 302.97,
            "type": 5632,
            "name": "basic nose right"
          }
        ],
        "user_points": null,
        "tags": [
          {
            "name": "5oclock shadow",
            "value": "yes",
            "confidence": 0.64
          },
          {
            "name": "age",
            "value": "42",
            "confidence": 0.6
          },
          {
            "name": "arched eyebrows",
            "value": "no",
            "confidence": 0.98
          },
          {
            "name": "attractive",
            "value": "no",
            "confidence": 0.12
          },
          {
            "name": "bags under eyes",
            "value": "no",
            "confidence": 0.76
          },
          {
            "name": "bald",
            "value": "no",
            "confidence": 0.72
          },
          {
            "name": "bangs",
            "value": "no",
            "confidence": 0.57
          },
          {
            "name": "beard",
            "value": "yes",
            "confidence": 0.94
          },
          {
            "name": "big lips",
            "value": "no",
            "confidence": 0.56
          },
          {
            "name": "big nose",
            "value": "no",
            "confidence": 0.18
          },
          {
            "name": "black hair",
            "value": "no",
            "confidence": 0.29
          },
          {
            "name": "blond hair",
            "value": "no",
            "confidence": 0.79
          },
          {
            "name": "blurry",
            "value": "no",
            "confidence": 0.41
          },
          {
            "name": "brown hair",
            "value": "no",
            "confidence": 0.2
          },
          {
            "name": "bushy eyebrows",
            "value": "yes",
            "confidence": 0.18
          },
          {
            "name": "chubby",
            "value": "no",
            "confidence": 0.62
          },
          {
            "name": "double chin",
            "value": "no",
            "confidence": 0.96
          },
          {
            "name": "expression",
            "value": "neutral",
            "confidence": 0.7
          },
          {
            "name": "gender",
            "value": "male",
            "confidence": 0.86
          },
          {
            "name": "glasses",
            "value": "no",
            "confidence": 1.0
          },
          {
            "name": "goatee",
            "value": "yes",
            "confidence": 0.68
          },
          {
            "name": "gray hair",
            "value": "no",
            "confidence": 1.0
          },
          {
            "name": "heavy makeup",
            "value": "no",
            "confidence": 0.88
          },
          {
            "name": "high cheekbones",
            "value": "no",
            "confidence": 0.98
          },
          {
            "name": "mouth open",
            "value": "no",
            "confidence": 0.79
          },
          {
            "name": "mustache",
            "value": "yes",
            "confidence": 0.6
          },
          {
            "name": "narrow eyes",
            "value": "no",
            "confidence": 0.66
          },
          {
            "name": "oval face",
            "value": "no",
            "confidence": 0.19
          },
          {
            "name": "pale skin",
            "value": "no",
            "confidence": 0.04
          },
          {
            "name": "pitch",
            "value": "-6.3",
            "confidence": 1.0
          },
          {
            "name": "pointy nose",
            "value": "no",
            "confidence": 0.16
          },
          {
            "name": "race",
            "value": "white",
            "confidence": 0.44
          },
          {
            "name": "receding hairline",
            "value": "no",
            "confidence": 1.0
          },
          {
            "name": "rosy cheeks",
            "value": "no",
            "confidence": 0.98
          },
          {
            "name": "sideburns",
            "value": "yes",
            "confidence": 0.72
          },
          {
            "name": "straight hair",
            "value": "no",
            "confidence": 0.18
          },
          {
            "name": "wavy hair",
            "value": "no",
            "confidence": 0.42
          },
          {
            "name": "wearing earrings",
            "value": "no",
            "confidence": 0.89
          },
          {
            "name": "wearing hat",
            "value": "yes",
            "confidence": 0.08
          },
          {
            "name": "wearing lipstick",
            "value": "no",
            "confidence": 0.87
          },
          {
            "name": "wearing necklace",
            "value": "no",
            "confidence": 0.91
          },
          {
            "name": "wearing necktie",
            "value": "no",
            "confidence": 0.41
          },
          {
            "name": "yaw",
            "value": "31.9",
            "confidence": 1.0
          },
          {
            "name": "young",
            "value": "yes",
            "confidence": 0.42
          }
        ],
        "person_id": "",
        "appearance_id": 0,
        "start": "00:00:00",
        "duration": "00:00:00"
      }
    ],
    "tags": null,
    "original_filename": "https://raw.githubusercontent.com/sarkrui/Hairstyle60k/master/Dataset/Slicked-back/IMG_20.jpg",
    "duration": "00:00:00"
  },
  "recognize": null
}