{
  "media": {
    "media_uuid": "a562174b-115a-4640-bd71-262b2f0e8855",
    "checksum": "1cc071036079c4475c22034eea3e23f16fbfb262cd84b99f6fcccdd4a44817c8",
    "faces": [
      {
        "face_uuid": "33f10f08-1537-11e9-99c4-0cc47a6c4dbd",
        "media_uuid": "a562174b-115a-4640-bd71-262b2f0e8855",
        "x": 276.0,
        "y": 415.28,
        "width": 352.34,
        "height": 486.63,
        "angle": -4.1674,
        "detection_score": 1.0,
        "points": [
          {
            "x": 138.36,
            "y": 345.95,
            "type": 512,
            "name": "basic eye left"
          },
          {
            "x": 315.39,
            "y": 358.85,
            "type": 768,
            "name": "basic eye right"
          },
          {
            "x": 103.01,
            "y": 344.51,
            "type": 1024,
            "name": "basic eye left outer"
          },
          {
            "x": 356.97,
            "y": 363.64,
            "type": 1280,
            "name": "basic eye right outer"
          },
          {
            "x": 172.06,
            "y": 348.94,
            "type": 1536,
            "name": "basic eye left inner"
          },
          {
            "x": 275.69,
            "y": 356.45,
            "type": 1792,
            "name": "basic eye right inner"
          },
          {
            "x": 145.8,
            "y": 551.0,
            "type": 2048,
            "name": "basic mouth left"
          },
          {
            "x": 285.95,
            "y": 574.44,
            "type": 2304,
            "name": "basic mouth right"
          },
          {
            "x": 176.9,
            "y": 464.42,
            "type": 2560,
            "name": "basic nose tip"
          },
          {
            "x": 213.73,
            "y": 563.94,
            "type": 2816,
            "name": "basic mouth center"
          },
          {
            "x": 213.73,
            "y": 563.94,
            "type": 3072,
            "name": "basic eyebrow left"
          },
          {
            "x": 213.73,
            "y": 563.94,
            "type": 3328,
            "name": "basic eyebrow left inner corner"
          },
          {
            "x": 213.73,
            "y": 563.94,
            "type": 3584,
            "name": "basic eyebrow left outer corner"
          },
          {
            "x": 213.73,
            "y": 563.94,
            "type": 3840,
            "name": "basic eyebrow right"
          },
          {
            "x": 213.73,
            "y": 563.94,
            "type": 4096,
            "name": "basic eyebrow right inner corner"
          },
          {
            "x": 213.73,
            "y": 563.94,
            "type": 4352,
            "name": "basic eyebrow right outer corner"
          },
          {
            "x": 213.73,
            "y": 563.94,
            "type": 4608,
            "name": "basic chin bottom"
          },
          {
            "x": 213.73,
            "y": 563.94,
            "type": 4864,
            "name": "basic chin left"
          },
          {
            "x": 213.73,
            "y": 563.94,
            "type": 5120,
            "name": "basic chin right"
          },
          {
            "x": 144.62,
            "y": 474.98,
            "type": 5376,
            "name": "basic nose left"
          },
          {
            "x": 236.98,
            "y": 488.12,
            "type": 5632,
            "name": "basic nose right"
          }
        ],
        "user_points": null,
        "tags": [
          {
            "name": "5oclock shadow",
            "value": "yes",
            "confidence": 0.73
          },
          {
            "name": "age",
            "value": "19",
            "confidence": 0.6
          },
          {
            "name": "arched eyebrows",
            "value": "no",
            "confidence": 1.0
          },
          {
            "name": "attractive",
            "value": "no",
            "confidence": 0.56
          },
          {
            "name": "bags under eyes",
            "value": "no",
            "confidence": 0.31
          },
          {
            "name": "bald",
            "value": "no",
            "confidence": 0.42
          },
          {
            "name": "bangs",
            "value": "no",
            "confidence": 0.53
          },
          {
            "name": "beard",
            "value": "yes",
            "confidence": 1.0
          },
          {
            "name": "big lips",
            "value": "no",
            "confidence": 0.59
          },
          {
            "name": "big nose",
            "value": "yes",
            "confidence": 0.02
          },
          {
            "name": "black hair",
            "value": "no",
            "confidence": 1.0
          },
          {
            "name": "blond hair",
            "value": "no",
            "confidence": 0.55
          },
          {
            "name": "blurry",
            "value": "no",
            "confidence": 0.24
          },
          {
            "name": "brown hair",
            "value": "yes",
            "confidence": 0.22
          },
          {
            "name": "bushy eyebrows",
            "value": "no",
            "confidence": 0.46
          },
          {
            "name": "chubby",
            "value": "no",
            "confidence": 0.24
          },
          {
            "name": "double chin",
            "value": "no",
            "confidence": 0.63
          },
          {
            "name": "expression",
            "value": "neutral",
            "confidence": 0.85
          },
          {
            "name": "gender",
            "value": "male",
            "confidence": 1.0
          },
          {
            "name": "glasses",
            "value": "no",
            "confidence": 0.98
          },
          {
            "name": "goatee",
            "value": "yes",
            "confidence": 0.79
          },
          {
            "name": "gray hair",
            "value": "no",
            "confidence": 0.43
          },
          {
            "name": "heavy makeup",
            "value": "no",
            "confidence": 0.96
          },
          {
            "name": "high cheekbones",
            "value": "no",
            "confidence": 1.0
          },
          {
            "name": "mouth open",
            "value": "no",
            "confidence": 0.57
          },
          {
            "name": "mustache",
            "value": "yes",
            "confidence": 0.69
          },
          {
            "name": "narrow eyes",
            "value": "no",
            "confidence": 0.19
          },
          {
            "name": "oval face",
            "value": "no",
            "confidence": 0.43
          },
          {
            "name": "pale skin",
            "value": "no",
            "confidence": 0.39
          },
          {
            "name": "pitch",
            "value": "-6.48",
            "confidence": 1.0
          },
          {
            "name": "pointy nose",
            "value": "no",
            "confidence": 0.31
          },
          {
            "name": "race",
            "value": "asian",
            "confidence": 0.94
          },
          {
            "name": "receding hairline",
            "value": "no",
            "confidence": 0.77
          },
          {
            "name": "rosy cheeks",
            "value": "no",
            "confidence": 0.97
          },
          {
            "name": "sideburns",
            "value": "yes",
            "confidence": 0.84
          },
          {
            "name": "straight hair",
            "value": "no",
            "confidence": 0.09
          },
          {
            "name": "wavy hair",
            "value": "no",
            "confidence": 0.48
          },
          {
            "name": "wearing earrings",
            "value": "no",
            "confidence": 1.0
          },
          {
            "name": "wearing hat",
            "value": "no",
            "confidence": 0.04
          },
          {
            "name": "wearing lipstick",
            "value": "no",
            "confidence": 0.99
          },
          {
            "name": "wearing necklace",
            "value": "no",
            "confidence": 0.94
          },
          {
            "name": "wearing necktie",
            "value": "no",
            "confidence": 0.19
          },
          {
            "name": "yaw",
            "value": "-16.56",
            "confidence": 1.0
          },
          {
            "name": "young",
            "value": "no",
            "confidence": 0.15
          }
        ],
        "person_id": "",
        "appearance_id": 0,
        "start": "00:00:00",
        "duration": "00:00:00"
      }
    ],
    "tags": null,
    "original_filename": "https://raw.githubusercontent.com/sarkrui/Hairstyle60k/master/Dataset/Slicked-back/IMG_16.jpg",
    "duration": "00:00:00"
  },
  "recognize": null
}