{
  "media": {
    "media_uuid": "28dd81f3-716d-49d3-84ce-405613c83545",
    "checksum": "a11ef9903674b0d77b1363a68cf056d51b37f1916d2f206e0d55d0d9d9a95cb1",
    "faces": [
      {
        "face_uuid": "34c19ada-1537-11e9-99c4-0cc47a6c4dbd",
        "media_uuid": "28dd81f3-716d-49d3-84ce-405613c83545",
        "x": 321.0,
        "y": 346.5,
        "width": 231.61,
        "height": 320.62,
        "angle": 3.6373,
        "detection_score": 1.0,
        "points": [
          {
            "x": 279.47,
            "y": 319.92,
            "type": 512,
            "name": "basic eye left"
          },
          {
            "x": 399.21,
            "y": 312.31,
            "type": 768,
            "name": "basic eye right"
          },
          {
            "x": 251.77,
            "y": 322.79,
            "type": 1024,
            "name": "basic eye left outer"
          },
          {
            "x": 422.3,
            "y": 311.64,
            "type": 1280,
            "name": "basic eye right outer"
          },
          {
            "x": 306.46,
            "y": 318.82,
            "type": 1536,
            "name": "basic eye left inner"
          },
          {
            "x": 376.81,
            "y": 314.54,
            "type": 1792,
            "name": "basic eye right inner"
          },
          {
            "x": 306.96,
            "y": 451.01,
            "type": 2048,
            "name": "basic mouth left"
          },
          {
            "x": 416.82,
            "y": 437.96,
            "type": 2304,
            "name": "basic mouth right"
          },
          {
            "x": 388.33,
            "y": 385.83,
            "type": 2560,
            "name": "basic nose tip"
          },
          {
            "x": 364.88,
            "y": 445.52,
            "type": 2816,
            "name": "basic mouth center"
          },
          {
            "x": 364.88,
            "y": 445.52,
            "type": 3072,
            "name": "basic eyebrow left"
          },
          {
            "x": 364.88,
            "y": 445.52,
            "type": 3328,
            "name": "basic eyebrow left inner corner"
          },
          {
            "x": 364.88,
            "y": 445.52,
            "type": 3584,
            "name": "basic eyebrow left outer corner"
          },
          {
            "x": 364.88,
            "y": 445.52,
            "type": 3840,
            "name": "basic eyebrow right"
          },
          {
            "x": 364.88,
            "y": 445.52,
            "type": 4096,
            "name": "basic eyebrow right inner corner"
          },
          {
            "x": 364.88,
            "y": 445.52,
            "type": 4352,
            "name": "basic eyebrow right outer corner"
          },
          {
            "x": 364.88,
            "y": 445.52,
            "type": 4608,
            "name": "basic chin bottom"
          },
          {
            "x": 364.88,
            "y": 445.52,
            "type": 4864,
            "name": "basic chin left"
          },
          {
            "x": 364.88,
            "y": 445.52,
            "type": 5120,
            "name": "basic chin right"
          },
          {
            "x": 338.83,
            "y": 398.87,
            "type": 5376,
            "name": "basic nose left"
          },
          {
            "x": 406.78,
            "y": 391.93,
            "type": 5632,
            "name": "basic nose right"
          }
        ],
        "user_points": null,
        "tags": [
          {
            "name": "5oclock shadow",
            "value": "no",
            "confidence": 0.49
          },
          {
            "name": "age",
            "value": "29",
            "confidence": 0.6
          },
          {
            "name": "arched eyebrows",
            "value": "no",
            "confidence": 1.0
          },
          {
            "name": "attractive",
            "value": "no",
            "confidence": 0.55
          },
          {
            "name": "bags under eyes",
            "value": "no",
            "confidence": 0.45
          },
          {
            "name": "bald",
            "value": "no",
            "confidence": 0.35
          },
          {
            "name": "bangs",
            "value": "no",
            "confidence": 0.53
          },
          {
            "name": "beard",
            "value": "no",
            "confidence": 0.16
          },
          {
            "name": "big lips",
            "value": "no",
            "confidence": 0.11
          },
          {
            "name": "big nose",
            "value": "no",
            "confidence": 0.11
          },
          {
            "name": "black hair",
            "value": "no",
            "confidence": 0.3
          },
          {
            "name": "blond hair",
            "value": "no",
            "confidence": 0.68
          },
          {
            "name": "blurry",
            "value": "no",
            "confidence": 0.3
          },
          {
            "name": "brown hair",
            "value": "no",
            "confidence": 0.41
          },
          {
            "name": "bushy eyebrows",
            "value": "no",
            "confidence": 0.54
          },
          {
            "name": "chubby",
            "value": "no",
            "confidence": 0.59
          },
          {
            "name": "double chin",
            "value": "no",
            "confidence": 0.95
          },
          {
            "name": "expression",
            "value": "neutral",
            "confidence": 0.99
          },
          {
            "name": "gender",
            "value": "male",
            "confidence": 0.41
          },
          {
            "name": "glasses",
            "value": "no",
            "confidence": 1.0
          },
          {
            "name": "goatee",
            "value": "no",
            "confidence": 0.44
          },
          {
            "name": "gray hair",
            "value": "no",
            "confidence": 0.51
          },
          {
            "name": "heavy makeup",
            "value": "no",
            "confidence": 0.82
          },
          {
            "name": "high cheekbones",
            "value": "no",
            "confidence": 0.67
          },
          {
            "name": "mouth open",
            "value": "no",
            "confidence": 0.93
          },
          {
            "name": "mustache",
            "value": "no",
            "confidence": 0.31
          },
          {
            "name": "narrow eyes",
            "value": "no",
            "confidence": 0.69
          },
          {
            "name": "oval face",
            "value": "no",
            "confidence": 0.45
          },
          {
            "name": "pale skin",
            "value": "yes",
            "confidence": 0.49
          },
          {
            "name": "pitch",
            "value": "-5.47",
            "confidence": 1.0
          },
          {
            "name": "pointy nose",
            "value": "no",
            "confidence": 0.26
          },
          {
            "name": "race",
            "value": "white",
            "confidence": 0.52
          },
          {
            "name": "receding hairline",
            "value": "no",
            "confidence": 0.27
          },
          {
            "name": "rosy cheeks",
            "value": "no",
            "confidence": 1.0
          },
          {
            "name": "sideburns",
            "value": "no",
            "confidence": 0.58
          },
          {
            "name": "straight hair",
            "value": "no",
            "confidence": 0.07
          },
          {
            "name": "wavy hair",
            "value": "no",
            "confidence": 0.78
          },
          {
            "name": "wearing earrings",
            "value": "no",
            "confidence": 0.67
          },
          {
            "name": "wearing hat",
            "value": "no",
            "confidence": 0.36
          },
          {
            "name": "wearing lipstick",
            "value": "no",
            "confidence": 0.75
          },
          {
            "name": "wearing necklace",
            "value": "no",
            "confidence": 0.83
          },
          {
            "name": "wearing necktie",
            "value": "no",
            "confidence": 0.5
          },
          {
            "name": "yaw",
            "value": "-56.48",
            "confidence": 1.0
          },
          {
            "name": "young",
            "value": "yes",
            "confidence": 0.21
          }
        ],
        "person_id": "",
        "appearance_id": 0,
        "start": "00:00:00",
        "duration": "00:00:00"
      }
    ],
    "tags": null,
    "original_filename": "https://raw.githubusercontent.com/sarkrui/Hairstyle60k/master/Dataset/Slicked-back/IMG_17.jpg",
    "duration": "00:00:00"
  },
  "recognize": null
}