{
  "media": {
    "media_uuid": "ba9d6bf3-a088-4709-ad1d-ee1ac7106fff",
    "checksum": "d8282a504cef79ea77639d529c59cb50896138f238fc68b7d6772f22f89ef94c",
    "faces": [
      {
        "face_uuid": "2ce42399-1537-11e9-99c4-0cc47a6c4dbd",
        "media_uuid": "ba9d6bf3-a088-4709-ad1d-ee1ac7106fff",
        "x": 318.0,
        "y": 243.0,
        "width": 168.43,
        "height": 250.72,
        "angle": -5.0754,
        "detection_score": 1.0,
        "points": [
          {
            "x": 251.4,
            "y": 202.73,
            "type": 512,
            "name": "basic eye left"
          },
          {
            "x": 357.31,
            "y": 212.13,
            "type": 768,
            "name": "basic eye right"
          },
          {
            "x": 227.98,
            "y": 200.99,
            "type": 1024,
            "name": "basic eye left outer"
          },
          {
            "x": 377.89,
            "y": 214.2,
            "type": 1280,
            "name": "basic eye right outer"
          },
          {
            "x": 274.95,
            "y": 206.84,
            "type": 1536,
            "name": "basic eye left inner"
          },
          {
            "x": 337.06,
            "y": 212.48,
            "type": 1792,
            "name": "basic eye right inner"
          },
          {
            "x": 273.5,
            "y": 324.54,
            "type": 2048,
            "name": "basic mouth left"
          },
          {
            "x": 357.28,
            "y": 331.33,
            "type": 2304,
            "name": "basic mouth right"
          },
          {
            "x": 334.25,
            "y": 272.99,
            "type": 2560,
            "name": "basic nose tip"
          },
          {
            "x": 316.83,
            "y": 328.3,
            "type": 2816,
            "name": "basic mouth center"
          },
          {
            "x": 316.83,
            "y": 328.3,
            "type": 3072,
            "name": "basic eyebrow left"
          },
          {
            "x": 316.83,
            "y": 328.3,
            "type": 3328,
            "name": "basic eyebrow left inner corner"
          },
          {
            "x": 316.83,
            "y": 328.3,
            "type": 3584,
            "name": "basic eyebrow left outer corner"
          },
          {
            "x": 316.83,
            "y": 328.3,
            "type": 3840,
            "name": "basic eyebrow right"
          },
          {
            "x": 316.83,
            "y": 328.3,
            "type": 4096,
            "name": "basic eyebrow right inner corner"
          },
          {
            "x": 316.83,
            "y": 328.3,
            "type": 4352,
            "name": "basic eyebrow right outer corner"
          },
          {
            "x": 316.83,
            "y": 328.3,
            "type": 4608,
            "name": "basic chin bottom"
          },
          {
            "x": 316.83,
            "y": 328.3,
            "type": 4864,
            "name": "basic chin left"
          },
          {
            "x": 316.83,
            "y": 328.3,
            "type": 5120,
            "name": "basic chin right"
          },
          {
            "x": 295.66,
            "y": 277.86,
            "type": 5376,
            "name": "basic nose left"
          },
          {
            "x": 351.75,
            "y": 282.3,
            "type": 5632,
            "name": "basic nose right"
          }
        ],
        "user_points": null,
        "tags": [
          {
            "name": "5oclock shadow",
            "value": "no",
            "confidence": 0.13
          },
          {
            "name": "age",
            "value": "30",
            "confidence": 0.6
          },
          {
            "name": "arched eyebrows",
            "value": "no",
            "confidence": 1.0
          },
          {
            "name": "attractive",
            "value": "no",
            "confidence": 0.8
          },
          {
            "name": "bags under eyes",
            "value": "no",
            "confidence": 0.7
          },
          {
            "name": "bald",
            "value": "no",
            "confidence": 0.27
          },
          {
            "name": "bangs",
            "value": "no",
            "confidence": 0.39
          },
          {
            "name": "beard",
            "value": "yes",
            "confidence": 0.55
          },
          {
            "name": "big lips",
            "value": "no",
            "confidence": 0.28
          },
          {
            "name": "big nose",
            "value": "yes",
            "confidence": 0.18
          },
          {
            "name": "black hair",
            "value": "no",
            "confidence": 0.14
          },
          {
            "name": "blond hair",
            "value": "no",
            "confidence": 1.0
          },
          {
            "name": "blurry",
            "value": "yes",
            "confidence": 0.16
          },
          {
            "name": "brown hair",
            "value": "no",
            "confidence": 0.54
          },
          {
            "name": "bushy eyebrows",
            "value": "no",
            "confidence": 0.37
          },
          {
            "name": "chubby",
            "value": "yes",
            "confidence": 0.07
          },
          {
            "name": "double chin",
            "value": "no",
            "confidence": 0.39
          },
          {
            "name": "expression",
            "value": "neutral",
            "confidence": 0.76
          },
          {
            "name": "gender",
            "value": "male",
            "confidence": 0.68
          },
          {
            "name": "glasses",
            "value": "no",
            "confidence": 1.0
          },
          {
            "name": "goatee",
            "value": "yes",
            "confidence": 0.36
          },
          {
            "name": "gray hair",
            "value": "no",
            "confidence": 0.62
          },
          {
            "name": "heavy makeup",
            "value": "no",
            "confidence": 0.89
          },
          {
            "name": "high cheekbones",
            "value": "no",
            "confidence": 0.82
          },
          {
            "name": "mouth open",
            "value": "no",
            "confidence": 0.55
          },
          {
            "name": "mustache",
            "value": "yes",
            "confidence": 0.42
          },
          {
            "name": "narrow eyes",
            "value": "no",
            "confidence": 0.41
          },
          {
            "name": "oval face",
            "value": "no",
            "confidence": 0.09
          },
          {
            "name": "pale skin",
            "value": "no",
            "confidence": 0.07
          },
          {
            "name": "pitch",
            "value": "-5.02",
            "confidence": 1.0
          },
          {
            "name": "pointy nose",
            "value": "no",
            "confidence": 0.8
          },
          {
            "name": "race",
            "value": "black",
            "confidence": 0.91
          },
          {
            "name": "receding hairline",
            "value": "no",
            "confidence": 0.58
          },
          {
            "name": "rosy cheeks",
            "value": "no",
            "confidence": 1.0
          },
          {
            "name": "sideburns",
            "value": "yes",
            "confidence": 0.19
          },
          {
            "name": "straight hair",
            "value": "no",
            "confidence": 0.67
          },
          {
            "name": "wavy hair",
            "value": "no",
            "confidence": 0.5
          },
          {
            "name": "wearing earrings",
            "value": "no",
            "confidence": 0.7
          },
          {
            "name": "wearing hat",
            "value": "yes",
            "confidence": 0.45
          },
          {
            "name": "wearing lipstick",
            "value": "no",
            "confidence": 0.87
          },
          {
            "name": "wearing necklace",
            "value": "no",
            "confidence": 0.78
          },
          {
            "name": "wearing necktie",
            "value": "no",
            "confidence": 0.6
          },
          {
            "name": "yaw",
            "value": "-68.48",
            "confidence": 1.0
          },
          {
            "name": "young",
            "value": "no",
            "confidence": 0.21
          }
        ],
        "person_id": "",
        "appearance_id": 0,
        "start": "00:00:00",
        "duration": "00:00:00"
      }
    ],
    "tags": null,
    "original_filename": "https://raw.githubusercontent.com/sarkrui/Hairstyle60k/master/Dataset/Slicked-back/IMG_8.jpg",
    "duration": "00:00:00"
  },
  "recognize": null
}