{
  "media": {
    "media_uuid": "7beac322-d328-4447-8bb2-f883873d0e98",
    "checksum": "ca7fb0b095a91207b10ed85d2ae8d0d65203ca1b39ba1526cb77227a20ce0b5e",
    "faces": [
      {
        "face_uuid": "26ca7393-1537-11e9-99c4-0cc47a6c4dbd",
        "media_uuid": "7beac322-d328-4447-8bb2-f883873d0e98",
        "x": 121.5,
        "y": 203.0,
        "width": 153.86,
        "height": 201.28,
        "angle": -3.9369,
        "detection_score": 1.0,
        "points": [
          {
            "x": 50.62,
            "y": 187.57,
            "type": 512,
            "name": "basic eye left"
          },
          {
            "x": 124.82,
            "y": 192.68,
            "type": 768,
            "name": "basic eye right"
          },
          {
            "x": 36.08,
            "y": 186.9,
            "type": 1024,
            "name": "basic eye left outer"
          },
          {
            "x": 142.53,
            "y": 194.59,
            "type": 1280,
            "name": "basic eye right outer"
          },
          {
            "x": 64.7,
            "y": 188.69,
            "type": 1536,
            "name": "basic eye left inner"
          },
          {
            "x": 107.48,
            "y": 191.5,
            "type": 1792,
            "name": "basic eye right inner"
          },
          {
            "x": 55.53,
            "y": 274.75,
            "type": 2048,
            "name": "basic mouth left"
          },
          {
            "x": 115.47,
            "y": 280.62,
            "type": 2304,
            "name": "basic mouth right"
          },
          {
            "x": 66.68,
            "y": 238.96,
            "type": 2560,
            "name": "basic nose tip"
          },
          {
            "x": 83.99,
            "y": 277.95,
            "type": 2816,
            "name": "basic mouth center"
          },
          {
            "x": 83.99,
            "y": 277.95,
            "type": 3072,
            "name": "basic eyebrow left"
          },
          {
            "x": 83.99,
            "y": 277.95,
            "type": 3328,
            "name": "basic eyebrow left inner corner"
          },
          {
            "x": 83.99,
            "y": 277.95,
            "type": 3584,
            "name": "basic eyebrow left outer corner"
          },
          {
            "x": 83.99,
            "y": 277.95,
            "type": 3840,
            "name": "basic eyebrow right"
          },
          {
            "x": 83.99,
            "y": 277.95,
            "type": 4096,
            "name": "basic eyebrow right inner corner"
          },
          {
            "x": 83.99,
            "y": 277.95,
            "type": 4352,
            "name": "basic eyebrow right outer corner"
          },
          {
            "x": 83.99,
            "y": 277.95,
            "type": 4608,
            "name": "basic chin bottom"
          },
          {
            "x": 83.99,
            "y": 277.95,
            "type": 4864,
            "name": "basic chin left"
          },
          {
            "x": 83.99,
            "y": 277.95,
            "type": 5120,
            "name": "basic chin right"
          },
          {
            "x": 55.22,
            "y": 242.18,
            "type": 5376,
            "name": "basic nose left"
          },
          {
            "x": 95.38,
            "y": 245.64,
            "type": 5632,
            "name": "basic nose right"
          }
        ],
        "user_points": null,
        "tags": [
          {
            "name": "5oclock shadow",
            "value": "no",
            "confidence": 0.17
          },
          {
            "name": "age",
            "value": "47",
            "confidence": 0.6
          },
          {
            "name": "arched eyebrows",
            "value": "no",
            "confidence": 0.9
          },
          {
            "name": "attractive",
            "value": "yes",
            "confidence": 0.38
          },
          {
            "name": "bags under eyes",
            "value": "no",
            "confidence": 0.09
          },
          {
            "name": "bald",
            "value": "no",
            "confidence": 0.94
          },
          {
            "name": "bangs",
            "value": "no",
            "confidence": 0.61
          },
          {
            "name": "beard",
            "value": "no",
            "confidence": 0.32
          },
          {
            "name": "big lips",
            "value": "no",
            "confidence": 0.05
          },
          {
            "name": "big nose",
            "value": "no",
            "confidence": 0.4
          },
          {
            "name": "black hair",
            "value": "no",
            "confidence": 0.66
          },
          {
            "name": "blond hair",
            "value": "no",
            "confidence": 0.39
          },
          {
            "name": "blurry",
            "value": "no",
            "confidence": 0.84
          },
          {
            "name": "brown hair",
            "value": "yes",
            "confidence": 0.16
          },
          {
            "name": "bushy eyebrows",
            "value": "no",
            "confidence": 0.06
          },
          {
            "name": "chubby",
            "value": "no",
            "confidence": 1.0
          },
          {
            "name": "double chin",
            "value": "no",
            "confidence": 1.0
          },
          {
            "name": "expression",
            "value": "neutral",
            "confidence": 0.86
          },
          {
            "name": "gender",
            "value": "male",
            "confidence": 0.21
          },
          {
            "name": "glasses",
            "value": "no",
            "confidence": 1.0
          },
          {
            "name": "goatee",
            "value": "no",
            "confidence": 0.7
          },
          {
            "name": "gray hair",
            "value": "no",
            "confidence": 1.0
          },
          {
            "name": "heavy makeup",
            "value": "no",
            "confidence": 0.68
          },
          {
            "name": "high cheekbones",
            "value": "no",
            "confidence": 0.67
          },
          {
            "name": "mouth open",
            "value": "no",
            "confidence": 1.0
          },
          {
            "name": "mustache",
            "value": "no",
            "confidence": 0.73
          },
          {
            "name": "narrow eyes",
            "value": "no",
            "confidence": 0.39
          },
          {
            "name": "oval face",
            "value": "no",
            "confidence": 0.21
          },
          {
            "name": "pale skin",
            "value": "yes",
            "confidence": 0.64
          },
          {
            "name": "pitch",
            "value": "-6.34",
            "confidence": 1.0
          },
          {
            "name": "pointy nose",
            "value": "no",
            "confidence": 0.44
          },
          {
            "name": "race",
            "value": "white",
            "confidence": 0.73
          },
          {
            "name": "receding hairline",
            "value": "no",
            "confidence": 0.67
          },
          {
            "name": "rosy cheeks",
            "value": "no",
            "confidence": 1.0
          },
          {
            "name": "sideburns",
            "value": "no",
            "confidence": 0.66
          },
          {
            "name": "straight hair",
            "value": "yes",
            "confidence": 0.49
          },
          {
            "name": "wavy hair",
            "value": "no",
            "confidence": 1.0
          },
          {
            "name": "wearing earrings",
            "value": "no",
            "confidence": 0.75
          },
          {
            "name": "wearing hat",
            "value": "no",
            "confidence": 0.3
          },
          {
            "name": "wearing lipstick",
            "value": "no",
            "confidence": 0.62
          },
          {
            "name": "wearing necklace",
            "value": "no",
            "confidence": 0.92
          },
          {
            "name": "wearing necktie",
            "value": "no",
            "confidence": 0.65
          },
          {
            "name": "yaw",
            "value": "25.27",
            "confidence": 1.0
          },
          {
            "name": "young",
            "value": "yes",
            "confidence": 1.0
          }
        ],
        "person_id": "",
        "appearance_id": 0,
        "start": "00:00:00",
        "duration": "00:00:00"
      }
    ],
    "tags": null,
    "original_filename": "https://raw.githubusercontent.com/sarkrui/Hairstyle60k/master/Dataset/Slicked-back/IMG_2.jpg",
    "duration": "00:00:00"
  },
  "recognize": null
}