{
  "media": {
    "media_uuid": "f504f330-465a-4f98-a5a1-3eca1d64e0b3",
    "checksum": "65fb9a4b8020ce73da4fba2b9f6b5fc0f2fabdc595322d49263a962a538ba67b",
    "faces": [
      {
        "face_uuid": "4eca0c3d-1537-11e9-99c4-0cc47a6c4dbd",
        "media_uuid": "f504f330-465a-4f98-a5a1-3eca1d64e0b3",
        "x": 120.85,
        "y": 331.97,
        "width": 263.87,
        "height": 379.98,
        "angle": 15.3897,
        "detection_score": 1.0,
        "points": [
          {
            "x": 6.14,
            "y": 316.49,
            "type": 512,
            "name": "basic eye left"
          },
          {
            "x": 134.1,
            "y": 281.27,
            "type": 768,
            "name": "basic eye right"
          },
          {
            "x": -17.93,
            "y": 323.98,
            "type": 1024,
            "name": "basic eye left outer"
          },
          {
            "x": 164.58,
            "y": 273.96,
            "type": 1280,
            "name": "basic eye right outer"
          },
          {
            "x": 30.15,
            "y": 311.22,
            "type": 1536,
            "name": "basic eye left inner"
          },
          {
            "x": 104.82,
            "y": 290.53,
            "type": 1792,
            "name": "basic eye right inner"
          },
          {
            "x": 36.2,
            "y": 467.9,
            "type": 2048,
            "name": "basic mouth left"
          },
          {
            "x": 140.33,
            "y": 433.84,
            "type": 2304,
            "name": "basic mouth right"
          },
          {
            "x": 42.97,
            "y": 382.83,
            "type": 2560,
            "name": "basic nose tip"
          },
          {
            "x": 84.3,
            "y": 451.23,
            "type": 2816,
            "name": "basic mouth center"
          },
          {
            "x": 84.3,
            "y": 451.23,
            "type": 3072,
            "name": "basic eyebrow left"
          },
          {
            "x": 84.3,
            "y": 451.23,
            "type": 3328,
            "name": "basic eyebrow left inner corner"
          },
          {
            "x": 84.3,
            "y": 451.23,
            "type": 3584,
            "name": "basic eyebrow left outer corner"
          },
          {
            "x": 84.3,
            "y": 451.23,
            "type": 3840,
            "name": "basic eyebrow right"
          },
          {
            "x": 84.3,
            "y": 451.23,
            "type": 4096,
            "name": "basic eyebrow right inner corner"
          },
          {
            "x": 84.3,
            "y": 451.23,
            "type": 4352,
            "name": "basic eyebrow right outer corner"
          },
          {
            "x": 84.3,
            "y": 451.23,
            "type": 4608,
            "name": "basic chin bottom"
          },
          {
            "x": 84.3,
            "y": 451.23,
            "type": 4864,
            "name": "basic chin left"
          },
          {
            "x": 84.3,
            "y": 451.23,
            "type": 5120,
            "name": "basic chin right"
          },
          {
            "x": 30.17,
            "y": 402.99,
            "type": 5376,
            "name": "basic nose left"
          },
          {
            "x": 97.87,
            "y": 384.48,
            "type": 5632,
            "name": "basic nose right"
          }
        ],
        "user_points": null,
        "tags": [
          {
            "name": "5oclock shadow",
            "value": "no",
            "confidence": 1.0
          },
          {
            "name": "age",
            "value": "23",
            "confidence": 0.6
          },
          {
            "name": "arched eyebrows",
            "value": "no",
            "confidence": 0.4
          },
          {
            "name": "attractive",
            "value": "no",
            "confidence": 0.03
          },
          {
            "name": "bags under eyes",
            "value": "no",
            "confidence": 1.0
          },
          {
            "name": "bald",
            "value": "no",
            "confidence": 0.95
          },
          {
            "name": "bangs",
            "value": "no",
            "confidence": 0.08
          },
          {
            "name": "beard",
            "value": "no",
            "confidence": 1.0
          },
          {
            "name": "big lips",
            "value": "no",
            "confidence": 0.34
          },
          {
            "name": "big nose",
            "value": "no",
            "confidence": 1.0
          },
          {
            "name": "black hair",
            "value": "no",
            "confidence": 0.81
          },
          {
            "name": "blond hair",
            "value": "yes",
            "confidence": 0.23
          },
          {
            "name": "blurry",
            "value": "no",
            "confidence": 0.42
          },
          {
            "name": "brown hair",
            "value": "no",
            "confidence": 0.46
          },
          {
            "name": "bushy eyebrows",
            "value": "no",
            "confidence": 0.61
          },
          {
            "name": "chubby",
            "value": "no",
            "confidence": 1.0
          },
          {
            "name": "double chin",
            "value": "no",
            "confidence": 1.0
          },
          {
            "name": "expression",
            "value": "neutral",
            "confidence": 1.0
          },
          {
            "name": "gender",
            "value": "female",
            "confidence": 0.7
          },
          {
            "name": "glasses",
            "value": "no",
            "confidence": 0.99
          },
          {
            "name": "goatee",
            "value": "no",
            "confidence": 1.0
          },
          {
            "name": "gray hair",
            "value": "no",
            "confidence": 0.58
          },
          {
            "name": "heavy makeup",
            "value": "yes",
            "confidence": 0.06
          },
          {
            "name": "high cheekbones",
            "value": "no",
            "confidence": 0.85
          },
          {
            "name": "mouth open",
            "value": "no",
            "confidence": 0.27
          },
          {
            "name": "mustache",
            "value": "no",
            "confidence": 1.0
          },
          {
            "name": "narrow eyes",
            "value": "no",
            "confidence": 0.55
          },
          {
            "name": "oval face",
            "value": "no",
            "confidence": 0.12
          },
          {
            "name": "pale skin",
            "value": "yes",
            "confidence": 0.27
          },
          {
            "name": "pitch",
            "value": "-5.27",
            "confidence": 1.0
          },
          {
            "name": "pointy nose",
            "value": "yes",
            "confidence": 0.34
          },
          {
            "name": "race",
            "value": "asian",
            "confidence": 0.99
          },
          {
            "name": "receding hairline",
            "value": "no",
            "confidence": 0.75
          },
          {
            "name": "rosy cheeks",
            "value": "no",
            "confidence": 0.68
          },
          {
            "name": "sideburns",
            "value": "no",
            "confidence": 1.0
          },
          {
            "name": "straight hair",
            "value": "yes",
            "confidence": 0.12
          },
          {
            "name": "wavy hair",
            "value": "no",
            "confidence": 0.53
          },
          {
            "name": "wearing earrings",
            "value": "yes",
            "confidence": 0.1
          },
          {
            "name": "wearing hat",
            "value": "no",
            "confidence": 0.55
          },
          {
            "name": "wearing lipstick",
            "value": "yes",
            "confidence": 0.22
          },
          {
            "name": "wearing necklace",
            "value": "no",
            "confidence": 0.42
          },
          {
            "name": "wearing necktie",
            "value": "no",
            "confidence": 0.95
          },
          {
            "name": "yaw",
            "value": "62.95",
            "confidence": 1.0
          },
          {
            "name": "young",
            "value": "yes",
            "confidence": 0.49
          }
        ],
        "person_id": "",
        "appearance_id": 0,
        "start": "00:00:00",
        "duration": "00:00:00"
      }
    ],
    "tags": null,
    "original_filename": "https://raw.githubusercontent.com/sarkrui/Hairstyle60k/master/Dataset/Spiky_Hair/IMG_22.jpg",
    "duration": "00:00:00"
  },
  "recognize": null
}