{
  "media": {
    "media_uuid": "10bc9da2-7783-4738-90e7-09f07976ac00",
    "checksum": "5f742611374d6641aad75aec8a5e534c1ab808e78bb3f862cb47a463d491889c",
    "faces": [
      {
        "face_uuid": "47548d58-1537-11e9-99c4-0cc47a6c4dbd",
        "media_uuid": "10bc9da2-7783-4738-90e7-09f07976ac00",
        "x": 237.52,
        "y": 386.29,
        "width": 276.16,
        "height": 332.93,
        "angle": -18.9531,
        "detection_score": 0.91,
        "points": [
          {
            "x": 160.01,
            "y": 333.41,
            "type": 512,
            "name": "basic eye left"
          },
          {
            "x": 280.9,
            "y": 374.92,
            "type": 768,
            "name": "basic eye right"
          },
          {
            "x": 134.55,
            "y": 324.93,
            "type": 1024,
            "name": "basic eye left outer"
          },
          {
            "x": 306.49,
            "y": 384.12,
            "type": 1280,
            "name": "basic eye right outer"
          },
          {
            "x": 184.26,
            "y": 344.13,
            "type": 1536,
            "name": "basic eye left inner"
          },
          {
            "x": 255.01,
            "y": 368.38,
            "type": 1792,
            "name": "basic eye right inner"
          },
          {
            "x": 130.88,
            "y": 450.17,
            "type": 2048,
            "name": "basic mouth left"
          },
          {
            "x": 232.89,
            "y": 486.96,
            "type": 2304,
            "name": "basic mouth right"
          },
          {
            "x": 192.94,
            "y": 428.58,
            "type": 2560,
            "name": "basic nose tip"
          },
          {
            "x": 180.41,
            "y": 471.53,
            "type": 2816,
            "name": "basic mouth center"
          },
          {
            "x": 180.41,
            "y": 471.53,
            "type": 3072,
            "name": "basic eyebrow left"
          },
          {
            "x": 180.41,
            "y": 471.53,
            "type": 3328,
            "name": "basic eyebrow left inner corner"
          },
          {
            "x": 180.41,
            "y": 471.53,
            "type": 3584,
            "name": "basic eyebrow left outer corner"
          },
          {
            "x": 180.41,
            "y": 471.53,
            "type": 3840,
            "name": "basic eyebrow right"
          },
          {
            "x": 180.41,
            "y": 471.53,
            "type": 4096,
            "name": "basic eyebrow right inner corner"
          },
          {
            "x": 180.41,
            "y": 471.53,
            "type": 4352,
            "name": "basic eyebrow right outer corner"
          },
          {
            "x": 180.41,
            "y": 471.53,
            "type": 4608,
            "name": "basic chin bottom"
          },
          {
            "x": 180.41,
            "y": 471.53,
            "type": 4864,
            "name": "basic chin left"
          },
          {
            "x": 180.41,
            "y": 471.53,
            "type": 5120,
            "name": "basic chin right"
          },
          {
            "x": 163.19,
            "y": 418.44,
            "type": 5376,
            "name": "basic nose left"
          },
          {
            "x": 224.75,
            "y": 440.28,
            "type": 5632,
            "name": "basic nose right"
          }
        ],
        "user_points": null,
        "tags": [
          {
            "name": "5oclock shadow",
            "value": "no",
            "confidence": 1.0
          },
          {
            "name": "age",
            "value": "16",
            "confidence": 0.6
          },
          {
            "name": "arched eyebrows",
            "value": "no",
            "confidence": 0.7
          },
          {
            "name": "attractive",
            "value": "yes",
            "confidence": 0.33
          },
          {
            "name": "bags under eyes",
            "value": "no",
            "confidence": 0.2
          },
          {
            "name": "bald",
            "value": "no",
            "confidence": 0.53
          },
          {
            "name": "bangs",
            "value": "yes",
            "confidence": 0.22
          },
          {
            "name": "beard",
            "value": "no",
            "confidence": 1.0
          },
          {
            "name": "big lips",
            "value": "no",
            "confidence": 0.19
          },
          {
            "name": "big nose",
            "value": "no",
            "confidence": 0.28
          },
          {
            "name": "black hair",
            "value": "no",
            "confidence": 0.78
          },
          {
            "name": "blond hair",
            "value": "yes",
            "confidence": 0.38
          },
          {
            "name": "blurry",
            "value": "no",
            "confidence": 0.97
          },
          {
            "name": "brown hair",
            "value": "no",
            "confidence": 1.0
          },
          {
            "name": "bushy eyebrows",
            "value": "no",
            "confidence": 0.83
          },
          {
            "name": "chubby",
            "value": "no",
            "confidence": 0.79
          },
          {
            "name": "double chin",
            "value": "no",
            "confidence": 0.6
          },
          {
            "name": "expression",
            "value": "smile",
            "confidence": 0.87
          },
          {
            "name": "gender",
            "value": "female",
            "confidence": 0.92
          },
          {
            "name": "glasses",
            "value": "no",
            "confidence": 1.0
          },
          {
            "name": "goatee",
            "value": "no",
            "confidence": 1.0
          },
          {
            "name": "gray hair",
            "value": "no",
            "confidence": 0.03
          },
          {
            "name": "heavy makeup",
            "value": "yes",
            "confidence": 0.01
          },
          {
            "name": "high cheekbones",
            "value": "yes",
            "confidence": 0.43
          },
          {
            "name": "mouth open",
            "value": "yes",
            "confidence": 0.77
          },
          {
            "name": "mustache",
            "value": "no",
            "confidence": 1.0
          },
          {
            "name": "narrow eyes",
            "value": "no",
            "confidence": 0.58
          },
          {
            "name": "oval face",
            "value": "no",
            "confidence": 0.02
          },
          {
            "name": "pale skin",
            "value": "yes",
            "confidence": 1.0
          },
          {
            "name": "pitch",
            "value": "-8.66",
            "confidence": 1.0
          },
          {
            "name": "pointy nose",
            "value": "no",
            "confidence": 0.3
          },
          {
            "name": "race",
            "value": "white",
            "confidence": 1.0
          },
          {
            "name": "receding hairline",
            "value": "no",
            "confidence": 0.61
          },
          {
            "name": "rosy cheeks",
            "value": "no",
            "confidence": 0.84
          },
          {
            "name": "sideburns",
            "value": "no",
            "confidence": 1.0
          },
          {
            "name": "straight hair",
            "value": "no",
            "confidence": 0.05
          },
          {
            "name": "wavy hair",
            "value": "no",
            "confidence": 0.63
          },
          {
            "name": "wearing earrings",
            "value": "yes",
            "confidence": 0.18
          },
          {
            "name": "wearing hat",
            "value": "yes",
            "confidence": 0.05
          },
          {
            "name": "wearing lipstick",
            "value": "yes",
            "confidence": 0.38
          },
          {
            "name": "wearing necklace",
            "value": "no",
            "confidence": 0.14
          },
          {
            "name": "wearing necktie",
            "value": "no",
            "confidence": 0.72
          },
          {
            "name": "yaw",
            "value": "-5.8",
            "confidence": 1.0
          },
          {
            "name": "young",
            "value": "yes",
            "confidence": 0.08
          }
        ],
        "person_id": "",
        "appearance_id": 0,
        "start": "00:00:00",
        "duration": "00:00:00"
      }
    ],
    "tags": null,
    "original_filename": "https://raw.githubusercontent.com/sarkrui/Hairstyle60k/master/Dataset/Spiky_Hair/IMG_14.jpg",
    "duration": "00:00:00"
  },
  "recognize": null
}