{
  "media": {
    "media_uuid": "759fb75c-e702-466a-8e4d-4a15467fcede",
    "checksum": "3b745c0d12dc5e5a6481a20e6ff7b1970c0830aa6f76094588287fff053211b6",
    "faces": [
      {
        "face_uuid": "41289dd3-1537-11e9-99c4-0cc47a6c4dbd",
        "media_uuid": "759fb75c-e702-466a-8e4d-4a15467fcede",
        "x": 181.0,
        "y": 263.5,
        "width": 172.15,
        "height": 240.06,
        "angle": -3.7288,
        "detection_score": 1.0,
        "points": [
          {
            "x": 119.2,
            "y": 224.73,
            "type": 512,
            "name": "basic eye left"
          },
          {
            "x": 208.23,
            "y": 230.53,
            "type": 768,
            "name": "basic eye right"
          },
          {
            "x": 100.62,
            "y": 224.11,
            "type": 1024,
            "name": "basic eye left outer"
          },
          {
            "x": 227.97,
            "y": 232.73,
            "type": 1280,
            "name": "basic eye right outer"
          },
          {
            "x": 137.06,
            "y": 226.6,
            "type": 1536,
            "name": "basic eye left inner"
          },
          {
            "x": 189.42,
            "y": 230.03,
            "type": 1792,
            "name": "basic eye right inner"
          },
          {
            "x": 101.29,
            "y": 319.11,
            "type": 2048,
            "name": "basic mouth left"
          },
          {
            "x": 172.19,
            "y": 334.64,
            "type": 2304,
            "name": "basic mouth right"
          },
          {
            "x": 143.59,
            "y": 281.0,
            "type": 2560,
            "name": "basic nose tip"
          },
          {
            "x": 136.24,
            "y": 327.85,
            "type": 2816,
            "name": "basic mouth center"
          },
          {
            "x": 136.24,
            "y": 327.85,
            "type": 3072,
            "name": "basic eyebrow left"
          },
          {
            "x": 136.24,
            "y": 327.85,
            "type": 3328,
            "name": "basic eyebrow left inner corner"
          },
          {
            "x": 136.24,
            "y": 327.85,
            "type": 3584,
            "name": "basic eyebrow left outer corner"
          },
          {
            "x": 136.24,
            "y": 327.85,
            "type": 3840,
            "name": "basic eyebrow right"
          },
          {
            "x": 136.24,
            "y": 327.85,
            "type": 4096,
            "name": "basic eyebrow right inner corner"
          },
          {
            "x": 136.24,
            "y": 327.85,
            "type": 4352,
            "name": "basic eyebrow right outer corner"
          },
          {
            "x": 136.24,
            "y": 327.85,
            "type": 4608,
            "name": "basic chin bottom"
          },
          {
            "x": 136.24,
            "y": 327.85,
            "type": 4864,
            "name": "basic chin left"
          },
          {
            "x": 136.24,
            "y": 327.85,
            "type": 5120,
            "name": "basic chin right"
          },
          {
            "x": 122.38,
            "y": 284.58,
            "type": 5376,
            "name": "basic nose left"
          },
          {
            "x": 168.4,
            "y": 291.49,
            "type": 5632,
            "name": "basic nose right"
          }
        ],
        "user_points": null,
        "tags": [
          {
            "name": "5oclock shadow",
            "value": "yes",
            "confidence": 0.54
          },
          {
            "name": "age",
            "value": "36",
            "confidence": 0.6
          },
          {
            "name": "arched eyebrows",
            "value": "no",
            "confidence": 1.0
          },
          {
            "name": "attractive",
            "value": "no",
            "confidence": 0.89
          },
          {
            "name": "bags under eyes",
            "value": "no",
            "confidence": 0.1
          },
          {
            "name": "bald",
            "value": "no",
            "confidence": 0.45
          },
          {
            "name": "bangs",
            "value": "no",
            "confidence": 0.6
          },
          {
            "name": "beard",
            "value": "yes",
            "confidence": 0.93
          },
          {
            "name": "big lips",
            "value": "no",
            "confidence": 0.34
          },
          {
            "name": "big nose",
            "value": "yes",
            "confidence": 0.31
          },
          {
            "name": "black hair",
            "value": "yes",
            "confidence": 0.09
          },
          {
            "name": "blond hair",
            "value": "no",
            "confidence": 1.0
          },
          {
            "name": "blurry",
            "value": "yes",
            "confidence": 0.06
          },
          {
            "name": "brown hair",
            "value": "no",
            "confidence": 0.45
          },
          {
            "name": "bushy eyebrows",
            "value": "no",
            "confidence": 0.18
          },
          {
            "name": "chubby",
            "value": "yes",
            "confidence": 0.2
          },
          {
            "name": "double chin",
            "value": "no",
            "confidence": 0.15
          },
          {
            "name": "expression",
            "value": "neutral",
            "confidence": 0.71
          },
          {
            "name": "gender",
            "value": "male",
            "confidence": 1.0
          },
          {
            "name": "glasses",
            "value": "no",
            "confidence": 1.0
          },
          {
            "name": "goatee",
            "value": "yes",
            "confidence": 0.68
          },
          {
            "name": "gray hair",
            "value": "no",
            "confidence": 0.6
          },
          {
            "name": "heavy makeup",
            "value": "no",
            "confidence": 0.9
          },
          {
            "name": "high cheekbones",
            "value": "no",
            "confidence": 0.81
          },
          {
            "name": "mouth open",
            "value": "no",
            "confidence": 0.14
          },
          {
            "name": "mustache",
            "value": "yes",
            "confidence": 0.73
          },
          {
            "name": "narrow eyes",
            "value": "yes",
            "confidence": 0.24
          },
          {
            "name": "oval face",
            "value": "no",
            "confidence": 0.65
          },
          {
            "name": "pale skin",
            "value": "no",
            "confidence": 0.75
          },
          {
            "name": "pitch",
            "value": "-6.17",
            "confidence": 1.0
          },
          {
            "name": "pointy nose",
            "value": "no",
            "confidence": 0.56
          },
          {
            "name": "race",
            "value": "asian",
            "confidence": 0.73
          },
          {
            "name": "receding hairline",
            "value": "no",
            "confidence": 0.77
          },
          {
            "name": "rosy cheeks",
            "value": "no",
            "confidence": 1.0
          },
          {
            "name": "sideburns",
            "value": "yes",
            "confidence": 0.69
          },
          {
            "name": "straight hair",
            "value": "no",
            "confidence": 0.45
          },
          {
            "name": "wavy hair",
            "value": "no",
            "confidence": 0.29
          },
          {
            "name": "wearing earrings",
            "value": "no",
            "confidence": 0.92
          },
          {
            "name": "wearing hat",
            "value": "yes",
            "confidence": 0.3
          },
          {
            "name": "wearing lipstick",
            "value": "no",
            "confidence": 0.95
          },
          {
            "name": "wearing necklace",
            "value": "no",
            "confidence": 0.84
          },
          {
            "name": "wearing necktie",
            "value": "no",
            "confidence": 0.11
          },
          {
            "name": "yaw",
            "value": "36.48",
            "confidence": 1.0
          },
          {
            "name": "young",
            "value": "no",
            "confidence": 0.35
          }
        ],
        "person_id": "",
        "appearance_id": 0,
        "start": "00:00:00",
        "duration": "00:00:00"
      }
    ],
    "tags": null,
    "original_filename": "https://raw.githubusercontent.com/sarkrui/Hairstyle60k/master/Dataset/Spiky_Hair/IMG_7.jpg",
    "duration": "00:00:00"
  },
  "recognize": null
}