{
  "media": {
    "media_uuid": "706cfb22-c1d5-4099-a93a-99ecf6e6ac2e",
    "checksum": "ae5d7d479045d3731db016a9674967d31e754f6844c6747b97d9378a05d7b04a",
    "faces": [
      {
        "face_uuid": "3b749dbb-1537-11e9-99c4-0cc47a6c4dbd",
        "media_uuid": "706cfb22-c1d5-4099-a93a-99ecf6e6ac2e",
        "x": 351.37,
        "y": 471.73,
        "width": 355.68,
        "height": 521.66,
        "angle": 5.5259,
        "detection_score": 1.0,
        "points": [
          {
            "x": 284.56,
            "y": 416.19,
            "type": 512,
            "name": "basic eye left"
          },
          {
            "x": 453.23,
            "y": 399.88,
            "type": 768,
            "name": "basic eye right"
          },
          {
            "x": 246.42,
            "y": 420.09,
            "type": 1024,
            "name": "basic eye left outer"
          },
          {
            "x": 489.59,
            "y": 396.49,
            "type": 1280,
            "name": "basic eye right outer"
          },
          {
            "x": 322.0,
            "y": 413.59,
            "type": 1536,
            "name": "basic eye left inner"
          },
          {
            "x": 417.58,
            "y": 404.46,
            "type": 1792,
            "name": "basic eye right inner"
          },
          {
            "x": 329.27,
            "y": 604.13,
            "type": 2048,
            "name": "basic mouth left"
          },
          {
            "x": 454.79,
            "y": 590.08,
            "type": 2304,
            "name": "basic mouth right"
          },
          {
            "x": 391.25,
            "y": 519.78,
            "type": 2560,
            "name": "basic nose tip"
          },
          {
            "x": 393.35,
            "y": 597.77,
            "type": 2816,
            "name": "basic mouth center"
          },
          {
            "x": 393.35,
            "y": 597.77,
            "type": 3072,
            "name": "basic eyebrow left"
          },
          {
            "x": 393.35,
            "y": 597.77,
            "type": 3328,
            "name": "basic eyebrow left inner corner"
          },
          {
            "x": 393.35,
            "y": 597.77,
            "type": 3584,
            "name": "basic eyebrow left outer corner"
          },
          {
            "x": 393.35,
            "y": 597.77,
            "type": 3840,
            "name": "basic eyebrow right"
          },
          {
            "x": 393.35,
            "y": 597.77,
            "type": 4096,
            "name": "basic eyebrow right inner corner"
          },
          {
            "x": 393.35,
            "y": 597.77,
            "type": 4352,
            "name": "basic eyebrow right outer corner"
          },
          {
            "x": 393.35,
            "y": 597.77,
            "type": 4608,
            "name": "basic chin bottom"
          },
          {
            "x": 393.35,
            "y": 597.77,
            "type": 4864,
            "name": "basic chin left"
          },
          {
            "x": 393.35,
            "y": 597.77,
            "type": 5120,
            "name": "basic chin right"
          },
          {
            "x": 343.41,
            "y": 525.96,
            "type": 5376,
            "name": "basic nose left"
          },
          {
            "x": 430.58,
            "y": 516.79,
            "type": 5632,
            "name": "basic nose right"
          }
        ],
        "user_points": null,
        "tags": [
          {
            "name": "5oclock shadow",
            "value": "yes",
            "confidence": 0.8
          },
          {
            "name": "age",
            "value": "43",
            "confidence": 0.6
          },
          {
            "name": "arched eyebrows",
            "value": "no",
            "confidence": 0.67
          },
          {
            "name": "attractive",
            "value": "no",
            "confidence": 0.03
          },
          {
            "name": "bags under eyes",
            "value": "no",
            "confidence": 0.05
          },
          {
            "name": "bald",
            "value": "no",
            "confidence": 1.0
          },
          {
            "name": "bangs",
            "value": "no",
            "confidence": 1.0
          },
          {
            "name": "beard",
            "value": "yes",
            "confidence": 0.15
          },
          {
            "name": "big lips",
            "value": "no",
            "confidence": 0.24
          },
          {
            "name": "big nose",
            "value": "no",
            "confidence": 0.12
          },
          {
            "name": "black hair",
            "value": "no",
            "confidence": 1.0
          },
          {
            "name": "blond hair",
            "value": "no",
            "confidence": 0.72
          },
          {
            "name": "blurry",
            "value": "no",
            "confidence": 0.94
          },
          {
            "name": "brown hair",
            "value": "yes",
            "confidence": 0.94
          },
          {
            "name": "bushy eyebrows",
            "value": "no",
            "confidence": 0.06
          },
          {
            "name": "chubby",
            "value": "no",
            "confidence": 0.98
          },
          {
            "name": "double chin",
            "value": "no",
            "confidence": 1.0
          },
          {
            "name": "expression",
            "value": "neutral",
            "confidence": 1.0
          },
          {
            "name": "gender",
            "value": "male",
            "confidence": 1.0
          },
          {
            "name": "glasses",
            "value": "no",
            "confidence": 1.0
          },
          {
            "name": "goatee",
            "value": "no",
            "confidence": 0.47
          },
          {
            "name": "gray hair",
            "value": "no",
            "confidence": 0.95
          },
          {
            "name": "heavy makeup",
            "value": "no",
            "confidence": 0.96
          },
          {
            "name": "high cheekbones",
            "value": "no",
            "confidence": 0.92
          },
          {
            "name": "mouth open",
            "value": "no",
            "confidence": 0.99
          },
          {
            "name": "mustache",
            "value": "no",
            "confidence": 0.49
          },
          {
            "name": "narrow eyes",
            "value": "no",
            "confidence": 0.68
          },
          {
            "name": "oval face",
            "value": "no",
            "confidence": 0.33
          },
          {
            "name": "pale skin",
            "value": "no",
            "confidence": 0.59
          },
          {
            "name": "pitch",
            "value": "-9.24",
            "confidence": 1.0
          },
          {
            "name": "pointy nose",
            "value": "yes",
            "confidence": 0.17
          },
          {
            "name": "race",
            "value": "white",
            "confidence": 1.0
          },
          {
            "name": "receding hairline",
            "value": "no",
            "confidence": 0.62
          },
          {
            "name": "rosy cheeks",
            "value": "no",
            "confidence": 0.67
          },
          {
            "name": "sideburns",
            "value": "no",
            "confidence": 0.38
          },
          {
            "name": "straight hair",
            "value": "no",
            "confidence": 0.23
          },
          {
            "name": "wavy hair",
            "value": "no",
            "confidence": 0.05
          },
          {
            "name": "wearing earrings",
            "value": "no",
            "confidence": 0.58
          },
          {
            "name": "wearing hat",
            "value": "no",
            "confidence": 0.85
          },
          {
            "name": "wearing lipstick",
            "value": "no",
            "confidence": 1.0
          },
          {
            "name": "wearing necklace",
            "value": "no",
            "confidence": 0.67
          },
          {
            "name": "wearing necktie",
            "value": "no",
            "confidence": 0.2
          },
          {
            "name": "yaw",
            "value": "-2.6",
            "confidence": 1.0
          },
          {
            "name": "young",
            "value": "yes",
            "confidence": 0.47
          }
        ],
        "person_id": "",
        "appearance_id": 0,
        "start": "00:00:00",
        "duration": "00:00:00"
      }
    ],
    "tags": null,
    "original_filename": "https://raw.githubusercontent.com/sarkrui/Hairstyle60k/master/Dataset/Spiky_Hair/IMG_1.jpg",
    "duration": "00:00:00"
  },
  "recognize": null
}