{
  "media": {
    "media_uuid": "d1343b45-4e98-4a73-982a-e1b15940979a",
    "checksum": "10ba2878ac869b6eb400de1f6814fdf42f93c3781bbce40bee17a5e0a1dcbca7",
    "faces": [
      {
        "face_uuid": "4b5a19d1-1537-11e9-99c4-0cc47a6c4dbd",
        "media_uuid": "d1343b45-4e98-4a73-982a-e1b15940979a",
        "x": 293.0,
        "y": 316.0,
        "width": 261.68,
        "height": 372.46,
        "angle": -0.987,
        "detection_score": 1.0,
        "points": [
          {
            "x": 259.68,
            "y": 274.25,
            "type": 512,
            "name": "basic eye left"
          },
          {
            "x": 380.8,
            "y": 276.34,
            "type": 768,
            "name": "basic eye right"
          },
          {
            "x": 230.72,
            "y": 274.56,
            "type": 1024,
            "name": "basic eye left outer"
          },
          {
            "x": 404.89,
            "y": 277.38,
            "type": 1280,
            "name": "basic eye right outer"
          },
          {
            "x": 288.21,
            "y": 274.98,
            "type": 1536,
            "name": "basic eye left inner"
          },
          {
            "x": 357.33,
            "y": 276.37,
            "type": 1792,
            "name": "basic eye right inner"
          },
          {
            "x": 278.12,
            "y": 422.79,
            "type": 2048,
            "name": "basic mouth left"
          },
          {
            "x": 375.62,
            "y": 418.72,
            "type": 2304,
            "name": "basic mouth right"
          },
          {
            "x": 350.45,
            "y": 350.26,
            "type": 2560,
            "name": "basic nose tip"
          },
          {
            "x": 330.01,
            "y": 420.24,
            "type": 2816,
            "name": "basic mouth center"
          },
          {
            "x": 330.01,
            "y": 420.24,
            "type": 3072,
            "name": "basic eyebrow left"
          },
          {
            "x": 330.01,
            "y": 420.24,
            "type": 3328,
            "name": "basic eyebrow left inner corner"
          },
          {
            "x": 330.01,
            "y": 420.24,
            "type": 3584,
            "name": "basic eyebrow left outer corner"
          },
          {
            "x": 330.01,
            "y": 420.24,
            "type": 3840,
            "name": "basic eyebrow right"
          },
          {
            "x": 330.01,
            "y": 420.24,
            "type": 4096,
            "name": "basic eyebrow right inner corner"
          },
          {
            "x": 330.01,
            "y": 420.24,
            "type": 4352,
            "name": "basic eyebrow right outer corner"
          },
          {
            "x": 330.01,
            "y": 420.24,
            "type": 4608,
            "name": "basic chin bottom"
          },
          {
            "x": 330.01,
            "y": 420.24,
            "type": 4864,
            "name": "basic chin left"
          },
          {
            "x": 330.01,
            "y": 420.24,
            "type": 5120,
            "name": "basic chin right"
          },
          {
            "x": 304.37,
            "y": 359.94,
            "type": 5376,
            "name": "basic nose left"
          },
          {
            "x": 369.9,
            "y": 358.98,
            "type": 5632,
            "name": "basic nose right"
          }
        ],
        "user_points": null,
        "tags": [
          {
            "name": "5oclock shadow",
            "value": "yes",
            "confidence": 0.34
          },
          {
            "name": "age",
            "value": "31",
            "confidence": 0.6
          },
          {
            "name": "arched eyebrows",
            "value": "no",
            "confidence": 1.0
          },
          {
            "name": "attractive",
            "value": "no",
            "confidence": 0.46
          },
          {
            "name": "bags under eyes",
            "value": "yes",
            "confidence": 0.59
          },
          {
            "name": "bald",
            "value": "no",
            "confidence": 0.68
          },
          {
            "name": "bangs",
            "value": "no",
            "confidence": 0.57
          },
          {
            "name": "beard",
            "value": "yes",
            "confidence": 0.08
          },
          {
            "name": "big lips",
            "value": "no",
            "confidence": 0.6
          },
          {
            "name": "big nose",
            "value": "no",
            "confidence": 0.01
          },
          {
            "name": "black hair",
            "value": "no",
            "confidence": 1.0
          },
          {
            "name": "blond hair",
            "value": "no",
            "confidence": 0.16
          },
          {
            "name": "blurry",
            "value": "no",
            "confidence": 0.42
          },
          {
            "name": "brown hair",
            "value": "yes",
            "confidence": 0.25
          },
          {
            "name": "bushy eyebrows",
            "value": "no",
            "confidence": 0.54
          },
          {
            "name": "chubby",
            "value": "no",
            "confidence": 0.64
          },
          {
            "name": "double chin",
            "value": "no",
            "confidence": 0.77
          },
          {
            "name": "expression",
            "value": "neutral",
            "confidence": 1.0
          },
          {
            "name": "gender",
            "value": "male",
            "confidence": 1.0
          },
          {
            "name": "glasses",
            "value": "no",
            "confidence": 1.0
          },
          {
            "name": "goatee",
            "value": "no",
            "confidence": 0.33
          },
          {
            "name": "gray hair",
            "value": "no",
            "confidence": 0.14
          },
          {
            "name": "heavy makeup",
            "value": "no",
            "confidence": 0.91
          },
          {
            "name": "high cheekbones",
            "value": "no",
            "confidence": 0.97
          },
          {
            "name": "mouth open",
            "value": "no",
            "confidence": 1.0
          },
          {
            "name": "mustache",
            "value": "no",
            "confidence": 0.28
          },
          {
            "name": "narrow eyes",
            "value": "yes",
            "confidence": 0.39
          },
          {
            "name": "oval face",
            "value": "no",
            "confidence": 0.63
          },
          {
            "name": "pale skin",
            "value": "no",
            "confidence": 0.07
          },
          {
            "name": "pitch",
            "value": "-7.27",
            "confidence": 1.0
          },
          {
            "name": "pointy nose",
            "value": "no",
            "confidence": 0.23
          },
          {
            "name": "race",
            "value": "white",
            "confidence": 1.0
          },
          {
            "name": "receding hairline",
            "value": "no",
            "confidence": 0.42
          },
          {
            "name": "rosy cheeks",
            "value": "no",
            "confidence": 1.0
          },
          {
            "name": "sideburns",
            "value": "no",
            "confidence": 0.21
          },
          {
            "name": "straight hair",
            "value": "yes",
            "confidence": 0.42
          },
          {
            "name": "wavy hair",
            "value": "no",
            "confidence": 0.57
          },
          {
            "name": "wearing earrings",
            "value": "no",
            "confidence": 1.0
          },
          {
            "name": "wearing hat",
            "value": "no",
            "confidence": 0.96
          },
          {
            "name": "wearing lipstick",
            "value": "no",
            "confidence": 0.99
          },
          {
            "name": "wearing necklace",
            "value": "no",
            "confidence": 1.0
          },
          {
            "name": "wearing necktie",
            "value": "yes",
            "confidence": 0.19
          },
          {
            "name": "yaw",
            "value": "-34.23",
            "confidence": 1.0
          },
          {
            "name": "young",
            "value": "no",
            "confidence": 0.11
          }
        ],
        "person_id": "",
        "appearance_id": 0,
        "start": "00:00:00",
        "duration": "00:00:00"
      }
    ],
    "tags": null,
    "original_filename": "https://raw.githubusercontent.com/sarkrui/Hairstyle60k/master/Dataset/Spiky_Hair/IMG_18.jpg",
    "duration": "00:00:00"
  },
  "recognize": null
}