{
  "media": {
    "media_uuid": "7857659d-6a70-496c-ab33-9110b24421d4",
    "checksum": "1945f5ecad58188a85dbec821c59c71493aa2608807154ced27cabdafb08a7fa",
    "faces": [
      {
        "face_uuid": "46628462-1537-11e9-99c4-0cc47a6c4dbd",
        "media_uuid": "7857659d-6a70-496c-ab33-9110b24421d4",
        "x": 259.0,
        "y": 294.5,
        "width": 257.41,
        "height": 361.33,
        "angle": -4.5627,
        "detection_score": 1.0,
        "points": [
          {
            "x": 233.54,
            "y": 254.32,
            "type": 512,
            "name": "basic eye left"
          },
          {
            "x": 351.19,
            "y": 263.71,
            "type": 768,
            "name": "basic eye right"
          },
          {
            "x": 205.92,
            "y": 252.85,
            "type": 1024,
            "name": "basic eye left outer"
          },
          {
            "x": 375.04,
            "y": 266.1,
            "type": 1280,
            "name": "basic eye right outer"
          },
          {
            "x": 260.36,
            "y": 256.89,
            "type": 1536,
            "name": "basic eye left inner"
          },
          {
            "x": 327.88,
            "y": 262.48,
            "type": 1792,
            "name": "basic eye right inner"
          },
          {
            "x": 236.54,
            "y": 387.69,
            "type": 2048,
            "name": "basic mouth left"
          },
          {
            "x": 332.32,
            "y": 395.94,
            "type": 2304,
            "name": "basic mouth right"
          },
          {
            "x": 304.38,
            "y": 333.63,
            "type": 2560,
            "name": "basic nose tip"
          },
          {
            "x": 286.01,
            "y": 392.56,
            "type": 2816,
            "name": "basic mouth center"
          },
          {
            "x": 286.01,
            "y": 392.56,
            "type": 3072,
            "name": "basic eyebrow left"
          },
          {
            "x": 286.01,
            "y": 392.56,
            "type": 3328,
            "name": "basic eyebrow left inner corner"
          },
          {
            "x": 286.01,
            "y": 392.56,
            "type": 3584,
            "name": "basic eyebrow left outer corner"
          },
          {
            "x": 286.01,
            "y": 392.56,
            "type": 3840,
            "name": "basic eyebrow right"
          },
          {
            "x": 286.01,
            "y": 392.56,
            "type": 4096,
            "name": "basic eyebrow right inner corner"
          },
          {
            "x": 286.01,
            "y": 392.56,
            "type": 4352,
            "name": "basic eyebrow right outer corner"
          },
          {
            "x": 286.01,
            "y": 392.56,
            "type": 4608,
            "name": "basic chin bottom"
          },
          {
            "x": 286.01,
            "y": 392.56,
            "type": 4864,
            "name": "basic chin left"
          },
          {
            "x": 286.01,
            "y": 392.56,
            "type": 5120,
            "name": "basic chin right"
          },
          {
            "x": 265.26,
            "y": 336.35,
            "type": 5376,
            "name": "basic nose left"
          },
          {
            "x": 326.59,
            "y": 341.36,
            "type": 5632,
            "name": "basic nose right"
          }
        ],
        "user_points": null,
        "tags": [
          {
            "name": "5oclock shadow",
            "value": "yes",
            "confidence": 0.99
          },
          {
            "name": "age",
            "value": "33",
            "confidence": 0.6
          },
          {
            "name": "arched eyebrows",
            "value": "no",
            "confidence": 0.22
          },
          {
            "name": "attractive",
            "value": "yes",
            "confidence": 0.54
          },
          {
            "name": "bags under eyes",
            "value": "no",
            "confidence": 0.08
          },
          {
            "name": "bald",
            "value": "no",
            "confidence": 1.0
          },
          {
            "name": "bangs",
            "value": "no",
            "confidence": 1.0
          },
          {
            "name": "beard",
            "value": "yes",
            "confidence": 0.87
          },
          {
            "name": "big lips",
            "value": "no",
            "confidence": 0.21
          },
          {
            "name": "big nose",
            "value": "yes",
            "confidence": 0.17
          },
          {
            "name": "black hair",
            "value": "yes",
            "confidence": 0.76
          },
          {
            "name": "blond hair",
            "value": "no",
            "confidence": 1.0
          },
          {
            "name": "blurry",
            "value": "no",
            "confidence": 1.0
          },
          {
            "name": "brown hair",
            "value": "no",
            "confidence": 0.59
          },
          {
            "name": "bushy eyebrows",
            "value": "yes",
            "confidence": 1.0
          },
          {
            "name": "chubby",
            "value": "no",
            "confidence": 0.86
          },
          {
            "name": "double chin",
            "value": "no",
            "confidence": 1.0
          },
          {
            "name": "expression",
            "value": "neutral",
            "confidence": 0.89
          },
          {
            "name": "gender",
            "value": "male",
            "confidence": 1.0
          },
          {
            "name": "glasses",
            "value": "no",
            "confidence": 1.0
          },
          {
            "name": "goatee",
            "value": "yes",
            "confidence": 0.47
          },
          {
            "name": "gray hair",
            "value": "no",
            "confidence": 1.0
          },
          {
            "name": "heavy makeup",
            "value": "no",
            "confidence": 0.99
          },
          {
            "name": "high cheekbones",
            "value": "no",
            "confidence": 1.0
          },
          {
            "name": "mouth open",
            "value": "no",
            "confidence": 0.96
          },
          {
            "name": "mustache",
            "value": "yes",
            "confidence": 0.46
          },
          {
            "name": "narrow eyes",
            "value": "no",
            "confidence": 0.36
          },
          {
            "name": "oval face",
            "value": "no",
            "confidence": 0.1
          },
          {
            "name": "pale skin",
            "value": "no",
            "confidence": 0.29
          },
          {
            "name": "pitch",
            "value": "-8.43",
            "confidence": 1.0
          },
          {
            "name": "pointy nose",
            "value": "yes",
            "confidence": 0.04
          },
          {
            "name": "race",
            "value": "white",
            "confidence": 1.0
          },
          {
            "name": "receding hairline",
            "value": "no",
            "confidence": 1.0
          },
          {
            "name": "rosy cheeks",
            "value": "no",
            "confidence": 1.0
          },
          {
            "name": "sideburns",
            "value": "yes",
            "confidence": 0.57
          },
          {
            "name": "straight hair",
            "value": "yes",
            "confidence": 0.3
          },
          {
            "name": "wavy hair",
            "value": "no",
            "confidence": 0.38
          },
          {
            "name": "wearing earrings",
            "value": "no",
            "confidence": 0.97
          },
          {
            "name": "wearing hat",
            "value": "no",
            "confidence": 0.63
          },
          {
            "name": "wearing lipstick",
            "value": "no",
            "confidence": 1.0
          },
          {
            "name": "wearing necklace",
            "value": "no",
            "confidence": 0.91
          },
          {
            "name": "wearing necktie",
            "value": "yes",
            "confidence": 0.13
          },
          {
            "name": "yaw",
            "value": "-21.14",
            "confidence": 1.0
          },
          {
            "name": "young",
            "value": "yes",
            "confidence": 1.0
          }
        ],
        "person_id": "",
        "appearance_id": 0,
        "start": "00:00:00",
        "duration": "00:00:00"
      }
    ],
    "tags": null,
    "original_filename": "https://raw.githubusercontent.com/sarkrui/Hairstyle60k/master/Dataset/Spiky_Hair/IMG_13.jpg",
    "duration": "00:00:00"
  },
  "recognize": null
}