{
  "media": {
    "media_uuid": "c0414124-d325-43bc-84a6-a430acdf06f5",
    "checksum": "a3e32f786a49fc64d6ac2bf9f14e766ba43b5913bcbae0d3bfe8be64da63a54d",
    "faces": [
      {
        "face_uuid": "6176100e-1537-11e9-99c4-0cc47a6c4dbd",
        "media_uuid": "c0414124-d325-43bc-84a6-a430acdf06f5",
        "x": 239.17,
        "y": 374.76,
        "width": 311.08,
        "height": 417.0,
        "angle": 3.4817,
        "detection_score": 1.0,
        "points": [
          {
            "x": 168.98,
            "y": 341.1,
            "type": 512,
            "name": "basic eye left"
          },
          {
            "x": 316.29,
            "y": 332.14,
            "type": 768,
            "name": "basic eye right"
          },
          {
            "x": 136.92,
            "y": 342.66,
            "type": 1024,
            "name": "basic eye left outer"
          },
          {
            "x": 347.98,
            "y": 329.82,
            "type": 1280,
            "name": "basic eye right outer"
          },
          {
            "x": 200.72,
            "y": 342.9,
            "type": 1536,
            "name": "basic eye left inner"
          },
          {
            "x": 285.44,
            "y": 337.72,
            "type": 1792,
            "name": "basic eye right inner"
          },
          {
            "x": 196.06,
            "y": 499.89,
            "type": 2048,
            "name": "basic mouth left"
          },
          {
            "x": 301.21,
            "y": 495.67,
            "type": 2304,
            "name": "basic mouth right"
          },
          {
            "x": 251.37,
            "y": 443.3,
            "type": 2560,
            "name": "basic nose tip"
          },
          {
            "x": 249.18,
            "y": 500.21,
            "type": 2816,
            "name": "basic mouth center"
          },
          {
            "x": 249.18,
            "y": 500.21,
            "type": 3072,
            "name": "basic eyebrow left"
          },
          {
            "x": 249.18,
            "y": 500.21,
            "type": 3328,
            "name": "basic eyebrow left inner corner"
          },
          {
            "x": 249.18,
            "y": 500.21,
            "type": 3584,
            "name": "basic eyebrow left outer corner"
          },
          {
            "x": 249.18,
            "y": 500.21,
            "type": 3840,
            "name": "basic eyebrow right"
          },
          {
            "x": 249.18,
            "y": 500.21,
            "type": 4096,
            "name": "basic eyebrow right inner corner"
          },
          {
            "x": 249.18,
            "y": 500.21,
            "type": 4352,
            "name": "basic eyebrow right outer corner"
          },
          {
            "x": 249.18,
            "y": 500.21,
            "type": 4608,
            "name": "basic chin bottom"
          },
          {
            "x": 249.18,
            "y": 500.21,
            "type": 4864,
            "name": "basic chin left"
          },
          {
            "x": 249.18,
            "y": 500.21,
            "type": 5120,
            "name": "basic chin right"
          },
          {
            "x": 213.84,
            "y": 443.87,
            "type": 5376,
            "name": "basic nose left"
          },
          {
            "x": 285.5,
            "y": 440.24,
            "type": 5632,
            "name": "basic nose right"
          }
        ],
        "user_points": null,
        "tags": [
          {
            "name": "5oclock shadow",
            "value": "yes",
            "confidence": 0.24
          },
          {
            "name": "age",
            "value": "18",
            "confidence": 0.6
          },
          {
            "name": "arched eyebrows",
            "value": "no",
            "confidence": 0.05
          },
          {
            "name": "attractive",
            "value": "yes",
            "confidence": 0.46
          },
          {
            "name": "bags under eyes",
            "value": "yes",
            "confidence": 0.5
          },
          {
            "name": "bald",
            "value": "no",
            "confidence": 1.0
          },
          {
            "name": "bangs",
            "value": "no",
            "confidence": 1.0
          },
          {
            "name": "beard",
            "value": "no",
            "confidence": 0.54
          },
          {
            "name": "big lips",
            "value": "no",
            "confidence": 0.09
          },
          {
            "name": "big nose",
            "value": "yes",
            "confidence": 0.6
          },
          {
            "name": "black hair",
            "value": "yes",
            "confidence": 0.69
          },
          {
            "name": "blond hair",
            "value": "no",
            "confidence": 0.97
          },
          {
            "name": "blurry",
            "value": "no",
            "confidence": 1.0
          },
          {
            "name": "brown hair",
            "value": "no",
            "confidence": 0.88
          },
          {
            "name": "bushy eyebrows",
            "value": "yes",
            "confidence": 1.0
          },
          {
            "name": "chubby",
            "value": "no",
            "confidence": 0.56
          },
          {
            "name": "double chin",
            "value": "no",
            "confidence": 0.43
          },
          {
            "name": "expression",
            "value": "neutral",
            "confidence": 0.6
          },
          {
            "name": "gender",
            "value": "male",
            "confidence": 0.97
          },
          {
            "name": "glasses",
            "value": "no",
            "confidence": 1.0
          },
          {
            "name": "goatee",
            "value": "no",
            "confidence": 1.0
          },
          {
            "name": "gray hair",
            "value": "no",
            "confidence": 0.9
          },
          {
            "name": "heavy makeup",
            "value": "no",
            "confidence": 0.94
          },
          {
            "name": "high cheekbones",
            "value": "no",
            "confidence": 0.7
          },
          {
            "name": "mouth open",
            "value": "no",
            "confidence": 0.96
          },
          {
            "name": "mustache",
            "value": "no",
            "confidence": 0.77
          },
          {
            "name": "narrow eyes",
            "value": "no",
            "confidence": 0.1
          },
          {
            "name": "oval face",
            "value": "no",
            "confidence": 0.35
          },
          {
            "name": "pale skin",
            "value": "yes",
            "confidence": 0.07
          },
          {
            "name": "pitch",
            "value": "-8.99",
            "confidence": 1.0
          },
          {
            "name": "pointy nose",
            "value": "yes",
            "confidence": 0.08
          },
          {
            "name": "race",
            "value": "white",
            "confidence": 1.0
          },
          {
            "name": "receding hairline",
            "value": "no",
            "confidence": 0.64
          },
          {
            "name": "rosy cheeks",
            "value": "no",
            "confidence": 0.89
          },
          {
            "name": "sideburns",
            "value": "no",
            "confidence": 0.96
          },
          {
            "name": "straight hair",
            "value": "no",
            "confidence": 0.05
          },
          {
            "name": "wavy hair",
            "value": "no",
            "confidence": 0.01
          },
          {
            "name": "wearing earrings",
            "value": "no",
            "confidence": 0.66
          },
          {
            "name": "wearing hat",
            "value": "no",
            "confidence": 0.67
          },
          {
            "name": "wearing lipstick",
            "value": "no",
            "confidence": 0.9
          },
          {
            "name": "wearing necklace",
            "value": "no",
            "confidence": 0.75
          },
          {
            "name": "wearing necktie",
            "value": "yes",
            "confidence": 0.43
          },
          {
            "name": "yaw",
            "value": "6.28",
            "confidence": 1.0
          },
          {
            "name": "young",
            "value": "yes",
            "confidence": 0.5
          }
        ],
        "person_id": "",
        "appearance_id": 0,
        "start": "00:00:00",
        "duration": "00:00:00"
      }
    ],
    "tags": null,
    "original_filename": "https://raw.githubusercontent.com/sarkrui/Hairstyle60k/master/Dataset/Tapered_Sides/IMG_19.jpg",
    "duration": "00:00:00"
  },
  "recognize": null
}