{
  "media": {
    "media_uuid": "1ec31db5-ba44-4f4c-b05d-62d39b1280d7",
    "checksum": "ccd7f3aa8fd69f5ab1d17353a0f67e12ef272e311e01f7dca7cd3aed268c8498",
    "faces": [
      {
        "face_uuid": "5a6e76d7-1537-11e9-99c4-0cc47a6c4dbd",
        "media_uuid": "1ec31db5-ba44-4f4c-b05d-62d39b1280d7",
        "x": 250.0,
        "y": 246.0,
        "width": 215.26,
        "height": 281.94,
        "angle": -5.4876,
        "detection_score": 1.0,
        "points": [
          {
            "x": 192.95,
            "y": 205.29,
            "type": 512,
            "name": "basic eye left"
          },
          {
            "x": 294.21,
            "y": 215.02,
            "type": 768,
            "name": "basic eye right"
          },
          {
            "x": 171.58,
            "y": 203.48,
            "type": 1024,
            "name": "basic eye left outer"
          },
          {
            "x": 316.47,
            "y": 217.44,
            "type": 1280,
            "name": "basic eye right outer"
          },
          {
            "x": 214.4,
            "y": 208.61,
            "type": 1536,
            "name": "basic eye left inner"
          },
          {
            "x": 271.61,
            "y": 214.08,
            "type": 1792,
            "name": "basic eye right inner"
          },
          {
            "x": 188.65,
            "y": 320.49,
            "type": 2048,
            "name": "basic mouth left"
          },
          {
            "x": 273.09,
            "y": 330.82,
            "type": 2304,
            "name": "basic mouth right"
          },
          {
            "x": 231.97,
            "y": 279.12,
            "type": 2560,
            "name": "basic nose tip"
          },
          {
            "x": 230.4,
            "y": 326.62,
            "type": 2816,
            "name": "basic mouth center"
          },
          {
            "x": 230.4,
            "y": 326.62,
            "type": 3072,
            "name": "basic eyebrow left"
          },
          {
            "x": 230.4,
            "y": 326.62,
            "type": 3328,
            "name": "basic eyebrow left inner corner"
          },
          {
            "x": 230.4,
            "y": 326.62,
            "type": 3584,
            "name": "basic eyebrow left outer corner"
          },
          {
            "x": 230.4,
            "y": 326.62,
            "type": 3840,
            "name": "basic eyebrow right"
          },
          {
            "x": 230.4,
            "y": 326.62,
            "type": 4096,
            "name": "basic eyebrow right inner corner"
          },
          {
            "x": 230.4,
            "y": 326.62,
            "type": 4352,
            "name": "basic eyebrow right outer corner"
          },
          {
            "x": 230.4,
            "y": 326.62,
            "type": 4608,
            "name": "basic chin bottom"
          },
          {
            "x": 230.4,
            "y": 326.62,
            "type": 4864,
            "name": "basic chin left"
          },
          {
            "x": 230.4,
            "y": 326.62,
            "type": 5120,
            "name": "basic chin right"
          },
          {
            "x": 206.52,
            "y": 277.01,
            "type": 5376,
            "name": "basic nose left"
          },
          {
            "x": 261.31,
            "y": 283.31,
            "type": 5632,
            "name": "basic nose right"
          }
        ],
        "user_points": null,
        "tags": [
          {
            "name": "5oclock shadow",
            "value": "yes",
            "confidence": 0.83
          },
          {
            "name": "age",
            "value": "41",
            "confidence": 0.6
          },
          {
            "name": "arched eyebrows",
            "value": "no",
            "confidence": 0.49
          },
          {
            "name": "attractive",
            "value": "no",
            "confidence": 0.57
          },
          {
            "name": "bags under eyes",
            "value": "yes",
            "confidence": 0.1
          },
          {
            "name": "bald",
            "value": "no",
            "confidence": 0.61
          },
          {
            "name": "bangs",
            "value": "no",
            "confidence": 0.69
          },
          {
            "name": "beard",
            "value": "yes",
            "confidence": 0.93
          },
          {
            "name": "big lips",
            "value": "no",
            "confidence": 0.24
          },
          {
            "name": "big nose",
            "value": "yes",
            "confidence": 0.33
          },
          {
            "name": "black hair",
            "value": "yes",
            "confidence": 0.43
          },
          {
            "name": "blond hair",
            "value": "no",
            "confidence": 1.0
          },
          {
            "name": "blurry",
            "value": "no",
            "confidence": 0.89
          },
          {
            "name": "brown hair",
            "value": "no",
            "confidence": 0.46
          },
          {
            "name": "bushy eyebrows",
            "value": "yes",
            "confidence": 0.97
          },
          {
            "name": "chubby",
            "value": "no",
            "confidence": 0.05
          },
          {
            "name": "double chin",
            "value": "no",
            "confidence": 0.43
          },
          {
            "name": "expression",
            "value": "neutral",
            "confidence": 1.0
          },
          {
            "name": "gender",
            "value": "male",
            "confidence": 1.0
          },
          {
            "name": "glasses",
            "value": "no",
            "confidence": 1.0
          },
          {
            "name": "goatee",
            "value": "yes",
            "confidence": 0.65
          },
          {
            "name": "gray hair",
            "value": "no",
            "confidence": 0.94
          },
          {
            "name": "heavy makeup",
            "value": "no",
            "confidence": 0.99
          },
          {
            "name": "high cheekbones",
            "value": "no",
            "confidence": 1.0
          },
          {
            "name": "mouth open",
            "value": "no",
            "confidence": 0.92
          },
          {
            "name": "mustache",
            "value": "yes",
            "confidence": 0.63
          },
          {
            "name": "narrow eyes",
            "value": "no",
            "confidence": 0.68
          },
          {
            "name": "oval face",
            "value": "yes",
            "confidence": 0.04
          },
          {
            "name": "pale skin",
            "value": "no",
            "confidence": 0.92
          },
          {
            "name": "pitch",
            "value": "-9.17",
            "confidence": 1.0
          },
          {
            "name": "pointy nose",
            "value": "no",
            "confidence": 0.54
          },
          {
            "name": "race",
            "value": "white",
            "confidence": 1.0
          },
          {
            "name": "receding hairline",
            "value": "no",
            "confidence": 0.67
          },
          {
            "name": "rosy cheeks",
            "value": "no",
            "confidence": 0.92
          },
          {
            "name": "sideburns",
            "value": "yes",
            "confidence": 0.57
          },
          {
            "name": "straight hair",
            "value": "yes",
            "confidence": 0.09
          },
          {
            "name": "wavy hair",
            "value": "no",
            "confidence": 0.71
          },
          {
            "name": "wearing earrings",
            "value": "no",
            "confidence": 0.8
          },
          {
            "name": "wearing hat",
            "value": "no",
            "confidence": 0.3
          },
          {
            "name": "wearing lipstick",
            "value": "no",
            "confidence": 0.99
          },
          {
            "name": "wearing necklace",
            "value": "no",
            "confidence": 0.89
          },
          {
            "name": "wearing necktie",
            "value": "yes",
            "confidence": 0.12
          },
          {
            "name": "yaw",
            "value": "3.79",
            "confidence": 1.0
          },
          {
            "name": "young",
            "value": "yes",
            "confidence": 0.17
          }
        ],
        "person_id": "",
        "appearance_id": 0,
        "start": "00:00:00",
        "duration": "00:00:00"
      }
    ],
    "tags": null,
    "original_filename": "https://raw.githubusercontent.com/sarkrui/Hairstyle60k/master/Dataset/Tapered_Sides/IMG_12.jpg",
    "duration": "00:00:00"
  },
  "recognize": null
}