{
  "media": {
    "media_uuid": "d584350a-0ce4-4876-92aa-c01051a410a5",
    "checksum": "e4546d8b88cc7e1905372cdcdd2b36850fc1731a13143ea0fadc10dd3a098677",
    "faces": [
      {
        "face_uuid": "509a836b-1537-11e9-99c4-0cc47a6c4dbd",
        "media_uuid": "d584350a-0ce4-4876-92aa-c01051a410a5",
        "x": 348.48,
        "y": 360.04,
        "width": 252.51,
        "height": 315.64,
        "angle": 5.6343,
        "detection_score": 1.0,
        "points": [
          {
            "x": 269.87,
            "y": 334.23,
            "type": 512,
            "name": "basic eye left"
          },
          {
            "x": 391.28,
            "y": 322.25,
            "type": 768,
            "name": "basic eye right"
          },
          {
            "x": 244.08,
            "y": 336.98,
            "type": 1024,
            "name": "basic eye left outer"
          },
          {
            "x": 417.9,
            "y": 319.88,
            "type": 1280,
            "name": "basic eye right outer"
          },
          {
            "x": 295.76,
            "y": 333.25,
            "type": 1536,
            "name": "basic eye left inner"
          },
          {
            "x": 365.09,
            "y": 326.38,
            "type": 1792,
            "name": "basic eye right inner"
          },
          {
            "x": 290.61,
            "y": 455.14,
            "type": 2048,
            "name": "basic mouth left"
          },
          {
            "x": 395.49,
            "y": 446.25,
            "type": 2304,
            "name": "basic mouth right"
          },
          {
            "x": 334.3,
            "y": 409.23,
            "type": 2560,
            "name": "basic nose tip"
          },
          {
            "x": 342.8,
            "y": 453.19,
            "type": 2816,
            "name": "basic mouth center"
          },
          {
            "x": 342.8,
            "y": 453.19,
            "type": 3072,
            "name": "basic eyebrow left"
          },
          {
            "x": 342.8,
            "y": 453.19,
            "type": 3328,
            "name": "basic eyebrow left inner corner"
          },
          {
            "x": 342.8,
            "y": 453.19,
            "type": 3584,
            "name": "basic eyebrow left outer corner"
          },
          {
            "x": 342.8,
            "y": 453.19,
            "type": 3840,
            "name": "basic eyebrow right"
          },
          {
            "x": 342.8,
            "y": 453.19,
            "type": 4096,
            "name": "basic eyebrow right inner corner"
          },
          {
            "x": 342.8,
            "y": 453.19,
            "type": 4352,
            "name": "basic eyebrow right outer corner"
          },
          {
            "x": 342.8,
            "y": 453.19,
            "type": 4608,
            "name": "basic chin bottom"
          },
          {
            "x": 342.8,
            "y": 453.19,
            "type": 4864,
            "name": "basic chin left"
          },
          {
            "x": 342.8,
            "y": 453.19,
            "type": 5120,
            "name": "basic chin right"
          },
          {
            "x": 303.33,
            "y": 408.22,
            "type": 5376,
            "name": "basic nose left"
          },
          {
            "x": 369.0,
            "y": 402.27,
            "type": 5632,
            "name": "basic nose right"
          }
        ],
        "user_points": null,
        "tags": [
          {
            "name": "5oclock shadow",
            "value": "yes",
            "confidence": 0.71
          },
          {
            "name": "age",
            "value": "32",
            "confidence": 0.6
          },
          {
            "name": "arched eyebrows",
            "value": "no",
            "confidence": 0.77
          },
          {
            "name": "attractive",
            "value": "yes",
            "confidence": 0.77
          },
          {
            "name": "bags under eyes",
            "value": "yes",
            "confidence": 0.75
          },
          {
            "name": "bald",
            "value": "no",
            "confidence": 1.0
          },
          {
            "name": "bangs",
            "value": "no",
            "confidence": 0.41
          },
          {
            "name": "beard",
            "value": "yes",
            "confidence": 0.28
          },
          {
            "name": "big lips",
            "value": "no",
            "confidence": 0.64
          },
          {
            "name": "big nose",
            "value": "yes",
            "confidence": 0.24
          },
          {
            "name": "black hair",
            "value": "yes",
            "confidence": 0.24
          },
          {
            "name": "blond hair",
            "value": "no",
            "confidence": 0.94
          },
          {
            "name": "blurry",
            "value": "no",
            "confidence": 1.0
          },
          {
            "name": "brown hair",
            "value": "no",
            "confidence": 0.01
          },
          {
            "name": "bushy eyebrows",
            "value": "yes",
            "confidence": 0.9
          },
          {
            "name": "chubby",
            "value": "no",
            "confidence": 0.71
          },
          {
            "name": "double chin",
            "value": "no",
            "confidence": 0.6
          },
          {
            "name": "expression",
            "value": "smile",
            "confidence": 0.34
          },
          {
            "name": "gender",
            "value": "male",
            "confidence": 1.0
          },
          {
            "name": "glasses",
            "value": "no",
            "confidence": 1.0
          },
          {
            "name": "goatee",
            "value": "no",
            "confidence": 0.31
          },
          {
            "name": "gray hair",
            "value": "no",
            "confidence": 1.0
          },
          {
            "name": "heavy makeup",
            "value": "no",
            "confidence": 1.0
          },
          {
            "name": "high cheekbones",
            "value": "no",
            "confidence": 0.17
          },
          {
            "name": "mouth open",
            "value": "no",
            "confidence": 0.93
          },
          {
            "name": "mustache",
            "value": "no",
            "confidence": 0.2
          },
          {
            "name": "narrow eyes",
            "value": "yes",
            "confidence": 0.11
          },
          {
            "name": "oval face",
            "value": "yes",
            "confidence": 0.18
          },
          {
            "name": "pale skin",
            "value": "no",
            "confidence": 0.16
          },
          {
            "name": "pitch",
            "value": "-9.97",
            "confidence": 1.0
          },
          {
            "name": "pointy nose",
            "value": "no",
            "confidence": 0.39
          },
          {
            "name": "race",
            "value": "white",
            "confidence": 0.99
          },
          {
            "name": "receding hairline",
            "value": "no",
            "confidence": 1.0
          },
          {
            "name": "rosy cheeks",
            "value": "no",
            "confidence": 1.0
          },
          {
            "name": "sideburns",
            "value": "no",
            "confidence": 0.12
          },
          {
            "name": "straight hair",
            "value": "yes",
            "confidence": 0.6
          },
          {
            "name": "wavy hair",
            "value": "no",
            "confidence": 0.3
          },
          {
            "name": "wearing earrings",
            "value": "no",
            "confidence": 1.0
          },
          {
            "name": "wearing hat",
            "value": "no",
            "confidence": 0.93
          },
          {
            "name": "wearing lipstick",
            "value": "no",
            "confidence": 1.0
          },
          {
            "name": "wearing necklace",
            "value": "no",
            "confidence": 1.0
          },
          {
            "name": "wearing necktie",
            "value": "yes",
            "confidence": 0.75
          },
          {
            "name": "yaw",
            "value": "1.96",
            "confidence": 1.0
          },
          {
            "name": "young",
            "value": "yes",
            "confidence": 0.67
          }
        ],
        "person_id": "",
        "appearance_id": 0,
        "start": "00:00:00",
        "duration": "00:00:00"
      }
    ],
    "tags": null,
    "original_filename": "https://raw.githubusercontent.com/sarkrui/Hairstyle60k/master/Dataset/Tapered_Sides/IMG_1.jpg",
    "duration": "00:00:00"
  },
  "recognize": null
}