{
  "media": {
    "media_uuid": "1bca757b-7fdc-4565-8a40-51c44e5bb79e",
    "checksum": "ff495e2b7e68586f22a3ac3a103de9d324ef0172a816f8dc23ff5afa610fc29e",
    "faces": [
      {
        "face_uuid": "5d06e032-1537-11e9-99c4-0cc47a6c4dbd",
        "media_uuid": "1bca757b-7fdc-4565-8a40-51c44e5bb79e",
        "x": 229.0,
        "y": 256.5,
        "width": 198.29,
        "height": 275.5,
        "angle": -7.6891,
        "detection_score": 1.0,
        "points": [
          {
            "x": 185.92,
            "y": 229.52,
            "type": 512,
            "name": "basic eye left"
          },
          {
            "x": 283.29,
            "y": 242.67,
            "type": 768,
            "name": "basic eye right"
          },
          {
            "x": 165.08,
            "y": 227.54,
            "type": 1024,
            "name": "basic eye left outer"
          },
          {
            "x": 303.58,
            "y": 246.18,
            "type": 1280,
            "name": "basic eye right outer"
          },
          {
            "x": 206.41,
            "y": 232.9,
            "type": 1536,
            "name": "basic eye left inner"
          },
          {
            "x": 263.08,
            "y": 240.61,
            "type": 1792,
            "name": "basic eye right inner"
          },
          {
            "x": 175.74,
            "y": 320.29,
            "type": 2048,
            "name": "basic mouth left"
          },
          {
            "x": 265.43,
            "y": 332.08,
            "type": 2304,
            "name": "basic mouth right"
          },
          {
            "x": 230.17,
            "y": 288.32,
            "type": 2560,
            "name": "basic nose tip"
          },
          {
            "x": 220.76,
            "y": 328.24,
            "type": 2816,
            "name": "basic mouth center"
          },
          {
            "x": 220.76,
            "y": 328.24,
            "type": 3072,
            "name": "basic eyebrow left"
          },
          {
            "x": 220.76,
            "y": 328.24,
            "type": 3328,
            "name": "basic eyebrow left inner corner"
          },
          {
            "x": 220.76,
            "y": 328.24,
            "type": 3584,
            "name": "basic eyebrow left outer corner"
          },
          {
            "x": 220.76,
            "y": 328.24,
            "type": 3840,
            "name": "basic eyebrow right"
          },
          {
            "x": 220.76,
            "y": 328.24,
            "type": 4096,
            "name": "basic eyebrow right inner corner"
          },
          {
            "x": 220.76,
            "y": 328.24,
            "type": 4352,
            "name": "basic eyebrow right outer corner"
          },
          {
            "x": 220.76,
            "y": 328.24,
            "type": 4608,
            "name": "basic chin bottom"
          },
          {
            "x": 220.76,
            "y": 328.24,
            "type": 4864,
            "name": "basic chin left"
          },
          {
            "x": 220.76,
            "y": 328.24,
            "type": 5120,
            "name": "basic chin right"
          },
          {
            "x": 202.26,
            "y": 287.19,
            "type": 5376,
            "name": "basic nose left"
          },
          {
            "x": 253.98,
            "y": 294.21,
            "type": 5632,
            "name": "basic nose right"
          }
        ],
        "user_points": null,
        "tags": [
          {
            "name": "5oclock shadow",
            "value": "yes",
            "confidence": 0.42
          },
          {
            "name": "age",
            "value": "21",
            "confidence": 0.6
          },
          {
            "name": "arched eyebrows",
            "value": "no",
            "confidence": 0.14
          },
          {
            "name": "attractive",
            "value": "yes",
            "confidence": 0.25
          },
          {
            "name": "bags under eyes",
            "value": "yes",
            "confidence": 0.56
          },
          {
            "name": "bald",
            "value": "no",
            "confidence": 0.98
          },
          {
            "name": "bangs",
            "value": "no",
            "confidence": 0.77
          },
          {
            "name": "beard",
            "value": "no",
            "confidence": 0.08
          },
          {
            "name": "big lips",
            "value": "yes",
            "confidence": 0.26
          },
          {
            "name": "big nose",
            "value": "yes",
            "confidence": 0.87
          },
          {
            "name": "black hair",
            "value": "yes",
            "confidence": 1.0
          },
          {
            "name": "blond hair",
            "value": "no",
            "confidence": 0.94
          },
          {
            "name": "blurry",
            "value": "no",
            "confidence": 1.0
          },
          {
            "name": "brown hair",
            "value": "no",
            "confidence": 0.97
          },
          {
            "name": "bushy eyebrows",
            "value": "yes",
            "confidence": 1.0
          },
          {
            "name": "chubby",
            "value": "no",
            "confidence": 0.26
          },
          {
            "name": "double chin",
            "value": "no",
            "confidence": 0.21
          },
          {
            "name": "expression",
            "value": "smile",
            "confidence": 0.91
          },
          {
            "name": "gender",
            "value": "male",
            "confidence": 1.0
          },
          {
            "name": "glasses",
            "value": "no",
            "confidence": 1.0
          },
          {
            "name": "goatee",
            "value": "no",
            "confidence": 0.59
          },
          {
            "name": "gray hair",
            "value": "no",
            "confidence": 1.0
          },
          {
            "name": "heavy makeup",
            "value": "no",
            "confidence": 1.0
          },
          {
            "name": "high cheekbones",
            "value": "yes",
            "confidence": 0.5
          },
          {
            "name": "mouth open",
            "value": "yes",
            "confidence": 1.0
          },
          {
            "name": "mustache",
            "value": "no",
            "confidence": 0.37
          },
          {
            "name": "narrow eyes",
            "value": "no",
            "confidence": 0.37
          },
          {
            "name": "oval face",
            "value": "yes",
            "confidence": 0.32
          },
          {
            "name": "pale skin",
            "value": "no",
            "confidence": 0.59
          },
          {
            "name": "pitch",
            "value": "-9.32",
            "confidence": 1.0
          },
          {
            "name": "pointy nose",
            "value": "no",
            "confidence": 0.85
          },
          {
            "name": "race",
            "value": "asian",
            "confidence": 0.93
          },
          {
            "name": "receding hairline",
            "value": "no",
            "confidence": 0.56
          },
          {
            "name": "rosy cheeks",
            "value": "no",
            "confidence": 0.85
          },
          {
            "name": "sideburns",
            "value": "no",
            "confidence": 0.69
          },
          {
            "name": "straight hair",
            "value": "yes",
            "confidence": 0.51
          },
          {
            "name": "wavy hair",
            "value": "no",
            "confidence": 0.63
          },
          {
            "name": "wearing earrings",
            "value": "no",
            "confidence": 0.66
          },
          {
            "name": "wearing hat",
            "value": "no",
            "confidence": 0.9
          },
          {
            "name": "wearing lipstick",
            "value": "no",
            "confidence": 1.0
          },
          {
            "name": "wearing necklace",
            "value": "no",
            "confidence": 0.72
          },
          {
            "name": "wearing necktie",
            "value": "yes",
            "confidence": 0.27
          },
          {
            "name": "yaw",
            "value": "-1.59",
            "confidence": 1.0
          },
          {
            "name": "young",
            "value": "yes",
            "confidence": 0.98
          }
        ],
        "person_id": "",
        "appearance_id": 0,
        "start": "00:00:00",
        "duration": "00:00:00"
      }
    ],
    "tags": null,
    "original_filename": "https://raw.githubusercontent.com/sarkrui/Hairstyle60k/master/Dataset/Tapered_Sides/IMG_15.jpg",
    "duration": "00:00:00"
  },
  "recognize": null
}