{
  "media": {
    "media_uuid": "9978c361-49ee-4380-82b7-6fa5425119fe",
    "checksum": "df37463a7671d5d10404df6dbb56da1a4ad498788ded64bbdeaad8f0a106275c",
    "faces": [
      {
        "face_uuid": "65869a6d-1537-11e9-99c4-0cc47a6c4dbd",
        "media_uuid": "9978c361-49ee-4380-82b7-6fa5425119fe",
        "x": 205.9,
        "y": 276.73,
        "width": 235.29,
        "height": 290.99,
        "angle": 16.3535,
        "detection_score": 1.0,
        "points": [
          {
            "x": 130.08,
            "y": 252.48,
            "type": 512,
            "name": "basic eye left"
          },
          {
            "x": 234.51,
            "y": 221.84,
            "type": 768,
            "name": "basic eye right"
          },
          {
            "x": 109.08,
            "y": 259.94,
            "type": 1024,
            "name": "basic eye left outer"
          },
          {
            "x": 257.85,
            "y": 216.35,
            "type": 1280,
            "name": "basic eye right outer"
          },
          {
            "x": 151.27,
            "y": 247.16,
            "type": 1536,
            "name": "basic eye left inner"
          },
          {
            "x": 212.23,
            "y": 229.24,
            "type": 1792,
            "name": "basic eye right inner"
          },
          {
            "x": 173.04,
            "y": 359.04,
            "type": 2048,
            "name": "basic mouth left"
          },
          {
            "x": 253.42,
            "y": 334.41,
            "type": 2304,
            "name": "basic mouth right"
          },
          {
            "x": 189.31,
            "y": 292.23,
            "type": 2560,
            "name": "basic nose tip"
          },
          {
            "x": 212.41,
            "y": 346.79,
            "type": 2816,
            "name": "basic mouth center"
          },
          {
            "x": 212.41,
            "y": 346.79,
            "type": 3072,
            "name": "basic eyebrow left"
          },
          {
            "x": 212.41,
            "y": 346.79,
            "type": 3328,
            "name": "basic eyebrow left inner corner"
          },
          {
            "x": 212.41,
            "y": 346.79,
            "type": 3584,
            "name": "basic eyebrow left outer corner"
          },
          {
            "x": 212.41,
            "y": 346.79,
            "type": 3840,
            "name": "basic eyebrow right"
          },
          {
            "x": 212.41,
            "y": 346.79,
            "type": 4096,
            "name": "basic eyebrow right inner corner"
          },
          {
            "x": 212.41,
            "y": 346.79,
            "type": 4352,
            "name": "basic eyebrow right outer corner"
          },
          {
            "x": 212.41,
            "y": 346.79,
            "type": 4608,
            "name": "basic chin bottom"
          },
          {
            "x": 212.41,
            "y": 346.79,
            "type": 4864,
            "name": "basic chin left"
          },
          {
            "x": 212.41,
            "y": 346.79,
            "type": 5120,
            "name": "basic chin right"
          },
          {
            "x": 168.95,
            "y": 307.58,
            "type": 5376,
            "name": "basic nose left"
          },
          {
            "x": 222.36,
            "y": 291.74,
            "type": 5632,
            "name": "basic nose right"
          }
        ],
        "user_points": null,
        "tags": [
          {
            "name": "5oclock shadow",
            "value": "yes",
            "confidence": 0.53
          },
          {
            "name": "age",
            "value": "34",
            "confidence": 0.6
          },
          {
            "name": "arched eyebrows",
            "value": "no",
            "confidence": 0.48
          },
          {
            "name": "attractive",
            "value": "no",
            "confidence": 0.84
          },
          {
            "name": "bags under eyes",
            "value": "yes",
            "confidence": 0.13
          },
          {
            "name": "bald",
            "value": "no",
            "confidence": 0.65
          },
          {
            "name": "bangs",
            "value": "no",
            "confidence": 1.0
          },
          {
            "name": "beard",
            "value": "yes",
            "confidence": 0.81
          },
          {
            "name": "big lips",
            "value": "yes",
            "confidence": 0.15
          },
          {
            "name": "big nose",
            "value": "yes",
            "confidence": 0.35
          },
          {
            "name": "black hair",
            "value": "yes",
            "confidence": 1.0
          },
          {
            "name": "blond hair",
            "value": "no",
            "confidence": 1.0
          },
          {
            "name": "blurry",
            "value": "no",
            "confidence": 0.51
          },
          {
            "name": "brown hair",
            "value": "no",
            "confidence": 0.8
          },
          {
            "name": "bushy eyebrows",
            "value": "yes",
            "confidence": 0.97
          },
          {
            "name": "chubby",
            "value": "yes",
            "confidence": 0.16
          },
          {
            "name": "double chin",
            "value": "no",
            "confidence": 0.35
          },
          {
            "name": "expression",
            "value": "neutral",
            "confidence": 1.0
          },
          {
            "name": "gender",
            "value": "male",
            "confidence": 0.93
          },
          {
            "name": "glasses",
            "value": "no",
            "confidence": 1.0
          },
          {
            "name": "goatee",
            "value": "yes",
            "confidence": 0.62
          },
          {
            "name": "gray hair",
            "value": "no",
            "confidence": 1.0
          },
          {
            "name": "heavy makeup",
            "value": "no",
            "confidence": 0.98
          },
          {
            "name": "high cheekbones",
            "value": "no",
            "confidence": 0.66
          },
          {
            "name": "mouth open",
            "value": "no",
            "confidence": 0.37
          },
          {
            "name": "mustache",
            "value": "yes",
            "confidence": 0.65
          },
          {
            "name": "narrow eyes",
            "value": "no",
            "confidence": 0.65
          },
          {
            "name": "oval face",
            "value": "yes",
            "confidence": 0.07
          },
          {
            "name": "pale skin",
            "value": "no",
            "confidence": 1.0
          },
          {
            "name": "pitch",
            "value": "-10.57",
            "confidence": 1.0
          },
          {
            "name": "pointy nose",
            "value": "no",
            "confidence": 1.0
          },
          {
            "name": "race",
            "value": "white",
            "confidence": 1.0
          },
          {
            "name": "receding hairline",
            "value": "no",
            "confidence": 0.43
          },
          {
            "name": "rosy cheeks",
            "value": "no",
            "confidence": 1.0
          },
          {
            "name": "sideburns",
            "value": "yes",
            "confidence": 0.48
          },
          {
            "name": "straight hair",
            "value": "no",
            "confidence": 0.07
          },
          {
            "name": "wavy hair",
            "value": "no",
            "confidence": 0.43
          },
          {
            "name": "wearing earrings",
            "value": "no",
            "confidence": 0.58
          },
          {
            "name": "wearing hat",
            "value": "no",
            "confidence": 0.64
          },
          {
            "name": "wearing lipstick",
            "value": "no",
            "confidence": 0.96
          },
          {
            "name": "wearing necklace",
            "value": "no",
            "confidence": 0.71
          },
          {
            "name": "wearing necktie",
            "value": "no",
            "confidence": 0.12
          },
          {
            "name": "yaw",
            "value": "0.89",
            "confidence": 1.0
          },
          {
            "name": "young",
            "value": "yes",
            "confidence": 0.33
          }
        ],
        "person_id": "",
        "appearance_id": 0,
        "start": "00:00:00",
        "duration": "00:00:00"
      }
    ],
    "tags": null,
    "original_filename": "https://raw.githubusercontent.com/sarkrui/Hairstyle60k/master/Dataset/Tapered_Sides/IMG_23.jpg",
    "duration": "00:00:00"
  },
  "recognize": null
}