{
  "media": {
    "media_uuid": "d2a7f91e-7c65-48ab-83c6-baef53ffff8e",
    "checksum": "1b8dd6e349b2af7630f53fc659911fe25d628b7cd8a6736a5d8dafa41c012479",
    "faces": [
      {
        "face_uuid": "6908896a-1537-11e9-99c4-0cc47a6c4dbd",
        "media_uuid": "d2a7f91e-7c65-48ab-83c6-baef53ffff8e",
        "x": 645.57,
        "y": 382.92,
        "width": 292.73,
        "height": 422.27,
        "angle": -1.5996,
        "detection_score": 0.99,
        "points": [
          {
            "x": 559.48,
            "y": 336.17,
            "type": 512,
            "name": "basic eye left"
          },
          {
            "x": 702.55,
            "y": 340.17,
            "type": 768,
            "name": "basic eye right"
          },
          {
            "x": 530.62,
            "y": 335.34,
            "type": 1024,
            "name": "basic eye left outer"
          },
          {
            "x": 735.48,
            "y": 341.28,
            "type": 1280,
            "name": "basic eye right outer"
          },
          {
            "x": 587.72,
            "y": 339.49,
            "type": 1536,
            "name": "basic eye left inner"
          },
          {
            "x": 669.64,
            "y": 341.64,
            "type": 1792,
            "name": "basic eye right inner"
          },
          {
            "x": 561.54,
            "y": 491.03,
            "type": 2048,
            "name": "basic mouth left"
          },
          {
            "x": 680.85,
            "y": 497.07,
            "type": 2304,
            "name": "basic mouth right"
          },
          {
            "x": 604.14,
            "y": 437.73,
            "type": 2560,
            "name": "basic nose tip"
          },
          {
            "x": 619.26,
            "y": 497.03,
            "type": 2816,
            "name": "basic mouth center"
          },
          {
            "x": 619.26,
            "y": 497.03,
            "type": 3072,
            "name": "basic eyebrow left"
          },
          {
            "x": 619.26,
            "y": 497.03,
            "type": 3328,
            "name": "basic eyebrow left inner corner"
          },
          {
            "x": 619.26,
            "y": 497.03,
            "type": 3584,
            "name": "basic eyebrow left outer corner"
          },
          {
            "x": 619.26,
            "y": 497.03,
            "type": 3840,
            "name": "basic eyebrow right"
          },
          {
            "x": 619.26,
            "y": 497.03,
            "type": 4096,
            "name": "basic eyebrow right inner corner"
          },
          {
            "x": 619.26,
            "y": 497.03,
            "type": 4352,
            "name": "basic eyebrow right outer corner"
          },
          {
            "x": 619.26,
            "y": 497.03,
            "type": 4608,
            "name": "basic chin bottom"
          },
          {
            "x": 619.26,
            "y": 497.03,
            "type": 4864,
            "name": "basic chin left"
          },
          {
            "x": 619.26,
            "y": 497.03,
            "type": 5120,
            "name": "basic chin right"
          },
          {
            "x": 577.27,
            "y": 436.92,
            "type": 5376,
            "name": "basic nose left"
          },
          {
            "x": 651.5,
            "y": 439.92,
            "type": 5632,
            "name": "basic nose right"
          }
        ],
        "user_points": null,
        "tags": [
          {
            "name": "5oclock shadow",
            "value": "no",
            "confidence": 1.0
          },
          {
            "name": "age",
            "value": "25",
            "confidence": 0.6
          },
          {
            "name": "arched eyebrows",
            "value": "yes",
            "confidence": 0.16
          },
          {
            "name": "attractive",
            "value": "yes",
            "confidence": 0.97
          },
          {
            "name": "bags under eyes",
            "value": "no",
            "confidence": 1.0
          },
          {
            "name": "bald",
            "value": "no",
            "confidence": 1.0
          },
          {
            "name": "bangs",
            "value": "no",
            "confidence": 0.07
          },
          {
            "name": "beard",
            "value": "no",
            "confidence": 1.0
          },
          {
            "name": "big lips",
            "value": "no",
            "confidence": 0.31
          },
          {
            "name": "big nose",
            "value": "no",
            "confidence": 1.0
          },
          {
            "name": "black hair",
            "value": "no",
            "confidence": 1.0
          },
          {
            "name": "blond hair",
            "value": "no",
            "confidence": 0.06
          },
          {
            "name": "blurry",
            "value": "no",
            "confidence": 0.96
          },
          {
            "name": "brown hair",
            "value": "yes",
            "confidence": 0.63
          },
          {
            "name": "bushy eyebrows",
            "value": "no",
            "confidence": 0.31
          },
          {
            "name": "chubby",
            "value": "no",
            "confidence": 0.91
          },
          {
            "name": "double chin",
            "value": "no",
            "confidence": 0.95
          },
          {
            "name": "expression",
            "value": "smile",
            "confidence": 0.59
          },
          {
            "name": "gender",
            "value": "female",
            "confidence": 0.82
          },
          {
            "name": "glasses",
            "value": "no",
            "confidence": 1.0
          },
          {
            "name": "goatee",
            "value": "no",
            "confidence": 1.0
          },
          {
            "name": "gray hair",
            "value": "no",
            "confidence": 0.96
          },
          {
            "name": "heavy makeup",
            "value": "yes",
            "confidence": 1.0
          },
          {
            "name": "high cheekbones",
            "value": "yes",
            "confidence": 0.93
          },
          {
            "name": "mouth open",
            "value": "no",
            "confidence": 1.0
          },
          {
            "name": "mustache",
            "value": "no",
            "confidence": 0.98
          },
          {
            "name": "narrow eyes",
            "value": "no",
            "confidence": 0.74
          },
          {
            "name": "oval face",
            "value": "yes",
            "confidence": 0.88
          },
          {
            "name": "pale skin",
            "value": "no",
            "confidence": 0.12
          },
          {
            "name": "pitch",
            "value": "-9.27",
            "confidence": 1.0
          },
          {
            "name": "pointy nose",
            "value": "yes",
            "confidence": 0.49
          },
          {
            "name": "race",
            "value": "white",
            "confidence": 1.0
          },
          {
            "name": "receding hairline",
            "value": "no",
            "confidence": 1.0
          },
          {
            "name": "rosy cheeks",
            "value": "yes",
            "confidence": 0.67
          },
          {
            "name": "sideburns",
            "value": "no",
            "confidence": 1.0
          },
          {
            "name": "straight hair",
            "value": "no",
            "confidence": 0.58
          },
          {
            "name": "wavy hair",
            "value": "yes",
            "confidence": 0.64
          },
          {
            "name": "wearing earrings",
            "value": "yes",
            "confidence": 0.34
          },
          {
            "name": "wearing hat",
            "value": "no",
            "confidence": 1.0
          },
          {
            "name": "wearing lipstick",
            "value": "yes",
            "confidence": 1.0
          },
          {
            "name": "wearing necklace",
            "value": "no",
            "confidence": 0.14
          },
          {
            "name": "wearing necktie",
            "value": "no",
            "confidence": 0.9
          },
          {
            "name": "yaw",
            "value": "8.16",
            "confidence": 1.0
          },
          {
            "name": "young",
            "value": "yes",
            "confidence": 0.44
          }
        ],
        "person_id": "",
        "appearance_id": 0,
        "start": "00:00:00",
        "duration": "00:00:00"
      }
    ],
    "tags": null,
    "original_filename": "https://raw.githubusercontent.com/sarkrui/Hairstyle60k/master/Dataset/The_Rachel/IMG_4.jpg",
    "duration": "00:00:00"
  },
  "recognize": null
}