{
  "media": {
    "media_uuid": "3b81bbd7-4aac-4e5a-bcda-49578b6b08b1",
    "checksum": "5d49c11c606f8379001b69332ee50bdc8f2fb1e33a746a07cbb6a756a0d030ee",
    "faces": [
      {
        "face_uuid": "69d07528-1537-11e9-99c4-0cc47a6c4dbd",
        "media_uuid": "3b81bbd7-4aac-4e5a-bcda-49578b6b08b1",
        "x": 122.0,
        "y": 110.0,
        "width": 89.4,
        "height": 121.74,
        "angle": 2.575,
        "detection_score": 1.0,
        "points": [
          {
            "x": 97.44,
            "y": 98.1,
            "type": 512,
            "name": "basic eye left"
          },
          {
            "x": 141.27,
            "y": 96.12,
            "type": 768,
            "name": "basic eye right"
          },
          {
            "x": 88.52,
            "y": 98.57,
            "type": 1024,
            "name": "basic eye left outer"
          },
          {
            "x": 151.24,
            "y": 95.8,
            "type": 1280,
            "name": "basic eye right outer"
          },
          {
            "x": 106.2,
            "y": 98.77,
            "type": 1536,
            "name": "basic eye left inner"
          },
          {
            "x": 131.4,
            "y": 97.59,
            "type": 1792,
            "name": "basic eye right inner"
          },
          {
            "x": 104.31,
            "y": 147.72,
            "type": 2048,
            "name": "basic mouth left"
          },
          {
            "x": 136.93,
            "y": 145.93,
            "type": 2304,
            "name": "basic mouth right"
          },
          {
            "x": 114.65,
            "y": 127.69,
            "type": 2560,
            "name": "basic nose tip"
          },
          {
            "x": 120.26,
            "y": 147.35,
            "type": 2816,
            "name": "basic mouth center"
          },
          {
            "x": 120.26,
            "y": 147.35,
            "type": 3072,
            "name": "basic eyebrow left"
          },
          {
            "x": 120.26,
            "y": 147.35,
            "type": 3328,
            "name": "basic eyebrow left inner corner"
          },
          {
            "x": 120.26,
            "y": 147.35,
            "type": 3584,
            "name": "basic eyebrow left outer corner"
          },
          {
            "x": 120.26,
            "y": 147.35,
            "type": 3840,
            "name": "basic eyebrow right"
          },
          {
            "x": 120.26,
            "y": 147.35,
            "type": 4096,
            "name": "basic eyebrow right inner corner"
          },
          {
            "x": 120.26,
            "y": 147.35,
            "type": 4352,
            "name": "basic eyebrow right outer corner"
          },
          {
            "x": 120.26,
            "y": 147.35,
            "type": 4608,
            "name": "basic chin bottom"
          },
          {
            "x": 120.26,
            "y": 147.35,
            "type": 4864,
            "name": "basic chin left"
          },
          {
            "x": 120.26,
            "y": 147.35,
            "type": 5120,
            "name": "basic chin right"
          },
          {
            "x": 106.65,
            "y": 129.3,
            "type": 5376,
            "name": "basic nose left"
          },
          {
            "x": 128.06,
            "y": 128.19,
            "type": 5632,
            "name": "basic nose right"
          }
        ],
        "user_points": null,
        "tags": [
          {
            "name": "5oclock shadow",
            "value": "no",
            "confidence": 1.0
          },
          {
            "name": "age",
            "value": "18",
            "confidence": 0.6
          },
          {
            "name": "arched eyebrows",
            "value": "yes",
            "confidence": 0.32
          },
          {
            "name": "attractive",
            "value": "yes",
            "confidence": 0.92
          },
          {
            "name": "bags under eyes",
            "value": "no",
            "confidence": 1.0
          },
          {
            "name": "bald",
            "value": "no",
            "confidence": 1.0
          },
          {
            "name": "bangs",
            "value": "no",
            "confidence": 0.17
          },
          {
            "name": "beard",
            "value": "no",
            "confidence": 1.0
          },
          {
            "name": "big lips",
            "value": "no",
            "confidence": 0.32
          },
          {
            "name": "big nose",
            "value": "no",
            "confidence": 1.0
          },
          {
            "name": "black hair",
            "value": "no",
            "confidence": 1.0
          },
          {
            "name": "blond hair",
            "value": "no",
            "confidence": 0.03
          },
          {
            "name": "blurry",
            "value": "no",
            "confidence": 1.0
          },
          {
            "name": "brown hair",
            "value": "yes",
            "confidence": 0.53
          },
          {
            "name": "bushy eyebrows",
            "value": "no",
            "confidence": 0.45
          },
          {
            "name": "chubby",
            "value": "no",
            "confidence": 0.94
          },
          {
            "name": "double chin",
            "value": "no",
            "confidence": 1.0
          },
          {
            "name": "expression",
            "value": "neutral",
            "confidence": 0.62
          },
          {
            "name": "gender",
            "value": "female",
            "confidence": 0.94
          },
          {
            "name": "glasses",
            "value": "no",
            "confidence": 1.0
          },
          {
            "name": "goatee",
            "value": "no",
            "confidence": 1.0
          },
          {
            "name": "gray hair",
            "value": "no",
            "confidence": 0.83
          },
          {
            "name": "heavy makeup",
            "value": "yes",
            "confidence": 1.0
          },
          {
            "name": "high cheekbones",
            "value": "no",
            "confidence": 0.29
          },
          {
            "name": "mouth open",
            "value": "no",
            "confidence": 1.0
          },
          {
            "name": "mustache",
            "value": "no",
            "confidence": 1.0
          },
          {
            "name": "narrow eyes",
            "value": "no",
            "confidence": 0.76
          },
          {
            "name": "oval face",
            "value": "yes",
            "confidence": 0.72
          },
          {
            "name": "pale skin",
            "value": "yes",
            "confidence": 0.36
          },
          {
            "name": "pitch",
            "value": "-9.52",
            "confidence": 1.0
          },
          {
            "name": "pointy nose",
            "value": "yes",
            "confidence": 0.28
          },
          {
            "name": "race",
            "value": "white",
            "confidence": 1.0
          },
          {
            "name": "receding hairline",
            "value": "no",
            "confidence": 0.99
          },
          {
            "name": "rosy cheeks",
            "value": "no",
            "confidence": 0.07
          },
          {
            "name": "sideburns",
            "value": "no",
            "confidence": 1.0
          },
          {
            "name": "straight hair",
            "value": "no",
            "confidence": 0.41
          },
          {
            "name": "wavy hair",
            "value": "yes",
            "confidence": 0.39
          },
          {
            "name": "wearing earrings",
            "value": "yes",
            "confidence": 0.22
          },
          {
            "name": "wearing hat",
            "value": "no",
            "confidence": 0.93
          },
          {
            "name": "wearing lipstick",
            "value": "yes",
            "confidence": 1.0
          },
          {
            "name": "wearing necklace",
            "value": "no",
            "confidence": 0.26
          },
          {
            "name": "wearing necktie",
            "value": "no",
            "confidence": 0.84
          },
          {
            "name": "yaw",
            "value": "7.96",
            "confidence": 1.0
          },
          {
            "name": "young",
            "value": "yes",
            "confidence": 0.62
          }
        ],
        "person_id": "",
        "appearance_id": 0,
        "start": "00:00:00",
        "duration": "00:00:00"
      }
    ],
    "tags": null,
    "original_filename": "https://raw.githubusercontent.com/sarkrui/Hairstyle60k/master/Dataset/The_Rachel/IMG_5.jpg",
    "duration": "00:00:00"
  },
  "recognize": null
}