{
  "media": {
    "media_uuid": "5b2345b5-b8f0-4864-8a10-0a5d5d980530",
    "checksum": "de89e204983266f82151b07fc575dee2926bdb01ba95d8f6b7de695451c8c441",
    "faces": [
      {
        "face_uuid": "77da5b6d-1537-11e9-99c4-0cc47a6c4dbd",
        "media_uuid": "5b2345b5-b8f0-4864-8a10-0a5d5d980530",
        "x": 500.0,
        "y": 256.0,
        "width": 157.2,
        "height": 204.51,
        "angle": 14.3443,
        "detection_score": 1.0,
        "points": [
          {
            "x": 457.01,
            "y": 244.24,
            "type": 512,
            "name": "basic eye left"
          },
          {
            "x": 528.28,
            "y": 226.02,
            "type": 768,
            "name": "basic eye right"
          },
          {
            "x": 442.32,
            "y": 247.72,
            "type": 1024,
            "name": "basic eye left outer"
          },
          {
            "x": 544.51,
            "y": 221.69,
            "type": 1280,
            "name": "basic eye right outer"
          },
          {
            "x": 471.76,
            "y": 242.43,
            "type": 1536,
            "name": "basic eye left inner"
          },
          {
            "x": 512.53,
            "y": 231.9,
            "type": 1792,
            "name": "basic eye right inner"
          },
          {
            "x": 483.73,
            "y": 322.58,
            "type": 2048,
            "name": "basic mouth left"
          },
          {
            "x": 538.99,
            "y": 309.71,
            "type": 2304,
            "name": "basic mouth right"
          },
          {
            "x": 496.77,
            "y": 291.28,
            "type": 2560,
            "name": "basic nose tip"
          },
          {
            "x": 511.11,
            "y": 317.56,
            "type": 2816,
            "name": "basic mouth center"
          },
          {
            "x": 511.11,
            "y": 317.56,
            "type": 3072,
            "name": "basic eyebrow left"
          },
          {
            "x": 511.11,
            "y": 317.56,
            "type": 3328,
            "name": "basic eyebrow left inner corner"
          },
          {
            "x": 511.11,
            "y": 317.56,
            "type": 3584,
            "name": "basic eyebrow left outer corner"
          },
          {
            "x": 511.11,
            "y": 317.56,
            "type": 3840,
            "name": "basic eyebrow right"
          },
          {
            "x": 511.11,
            "y": 317.56,
            "type": 4096,
            "name": "basic eyebrow right inner corner"
          },
          {
            "x": 511.11,
            "y": 317.56,
            "type": 4352,
            "name": "basic eyebrow right outer corner"
          },
          {
            "x": 511.11,
            "y": 317.56,
            "type": 4608,
            "name": "basic chin bottom"
          },
          {
            "x": 511.11,
            "y": 317.56,
            "type": 4864,
            "name": "basic chin left"
          },
          {
            "x": 511.11,
            "y": 317.56,
            "type": 5120,
            "name": "basic chin right"
          },
          {
            "x": 482.25,
            "y": 293.08,
            "type": 5376,
            "name": "basic nose left"
          },
          {
            "x": 518.87,
            "y": 284.17,
            "type": 5632,
            "name": "basic nose right"
          }
        ],
        "user_points": null,
        "tags": [
          {
            "name": "5oclock shadow",
            "value": "no",
            "confidence": 1.0
          },
          {
            "name": "age",
            "value": "22",
            "confidence": 0.6
          },
          {
            "name": "arched eyebrows",
            "value": "yes",
            "confidence": 0.14
          },
          {
            "name": "attractive",
            "value": "yes",
            "confidence": 0.58
          },
          {
            "name": "bags under eyes",
            "value": "no",
            "confidence": 0.94
          },
          {
            "name": "bald",
            "value": "no",
            "confidence": 1.0
          },
          {
            "name": "bangs",
            "value": "yes",
            "confidence": 0.0
          },
          {
            "name": "beard",
            "value": "no",
            "confidence": 1.0
          },
          {
            "name": "big lips",
            "value": "no",
            "confidence": 0.36
          },
          {
            "name": "big nose",
            "value": "no",
            "confidence": 0.97
          },
          {
            "name": "black hair",
            "value": "no",
            "confidence": 1.0
          },
          {
            "name": "blond hair",
            "value": "yes",
            "confidence": 0.26
          },
          {
            "name": "blurry",
            "value": "no",
            "confidence": 0.97
          },
          {
            "name": "brown hair",
            "value": "yes",
            "confidence": 0.32
          },
          {
            "name": "bushy eyebrows",
            "value": "no",
            "confidence": 0.01
          },
          {
            "name": "chubby",
            "value": "no",
            "confidence": 0.98
          },
          {
            "name": "double chin",
            "value": "no",
            "confidence": 1.0
          },
          {
            "name": "expression",
            "value": "neutral",
            "confidence": 0.59
          },
          {
            "name": "gender",
            "value": "female",
            "confidence": 0.89
          },
          {
            "name": "glasses",
            "value": "no",
            "confidence": 1.0
          },
          {
            "name": "goatee",
            "value": "no",
            "confidence": 1.0
          },
          {
            "name": "gray hair",
            "value": "no",
            "confidence": 0.88
          },
          {
            "name": "heavy makeup",
            "value": "yes",
            "confidence": 0.46
          },
          {
            "name": "high cheekbones",
            "value": "no",
            "confidence": 0.47
          },
          {
            "name": "mouth open",
            "value": "no",
            "confidence": 0.92
          },
          {
            "name": "mustache",
            "value": "no",
            "confidence": 1.0
          },
          {
            "name": "narrow eyes",
            "value": "no",
            "confidence": 0.79
          },
          {
            "name": "oval face",
            "value": "yes",
            "confidence": 0.54
          },
          {
            "name": "pale skin",
            "value": "no",
            "confidence": 0.05
          },
          {
            "name": "pitch",
            "value": "-8.96",
            "confidence": 1.0
          },
          {
            "name": "pointy nose",
            "value": "yes",
            "confidence": 0.11
          },
          {
            "name": "race",
            "value": "white",
            "confidence": 1.0
          },
          {
            "name": "receding hairline",
            "value": "no",
            "confidence": 1.0
          },
          {
            "name": "rosy cheeks",
            "value": "no",
            "confidence": 0.31
          },
          {
            "name": "sideburns",
            "value": "no",
            "confidence": 1.0
          },
          {
            "name": "straight hair",
            "value": "no",
            "confidence": 0.45
          },
          {
            "name": "wavy hair",
            "value": "yes",
            "confidence": 0.42
          },
          {
            "name": "wearing earrings",
            "value": "no",
            "confidence": 0.04
          },
          {
            "name": "wearing hat",
            "value": "no",
            "confidence": 0.71
          },
          {
            "name": "wearing lipstick",
            "value": "yes",
            "confidence": 0.73
          },
          {
            "name": "wearing necklace",
            "value": "no",
            "confidence": 0.06
          },
          {
            "name": "wearing necktie",
            "value": "no",
            "confidence": 1.0
          },
          {
            "name": "yaw",
            "value": "10.24",
            "confidence": 1.0
          },
          {
            "name": "young",
            "value": "yes",
            "confidence": 0.64
          }
        ],
        "person_id": "",
        "appearance_id": 0,
        "start": "00:00:00",
        "duration": "00:00:00"
      }
    ],
    "tags": null,
    "original_filename": "https://raw.githubusercontent.com/sarkrui/Hairstyle60k/master/Dataset/The_Rachel/IMG_22.jpg",
    "duration": "00:00:00"
  },
  "recognize": null
}