{
  "media": {
    "media_uuid": "f960d52c-3739-4217-919f-c1fdb8f4c85e",
    "checksum": "b7be3afd91d66da93052e35283139474e380ea6a09f4705847d092d415dd97bf",
    "faces": [
      {
        "face_uuid": "6d0146f7-1537-11e9-99c4-0cc47a6c4dbd",
        "media_uuid": "f960d52c-3739-4217-919f-c1fdb8f4c85e",
        "x": 286.0,
        "y": 189.5,
        "width": 148.7,
        "height": 201.13,
        "angle": -2.3763,
        "detection_score": 1.0,
        "points": [
          {
            "x": 242.31,
            "y": 166.93,
            "type": 512,
            "name": "basic eye left"
          },
          {
            "x": 314.67,
            "y": 169.93,
            "type": 768,
            "name": "basic eye right"
          },
          {
            "x": 227.47,
            "y": 166.47,
            "type": 1024,
            "name": "basic eye left outer"
          },
          {
            "x": 330.69,
            "y": 170.82,
            "type": 1280,
            "name": "basic eye right outer"
          },
          {
            "x": 256.84,
            "y": 169.28,
            "type": 1536,
            "name": "basic eye left inner"
          },
          {
            "x": 298.67,
            "y": 170.98,
            "type": 1792,
            "name": "basic eye right inner"
          },
          {
            "x": 244.29,
            "y": 247.75,
            "type": 2048,
            "name": "basic mouth left"
          },
          {
            "x": 299.94,
            "y": 250.57,
            "type": 2304,
            "name": "basic mouth right"
          },
          {
            "x": 268.8,
            "y": 215.76,
            "type": 2560,
            "name": "basic nose tip"
          },
          {
            "x": 271.55,
            "y": 249.86,
            "type": 2816,
            "name": "basic mouth center"
          },
          {
            "x": 271.55,
            "y": 249.86,
            "type": 3072,
            "name": "basic eyebrow left"
          },
          {
            "x": 271.55,
            "y": 249.86,
            "type": 3328,
            "name": "basic eyebrow left inner corner"
          },
          {
            "x": 271.55,
            "y": 249.86,
            "type": 3584,
            "name": "basic eyebrow left outer corner"
          },
          {
            "x": 271.55,
            "y": 249.86,
            "type": 3840,
            "name": "basic eyebrow right"
          },
          {
            "x": 271.55,
            "y": 249.86,
            "type": 4096,
            "name": "basic eyebrow right inner corner"
          },
          {
            "x": 271.55,
            "y": 249.86,
            "type": 4352,
            "name": "basic eyebrow right outer corner"
          },
          {
            "x": 271.55,
            "y": 249.86,
            "type": 4608,
            "name": "basic chin bottom"
          },
          {
            "x": 271.55,
            "y": 249.86,
            "type": 4864,
            "name": "basic chin left"
          },
          {
            "x": 271.55,
            "y": 249.86,
            "type": 5120,
            "name": "basic chin right"
          },
          {
            "x": 253.77,
            "y": 218.39,
            "type": 5376,
            "name": "basic nose left"
          },
          {
            "x": 289.54,
            "y": 220.12,
            "type": 5632,
            "name": "basic nose right"
          }
        ],
        "user_points": null,
        "tags": [
          {
            "name": "5oclock shadow",
            "value": "no",
            "confidence": 1.0
          },
          {
            "name": "age",
            "value": "16",
            "confidence": 0.6
          },
          {
            "name": "arched eyebrows",
            "value": "yes",
            "confidence": 0.1
          },
          {
            "name": "attractive",
            "value": "yes",
            "confidence": 0.51
          },
          {
            "name": "bags under eyes",
            "value": "no",
            "confidence": 1.0
          },
          {
            "name": "bald",
            "value": "no",
            "confidence": 1.0
          },
          {
            "name": "bangs",
            "value": "yes",
            "confidence": 0.03
          },
          {
            "name": "beard",
            "value": "no",
            "confidence": 1.0
          },
          {
            "name": "big lips",
            "value": "no",
            "confidence": 0.13
          },
          {
            "name": "big nose",
            "value": "no",
            "confidence": 1.0
          },
          {
            "name": "black hair",
            "value": "no",
            "confidence": 0.99
          },
          {
            "name": "blond hair",
            "value": "yes",
            "confidence": 0.53
          },
          {
            "name": "blurry",
            "value": "no",
            "confidence": 0.81
          },
          {
            "name": "brown hair",
            "value": "no",
            "confidence": 0.14
          },
          {
            "name": "bushy eyebrows",
            "value": "no",
            "confidence": 0.88
          },
          {
            "name": "chubby",
            "value": "no",
            "confidence": 0.82
          },
          {
            "name": "double chin",
            "value": "no",
            "confidence": 0.91
          },
          {
            "name": "expression",
            "value": "neutral",
            "confidence": 0.82
          },
          {
            "name": "gender",
            "value": "female",
            "confidence": 0.95
          },
          {
            "name": "glasses",
            "value": "no",
            "confidence": 1.0
          },
          {
            "name": "goatee",
            "value": "no",
            "confidence": 1.0
          },
          {
            "name": "gray hair",
            "value": "no",
            "confidence": 0.56
          },
          {
            "name": "heavy makeup",
            "value": "yes",
            "confidence": 0.9
          },
          {
            "name": "high cheekbones",
            "value": "no",
            "confidence": 0.23
          },
          {
            "name": "mouth open",
            "value": "no",
            "confidence": 0.94
          },
          {
            "name": "mustache",
            "value": "no",
            "confidence": 1.0
          },
          {
            "name": "narrow eyes",
            "value": "no",
            "confidence": 0.65
          },
          {
            "name": "oval face",
            "value": "yes",
            "confidence": 0.23
          },
          {
            "name": "pale skin",
            "value": "yes",
            "confidence": 0.2
          },
          {
            "name": "pitch",
            "value": "-8.87",
            "confidence": 1.0
          },
          {
            "name": "pointy nose",
            "value": "yes",
            "confidence": 0.36
          },
          {
            "name": "race",
            "value": "white",
            "confidence": 1.0
          },
          {
            "name": "receding hairline",
            "value": "no",
            "confidence": 1.0
          },
          {
            "name": "rosy cheeks",
            "value": "no",
            "confidence": 0.04
          },
          {
            "name": "sideburns",
            "value": "no",
            "confidence": 1.0
          },
          {
            "name": "straight hair",
            "value": "no",
            "confidence": 0.79
          },
          {
            "name": "wavy hair",
            "value": "yes",
            "confidence": 0.7
          },
          {
            "name": "wearing earrings",
            "value": "yes",
            "confidence": 0.27
          },
          {
            "name": "wearing hat",
            "value": "no",
            "confidence": 0.96
          },
          {
            "name": "wearing lipstick",
            "value": "yes",
            "confidence": 1.0
          },
          {
            "name": "wearing necklace",
            "value": "no",
            "confidence": 0.0
          },
          {
            "name": "wearing necktie",
            "value": "no",
            "confidence": 0.99
          },
          {
            "name": "yaw",
            "value": "8.98",
            "confidence": 1.0
          },
          {
            "name": "young",
            "value": "yes",
            "confidence": 0.1
          }
        ],
        "person_id": "",
        "appearance_id": 0,
        "start": "00:00:00",
        "duration": "00:00:00"
      }
    ],
    "tags": null,
    "original_filename": "https://raw.githubusercontent.com/sarkrui/Hairstyle60k/master/Dataset/The_Rachel/IMG_9.jpg",
    "duration": "00:00:00"
  },
  "recognize": null
}