{
  "media": {
    "media_uuid": "4452ed55-4244-40f2-b0a7-efc8f0294f90",
    "checksum": "7c67e9540d931428810d62b3034e2db1d69012fd4ffd746afc781b4223444806",
    "faces": [
      {
        "face_uuid": "74884df9-1537-11e9-99c4-0cc47a6c4dbd",
        "media_uuid": "4452ed55-4244-40f2-b0a7-efc8f0294f90",
        "x": 619.62,
        "y": 370.81,
        "width": 302.09,
        "height": 443.06,
        "angle": -0.81,
        "detection_score": 1.0,
        "points": [
          {
            "x": 521.03,
            "y": 326.06,
            "type": 512,
            "name": "basic eye left"
          },
          {
            "x": 669.27,
            "y": 328.16,
            "type": 768,
            "name": "basic eye right"
          },
          {
            "x": 490.08,
            "y": 325.85,
            "type": 1024,
            "name": "basic eye left outer"
          },
          {
            "x": 702.8,
            "y": 329.01,
            "type": 1280,
            "name": "basic eye right outer"
          },
          {
            "x": 551.58,
            "y": 328.09,
            "type": 1536,
            "name": "basic eye left inner"
          },
          {
            "x": 636.07,
            "y": 329.21,
            "type": 1792,
            "name": "basic eye right inner"
          },
          {
            "x": 535.99,
            "y": 488.53,
            "type": 2048,
            "name": "basic mouth left"
          },
          {
            "x": 657.65,
            "y": 488.23,
            "type": 2304,
            "name": "basic mouth right"
          },
          {
            "x": 578.74,
            "y": 427.69,
            "type": 2560,
            "name": "basic nose tip"
          },
          {
            "x": 595.4,
            "y": 490.97,
            "type": 2816,
            "name": "basic mouth center"
          },
          {
            "x": 595.4,
            "y": 490.97,
            "type": 3072,
            "name": "basic eyebrow left"
          },
          {
            "x": 595.4,
            "y": 490.97,
            "type": 3328,
            "name": "basic eyebrow left inner corner"
          },
          {
            "x": 595.4,
            "y": 490.97,
            "type": 3584,
            "name": "basic eyebrow left outer corner"
          },
          {
            "x": 595.4,
            "y": 490.97,
            "type": 3840,
            "name": "basic eyebrow right"
          },
          {
            "x": 595.4,
            "y": 490.97,
            "type": 4096,
            "name": "basic eyebrow right inner corner"
          },
          {
            "x": 595.4,
            "y": 490.97,
            "type": 4352,
            "name": "basic eyebrow right outer corner"
          },
          {
            "x": 595.4,
            "y": 490.97,
            "type": 4608,
            "name": "basic chin bottom"
          },
          {
            "x": 595.4,
            "y": 490.97,
            "type": 4864,
            "name": "basic chin left"
          },
          {
            "x": 595.4,
            "y": 490.97,
            "type": 5120,
            "name": "basic chin right"
          },
          {
            "x": 547.41,
            "y": 428.75,
            "type": 5376,
            "name": "basic nose left"
          },
          {
            "x": 624.83,
            "y": 429.32,
            "type": 5632,
            "name": "basic nose right"
          }
        ],
        "user_points": null,
        "tags": [
          {
            "name": "5oclock shadow",
            "value": "no",
            "confidence": 0.95
          },
          {
            "name": "age",
            "value": "30",
            "confidence": 0.6
          },
          {
            "name": "arched eyebrows",
            "value": "yes",
            "confidence": 0.1
          },
          {
            "name": "attractive",
            "value": "yes",
            "confidence": 1.0
          },
          {
            "name": "bags under eyes",
            "value": "no",
            "confidence": 0.83
          },
          {
            "name": "bald",
            "value": "no",
            "confidence": 0.96
          },
          {
            "name": "bangs",
            "value": "no",
            "confidence": 0.9
          },
          {
            "name": "beard",
            "value": "no",
            "confidence": 0.88
          },
          {
            "name": "big lips",
            "value": "no",
            "confidence": 0.13
          },
          {
            "name": "big nose",
            "value": "no",
            "confidence": 1.0
          },
          {
            "name": "black hair",
            "value": "no",
            "confidence": 0.95
          },
          {
            "name": "blond hair",
            "value": "no",
            "confidence": 0.19
          },
          {
            "name": "blurry",
            "value": "no",
            "confidence": 1.0
          },
          {
            "name": "brown hair",
            "value": "yes",
            "confidence": 0.67
          },
          {
            "name": "bushy eyebrows",
            "value": "no",
            "confidence": 0.11
          },
          {
            "name": "chubby",
            "value": "no",
            "confidence": 1.0
          },
          {
            "name": "double chin",
            "value": "no",
            "confidence": 1.0
          },
          {
            "name": "expression",
            "value": "smile",
            "confidence": 0.76
          },
          {
            "name": "gender",
            "value": "female",
            "confidence": 1.0
          },
          {
            "name": "glasses",
            "value": "no",
            "confidence": 1.0
          },
          {
            "name": "goatee",
            "value": "no",
            "confidence": 0.86
          },
          {
            "name": "gray hair",
            "value": "no",
            "confidence": 1.0
          },
          {
            "name": "heavy makeup",
            "value": "yes",
            "confidence": 0.98
          },
          {
            "name": "high cheekbones",
            "value": "yes",
            "confidence": 0.55
          },
          {
            "name": "mouth open",
            "value": "yes",
            "confidence": 0.98
          },
          {
            "name": "mustache",
            "value": "no",
            "confidence": 0.91
          },
          {
            "name": "narrow eyes",
            "value": "no",
            "confidence": 0.69
          },
          {
            "name": "oval face",
            "value": "yes",
            "confidence": 0.8
          },
          {
            "name": "pale skin",
            "value": "no",
            "confidence": 0.15
          },
          {
            "name": "pitch",
            "value": "-9.15",
            "confidence": 1.0
          },
          {
            "name": "pointy nose",
            "value": "yes",
            "confidence": 0.45
          },
          {
            "name": "race",
            "value": "white",
            "confidence": 1.0
          },
          {
            "name": "receding hairline",
            "value": "no",
            "confidence": 0.82
          },
          {
            "name": "rosy cheeks",
            "value": "yes",
            "confidence": 0.16
          },
          {
            "name": "sideburns",
            "value": "no",
            "confidence": 0.77
          },
          {
            "name": "straight hair",
            "value": "yes",
            "confidence": 0.36
          },
          {
            "name": "wavy hair",
            "value": "yes",
            "confidence": 0.06
          },
          {
            "name": "wearing earrings",
            "value": "no",
            "confidence": 0.59
          },
          {
            "name": "wearing hat",
            "value": "no",
            "confidence": 1.0
          },
          {
            "name": "wearing lipstick",
            "value": "yes",
            "confidence": 1.0
          },
          {
            "name": "wearing necklace",
            "value": "no",
            "confidence": 0.15
          },
          {
            "name": "wearing necktie",
            "value": "no",
            "confidence": 0.92
          },
          {
            "name": "yaw",
            "value": "1.3",
            "confidence": 1.0
          },
          {
            "name": "young",
            "value": "yes",
            "confidence": 1.0
          }
        ],
        "person_id": "",
        "appearance_id": 0,
        "start": "00:00:00",
        "duration": "00:00:00"
      }
    ],
    "tags": null,
    "original_filename": "https://raw.githubusercontent.com/sarkrui/Hairstyle60k/master/Dataset/The_Rachel/IMG_18.jpg",
    "duration": "00:00:00"
  },
  "recognize": null
}