{
  "media": {
    "media_uuid": "4d6533be-c29a-4c32-9e42-09e75f618b55",
    "checksum": "289612b72c68b6a6d3ac56f976c170068317a025c373dd57b2626f2cc8cacf7c",
    "faces": [
      {
        "face_uuid": "6fa84f27-1537-11e9-99c4-0cc47a6c4dbd",
        "media_uuid": "4d6533be-c29a-4c32-9e42-09e75f618b55",
        "x": 166.03,
        "y": 227.42,
        "width": 133.08,
        "height": 173.0,
        "angle": -14.3695,
        "detection_score": 1.0,
        "points": [
          {
            "x": 129.53,
            "y": 205.36,
            "type": 512,
            "name": "basic eye left"
          },
          {
            "x": 192.13,
            "y": 221.4,
            "type": 768,
            "name": "basic eye right"
          },
          {
            "x": 116.57,
            "y": 201.91,
            "type": 1024,
            "name": "basic eye left outer"
          },
          {
            "x": 205.97,
            "y": 224.89,
            "type": 1280,
            "name": "basic eye right outer"
          },
          {
            "x": 141.72,
            "y": 210.31,
            "type": 1536,
            "name": "basic eye left inner"
          },
          {
            "x": 177.99,
            "y": 219.54,
            "type": 1792,
            "name": "basic eye right inner"
          },
          {
            "x": 121.43,
            "y": 274.56,
            "type": 2048,
            "name": "basic mouth left"
          },
          {
            "x": 168.21,
            "y": 286.94,
            "type": 2304,
            "name": "basic mouth right"
          },
          {
            "x": 144.16,
            "y": 256.63,
            "type": 2560,
            "name": "basic nose tip"
          },
          {
            "x": 144.01,
            "y": 281.89,
            "type": 2816,
            "name": "basic mouth center"
          },
          {
            "x": 144.01,
            "y": 281.89,
            "type": 3072,
            "name": "basic eyebrow left"
          },
          {
            "x": 144.01,
            "y": 281.89,
            "type": 3328,
            "name": "basic eyebrow left inner corner"
          },
          {
            "x": 144.01,
            "y": 281.89,
            "type": 3584,
            "name": "basic eyebrow left outer corner"
          },
          {
            "x": 144.01,
            "y": 281.89,
            "type": 3840,
            "name": "basic eyebrow right"
          },
          {
            "x": 144.01,
            "y": 281.89,
            "type": 4096,
            "name": "basic eyebrow right inner corner"
          },
          {
            "x": 144.01,
            "y": 281.89,
            "type": 4352,
            "name": "basic eyebrow right outer corner"
          },
          {
            "x": 144.01,
            "y": 281.89,
            "type": 4608,
            "name": "basic chin bottom"
          },
          {
            "x": 144.01,
            "y": 281.89,
            "type": 4864,
            "name": "basic chin left"
          },
          {
            "x": 144.01,
            "y": 281.89,
            "type": 5120,
            "name": "basic chin right"
          },
          {
            "x": 131.52,
            "y": 253.49,
            "type": 5376,
            "name": "basic nose left"
          },
          {
            "x": 162.0,
            "y": 261.54,
            "type": 5632,
            "name": "basic nose right"
          }
        ],
        "user_points": null,
        "tags": [
          {
            "name": "5oclock shadow",
            "value": "no",
            "confidence": 1.0
          },
          {
            "name": "age",
            "value": "12",
            "confidence": 0.6
          },
          {
            "name": "arched eyebrows",
            "value": "no",
            "confidence": 0.18
          },
          {
            "name": "attractive",
            "value": "yes",
            "confidence": 0.91
          },
          {
            "name": "bags under eyes",
            "value": "no",
            "confidence": 1.0
          },
          {
            "name": "bald",
            "value": "no",
            "confidence": 0.98
          },
          {
            "name": "bangs",
            "value": "no",
            "confidence": 0.58
          },
          {
            "name": "beard",
            "value": "no",
            "confidence": 1.0
          },
          {
            "name": "big lips",
            "value": "no",
            "confidence": 0.22
          },
          {
            "name": "big nose",
            "value": "no",
            "confidence": 1.0
          },
          {
            "name": "black hair",
            "value": "no",
            "confidence": 1.0
          },
          {
            "name": "blond hair",
            "value": "yes",
            "confidence": 0.35
          },
          {
            "name": "blurry",
            "value": "no",
            "confidence": 1.0
          },
          {
            "name": "brown hair",
            "value": "yes",
            "confidence": 0.25
          },
          {
            "name": "bushy eyebrows",
            "value": "no",
            "confidence": 0.72
          },
          {
            "name": "chubby",
            "value": "no",
            "confidence": 1.0
          },
          {
            "name": "double chin",
            "value": "no",
            "confidence": 1.0
          },
          {
            "name": "expression",
            "value": "neutral",
            "confidence": 0.93
          },
          {
            "name": "gender",
            "value": "female",
            "confidence": 0.97
          },
          {
            "name": "glasses",
            "value": "no",
            "confidence": 1.0
          },
          {
            "name": "goatee",
            "value": "no",
            "confidence": 1.0
          },
          {
            "name": "gray hair",
            "value": "no",
            "confidence": 0.77
          },
          {
            "name": "heavy makeup",
            "value": "yes",
            "confidence": 0.56
          },
          {
            "name": "high cheekbones",
            "value": "no",
            "confidence": 0.5
          },
          {
            "name": "mouth open",
            "value": "no",
            "confidence": 0.75
          },
          {
            "name": "mustache",
            "value": "no",
            "confidence": 1.0
          },
          {
            "name": "narrow eyes",
            "value": "no",
            "confidence": 1.0
          },
          {
            "name": "oval face",
            "value": "yes",
            "confidence": 0.58
          },
          {
            "name": "pale skin",
            "value": "yes",
            "confidence": 0.19
          },
          {
            "name": "pitch",
            "value": "-7.99",
            "confidence": 1.0
          },
          {
            "name": "pointy nose",
            "value": "yes",
            "confidence": 0.27
          },
          {
            "name": "race",
            "value": "white",
            "confidence": 1.0
          },
          {
            "name": "receding hairline",
            "value": "no",
            "confidence": 0.74
          },
          {
            "name": "rosy cheeks",
            "value": "no",
            "confidence": 0.29
          },
          {
            "name": "sideburns",
            "value": "no",
            "confidence": 1.0
          },
          {
            "name": "straight hair",
            "value": "no",
            "confidence": 0.11
          },
          {
            "name": "wavy hair",
            "value": "no",
            "confidence": 0.1
          },
          {
            "name": "wearing earrings",
            "value": "yes",
            "confidence": 0.29
          },
          {
            "name": "wearing hat",
            "value": "no",
            "confidence": 0.97
          },
          {
            "name": "wearing lipstick",
            "value": "yes",
            "confidence": 0.76
          },
          {
            "name": "wearing necklace",
            "value": "no",
            "confidence": 0.29
          },
          {
            "name": "wearing necktie",
            "value": "no",
            "confidence": 0.89
          },
          {
            "name": "yaw",
            "value": "2.13",
            "confidence": 1.0
          },
          {
            "name": "young",
            "value": "yes",
            "confidence": 0.69
          }
        ],
        "person_id": "",
        "appearance_id": 0,
        "start": "00:00:00",
        "duration": "00:00:00"
      }
    ],
    "tags": null,
    "original_filename": "https://raw.githubusercontent.com/sarkrui/Hairstyle60k/master/Dataset/The_Rachel/IMG_12.jpg",
    "duration": "00:00:00"
  },
  "recognize": null
}