{
  "media": {
    "media_uuid": "d3e55dd3-bc81-4685-82e3-5b9ffd2aaa94",
    "checksum": "e0e1a31b9e6f35ffa1cd5992195e3ed3f8b7510cf820120b39e6cc480582549f",
    "faces": [
      {
        "face_uuid": "7889246d-1537-11e9-99c4-0cc47a6c4dbd",
        "media_uuid": "d3e55dd3-bc81-4685-82e3-5b9ffd2aaa94",
        "x": 215.5,
        "y": 94.0,
        "width": 69.37,
        "height": 89.33,
        "angle": 16.5707,
        "detection_score": 1.0,
        "points": [
          {
            "x": 200.68,
            "y": 89.77,
            "type": 512,
            "name": "basic eye left"
          },
          {
            "x": 232.4,
            "y": 80.33,
            "type": 768,
            "name": "basic eye right"
          },
          {
            "x": 193.86,
            "y": 91.99,
            "type": 1024,
            "name": "basic eye left outer"
          },
          {
            "x": 239.29,
            "y": 78.46,
            "type": 1280,
            "name": "basic eye right outer"
          },
          {
            "x": 207.6,
            "y": 88.18,
            "type": 1536,
            "name": "basic eye left inner"
          },
          {
            "x": 225.75,
            "y": 82.79,
            "type": 1792,
            "name": "basic eye right inner"
          },
          {
            "x": 214.18,
            "y": 124.39,
            "type": 2048,
            "name": "basic mouth left"
          },
          {
            "x": 239.03,
            "y": 116.54,
            "type": 2304,
            "name": "basic mouth right"
          },
          {
            "x": 222.65,
            "y": 105.15,
            "type": 2560,
            "name": "basic nose tip"
          },
          {
            "x": 226.76,
            "y": 120.69,
            "type": 2816,
            "name": "basic mouth center"
          },
          {
            "x": 226.76,
            "y": 120.69,
            "type": 3072,
            "name": "basic eyebrow left"
          },
          {
            "x": 226.76,
            "y": 120.69,
            "type": 3328,
            "name": "basic eyebrow left inner corner"
          },
          {
            "x": 226.76,
            "y": 120.69,
            "type": 3584,
            "name": "basic eyebrow left outer corner"
          },
          {
            "x": 226.76,
            "y": 120.69,
            "type": 3840,
            "name": "basic eyebrow right"
          },
          {
            "x": 226.76,
            "y": 120.69,
            "type": 4096,
            "name": "basic eyebrow right inner corner"
          },
          {
            "x": 226.76,
            "y": 120.69,
            "type": 4352,
            "name": "basic eyebrow right outer corner"
          },
          {
            "x": 226.76,
            "y": 120.69,
            "type": 4608,
            "name": "basic chin bottom"
          },
          {
            "x": 226.76,
            "y": 120.69,
            "type": 4864,
            "name": "basic chin left"
          },
          {
            "x": 226.76,
            "y": 120.69,
            "type": 5120,
            "name": "basic chin right"
          },
          {
            "x": 214.72,
            "y": 108.71,
            "type": 5376,
            "name": "basic nose left"
          },
          {
            "x": 230.72,
            "y": 103.77,
            "type": 5632,
            "name": "basic nose right"
          }
        ],
        "user_points": null,
        "tags": [
          {
            "name": "5oclock shadow",
            "value": "no",
            "confidence": 1.0
          },
          {
            "name": "age",
            "value": "18",
            "confidence": 0.6
          },
          {
            "name": "arched eyebrows",
            "value": "no",
            "confidence": 0.19
          },
          {
            "name": "attractive",
            "value": "no",
            "confidence": 0.09
          },
          {
            "name": "bags under eyes",
            "value": "no",
            "confidence": 0.15
          },
          {
            "name": "bald",
            "value": "no",
            "confidence": 0.62
          },
          {
            "name": "bangs",
            "value": "no",
            "confidence": 0.78
          },
          {
            "name": "beard",
            "value": "no",
            "confidence": 0.75
          },
          {
            "name": "big lips",
            "value": "no",
            "confidence": 0.26
          },
          {
            "name": "big nose",
            "value": "no",
            "confidence": 0.57
          },
          {
            "name": "black hair",
            "value": "no",
            "confidence": 0.75
          },
          {
            "name": "blond hair",
            "value": "yes",
            "confidence": 0.13
          },
          {
            "name": "blurry",
            "value": "no",
            "confidence": 0.29
          },
          {
            "name": "brown hair",
            "value": "no",
            "confidence": 0.35
          },
          {
            "name": "bushy eyebrows",
            "value": "no",
            "confidence": 0.46
          },
          {
            "name": "chubby",
            "value": "no",
            "confidence": 0.97
          },
          {
            "name": "double chin",
            "value": "no",
            "confidence": 1.0
          },
          {
            "name": "expression",
            "value": "neutral",
            "confidence": 0.6
          },
          {
            "name": "gender",
            "value": "female",
            "confidence": 0.73
          },
          {
            "name": "glasses",
            "value": "no",
            "confidence": 1.0
          },
          {
            "name": "goatee",
            "value": "no",
            "confidence": 0.88
          },
          {
            "name": "gray hair",
            "value": "no",
            "confidence": 0.55
          },
          {
            "name": "heavy makeup",
            "value": "no",
            "confidence": 0.47
          },
          {
            "name": "high cheekbones",
            "value": "no",
            "confidence": 0.5
          },
          {
            "name": "mouth open",
            "value": "no",
            "confidence": 0.72
          },
          {
            "name": "mustache",
            "value": "no",
            "confidence": 0.92
          },
          {
            "name": "narrow eyes",
            "value": "yes",
            "confidence": 0.07
          },
          {
            "name": "oval face",
            "value": "yes",
            "confidence": 0.14
          },
          {
            "name": "pale skin",
            "value": "yes",
            "confidence": 0.78
          },
          {
            "name": "pitch",
            "value": "-9.71",
            "confidence": 1.0
          },
          {
            "name": "pointy nose",
            "value": "no",
            "confidence": 0.33
          },
          {
            "name": "race",
            "value": "asian",
            "confidence": 0.69
          },
          {
            "name": "receding hairline",
            "value": "yes",
            "confidence": 0.01
          },
          {
            "name": "rosy cheeks",
            "value": "no",
            "confidence": 1.0
          },
          {
            "name": "sideburns",
            "value": "no",
            "confidence": 0.95
          },
          {
            "name": "straight hair",
            "value": "yes",
            "confidence": 0.23
          },
          {
            "name": "wavy hair",
            "value": "no",
            "confidence": 0.56
          },
          {
            "name": "wearing earrings",
            "value": "no",
            "confidence": 0.38
          },
          {
            "name": "wearing hat",
            "value": "no",
            "confidence": 0.86
          },
          {
            "name": "wearing lipstick",
            "value": "no",
            "confidence": 0.19
          },
          {
            "name": "wearing necklace",
            "value": "no",
            "confidence": 0.61
          },
          {
            "name": "wearing necktie",
            "value": "no",
            "confidence": 0.86
          },
          {
            "name": "yaw",
            "value": "-2.8",
            "confidence": 1.0
          },
          {
            "name": "young",
            "value": "yes",
            "confidence": 0.63
          }
        ],
        "person_id": "",
        "appearance_id": 0,
        "start": "00:00:00",
        "duration": "00:00:00"
      }
    ],
    "tags": null,
    "original_filename": "https://raw.githubusercontent.com/sarkrui/Hairstyle60k/master/Dataset/The_Rachel/IMG_23.jpg",
    "duration": "00:00:00"
  },
  "recognize": null
}