{
  "media": {
    "media_uuid": "04d7ffb7-031c-47d0-bc45-bafa084efaf8",
    "checksum": "4b3f971775ab0e998508750e6cb67571f6bb1f83249b99e2ac53d61a82127166",
    "faces": [
      {
        "face_uuid": "71abc41f-1537-11e9-99c4-0cc47a6c4dbd",
        "media_uuid": "04d7ffb7-031c-47d0-bc45-bafa084efaf8",
        "x": 328.73,
        "y": 199.65,
        "width": 132.25,
        "height": 179.57,
        "angle": 9.866,
        "detection_score": 1.0,
        "points": [
          {
            "x": 299.9,
            "y": 186.08,
            "type": 512,
            "name": "basic eye left"
          },
          {
            "x": 360.73,
            "y": 175.5,
            "type": 768,
            "name": "basic eye right"
          },
          {
            "x": 286.48,
            "y": 188.94,
            "type": 1024,
            "name": "basic eye left outer"
          },
          {
            "x": 373.62,
            "y": 173.74,
            "type": 1280,
            "name": "basic eye right outer"
          },
          {
            "x": 313.16,
            "y": 184.14,
            "type": 1536,
            "name": "basic eye left inner"
          },
          {
            "x": 348.33,
            "y": 178.07,
            "type": 1792,
            "name": "basic eye right inner"
          },
          {
            "x": 318.46,
            "y": 250.01,
            "type": 2048,
            "name": "basic mouth left"
          },
          {
            "x": 365.78,
            "y": 241.35,
            "type": 2304,
            "name": "basic mouth right"
          },
          {
            "x": 340.05,
            "y": 214.14,
            "type": 2560,
            "name": "basic nose tip"
          },
          {
            "x": 342.57,
            "y": 245.76,
            "type": 2816,
            "name": "basic mouth center"
          },
          {
            "x": 342.57,
            "y": 245.76,
            "type": 3072,
            "name": "basic eyebrow left"
          },
          {
            "x": 342.57,
            "y": 245.76,
            "type": 3328,
            "name": "basic eyebrow left inner corner"
          },
          {
            "x": 342.57,
            "y": 245.76,
            "type": 3584,
            "name": "basic eyebrow left outer corner"
          },
          {
            "x": 342.57,
            "y": 245.76,
            "type": 3840,
            "name": "basic eyebrow right"
          },
          {
            "x": 342.57,
            "y": 245.76,
            "type": 4096,
            "name": "basic eyebrow right inner corner"
          },
          {
            "x": 342.57,
            "y": 245.76,
            "type": 4352,
            "name": "basic eyebrow right outer corner"
          },
          {
            "x": 342.57,
            "y": 245.76,
            "type": 4608,
            "name": "basic chin bottom"
          },
          {
            "x": 342.57,
            "y": 245.76,
            "type": 4864,
            "name": "basic chin left"
          },
          {
            "x": 342.57,
            "y": 245.76,
            "type": 5120,
            "name": "basic chin right"
          },
          {
            "x": 323.8,
            "y": 220.46,
            "type": 5376,
            "name": "basic nose left"
          },
          {
            "x": 354.05,
            "y": 215.08,
            "type": 5632,
            "name": "basic nose right"
          }
        ],
        "user_points": null,
        "tags": [
          {
            "name": "5oclock shadow",
            "value": "no",
            "confidence": 1.0
          },
          {
            "name": "age",
            "value": "25",
            "confidence": 0.6
          },
          {
            "name": "arched eyebrows",
            "value": "no",
            "confidence": 0.03
          },
          {
            "name": "attractive",
            "value": "yes",
            "confidence": 0.43
          },
          {
            "name": "bags under eyes",
            "value": "no",
            "confidence": 1.0
          },
          {
            "name": "bald",
            "value": "no",
            "confidence": 1.0
          },
          {
            "name": "bangs",
            "value": "yes",
            "confidence": 0.34
          },
          {
            "name": "beard",
            "value": "no",
            "confidence": 1.0
          },
          {
            "name": "big lips",
            "value": "no",
            "confidence": 0.32
          },
          {
            "name": "big nose",
            "value": "no",
            "confidence": 1.0
          },
          {
            "name": "black hair",
            "value": "no",
            "confidence": 0.95
          },
          {
            "name": "blond hair",
            "value": "yes",
            "confidence": 0.77
          },
          {
            "name": "blurry",
            "value": "no",
            "confidence": 0.49
          },
          {
            "name": "brown hair",
            "value": "no",
            "confidence": 0.32
          },
          {
            "name": "bushy eyebrows",
            "value": "no",
            "confidence": 0.73
          },
          {
            "name": "chubby",
            "value": "no",
            "confidence": 1.0
          },
          {
            "name": "double chin",
            "value": "no",
            "confidence": 1.0
          },
          {
            "name": "expression",
            "value": "smile",
            "confidence": 0.11
          },
          {
            "name": "gender",
            "value": "female",
            "confidence": 0.99
          },
          {
            "name": "glasses",
            "value": "no",
            "confidence": 1.0
          },
          {
            "name": "goatee",
            "value": "no",
            "confidence": 1.0
          },
          {
            "name": "gray hair",
            "value": "no",
            "confidence": 0.73
          },
          {
            "name": "heavy makeup",
            "value": "yes",
            "confidence": 0.65
          },
          {
            "name": "high cheekbones",
            "value": "no",
            "confidence": 0.06
          },
          {
            "name": "mouth open",
            "value": "yes",
            "confidence": 1.0
          },
          {
            "name": "mustache",
            "value": "no",
            "confidence": 1.0
          },
          {
            "name": "narrow eyes",
            "value": "yes",
            "confidence": 0.18
          },
          {
            "name": "oval face",
            "value": "yes",
            "confidence": 0.2
          },
          {
            "name": "pale skin",
            "value": "yes",
            "confidence": 0.06
          },
          {
            "name": "pitch",
            "value": "-8.66",
            "confidence": 1.0
          },
          {
            "name": "pointy nose",
            "value": "yes",
            "confidence": 0.21
          },
          {
            "name": "race",
            "value": "asian",
            "confidence": 0.9
          },
          {
            "name": "receding hairline",
            "value": "no",
            "confidence": 1.0
          },
          {
            "name": "rosy cheeks",
            "value": "no",
            "confidence": 0.32
          },
          {
            "name": "sideburns",
            "value": "no",
            "confidence": 0.99
          },
          {
            "name": "straight hair",
            "value": "yes",
            "confidence": 0.67
          },
          {
            "name": "wavy hair",
            "value": "no",
            "confidence": 0.26
          },
          {
            "name": "wearing earrings",
            "value": "no",
            "confidence": 0.34
          },
          {
            "name": "wearing hat",
            "value": "no",
            "confidence": 1.0
          },
          {
            "name": "wearing lipstick",
            "value": "yes",
            "confidence": 0.84
          },
          {
            "name": "wearing necklace",
            "value": "yes",
            "confidence": 0.1
          },
          {
            "name": "wearing necktie",
            "value": "no",
            "confidence": 0.98
          },
          {
            "name": "yaw",
            "value": "-8.46",
            "confidence": 1.0
          },
          {
            "name": "young",
            "value": "yes",
            "confidence": 0.54
          }
        ],
        "person_id": "",
        "appearance_id": 0,
        "start": "00:00:00",
        "duration": "00:00:00"
      }
    ],
    "tags": null,
    "original_filename": "https://raw.githubusercontent.com/sarkrui/Hairstyle60k/master/Dataset/The_Rachel/IMG_15.jpg",
    "duration": "00:00:00"
  },
  "recognize": null
}