{
  "media": {
    "media_uuid": "f6f7f198-4563-4208-a918-09fa677079ab",
    "checksum": "b0ea2bb52cf98e0384f1bf89976c3821a1661c5dd18604e2fa8384446bd5ede1",
    "faces": [
      {
        "face_uuid": "7552bdfa-1537-11e9-99c4-0cc47a6c4dbd",
        "media_uuid": "f6f7f198-4563-4208-a918-09fa677079ab",
        "x": 154.5,
        "y": 132.0,
        "width": 92.5,
        "height": 135.42,
        "angle": 4.7996,
        "detection_score": 0.99,
        "points": [
          {
            "x": 132.35,
            "y": 122.93,
            "type": 512,
            "name": "basic eye left"
          },
          {
            "x": 177.05,
            "y": 119.18,
            "type": 768,
            "name": "basic eye right"
          },
          {
            "x": 122.83,
            "y": 123.79,
            "type": 1024,
            "name": "basic eye left outer"
          },
          {
            "x": 186.99,
            "y": 118.44,
            "type": 1280,
            "name": "basic eye right outer"
          },
          {
            "x": 141.83,
            "y": 122.67,
            "type": 1536,
            "name": "basic eye left inner"
          },
          {
            "x": 167.22,
            "y": 120.5,
            "type": 1792,
            "name": "basic eye right inner"
          },
          {
            "x": 137.89,
            "y": 171.95,
            "type": 2048,
            "name": "basic mouth left"
          },
          {
            "x": 175.22,
            "y": 169.18,
            "type": 2304,
            "name": "basic mouth right"
          },
          {
            "x": 155.47,
            "y": 151.94,
            "type": 2560,
            "name": "basic nose tip"
          },
          {
            "x": 156.61,
            "y": 171.3,
            "type": 2816,
            "name": "basic mouth center"
          },
          {
            "x": 156.61,
            "y": 171.3,
            "type": 3072,
            "name": "basic eyebrow left"
          },
          {
            "x": 156.61,
            "y": 171.3,
            "type": 3328,
            "name": "basic eyebrow left inner corner"
          },
          {
            "x": 156.61,
            "y": 171.3,
            "type": 3584,
            "name": "basic eyebrow left outer corner"
          },
          {
            "x": 156.61,
            "y": 171.3,
            "type": 3840,
            "name": "basic eyebrow right"
          },
          {
            "x": 156.61,
            "y": 171.3,
            "type": 4096,
            "name": "basic eyebrow right inner corner"
          },
          {
            "x": 156.61,
            "y": 171.3,
            "type": 4352,
            "name": "basic eyebrow right outer corner"
          },
          {
            "x": 156.61,
            "y": 171.3,
            "type": 4608,
            "name": "basic chin bottom"
          },
          {
            "x": 156.61,
            "y": 171.3,
            "type": 4864,
            "name": "basic chin left"
          },
          {
            "x": 156.61,
            "y": 171.3,
            "type": 5120,
            "name": "basic chin right"
          },
          {
            "x": 144.28,
            "y": 152.79,
            "type": 5376,
            "name": "basic nose left"
          },
          {
            "x": 167.59,
            "y": 151.02,
            "type": 5632,
            "name": "basic nose right"
          }
        ],
        "user_points": null,
        "tags": [
          {
            "name": "5oclock shadow",
            "value": "no",
            "confidence": 0.97
          },
          {
            "name": "age",
            "value": "26",
            "confidence": 0.6
          },
          {
            "name": "arched eyebrows",
            "value": "yes",
            "confidence": 0.24
          },
          {
            "name": "attractive",
            "value": "yes",
            "confidence": 0.4
          },
          {
            "name": "bags under eyes",
            "value": "no",
            "confidence": 1.0
          },
          {
            "name": "bald",
            "value": "no",
            "confidence": 0.9
          },
          {
            "name": "bangs",
            "value": "no",
            "confidence": 0.75
          },
          {
            "name": "beard",
            "value": "no",
            "confidence": 0.96
          },
          {
            "name": "big lips",
            "value": "no",
            "confidence": 0.18
          },
          {
            "name": "big nose",
            "value": "no",
            "confidence": 1.0
          },
          {
            "name": "black hair",
            "value": "no",
            "confidence": 0.81
          },
          {
            "name": "blond hair",
            "value": "yes",
            "confidence": 0.32
          },
          {
            "name": "blurry",
            "value": "no",
            "confidence": 0.66
          },
          {
            "name": "brown hair",
            "value": "yes",
            "confidence": 0.23
          },
          {
            "name": "bushy eyebrows",
            "value": "no",
            "confidence": 1.0
          },
          {
            "name": "chubby",
            "value": "no",
            "confidence": 0.75
          },
          {
            "name": "double chin",
            "value": "no",
            "confidence": 0.85
          },
          {
            "name": "expression",
            "value": "smile",
            "confidence": 0.05
          },
          {
            "name": "gender",
            "value": "female",
            "confidence": 0.93
          },
          {
            "name": "glasses",
            "value": "no",
            "confidence": 1.0
          },
          {
            "name": "goatee",
            "value": "no",
            "confidence": 0.97
          },
          {
            "name": "gray hair",
            "value": "no",
            "confidence": 0.78
          },
          {
            "name": "heavy makeup",
            "value": "yes",
            "confidence": 0.96
          },
          {
            "name": "high cheekbones",
            "value": "yes",
            "confidence": 0.58
          },
          {
            "name": "mouth open",
            "value": "no",
            "confidence": 0.89
          },
          {
            "name": "mustache",
            "value": "no",
            "confidence": 0.91
          },
          {
            "name": "narrow eyes",
            "value": "no",
            "confidence": 0.74
          },
          {
            "name": "oval face",
            "value": "yes",
            "confidence": 0.53
          },
          {
            "name": "pale skin",
            "value": "no",
            "confidence": 0.68
          },
          {
            "name": "pitch",
            "value": "-8.38",
            "confidence": 1.0
          },
          {
            "name": "pointy nose",
            "value": "yes",
            "confidence": 0.58
          },
          {
            "name": "race",
            "value": "white",
            "confidence": 1.0
          },
          {
            "name": "receding hairline",
            "value": "no",
            "confidence": 0.58
          },
          {
            "name": "rosy cheeks",
            "value": "yes",
            "confidence": 0.57
          },
          {
            "name": "sideburns",
            "value": "no",
            "confidence": 0.89
          },
          {
            "name": "straight hair",
            "value": "yes",
            "confidence": 0.23
          },
          {
            "name": "wavy hair",
            "value": "yes",
            "confidence": 0.09
          },
          {
            "name": "wearing earrings",
            "value": "no",
            "confidence": 0.02
          },
          {
            "name": "wearing hat",
            "value": "no",
            "confidence": 1.0
          },
          {
            "name": "wearing lipstick",
            "value": "yes",
            "confidence": 1.0
          },
          {
            "name": "wearing necklace",
            "value": "yes",
            "confidence": 0.13
          },
          {
            "name": "wearing necktie",
            "value": "no",
            "confidence": 0.94
          },
          {
            "name": "yaw",
            "value": "5.39",
            "confidence": 1.0
          },
          {
            "name": "young",
            "value": "yes",
            "confidence": 0.27
          }
        ],
        "person_id": "",
        "appearance_id": 0,
        "start": "00:00:00",
        "duration": "00:00:00"
      }
    ],
    "tags": null,
    "original_filename": "https://raw.githubusercontent.com/sarkrui/Hairstyle60k/master/Dataset/The_Rachel/IMG_19.jpg",
    "duration": "00:00:00"
  },
  "recognize": null
}