{
  "media": {
    "media_uuid": "3e5d54a2-1877-4e58-92b8-97ddcb403bbc",
    "checksum": "21844e720690e5df43a615aed020aa70fe63a0bf6e559d8301ebc70550016249",
    "faces": [
      {
        "face_uuid": "7e7ecc51-1537-11e9-99c4-0cc47a6c4dbd",
        "media_uuid": "3e5d54a2-1877-4e58-92b8-97ddcb403bbc",
        "x": 279.0,
        "y": 252.5,
        "width": 172.98,
        "height": 193.16,
        "angle": 2.4691,
        "detection_score": 0.99,
        "points": [
          {
            "x": 224.27,
            "y": 234.25,
            "type": 512,
            "name": "basic eye left"
          },
          {
            "x": 299.91,
            "y": 230.99,
            "type": 768,
            "name": "basic eye right"
          },
          {
            "x": 209.15,
            "y": 235.42,
            "type": 1024,
            "name": "basic eye left outer"
          },
          {
            "x": 316.26,
            "y": 230.79,
            "type": 1280,
            "name": "basic eye right outer"
          },
          {
            "x": 239.36,
            "y": 234.27,
            "type": 1536,
            "name": "basic eye left inner"
          },
          {
            "x": 283.66,
            "y": 232.37,
            "type": 1792,
            "name": "basic eye right inner"
          },
          {
            "x": 242.63,
            "y": 311.44,
            "type": 2048,
            "name": "basic mouth left"
          },
          {
            "x": 301.0,
            "y": 305.77,
            "type": 2304,
            "name": "basic mouth right"
          },
          {
            "x": 256.77,
            "y": 276.63,
            "type": 2560,
            "name": "basic nose tip"
          },
          {
            "x": 270.72,
            "y": 309.29,
            "type": 2816,
            "name": "basic mouth center"
          },
          {
            "x": 270.72,
            "y": 309.29,
            "type": 3072,
            "name": "basic eyebrow left"
          },
          {
            "x": 270.72,
            "y": 309.29,
            "type": 3328,
            "name": "basic eyebrow left inner corner"
          },
          {
            "x": 270.72,
            "y": 309.29,
            "type": 3584,
            "name": "basic eyebrow left outer corner"
          },
          {
            "x": 270.72,
            "y": 309.29,
            "type": 3840,
            "name": "basic eyebrow right"
          },
          {
            "x": 270.72,
            "y": 309.29,
            "type": 4096,
            "name": "basic eyebrow right inner corner"
          },
          {
            "x": 270.72,
            "y": 309.29,
            "type": 4352,
            "name": "basic eyebrow right outer corner"
          },
          {
            "x": 270.72,
            "y": 309.29,
            "type": 4608,
            "name": "basic chin bottom"
          },
          {
            "x": 270.72,
            "y": 309.29,
            "type": 4864,
            "name": "basic chin left"
          },
          {
            "x": 270.72,
            "y": 309.29,
            "type": 5120,
            "name": "basic chin right"
          },
          {
            "x": 241.88,
            "y": 281.85,
            "type": 5376,
            "name": "basic nose left"
          },
          {
            "x": 281.75,
            "y": 278.98,
            "type": 5632,
            "name": "basic nose right"
          }
        ],
        "user_points": null,
        "tags": [
          {
            "name": "5oclock shadow",
            "value": "no",
            "confidence": 0.27
          },
          {
            "name": "age",
            "value": "40",
            "confidence": 0.6
          },
          {
            "name": "arched eyebrows",
            "value": "no",
            "confidence": 1.0
          },
          {
            "name": "attractive",
            "value": "no",
            "confidence": 1.0
          },
          {
            "name": "bags under eyes",
            "value": "yes",
            "confidence": 0.45
          },
          {
            "name": "bald",
            "value": "yes",
            "confidence": 0.17
          },
          {
            "name": "bangs",
            "value": "no",
            "confidence": 0.17
          },
          {
            "name": "beard",
            "value": "yes",
            "confidence": 0.46
          },
          {
            "name": "big lips",
            "value": "no",
            "confidence": 0.48
          },
          {
            "name": "big nose",
            "value": "yes",
            "confidence": 0.54
          },
          {
            "name": "black hair",
            "value": "no",
            "confidence": 0.85
          },
          {
            "name": "blond hair",
            "value": "no",
            "confidence": 0.45
          },
          {
            "name": "blurry",
            "value": "yes",
            "confidence": 0.4
          },
          {
            "name": "brown hair",
            "value": "no",
            "confidence": 0.5
          },
          {
            "name": "bushy eyebrows",
            "value": "no",
            "confidence": 0.79
          },
          {
            "name": "chubby",
            "value": "yes",
            "confidence": 0.5
          },
          {
            "name": "double chin",
            "value": "yes",
            "confidence": 0.23
          },
          {
            "name": "expression",
            "value": "neutral",
            "confidence": 0.85
          },
          {
            "name": "gender",
            "value": "male",
            "confidence": 0.73
          },
          {
            "name": "glasses",
            "value": "no",
            "confidence": 1.0
          },
          {
            "name": "goatee",
            "value": "yes",
            "confidence": 0.4
          },
          {
            "name": "gray hair",
            "value": "yes",
            "confidence": 0.44
          },
          {
            "name": "heavy makeup",
            "value": "no",
            "confidence": 1.0
          },
          {
            "name": "high cheekbones",
            "value": "no",
            "confidence": 0.76
          },
          {
            "name": "mouth open",
            "value": "no",
            "confidence": 0.36
          },
          {
            "name": "mustache",
            "value": "yes",
            "confidence": 0.49
          },
          {
            "name": "narrow eyes",
            "value": "yes",
            "confidence": 0.2
          },
          {
            "name": "oval face",
            "value": "no",
            "confidence": 0.66
          },
          {
            "name": "pale skin",
            "value": "no",
            "confidence": 0.66
          },
          {
            "name": "pitch",
            "value": "-6.07",
            "confidence": 1.0
          },
          {
            "name": "pointy nose",
            "value": "no",
            "confidence": 0.64
          },
          {
            "name": "race",
            "value": "asian",
            "confidence": 0.65
          },
          {
            "name": "receding hairline",
            "value": "no",
            "confidence": 0.04
          },
          {
            "name": "rosy cheeks",
            "value": "no",
            "confidence": 1.0
          },
          {
            "name": "sideburns",
            "value": "yes",
            "confidence": 0.41
          },
          {
            "name": "straight hair",
            "value": "no",
            "confidence": 0.55
          },
          {
            "name": "wavy hair",
            "value": "no",
            "confidence": 0.26
          },
          {
            "name": "wearing earrings",
            "value": "no",
            "confidence": 0.97
          },
          {
            "name": "wearing hat",
            "value": "no",
            "confidence": 0.3
          },
          {
            "name": "wearing lipstick",
            "value": "no",
            "confidence": 1.0
          },
          {
            "name": "wearing necklace",
            "value": "no",
            "confidence": 0.64
          },
          {
            "name": "wearing necktie",
            "value": "no",
            "confidence": 0.08
          },
          {
            "name": "yaw",
            "value": "27.77",
            "confidence": 1.0
          },
          {
            "name": "young",
            "value": "no",
            "confidence": 0.96
          }
        ],
        "person_id": "",
        "appearance_id": 0,
        "start": "00:00:00",
        "duration": "00:00:00"
      }
    ],
    "tags": null,
    "original_filename": "https://raw.githubusercontent.com/sarkrui/Hairstyle60k/master/Dataset/Tonsure_Hair/IMG_7.jpg",
    "duration": "00:00:00"
  },
  "recognize": null
}