{
  "media": {
    "media_uuid": "3c34b4be-e857-46dd-ae99-e35410702804",
    "checksum": "ef880102b4e794105a134ef468284af6d6dcabf83e07450fdbfe5c05d122b0e1",
    "faces": [
      {
        "face_uuid": "875ce48d-1537-11e9-99c4-0cc47a6c4dbd",
        "media_uuid": "3c34b4be-e857-46dd-ae99-e35410702804",
        "x": 150.5,
        "y": 62.5,
        "width": 48.64,
        "height": 58.18,
        "angle": -0.4037,
        "detection_score": 1.0,
        "points": [
          {
            "x": 144.87,
            "y": 53.52,
            "type": 512,
            "name": "basic eye left"
          },
          {
            "x": 166.81,
            "y": 53.68,
            "type": 768,
            "name": "basic eye right"
          },
          {
            "x": 139.98,
            "y": 53.45,
            "type": 1024,
            "name": "basic eye left outer"
          },
          {
            "x": 171.41,
            "y": 53.66,
            "type": 1280,
            "name": "basic eye right outer"
          },
          {
            "x": 149.63,
            "y": 53.97,
            "type": 1536,
            "name": "basic eye left inner"
          },
          {
            "x": 162.23,
            "y": 54.07,
            "type": 1792,
            "name": "basic eye right inner"
          },
          {
            "x": 146.0,
            "y": 75.7,
            "type": 2048,
            "name": "basic mouth left"
          },
          {
            "x": 166.2,
            "y": 74.65,
            "type": 2304,
            "name": "basic mouth right"
          },
          {
            "x": 158.32,
            "y": 69.51,
            "type": 2560,
            "name": "basic nose tip"
          },
          {
            "x": 156.44,
            "y": 75.84,
            "type": 2816,
            "name": "basic mouth center"
          },
          {
            "x": 156.44,
            "y": 75.84,
            "type": 3072,
            "name": "basic eyebrow left"
          },
          {
            "x": 156.44,
            "y": 75.84,
            "type": 3328,
            "name": "basic eyebrow left inner corner"
          },
          {
            "x": 156.44,
            "y": 75.84,
            "type": 3584,
            "name": "basic eyebrow left outer corner"
          },
          {
            "x": 156.44,
            "y": 75.84,
            "type": 3840,
            "name": "basic eyebrow right"
          },
          {
            "x": 156.44,
            "y": 75.84,
            "type": 4096,
            "name": "basic eyebrow right inner corner"
          },
          {
            "x": 156.44,
            "y": 75.84,
            "type": 4352,
            "name": "basic eyebrow right outer corner"
          },
          {
            "x": 156.44,
            "y": 75.84,
            "type": 4608,
            "name": "basic chin bottom"
          },
          {
            "x": 156.44,
            "y": 75.84,
            "type": 4864,
            "name": "basic chin left"
          },
          {
            "x": 156.44,
            "y": 75.84,
            "type": 5120,
            "name": "basic chin right"
          },
          {
            "x": 151.09,
            "y": 69.08,
            "type": 5376,
            "name": "basic nose left"
          },
          {
            "x": 163.08,
            "y": 68.72,
            "type": 5632,
            "name": "basic nose right"
          }
        ],
        "user_points": null,
        "tags": [
          {
            "name": "5oclock shadow",
            "value": "yes",
            "confidence": 0.22
          },
          {
            "name": "age",
            "value": "16",
            "confidence": 0.6
          },
          {
            "name": "arched eyebrows",
            "value": "no",
            "confidence": 1.0
          },
          {
            "name": "attractive",
            "value": "no",
            "confidence": 0.96
          },
          {
            "name": "bags under eyes",
            "value": "no",
            "confidence": 0.34
          },
          {
            "name": "bald",
            "value": "no",
            "confidence": 0.51
          },
          {
            "name": "bangs",
            "value": "yes",
            "confidence": 0.2
          },
          {
            "name": "beard",
            "value": "yes",
            "confidence": 0.55
          },
          {
            "name": "big lips",
            "value": "no",
            "confidence": 0.86
          },
          {
            "name": "big nose",
            "value": "yes",
            "confidence": 0.04
          },
          {
            "name": "black hair",
            "value": "no",
            "confidence": 0.62
          },
          {
            "name": "blond hair",
            "value": "no",
            "confidence": 0.92
          },
          {
            "name": "blurry",
            "value": "yes",
            "confidence": 0.15
          },
          {
            "name": "brown hair",
            "value": "yes",
            "confidence": 0.1
          },
          {
            "name": "bushy eyebrows",
            "value": "no",
            "confidence": 0.22
          },
          {
            "name": "chubby",
            "value": "yes",
            "confidence": 0.22
          },
          {
            "name": "double chin",
            "value": "no",
            "confidence": 0.04
          },
          {
            "name": "expression",
            "value": "smile",
            "confidence": 0.15
          },
          {
            "name": "gender",
            "value": "male",
            "confidence": 0.96
          },
          {
            "name": "glasses",
            "value": "no",
            "confidence": 1.0
          },
          {
            "name": "goatee",
            "value": "yes",
            "confidence": 0.2
          },
          {
            "name": "gray hair",
            "value": "no",
            "confidence": 0.57
          },
          {
            "name": "heavy makeup",
            "value": "no",
            "confidence": 0.83
          },
          {
            "name": "high cheekbones",
            "value": "no",
            "confidence": 0.3
          },
          {
            "name": "mouth open",
            "value": "no",
            "confidence": 0.5
          },
          {
            "name": "mustache",
            "value": "yes",
            "confidence": 0.33
          },
          {
            "name": "narrow eyes",
            "value": "no",
            "confidence": 0.21
          },
          {
            "name": "oval face",
            "value": "yes",
            "confidence": 0.21
          },
          {
            "name": "pale skin",
            "value": "no",
            "confidence": 1.0
          },
          {
            "name": "pitch",
            "value": "-8.88",
            "confidence": 1.0
          },
          {
            "name": "pointy nose",
            "value": "no",
            "confidence": 0.87
          },
          {
            "name": "race",
            "value": "white",
            "confidence": 0.9
          },
          {
            "name": "receding hairline",
            "value": "no",
            "confidence": 1.0
          },
          {
            "name": "rosy cheeks",
            "value": "no",
            "confidence": 0.73
          },
          {
            "name": "sideburns",
            "value": "yes",
            "confidence": 0.19
          },
          {
            "name": "straight hair",
            "value": "no",
            "confidence": 0.19
          },
          {
            "name": "wavy hair",
            "value": "no",
            "confidence": 0.56
          },
          {
            "name": "wearing earrings",
            "value": "no",
            "confidence": 0.94
          },
          {
            "name": "wearing hat",
            "value": "yes",
            "confidence": 0.37
          },
          {
            "name": "wearing lipstick",
            "value": "no",
            "confidence": 0.89
          },
          {
            "name": "wearing necklace",
            "value": "no",
            "confidence": 0.82
          },
          {
            "name": "wearing necktie",
            "value": "no",
            "confidence": 0.27
          },
          {
            "name": "yaw",
            "value": "-12.88",
            "confidence": 1.0
          },
          {
            "name": "young",
            "value": "no",
            "confidence": 0.31
          }
        ],
        "person_id": "",
        "appearance_id": 0,
        "start": "00:00:00",
        "duration": "00:00:00"
      }
    ],
    "tags": null,
    "original_filename": "https://raw.githubusercontent.com/sarkrui/Hairstyle60k/master/Dataset/Tonsure_Hair/IMG_16.jpg",
    "duration": "00:00:00"
  },
  "recognize": null
}