{
  "media": {
    "media_uuid": "c56befcb-a6b6-4d6a-8447-65cbc83b701b",
    "checksum": "ff1d14effba2784a2cad5735b75b9bc101fc339d3456c45d43d0261dee428a97",
    "faces": [
      {
        "face_uuid": "8b27bb46-1537-11e9-99c4-0cc47a6c4dbd",
        "media_uuid": "c56befcb-a6b6-4d6a-8447-65cbc83b701b",
        "x": 345.5,
        "y": 39.5,
        "width": 24.11,
        "height": 29.9,
        "angle": 0.4716,
        "detection_score": 1.0,
        "points": [
          {
            "x": 338.68,
            "y": 35.47,
            "type": 512,
            "name": "basic eye left"
          },
          {
            "x": 352.29,
            "y": 35.36,
            "type": 768,
            "name": "basic eye right"
          },
          {
            "x": 335.83,
            "y": 35.53,
            "type": 1024,
            "name": "basic eye left outer"
          },
          {
            "x": 355.18,
            "y": 35.39,
            "type": 1280,
            "name": "basic eye right outer"
          },
          {
            "x": 341.5,
            "y": 35.72,
            "type": 1536,
            "name": "basic eye left inner"
          },
          {
            "x": 349.5,
            "y": 35.65,
            "type": 1792,
            "name": "basic eye right inner"
          },
          {
            "x": 340.71,
            "y": 51.41,
            "type": 2048,
            "name": "basic mouth left"
          },
          {
            "x": 350.34,
            "y": 50.62,
            "type": 2304,
            "name": "basic mouth right"
          },
          {
            "x": 345.88,
            "y": 43.93,
            "type": 2560,
            "name": "basic nose tip"
          },
          {
            "x": 345.58,
            "y": 51.01,
            "type": 2816,
            "name": "basic mouth center"
          },
          {
            "x": 345.58,
            "y": 51.01,
            "type": 3072,
            "name": "basic eyebrow left"
          },
          {
            "x": 345.58,
            "y": 51.01,
            "type": 3328,
            "name": "basic eyebrow left inner corner"
          },
          {
            "x": 345.58,
            "y": 51.01,
            "type": 3584,
            "name": "basic eyebrow left outer corner"
          },
          {
            "x": 345.58,
            "y": 51.01,
            "type": 3840,
            "name": "basic eyebrow right"
          },
          {
            "x": 345.58,
            "y": 51.01,
            "type": 4096,
            "name": "basic eyebrow right inner corner"
          },
          {
            "x": 345.58,
            "y": 51.01,
            "type": 4352,
            "name": "basic eyebrow right outer corner"
          },
          {
            "x": 345.58,
            "y": 51.01,
            "type": 4608,
            "name": "basic chin bottom"
          },
          {
            "x": 345.58,
            "y": 51.01,
            "type": 4864,
            "name": "basic chin left"
          },
          {
            "x": 345.58,
            "y": 51.01,
            "type": 5120,
            "name": "basic chin right"
          },
          {
            "x": 342.57,
            "y": 44.69,
            "type": 5376,
            "name": "basic nose left"
          },
          {
            "x": 349.14,
            "y": 44.65,
            "type": 5632,
            "name": "basic nose right"
          }
        ],
        "user_points": null,
        "tags": [
          {
            "name": "5oclock shadow",
            "value": "no",
            "confidence": 0.74
          },
          {
            "name": "age",
            "value": "11",
            "confidence": 0.6
          },
          {
            "name": "arched eyebrows",
            "value": "no",
            "confidence": 1.0
          },
          {
            "name": "attractive",
            "value": "no",
            "confidence": 0.8
          },
          {
            "name": "bags under eyes",
            "value": "no",
            "confidence": 0.55
          },
          {
            "name": "bald",
            "value": "no",
            "confidence": 0.25
          },
          {
            "name": "bangs",
            "value": "no",
            "confidence": 0.23
          },
          {
            "name": "beard",
            "value": "no",
            "confidence": 0.42
          },
          {
            "name": "big lips",
            "value": "no",
            "confidence": 0.97
          },
          {
            "name": "big nose",
            "value": "no",
            "confidence": 0.6
          },
          {
            "name": "black hair",
            "value": "no",
            "confidence": 0.06
          },
          {
            "name": "blond hair",
            "value": "no",
            "confidence": 1.0
          },
          {
            "name": "blurry",
            "value": "yes",
            "confidence": 0.65
          },
          {
            "name": "brown hair",
            "value": "no",
            "confidence": 0.74
          },
          {
            "name": "bushy eyebrows",
            "value": "no",
            "confidence": 0.79
          },
          {
            "name": "chubby",
            "value": "no",
            "confidence": 0.15
          },
          {
            "name": "double chin",
            "value": "no",
            "confidence": 0.45
          },
          {
            "name": "expression",
            "value": "neutral",
            "confidence": 0.75
          },
          {
            "name": "gender",
            "value": "male",
            "confidence": 0.58
          },
          {
            "name": "glasses",
            "value": "no",
            "confidence": 1.0
          },
          {
            "name": "goatee",
            "value": "no",
            "confidence": 0.74
          },
          {
            "name": "gray hair",
            "value": "no",
            "confidence": 0.32
          },
          {
            "name": "heavy makeup",
            "value": "no",
            "confidence": 0.92
          },
          {
            "name": "high cheekbones",
            "value": "no",
            "confidence": 0.67
          },
          {
            "name": "mouth open",
            "value": "no",
            "confidence": 0.74
          },
          {
            "name": "mustache",
            "value": "no",
            "confidence": 0.56
          },
          {
            "name": "narrow eyes",
            "value": "yes",
            "confidence": 0.09
          },
          {
            "name": "oval face",
            "value": "no",
            "confidence": 0.0
          },
          {
            "name": "pale skin",
            "value": "yes",
            "confidence": 0.29
          },
          {
            "name": "pitch",
            "value": "-7.12",
            "confidence": 1.0
          },
          {
            "name": "pointy nose",
            "value": "no",
            "confidence": 0.81
          },
          {
            "name": "race",
            "value": "white",
            "confidence": 0.7
          },
          {
            "name": "receding hairline",
            "value": "no",
            "confidence": 0.37
          },
          {
            "name": "rosy cheeks",
            "value": "no",
            "confidence": 1.0
          },
          {
            "name": "sideburns",
            "value": "no",
            "confidence": 0.83
          },
          {
            "name": "straight hair",
            "value": "no",
            "confidence": 0.16
          },
          {
            "name": "wavy hair",
            "value": "no",
            "confidence": 0.74
          },
          {
            "name": "wearing earrings",
            "value": "no",
            "confidence": 0.95
          },
          {
            "name": "wearing hat",
            "value": "no",
            "confidence": 0.16
          },
          {
            "name": "wearing lipstick",
            "value": "no",
            "confidence": 0.95
          },
          {
            "name": "wearing necklace",
            "value": "no",
            "confidence": 1.0
          },
          {
            "name": "wearing necktie",
            "value": "no",
            "confidence": 0.08
          },
          {
            "name": "yaw",
            "value": "-1.27",
            "confidence": 1.0
          },
          {
            "name": "young",
            "value": "no",
            "confidence": 0.27
          }
        ],
        "person_id": "",
        "appearance_id": 0,
        "start": "00:00:00",
        "duration": "00:00:00"
      }
    ],
    "tags": null,
    "original_filename": "https://raw.githubusercontent.com/sarkrui/Hairstyle60k/master/Dataset/Tonsure_Hair/IMG_20.jpg",
    "duration": "00:00:00"
  },
  "recognize": null
}