{
  "media": {
    "media_uuid": "4a22a9b7-dc10-4eb5-85ae-1be499b813a7",
    "checksum": "d8f0aa3faf752694911dae0f81d5cd72c13c16d18a211d16daeeb7b517a013b8",
    "faces": [
      {
        "face_uuid": "8239bdce-1537-11e9-99c4-0cc47a6c4dbd",
        "media_uuid": "4a22a9b7-dc10-4eb5-85ae-1be499b813a7",
        "x": 152.5,
        "y": 124.0,
        "width": 98.31,
        "height": 120.26,
        "angle": 0.1502,
        "detection_score": 1.0,
        "points": [
          {
            "x": 119.91,
            "y": 105.57,
            "type": 512,
            "name": "basic eye left"
          },
          {
            "x": 165.74,
            "y": 105.44,
            "type": 768,
            "name": "basic eye right"
          },
          {
            "x": 110.48,
            "y": 105.54,
            "type": 1024,
            "name": "basic eye left outer"
          },
          {
            "x": 176.01,
            "y": 105.42,
            "type": 1280,
            "name": "basic eye right outer"
          },
          {
            "x": 129.27,
            "y": 106.66,
            "type": 1536,
            "name": "basic eye left inner"
          },
          {
            "x": 155.62,
            "y": 106.58,
            "type": 1792,
            "name": "basic eye right inner"
          },
          {
            "x": 124.85,
            "y": 154.85,
            "type": 2048,
            "name": "basic mouth left"
          },
          {
            "x": 163.77,
            "y": 154.95,
            "type": 2304,
            "name": "basic mouth right"
          },
          {
            "x": 138.51,
            "y": 138.21,
            "type": 2560,
            "name": "basic nose tip"
          },
          {
            "x": 143.82,
            "y": 155.93,
            "type": 2816,
            "name": "basic mouth center"
          },
          {
            "x": 143.82,
            "y": 155.93,
            "type": 3072,
            "name": "basic eyebrow left"
          },
          {
            "x": 143.82,
            "y": 155.93,
            "type": 3328,
            "name": "basic eyebrow left inner corner"
          },
          {
            "x": 143.82,
            "y": 155.93,
            "type": 3584,
            "name": "basic eyebrow left outer corner"
          },
          {
            "x": 143.82,
            "y": 155.93,
            "type": 3840,
            "name": "basic eyebrow right"
          },
          {
            "x": 143.82,
            "y": 155.93,
            "type": 4096,
            "name": "basic eyebrow right inner corner"
          },
          {
            "x": 143.82,
            "y": 155.93,
            "type": 4352,
            "name": "basic eyebrow right outer corner"
          },
          {
            "x": 143.82,
            "y": 155.93,
            "type": 4608,
            "name": "basic chin bottom"
          },
          {
            "x": 143.82,
            "y": 155.93,
            "type": 4864,
            "name": "basic chin left"
          },
          {
            "x": 143.82,
            "y": 155.93,
            "type": 5120,
            "name": "basic chin right"
          },
          {
            "x": 128.91,
            "y": 138.05,
            "type": 5376,
            "name": "basic nose left"
          },
          {
            "x": 152.82,
            "y": 138.12,
            "type": 5632,
            "name": "basic nose right"
          }
        ],
        "user_points": null,
        "tags": [
          {
            "name": "5oclock shadow",
            "value": "yes",
            "confidence": 0.54
          },
          {
            "name": "age",
            "value": "21",
            "confidence": 0.6
          },
          {
            "name": "arched eyebrows",
            "value": "no",
            "confidence": 1.0
          },
          {
            "name": "attractive",
            "value": "yes",
            "confidence": 0.27
          },
          {
            "name": "bags under eyes",
            "value": "yes",
            "confidence": 0.48
          },
          {
            "name": "bald",
            "value": "no",
            "confidence": 1.0
          },
          {
            "name": "bangs",
            "value": "yes",
            "confidence": 0.7
          },
          {
            "name": "beard",
            "value": "yes",
            "confidence": 0.34
          },
          {
            "name": "big lips",
            "value": "no",
            "confidence": 0.44
          },
          {
            "name": "big nose",
            "value": "yes",
            "confidence": 0.12
          },
          {
            "name": "black hair",
            "value": "no",
            "confidence": 1.0
          },
          {
            "name": "blond hair",
            "value": "no",
            "confidence": 0.78
          },
          {
            "name": "blurry",
            "value": "no",
            "confidence": 1.0
          },
          {
            "name": "brown hair",
            "value": "yes",
            "confidence": 0.95
          },
          {
            "name": "bushy eyebrows",
            "value": "yes",
            "confidence": 0.27
          },
          {
            "name": "chubby",
            "value": "no",
            "confidence": 0.86
          },
          {
            "name": "double chin",
            "value": "no",
            "confidence": 0.96
          },
          {
            "name": "expression",
            "value": "neutral",
            "confidence": 0.59
          },
          {
            "name": "gender",
            "value": "male",
            "confidence": 1.0
          },
          {
            "name": "glasses",
            "value": "no",
            "confidence": 1.0
          },
          {
            "name": "goatee",
            "value": "no",
            "confidence": 0.13
          },
          {
            "name": "gray hair",
            "value": "no",
            "confidence": 0.84
          },
          {
            "name": "heavy makeup",
            "value": "no",
            "confidence": 0.9
          },
          {
            "name": "high cheekbones",
            "value": "no",
            "confidence": 0.59
          },
          {
            "name": "mouth open",
            "value": "no",
            "confidence": 0.91
          },
          {
            "name": "mustache",
            "value": "no",
            "confidence": 0.17
          },
          {
            "name": "narrow eyes",
            "value": "yes",
            "confidence": 0.08
          },
          {
            "name": "oval face",
            "value": "yes",
            "confidence": 0.01
          },
          {
            "name": "pale skin",
            "value": "no",
            "confidence": 0.07
          },
          {
            "name": "pitch",
            "value": "-8.31",
            "confidence": 1.0
          },
          {
            "name": "pointy nose",
            "value": "no",
            "confidence": 0.22
          },
          {
            "name": "race",
            "value": "white",
            "confidence": 0.76
          },
          {
            "name": "receding hairline",
            "value": "no",
            "confidence": 1.0
          },
          {
            "name": "rosy cheeks",
            "value": "no",
            "confidence": 0.86
          },
          {
            "name": "sideburns",
            "value": "yes",
            "confidence": 0.05
          },
          {
            "name": "straight hair",
            "value": "no",
            "confidence": 0.29
          },
          {
            "name": "wavy hair",
            "value": "yes",
            "confidence": 0.27
          },
          {
            "name": "wearing earrings",
            "value": "no",
            "confidence": 1.0
          },
          {
            "name": "wearing hat",
            "value": "no",
            "confidence": 0.43
          },
          {
            "name": "wearing lipstick",
            "value": "no",
            "confidence": 0.97
          },
          {
            "name": "wearing necklace",
            "value": "no",
            "confidence": 0.98
          },
          {
            "name": "wearing necktie",
            "value": "no",
            "confidence": 0.04
          },
          {
            "name": "yaw",
            "value": "21.59",
            "confidence": 1.0
          },
          {
            "name": "young",
            "value": "yes",
            "confidence": 0.51
          }
        ],
        "person_id": "",
        "appearance_id": 0,
        "start": "00:00:00",
        "duration": "00:00:00"
      }
    ],
    "tags": null,
    "original_filename": "https://raw.githubusercontent.com/sarkrui/Hairstyle60k/master/Dataset/Tonsure_Hair/IMG_11.jpg",
    "duration": "00:00:00"
  },
  "recognize": null
}