{
  "media": {
    "media_uuid": "d6db1a38-87e3-4ac9-a797-48ef229ef3d9",
    "checksum": "f437900f43306263812bbff2daf26c26b59a54e285fde09f4395388cfff4c914",
    "faces": [
      {
        "face_uuid": "8f68f1f5-1537-11e9-99c4-0cc47a6c4dbd",
        "media_uuid": "d6db1a38-87e3-4ac9-a797-48ef229ef3d9",
        "x": 347.5,
        "y": 227.0,
        "width": 131.28,
        "height": 187.82,
        "angle": -10.7079,
        "detection_score": 1.0,
        "points": [
          {
            "x": 292.49,
            "y": 207.13,
            "type": 512,
            "name": "basic eye left"
          },
          {
            "x": 358.33,
            "y": 219.58,
            "type": 768,
            "name": "basic eye right"
          },
          {
            "x": 279.38,
            "y": 204.9,
            "type": 1024,
            "name": "basic eye left outer"
          },
          {
            "x": 373.77,
            "y": 222.89,
            "type": 1280,
            "name": "basic eye right outer"
          },
          {
            "x": 304.98,
            "y": 209.81,
            "type": 1536,
            "name": "basic eye left inner"
          },
          {
            "x": 343.02,
            "y": 216.97,
            "type": 1792,
            "name": "basic eye right inner"
          },
          {
            "x": 286.27,
            "y": 284.39,
            "type": 2048,
            "name": "basic mouth left"
          },
          {
            "x": 337.07,
            "y": 293.52,
            "type": 2304,
            "name": "basic mouth right"
          },
          {
            "x": 302.98,
            "y": 255.13,
            "type": 2560,
            "name": "basic nose tip"
          },
          {
            "x": 310.28,
            "y": 288.98,
            "type": 2816,
            "name": "basic mouth center"
          },
          {
            "x": 310.28,
            "y": 288.98,
            "type": 3072,
            "name": "basic eyebrow left"
          },
          {
            "x": 310.28,
            "y": 288.98,
            "type": 3328,
            "name": "basic eyebrow left inner corner"
          },
          {
            "x": 310.28,
            "y": 288.98,
            "type": 3584,
            "name": "basic eyebrow left outer corner"
          },
          {
            "x": 310.28,
            "y": 288.98,
            "type": 3840,
            "name": "basic eyebrow right"
          },
          {
            "x": 310.28,
            "y": 288.98,
            "type": 4096,
            "name": "basic eyebrow right inner corner"
          },
          {
            "x": 310.28,
            "y": 288.98,
            "type": 4352,
            "name": "basic eyebrow right outer corner"
          },
          {
            "x": 310.28,
            "y": 288.98,
            "type": 4608,
            "name": "basic chin bottom"
          },
          {
            "x": 310.28,
            "y": 288.98,
            "type": 4864,
            "name": "basic chin left"
          },
          {
            "x": 310.28,
            "y": 288.98,
            "type": 5120,
            "name": "basic chin right"
          },
          {
            "x": 292.22,
            "y": 255.54,
            "type": 5376,
            "name": "basic nose left"
          },
          {
            "x": 326.7,
            "y": 262.32,
            "type": 5632,
            "name": "basic nose right"
          }
        ],
        "user_points": null,
        "tags": [
          {
            "name": "5oclock shadow",
            "value": "no",
            "confidence": 1.0
          },
          {
            "name": "age",
            "value": "24",
            "confidence": 0.6
          },
          {
            "name": "arched eyebrows",
            "value": "no",
            "confidence": 0.37
          },
          {
            "name": "attractive",
            "value": "yes",
            "confidence": 0.88
          },
          {
            "name": "bags under eyes",
            "value": "no",
            "confidence": 1.0
          },
          {
            "name": "bald",
            "value": "no",
            "confidence": 0.77
          },
          {
            "name": "bangs",
            "value": "no",
            "confidence": 0.93
          },
          {
            "name": "beard",
            "value": "no",
            "confidence": 1.0
          },
          {
            "name": "big lips",
            "value": "no",
            "confidence": 0.03
          },
          {
            "name": "big nose",
            "value": "no",
            "confidence": 1.0
          },
          {
            "name": "black hair",
            "value": "no",
            "confidence": 1.0
          },
          {
            "name": "blond hair",
            "value": "no",
            "confidence": 0.64
          },
          {
            "name": "blurry",
            "value": "no",
            "confidence": 0.85
          },
          {
            "name": "brown hair",
            "value": "yes",
            "confidence": 0.6
          },
          {
            "name": "bushy eyebrows",
            "value": "no",
            "confidence": 0.68
          },
          {
            "name": "chubby",
            "value": "no",
            "confidence": 1.0
          },
          {
            "name": "double chin",
            "value": "no",
            "confidence": 1.0
          },
          {
            "name": "expression",
            "value": "neutral",
            "confidence": 0.83
          },
          {
            "name": "gender",
            "value": "female",
            "confidence": 0.9
          },
          {
            "name": "glasses",
            "value": "no",
            "confidence": 1.0
          },
          {
            "name": "goatee",
            "value": "no",
            "confidence": 1.0
          },
          {
            "name": "gray hair",
            "value": "no",
            "confidence": 0.84
          },
          {
            "name": "heavy makeup",
            "value": "yes",
            "confidence": 0.5
          },
          {
            "name": "high cheekbones",
            "value": "no",
            "confidence": 0.75
          },
          {
            "name": "mouth open",
            "value": "no",
            "confidence": 0.87
          },
          {
            "name": "mustache",
            "value": "no",
            "confidence": 1.0
          },
          {
            "name": "narrow eyes",
            "value": "no",
            "confidence": 1.0
          },
          {
            "name": "oval face",
            "value": "yes",
            "confidence": 0.03
          },
          {
            "name": "pale skin",
            "value": "yes",
            "confidence": 0.6
          },
          {
            "name": "pitch",
            "value": "-6.18",
            "confidence": 1.0
          },
          {
            "name": "pointy nose",
            "value": "yes",
            "confidence": 0.5
          },
          {
            "name": "race",
            "value": "asian",
            "confidence": 0.9
          },
          {
            "name": "receding hairline",
            "value": "no",
            "confidence": 0.46
          },
          {
            "name": "rosy cheeks",
            "value": "no",
            "confidence": 0.77
          },
          {
            "name": "sideburns",
            "value": "no",
            "confidence": 1.0
          },
          {
            "name": "straight hair",
            "value": "no",
            "confidence": 0.56
          },
          {
            "name": "wavy hair",
            "value": "yes",
            "confidence": 0.34
          },
          {
            "name": "wearing earrings",
            "value": "no",
            "confidence": 0.29
          },
          {
            "name": "wearing hat",
            "value": "no",
            "confidence": 1.0
          },
          {
            "name": "wearing lipstick",
            "value": "yes",
            "confidence": 0.73
          },
          {
            "name": "wearing necklace",
            "value": "no",
            "confidence": 0.49
          },
          {
            "name": "wearing necktie",
            "value": "no",
            "confidence": 0.87
          },
          {
            "name": "yaw",
            "value": "41.72",
            "confidence": 1.0
          },
          {
            "name": "young",
            "value": "yes",
            "confidence": 0.75
          }
        ],
        "person_id": "",
        "appearance_id": 0,
        "start": "00:00:00",
        "duration": "00:00:00"
      },
      {
        "face_uuid": "8f897a26-1537-11e9-99c4-0cc47a6c4dbd",
        "media_uuid": "d6db1a38-87e3-4ac9-a797-48ef229ef3d9",
        "x": 119.0,
        "y": 224.0,
        "width": 130.23,
        "height": 180.02,
        "angle": 1.4521,
        "detection_score": 1.0,
        "points": [
          {
            "x": 78.97,
            "y": 212.62,
            "type": 512,
            "name": "basic eye left"
          },
          {
            "x": 144.53,
            "y": 210.95,
            "type": 768,
            "name": "basic eye right"
          },
          {
            "x": 65.1,
            "y": 212.99,
            "type": 1024,
            "name": "basic eye left outer"
          },
          {
            "x": 159.0,
            "y": 210.64,
            "type": 1280,
            "name": "basic eye right outer"
          },
          {
            "x": 92.59,
            "y": 213.44,
            "type": 1536,
            "name": "basic eye left inner"
          },
          {
            "x": 130.22,
            "y": 212.46,
            "type": 1792,
            "name": "basic eye right inner"
          },
          {
            "x": 89.83,
            "y": 280.6,
            "type": 2048,
            "name": "basic mouth left"
          },
          {
            "x": 137.96,
            "y": 279.98,
            "type": 2304,
            "name": "basic mouth right"
          },
          {
            "x": 109.66,
            "y": 255.92,
            "type": 2560,
            "name": "basic nose tip"
          },
          {
            "x": 113.61,
            "y": 281.26,
            "type": 2816,
            "name": "basic mouth center"
          },
          {
            "x": 113.61,
            "y": 281.26,
            "type": 3072,
            "name": "basic eyebrow left"
          },
          {
            "x": 113.61,
            "y": 281.26,
            "type": 3328,
            "name": "basic eyebrow left inner corner"
          },
          {
            "x": 113.61,
            "y": 281.26,
            "type": 3584,
            "name": "basic eyebrow left outer corner"
          },
          {
            "x": 113.61,
            "y": 281.26,
            "type": 3840,
            "name": "basic eyebrow right"
          },
          {
            "x": 113.61,
            "y": 281.26,
            "type": 4096,
            "name": "basic eyebrow right inner corner"
          },
          {
            "x": 113.61,
            "y": 281.26,
            "type": 4352,
            "name": "basic eyebrow right outer corner"
          },
          {
            "x": 113.61,
            "y": 281.26,
            "type": 4608,
            "name": "basic chin bottom"
          },
          {
            "x": 113.61,
            "y": 281.26,
            "type": 4864,
            "name": "basic chin left"
          },
          {
            "x": 113.61,
            "y": 281.26,
            "type": 5120,
            "name": "basic chin right"
          },
          {
            "x": 95.29,
            "y": 255.95,
            "type": 5376,
            "name": "basic nose left"
          },
          {
            "x": 127.43,
            "y": 255.36,
            "type": 5632,
            "name": "basic nose right"
          }
        ],
        "user_points": null,
        "tags": [
          {
            "name": "5oclock shadow",
            "value": "no",
            "confidence": 1.0
          },
          {
            "name": "age",
            "value": "20",
            "confidence": 0.6
          },
          {
            "name": "arched eyebrows",
            "value": "yes",
            "confidence": 0.07
          },
          {
            "name": "attractive",
            "value": "yes",
            "confidence": 1.0
          },
          {
            "name": "bags under eyes",
            "value": "no",
            "confidence": 0.96
          },
          {
            "name": "bald",
            "value": "no",
            "confidence": 0.56
          },
          {
            "name": "bangs",
            "value": "no",
            "confidence": 0.99
          },
          {
            "name": "beard",
            "value": "no",
            "confidence": 0.94
          },
          {
            "name": "big lips",
            "value": "no",
            "confidence": 0.14
          },
          {
            "name": "big nose",
            "value": "no",
            "confidence": 0.99
          },
          {
            "name": "black hair",
            "value": "no",
            "confidence": 0.77
          },
          {
            "name": "blond hair",
            "value": "yes",
            "confidence": 0.36
          },
          {
            "name": "blurry",
            "value": "no",
            "confidence": 1.0
          },
          {
            "name": "brown hair",
            "value": "no",
            "confidence": 0.3
          },
          {
            "name": "bushy eyebrows",
            "value": "no",
            "confidence": 0.65
          },
          {
            "name": "chubby",
            "value": "no",
            "confidence": 1.0
          },
          {
            "name": "double chin",
            "value": "no",
            "confidence": 1.0
          },
          {
            "name": "expression",
            "value": "neutral",
            "confidence": 0.88
          },
          {
            "name": "gender",
            "value": "female",
            "confidence": 0.84
          },
          {
            "name": "glasses",
            "value": "no",
            "confidence": 1.0
          },
          {
            "name": "goatee",
            "value": "no",
            "confidence": 0.91
          },
          {
            "name": "gray hair",
            "value": "no",
            "confidence": 0.64
          },
          {
            "name": "heavy makeup",
            "value": "yes",
            "confidence": 0.84
          },
          {
            "name": "high cheekbones",
            "value": "no",
            "confidence": 0.68
          },
          {
            "name": "mouth open",
            "value": "no",
            "confidence": 0.91
          },
          {
            "name": "mustache",
            "value": "no",
            "confidence": 0.95
          },
          {
            "name": "narrow eyes",
            "value": "no",
            "confidence": 1.0
          },
          {
            "name": "oval face",
            "value": "yes",
            "confidence": 0.84
          },
          {
            "name": "pale skin",
            "value": "yes",
            "confidence": 0.75
          },
          {
            "name": "pitch",
            "value": "-7.19",
            "confidence": 1.0
          },
          {
            "name": "pointy nose",
            "value": "yes",
            "confidence": 0.14
          },
          {
            "name": "race",
            "value": "white",
            "confidence": 1.0
          },
          {
            "name": "receding hairline",
            "value": "no",
            "confidence": 0.05
          },
          {
            "name": "rosy cheeks",
            "value": "no",
            "confidence": 0.56
          },
          {
            "name": "sideburns",
            "value": "no",
            "confidence": 0.93
          },
          {
            "name": "straight hair",
            "value": "yes",
            "confidence": 0.28
          },
          {
            "name": "wavy hair",
            "value": "no",
            "confidence": 0.38
          },
          {
            "name": "wearing earrings",
            "value": "no",
            "confidence": 0.36
          },
          {
            "name": "wearing hat",
            "value": "no",
            "confidence": 1.0
          },
          {
            "name": "wearing lipstick",
            "value": "yes",
            "confidence": 0.94
          },
          {
            "name": "wearing necklace",
            "value": "no",
            "confidence": 0.53
          },
          {
            "name": "wearing necktie",
            "value": "no",
            "confidence": 0.58
          },
          {
            "name": "yaw",
            "value": "12.04",
            "confidence": 1.0
          },
          {
            "name": "young",
            "value": "yes",
            "confidence": 0.97
          }
        ],
        "person_id": "",
        "appearance_id": 0,
        "start": "00:00:00",
        "duration": "00:00:00"
      },
      {
        "face_uuid": "8fad5863-1537-11e9-99c4-0cc47a6c4dbd",
        "media_uuid": "d6db1a38-87e3-4ac9-a797-48ef229ef3d9",
        "x": 195.5,
        "y": 284.0,
        "width": 25.84,
        "height": 40.2,
        "angle": -20.4369,
        "detection_score": 0.71,
        "points": [
          {
            "x": 184.63,
            "y": 270.33,
            "type": 512,
            "name": "basic eye left"
          },
          {
            "x": 207.78,
            "y": 278.95,
            "type": 768,
            "name": "basic eye right"
          },
          {
            "x": 180.11,
            "y": 268.57,
            "type": 1024,
            "name": "basic eye left outer"
          },
          {
            "x": 212.66,
            "y": 280.64,
            "type": 1280,
            "name": "basic eye right outer"
          },
          {
            "x": 188.91,
            "y": 272.74,
            "type": 1536,
            "name": "basic eye left inner"
          },
          {
            "x": 202.62,
            "y": 277.88,
            "type": 1792,
            "name": "basic eye right inner"
          },
          {
            "x": 177.07,
            "y": 297.59,
            "type": 2048,
            "name": "basic mouth left"
          },
          {
            "x": 198.34,
            "y": 305.83,
            "type": 2304,
            "name": "basic mouth right"
          },
          {
            "x": 189.58,
            "y": 291.34,
            "type": 2560,
            "name": "basic nose tip"
          },
          {
            "x": 187.36,
            "y": 301.89,
            "type": 2816,
            "name": "basic mouth center"
          },
          {
            "x": 187.36,
            "y": 301.89,
            "type": 3072,
            "name": "basic eyebrow left"
          },
          {
            "x": 187.36,
            "y": 301.89,
            "type": 3328,
            "name": "basic eyebrow left inner corner"
          },
          {
            "x": 187.36,
            "y": 301.89,
            "type": 3584,
            "name": "basic eyebrow left outer corner"
          },
          {
            "x": 187.36,
            "y": 301.89,
            "type": 3840,
            "name": "basic eyebrow right"
          },
          {
            "x": 187.36,
            "y": 301.89,
            "type": 4096,
            "name": "basic eyebrow right inner corner"
          },
          {
            "x": 187.36,
            "y": 301.89,
            "type": 4352,
            "name": "basic eyebrow right outer corner"
          },
          {
            "x": 187.36,
            "y": 301.89,
            "type": 4608,
            "name": "basic chin bottom"
          },
          {
            "x": 187.36,
            "y": 301.89,
            "type": 4864,
            "name": "basic chin left"
          },
          {
            "x": 187.36,
            "y": 301.89,
            "type": 5120,
            "name": "basic chin right"
          },
          {
            "x": 183.47,
            "y": 288.1,
            "type": 5376,
            "name": "basic nose left"
          },
          {
            "x": 197.95,
            "y": 293.2,
            "type": 5632,
            "name": "basic nose right"
          }
        ],
        "user_points": null,
        "tags": [
          {
            "name": "5oclock shadow",
            "value": "no",
            "confidence": 0.57
          },
          {
            "name": "age",
            "value": "34",
            "confidence": 0.6
          },
          {
            "name": "arched eyebrows",
            "value": "no",
            "confidence": 1.0
          },
          {
            "name": "attractive",
            "value": "no",
            "confidence": 0.83
          },
          {
            "name": "bags under eyes",
            "value": "no",
            "confidence": 1.0
          },
          {
            "name": "bald",
            "value": "no",
            "confidence": 0.72
          },
          {
            "name": "bangs",
            "value": "yes",
            "confidence": 0.31
          },
          {
            "name": "beard",
            "value": "no",
            "confidence": 0.26
          },
          {
            "name": "big lips",
            "value": "no",
            "confidence": 1.0
          },
          {
            "name": "big nose",
            "value": "no",
            "confidence": 0.84
          },
          {
            "name": "black hair",
            "value": "yes",
            "confidence": 0.09
          },
          {
            "name": "blond hair",
            "value": "no",
            "confidence": 0.78
          },
          {
            "name": "blurry",
            "value": "yes",
            "confidence": 0.81
          },
          {
            "name": "brown hair",
            "value": "no",
            "confidence": 0.51
          },
          {
            "name": "bushy eyebrows",
            "value": "no",
            "confidence": 0.55
          },
          {
            "name": "chubby",
            "value": "no",
            "confidence": 0.6
          },
          {
            "name": "double chin",
            "value": "no",
            "confidence": 0.95
          },
          {
            "name": "expression",
            "value": "neutral",
            "confidence": 0.64
          },
          {
            "name": "gender",
            "value": "male",
            "confidence": 0.5
          },
          {
            "name": "glasses",
            "value": "no",
            "confidence": 0.99
          },
          {
            "name": "goatee",
            "value": "no",
            "confidence": 0.55
          },
          {
            "name": "gray hair",
            "value": "no",
            "confidence": 0.78
          },
          {
            "name": "heavy makeup",
            "value": "no",
            "confidence": 0.71
          },
          {
            "name": "high cheekbones",
            "value": "no",
            "confidence": 0.74
          },
          {
            "name": "mouth open",
            "value": "no",
            "confidence": 0.31
          },
          {
            "name": "mustache",
            "value": "no",
            "confidence": 0.47
          },
          {
            "name": "narrow eyes",
            "value": "no",
            "confidence": 0.63
          },
          {
            "name": "oval face",
            "value": "yes",
            "confidence": 0.44
          },
          {
            "name": "pale skin",
            "value": "no",
            "confidence": 0.36
          },
          {
            "name": "pitch",
            "value": "-6.67",
            "confidence": 1.0
          },
          {
            "name": "pointy nose",
            "value": "no",
            "confidence": 0.68
          },
          {
            "name": "race",
            "value": "asian",
            "confidence": 0.98
          },
          {
            "name": "receding hairline",
            "value": "no",
            "confidence": 1.0
          },
          {
            "name": "rosy cheeks",
            "value": "no",
            "confidence": 0.84
          },
          {
            "name": "sideburns",
            "value": "no",
            "confidence": 0.55
          },
          {
            "name": "straight hair",
            "value": "no",
            "confidence": 0.2
          },
          {
            "name": "wavy hair",
            "value": "no",
            "confidence": 0.43
          },
          {
            "name": "wearing earrings",
            "value": "no",
            "confidence": 1.0
          },
          {
            "name": "wearing hat",
            "value": "yes",
            "confidence": 0.01
          },
          {
            "name": "wearing lipstick",
            "value": "no",
            "confidence": 0.71
          },
          {
            "name": "wearing necklace",
            "value": "no",
            "confidence": 0.86
          },
          {
            "name": "wearing necktie",
            "value": "no",
            "confidence": 0.87
          },
          {
            "name": "yaw",
            "value": "12.93",
            "confidence": 1.0
          },
          {
            "name": "young",
            "value": "yes",
            "confidence": 0.25
          }
        ],
        "person_id": "",
        "appearance_id": 0,
        "start": "00:00:00",
        "duration": "00:00:00"
      }
    ],
    "tags": null,
    "original_filename": "https://raw.githubusercontent.com/sarkrui/Hairstyle60k/master/Dataset/Updo/IMG_1.jpg",
    "duration": "00:00:00"
  },
  "recognize": null
}