{
  "media": {
    "media_uuid": "372faca7-ea7b-48fe-9051-60ba6dbad95e",
    "checksum": "c742f53974e4034b670d428a2a74fbf5c3d9e93fccad788e1bab83fa13dac864",
    "faces": [
      {
        "face_uuid": "ab3b8b82-1537-11e9-99c4-0cc47a6c4dbd",
        "media_uuid": "372faca7-ea7b-48fe-9051-60ba6dbad95e",
        "x": 431.15,
        "y": 268.61,
        "width": 212.48,
        "height": 306.92,
        "angle": -8.9611,
        "detection_score": 1.0,
        "points": [
          {
            "x": 390.33,
            "y": 233.59,
            "type": 512,
            "name": "basic eye left"
          },
          {
            "x": 502.69,
            "y": 251.3,
            "type": 768,
            "name": "basic eye right"
          },
          {
            "x": 365.93,
            "y": 230.87,
            "type": 1024,
            "name": "basic eye left outer"
          },
          {
            "x": 526.34,
            "y": 256.08,
            "type": 1280,
            "name": "basic eye right outer"
          },
          {
            "x": 414.08,
            "y": 237.81,
            "type": 1536,
            "name": "basic eye left inner"
          },
          {
            "x": 479.05,
            "y": 248.14,
            "type": 1792,
            "name": "basic eye right inner"
          },
          {
            "x": 385.2,
            "y": 350.13,
            "type": 2048,
            "name": "basic mouth left"
          },
          {
            "x": 479.34,
            "y": 364.08,
            "type": 2304,
            "name": "basic mouth right"
          },
          {
            "x": 440.57,
            "y": 303.05,
            "type": 2560,
            "name": "basic nose tip"
          },
          {
            "x": 432.53,
            "y": 357.94,
            "type": 2816,
            "name": "basic mouth center"
          },
          {
            "x": 432.53,
            "y": 357.94,
            "type": 3072,
            "name": "basic eyebrow left"
          },
          {
            "x": 432.53,
            "y": 357.94,
            "type": 3328,
            "name": "basic eyebrow left inner corner"
          },
          {
            "x": 432.53,
            "y": 357.94,
            "type": 3584,
            "name": "basic eyebrow left outer corner"
          },
          {
            "x": 432.53,
            "y": 357.94,
            "type": 3840,
            "name": "basic eyebrow right"
          },
          {
            "x": 432.53,
            "y": 357.94,
            "type": 4096,
            "name": "basic eyebrow right inner corner"
          },
          {
            "x": 432.53,
            "y": 357.94,
            "type": 4352,
            "name": "basic eyebrow right outer corner"
          },
          {
            "x": 432.53,
            "y": 357.94,
            "type": 4608,
            "name": "basic chin bottom"
          },
          {
            "x": 432.53,
            "y": 357.94,
            "type": 4864,
            "name": "basic chin left"
          },
          {
            "x": 432.53,
            "y": 357.94,
            "type": 5120,
            "name": "basic chin right"
          },
          {
            "x": 409.24,
            "y": 304.44,
            "type": 5376,
            "name": "basic nose left"
          },
          {
            "x": 467.78,
            "y": 313.39,
            "type": 5632,
            "name": "basic nose right"
          }
        ],
        "user_points": null,
        "tags": [
          {
            "name": "5oclock shadow",
            "value": "no",
            "confidence": 1.0
          },
          {
            "name": "age",
            "value": "40",
            "confidence": 0.6
          },
          {
            "name": "arched eyebrows",
            "value": "no",
            "confidence": 0.28
          },
          {
            "name": "attractive",
            "value": "no",
            "confidence": 0.63
          },
          {
            "name": "bags under eyes",
            "value": "no",
            "confidence": 0.11
          },
          {
            "name": "bald",
            "value": "no",
            "confidence": 0.57
          },
          {
            "name": "bangs",
            "value": "no",
            "confidence": 0.94
          },
          {
            "name": "beard",
            "value": "no",
            "confidence": 0.78
          },
          {
            "name": "big lips",
            "value": "no",
            "confidence": 0.02
          },
          {
            "name": "big nose",
            "value": "no",
            "confidence": 0.3
          },
          {
            "name": "black hair",
            "value": "yes",
            "confidence": 0.91
          },
          {
            "name": "blond hair",
            "value": "no",
            "confidence": 0.85
          },
          {
            "name": "blurry",
            "value": "yes",
            "confidence": 0.39
          },
          {
            "name": "brown hair",
            "value": "no",
            "confidence": 0.42
          },
          {
            "name": "bushy eyebrows",
            "value": "no",
            "confidence": 0.55
          },
          {
            "name": "chubby",
            "value": "no",
            "confidence": 0.23
          },
          {
            "name": "double chin",
            "value": "no",
            "confidence": 0.56
          },
          {
            "name": "expression",
            "value": "smile",
            "confidence": 0.5
          },
          {
            "name": "gender",
            "value": "female",
            "confidence": 0.97
          },
          {
            "name": "glasses",
            "value": "no",
            "confidence": 1.0
          },
          {
            "name": "goatee",
            "value": "no",
            "confidence": 0.75
          },
          {
            "name": "gray hair",
            "value": "no",
            "confidence": 1.0
          },
          {
            "name": "heavy makeup",
            "value": "no",
            "confidence": 0.48
          },
          {
            "name": "high cheekbones",
            "value": "yes",
            "confidence": 0.68
          },
          {
            "name": "mouth open",
            "value": "yes",
            "confidence": 0.94
          },
          {
            "name": "mustache",
            "value": "no",
            "confidence": 0.78
          },
          {
            "name": "narrow eyes",
            "value": "yes",
            "confidence": 0.21
          },
          {
            "name": "oval face",
            "value": "yes",
            "confidence": 0.67
          },
          {
            "name": "pale skin",
            "value": "no",
            "confidence": 0.94
          },
          {
            "name": "pitch",
            "value": "-9.09",
            "confidence": 1.0
          },
          {
            "name": "pointy nose",
            "value": "no",
            "confidence": 0.93
          },
          {
            "name": "race",
            "value": "asian",
            "confidence": 0.86
          },
          {
            "name": "receding hairline",
            "value": "yes",
            "confidence": 0.19
          },
          {
            "name": "rosy cheeks",
            "value": "no",
            "confidence": 1.0
          },
          {
            "name": "sideburns",
            "value": "no",
            "confidence": 0.97
          },
          {
            "name": "straight hair",
            "value": "yes",
            "confidence": 0.63
          },
          {
            "name": "wavy hair",
            "value": "no",
            "confidence": 0.61
          },
          {
            "name": "wearing earrings",
            "value": "no",
            "confidence": 0.31
          },
          {
            "name": "wearing hat",
            "value": "no",
            "confidence": 1.0
          },
          {
            "name": "wearing lipstick",
            "value": "no",
            "confidence": 0.04
          },
          {
            "name": "wearing necklace",
            "value": "no",
            "confidence": 0.22
          },
          {
            "name": "wearing necktie",
            "value": "no",
            "confidence": 0.95
          },
          {
            "name": "yaw",
            "value": "-2.4",
            "confidence": 1.0
          },
          {
            "name": "young",
            "value": "yes",
            "confidence": 0.65
          }
        ],
        "person_id": "",
        "appearance_id": 0,
        "start": "00:00:00",
        "duration": "00:00:00"
      }
    ],
    "tags": null,
    "original_filename": "https://raw.githubusercontent.com/sarkrui/Hairstyle60k/master/Dataset/Waist-Length_Hair/IMG_10.jpg",
    "duration": "00:00:00"
  },
  "recognize": null
}