{
  "media": {
    "media_uuid": "588dbd8b-377c-4a08-bb6b-3d28158699bd",
    "checksum": "86df93222048ce621516982bf062013d2f6883c6b0349b3396a307a076de03fb",
    "faces": [
      {
        "face_uuid": "a533fe68-1537-11e9-99c4-0cc47a6c4dbd",
        "media_uuid": "588dbd8b-377c-4a08-bb6b-3d28158699bd",
        "x": 230.0,
        "y": 172.5,
        "width": 171.74,
        "height": 250.94,
        "angle": 1.1704,
        "detection_score": 1.0,
        "points": [
          {
            "x": 182.9,
            "y": 154.29,
            "type": 512,
            "name": "basic eye left"
          },
          {
            "x": 273.51,
            "y": 152.44,
            "type": 768,
            "name": "basic eye right"
          },
          {
            "x": 163.33,
            "y": 154.46,
            "type": 1024,
            "name": "basic eye left outer"
          },
          {
            "x": 292.83,
            "y": 151.77,
            "type": 1280,
            "name": "basic eye right outer"
          },
          {
            "x": 202.29,
            "y": 156.33,
            "type": 1536,
            "name": "basic eye left inner"
          },
          {
            "x": 254.55,
            "y": 155.27,
            "type": 1792,
            "name": "basic eye right inner"
          },
          {
            "x": 193.57,
            "y": 248.98,
            "type": 2048,
            "name": "basic mouth left"
          },
          {
            "x": 263.34,
            "y": 248.29,
            "type": 2304,
            "name": "basic mouth right"
          },
          {
            "x": 230.63,
            "y": 219.35,
            "type": 2560,
            "name": "basic nose tip"
          },
          {
            "x": 228.61,
            "y": 250.87,
            "type": 2816,
            "name": "basic mouth center"
          },
          {
            "x": 228.61,
            "y": 250.87,
            "type": 3072,
            "name": "basic eyebrow left"
          },
          {
            "x": 228.61,
            "y": 250.87,
            "type": 3328,
            "name": "basic eyebrow left inner corner"
          },
          {
            "x": 228.61,
            "y": 250.87,
            "type": 3584,
            "name": "basic eyebrow left outer corner"
          },
          {
            "x": 228.61,
            "y": 250.87,
            "type": 3840,
            "name": "basic eyebrow right"
          },
          {
            "x": 228.61,
            "y": 250.87,
            "type": 4096,
            "name": "basic eyebrow right inner corner"
          },
          {
            "x": 228.61,
            "y": 250.87,
            "type": 4352,
            "name": "basic eyebrow right outer corner"
          },
          {
            "x": 228.61,
            "y": 250.87,
            "type": 4608,
            "name": "basic chin bottom"
          },
          {
            "x": 228.61,
            "y": 250.87,
            "type": 4864,
            "name": "basic chin left"
          },
          {
            "x": 228.61,
            "y": 250.87,
            "type": 5120,
            "name": "basic chin right"
          },
          {
            "x": 207.55,
            "y": 218.37,
            "type": 5376,
            "name": "basic nose left"
          },
          {
            "x": 252.1,
            "y": 217.86,
            "type": 5632,
            "name": "basic nose right"
          }
        ],
        "user_points": null,
        "tags": [
          {
            "name": "5oclock shadow",
            "value": "no",
            "confidence": 1.0
          },
          {
            "name": "age",
            "value": "12",
            "confidence": 0.6
          },
          {
            "name": "arched eyebrows",
            "value": "no",
            "confidence": 0.24
          },
          {
            "name": "attractive",
            "value": "yes",
            "confidence": 1.0
          },
          {
            "name": "bags under eyes",
            "value": "no",
            "confidence": 0.9
          },
          {
            "name": "bald",
            "value": "no",
            "confidence": 0.68
          },
          {
            "name": "bangs",
            "value": "no",
            "confidence": 0.92
          },
          {
            "name": "beard",
            "value": "no",
            "confidence": 1.0
          },
          {
            "name": "big lips",
            "value": "no",
            "confidence": 0.5
          },
          {
            "name": "big nose",
            "value": "no",
            "confidence": 1.0
          },
          {
            "name": "black hair",
            "value": "no",
            "confidence": 0.43
          },
          {
            "name": "blond hair",
            "value": "no",
            "confidence": 0.95
          },
          {
            "name": "blurry",
            "value": "no",
            "confidence": 1.0
          },
          {
            "name": "brown hair",
            "value": "yes",
            "confidence": 0.82
          },
          {
            "name": "bushy eyebrows",
            "value": "no",
            "confidence": 0.32
          },
          {
            "name": "chubby",
            "value": "no",
            "confidence": 0.99
          },
          {
            "name": "double chin",
            "value": "no",
            "confidence": 1.0
          },
          {
            "name": "expression",
            "value": "neutral",
            "confidence": 0.4
          },
          {
            "name": "gender",
            "value": "female",
            "confidence": 1.0
          },
          {
            "name": "glasses",
            "value": "no",
            "confidence": 1.0
          },
          {
            "name": "goatee",
            "value": "no",
            "confidence": 0.92
          },
          {
            "name": "gray hair",
            "value": "no",
            "confidence": 1.0
          },
          {
            "name": "heavy makeup",
            "value": "yes",
            "confidence": 0.69
          },
          {
            "name": "high cheekbones",
            "value": "no",
            "confidence": 0.35
          },
          {
            "name": "mouth open",
            "value": "no",
            "confidence": 0.84
          },
          {
            "name": "mustache",
            "value": "no",
            "confidence": 0.99
          },
          {
            "name": "narrow eyes",
            "value": "no",
            "confidence": 1.0
          },
          {
            "name": "oval face",
            "value": "yes",
            "confidence": 1.0
          },
          {
            "name": "pale skin",
            "value": "yes",
            "confidence": 0.29
          },
          {
            "name": "pitch",
            "value": "-8.33",
            "confidence": 1.0
          },
          {
            "name": "pointy nose",
            "value": "no",
            "confidence": 0.31
          },
          {
            "name": "race",
            "value": "white",
            "confidence": 0.99
          },
          {
            "name": "receding hairline",
            "value": "no",
            "confidence": 0.53
          },
          {
            "name": "rosy cheeks",
            "value": "no",
            "confidence": 0.86
          },
          {
            "name": "sideburns",
            "value": "no",
            "confidence": 0.84
          },
          {
            "name": "straight hair",
            "value": "yes",
            "confidence": 1.0
          },
          {
            "name": "wavy hair",
            "value": "no",
            "confidence": 0.65
          },
          {
            "name": "wearing earrings",
            "value": "no",
            "confidence": 1.0
          },
          {
            "name": "wearing hat",
            "value": "no",
            "confidence": 1.0
          },
          {
            "name": "wearing lipstick",
            "value": "yes",
            "confidence": 0.91
          },
          {
            "name": "wearing necklace",
            "value": "no",
            "confidence": 0.63
          },
          {
            "name": "wearing necktie",
            "value": "no",
            "confidence": 0.62
          },
          {
            "name": "yaw",
            "value": "2.54",
            "confidence": 1.0
          },
          {
            "name": "young",
            "value": "yes",
            "confidence": 1.0
          }
        ],
        "person_id": "",
        "appearance_id": 0,
        "start": "00:00:00",
        "duration": "00:00:00"
      }
    ],
    "tags": null,
    "original_filename": "https://raw.githubusercontent.com/sarkrui/Hairstyle60k/master/Dataset/Waist-Length_Hair/IMG_2.jpg",
    "duration": "00:00:00"
  },
  "recognize": null
}