{
  "media": {
    "media_uuid": "5db5c0ac-1127-44be-9304-c25d2f2a8e3e",
    "checksum": "51da0c9b01fe516399078cb7f038f46c6072ebc284d08dd029ca4ac2ff2bd4b2",
    "faces": [
      {
        "face_uuid": "b0f733a5-1537-11e9-99c4-0cc47a6c4dbd",
        "media_uuid": "5db5c0ac-1127-44be-9304-c25d2f2a8e3e",
        "x": 216.0,
        "y": 259.0,
        "width": 43.89,
        "height": 70.6,
        "angle": 4.0754,
        "detection_score": 1.0,
        "points": [
          {
            "x": 209.41,
            "y": 252.95,
            "type": 512,
            "name": "basic eye left"
          },
          {
            "x": 234.13,
            "y": 251.19,
            "type": 768,
            "name": "basic eye right"
          },
          {
            "x": 203.53,
            "y": 253.67,
            "type": 1024,
            "name": "basic eye left outer"
          },
          {
            "x": 238.86,
            "y": 251.08,
            "type": 1280,
            "name": "basic eye right outer"
          },
          {
            "x": 215.23,
            "y": 252.57,
            "type": 1536,
            "name": "basic eye left inner"
          },
          {
            "x": 229.55,
            "y": 251.6,
            "type": 1792,
            "name": "basic eye right inner"
          },
          {
            "x": 215.46,
            "y": 279.85,
            "type": 2048,
            "name": "basic mouth left"
          },
          {
            "x": 233.2,
            "y": 277.69,
            "type": 2304,
            "name": "basic mouth right"
          },
          {
            "x": 228.63,
            "y": 265.3,
            "type": 2560,
            "name": "basic nose tip"
          },
          {
            "x": 224.87,
            "y": 278.66,
            "type": 2816,
            "name": "basic mouth center"
          },
          {
            "x": 224.87,
            "y": 278.66,
            "type": 3072,
            "name": "basic eyebrow left"
          },
          {
            "x": 224.87,
            "y": 278.66,
            "type": 3328,
            "name": "basic eyebrow left inner corner"
          },
          {
            "x": 224.87,
            "y": 278.66,
            "type": 3584,
            "name": "basic eyebrow left outer corner"
          },
          {
            "x": 224.87,
            "y": 278.66,
            "type": 3840,
            "name": "basic eyebrow right"
          },
          {
            "x": 224.87,
            "y": 278.66,
            "type": 4096,
            "name": "basic eyebrow right inner corner"
          },
          {
            "x": 224.87,
            "y": 278.66,
            "type": 4352,
            "name": "basic eyebrow right outer corner"
          },
          {
            "x": 224.87,
            "y": 278.66,
            "type": 4608,
            "name": "basic chin bottom"
          },
          {
            "x": 224.87,
            "y": 278.66,
            "type": 4864,
            "name": "basic chin left"
          },
          {
            "x": 224.87,
            "y": 278.66,
            "type": 5120,
            "name": "basic chin right"
          },
          {
            "x": 219.75,
            "y": 268.23,
            "type": 5376,
            "name": "basic nose left"
          },
          {
            "x": 232.24,
            "y": 267.14,
            "type": 5632,
            "name": "basic nose right"
          }
        ],
        "user_points": null,
        "tags": [
          {
            "name": "5oclock shadow",
            "value": "no",
            "confidence": 1.0
          },
          {
            "name": "age",
            "value": "18",
            "confidence": 0.6
          },
          {
            "name": "arched eyebrows",
            "value": "no",
            "confidence": 0.05
          },
          {
            "name": "attractive",
            "value": "yes",
            "confidence": 0.37
          },
          {
            "name": "bags under eyes",
            "value": "no",
            "confidence": 1.0
          },
          {
            "name": "bald",
            "value": "no",
            "confidence": 0.99
          },
          {
            "name": "bangs",
            "value": "no",
            "confidence": 0.52
          },
          {
            "name": "beard",
            "value": "no",
            "confidence": 0.83
          },
          {
            "name": "big lips",
            "value": "no",
            "confidence": 0.39
          },
          {
            "name": "big nose",
            "value": "no",
            "confidence": 1.0
          },
          {
            "name": "black hair",
            "value": "no",
            "confidence": 0.51
          },
          {
            "name": "blond hair",
            "value": "no",
            "confidence": 0.62
          },
          {
            "name": "blurry",
            "value": "no",
            "confidence": 0.34
          },
          {
            "name": "brown hair",
            "value": "yes",
            "confidence": 0.41
          },
          {
            "name": "bushy eyebrows",
            "value": "no",
            "confidence": 0.29
          },
          {
            "name": "chubby",
            "value": "no",
            "confidence": 1.0
          },
          {
            "name": "double chin",
            "value": "no",
            "confidence": 1.0
          },
          {
            "name": "expression",
            "value": "neutral",
            "confidence": 0.81
          },
          {
            "name": "gender",
            "value": "female",
            "confidence": 0.92
          },
          {
            "name": "glasses",
            "value": "no",
            "confidence": 1.0
          },
          {
            "name": "goatee",
            "value": "no",
            "confidence": 0.84
          },
          {
            "name": "gray hair",
            "value": "no",
            "confidence": 1.0
          },
          {
            "name": "heavy makeup",
            "value": "yes",
            "confidence": 0.21
          },
          {
            "name": "high cheekbones",
            "value": "no",
            "confidence": 0.97
          },
          {
            "name": "mouth open",
            "value": "no",
            "confidence": 0.47
          },
          {
            "name": "mustache",
            "value": "no",
            "confidence": 0.89
          },
          {
            "name": "narrow eyes",
            "value": "no",
            "confidence": 0.17
          },
          {
            "name": "oval face",
            "value": "yes",
            "confidence": 0.32
          },
          {
            "name": "pale skin",
            "value": "yes",
            "confidence": 0.21
          },
          {
            "name": "pitch",
            "value": "-6.85",
            "confidence": 1.0
          },
          {
            "name": "pointy nose",
            "value": "no",
            "confidence": 0.15
          },
          {
            "name": "race",
            "value": "white",
            "confidence": 0.89
          },
          {
            "name": "receding hairline",
            "value": "no",
            "confidence": 0.92
          },
          {
            "name": "rosy cheeks",
            "value": "no",
            "confidence": 1.0
          },
          {
            "name": "sideburns",
            "value": "no",
            "confidence": 0.86
          },
          {
            "name": "straight hair",
            "value": "yes",
            "confidence": 0.3
          },
          {
            "name": "wavy hair",
            "value": "no",
            "confidence": 0.26
          },
          {
            "name": "wearing earrings",
            "value": "no",
            "confidence": 0.74
          },
          {
            "name": "wearing hat",
            "value": "no",
            "confidence": 0.74
          },
          {
            "name": "wearing lipstick",
            "value": "yes",
            "confidence": 0.47
          },
          {
            "name": "wearing necklace",
            "value": "no",
            "confidence": 0.5
          },
          {
            "name": "wearing necktie",
            "value": "no",
            "confidence": 1.0
          },
          {
            "name": "yaw",
            "value": "-38.77",
            "confidence": 1.0
          },
          {
            "name": "young",
            "value": "yes",
            "confidence": 1.0
          }
        ],
        "person_id": "",
        "appearance_id": 0,
        "start": "00:00:00",
        "duration": "00:00:00"
      }
    ],
    "tags": null,
    "original_filename": "https://raw.githubusercontent.com/sarkrui/Hairstyle60k/master/Dataset/Waist-Length_Hair/IMG_17.jpg",
    "duration": "00:00:00"
  },
  "recognize": null
}