{
  "media": {
    "media_uuid": "284e98ed-b323-4435-973d-2ac6fc925fba",
    "checksum": "455da0d4bfe53b24e079d2a0c712b971490e771efcf8158ff595deefbe4fe6e6",
    "faces": [
      {
        "face_uuid": "b4b8beca-1537-11e9-99c4-0cc47a6c4dbd",
        "media_uuid": "284e98ed-b323-4435-973d-2ac6fc925fba",
        "x": 221.86,
        "y": 138.02,
        "width": 107.44,
        "height": 156.27,
        "angle": -3.2214,
        "detection_score": 0.99,
        "points": [
          {
            "x": 188.56,
            "y": 123.71,
            "type": 512,
            "name": "basic eye left"
          },
          {
            "x": 242.9,
            "y": 126.77,
            "type": 768,
            "name": "basic eye right"
          },
          {
            "x": 177.04,
            "y": 123.12,
            "type": 1024,
            "name": "basic eye left outer"
          },
          {
            "x": 254.78,
            "y": 127.52,
            "type": 1280,
            "name": "basic eye right outer"
          },
          {
            "x": 199.81,
            "y": 125.27,
            "type": 1536,
            "name": "basic eye left inner"
          },
          {
            "x": 231.18,
            "y": 127.02,
            "type": 1792,
            "name": "basic eye right inner"
          },
          {
            "x": 193.37,
            "y": 180.96,
            "type": 2048,
            "name": "basic mouth left"
          },
          {
            "x": 234.27,
            "y": 182.57,
            "type": 2304,
            "name": "basic mouth right"
          },
          {
            "x": 211.77,
            "y": 159.94,
            "type": 2560,
            "name": "basic nose tip"
          },
          {
            "x": 213.59,
            "y": 182.54,
            "type": 2816,
            "name": "basic mouth center"
          },
          {
            "x": 213.59,
            "y": 182.54,
            "type": 3072,
            "name": "basic eyebrow left"
          },
          {
            "x": 213.59,
            "y": 182.54,
            "type": 3328,
            "name": "basic eyebrow left inner corner"
          },
          {
            "x": 213.59,
            "y": 182.54,
            "type": 3584,
            "name": "basic eyebrow left outer corner"
          },
          {
            "x": 213.59,
            "y": 182.54,
            "type": 3840,
            "name": "basic eyebrow right"
          },
          {
            "x": 213.59,
            "y": 182.54,
            "type": 4096,
            "name": "basic eyebrow right inner corner"
          },
          {
            "x": 213.59,
            "y": 182.54,
            "type": 4352,
            "name": "basic eyebrow right outer corner"
          },
          {
            "x": 213.59,
            "y": 182.54,
            "type": 4608,
            "name": "basic chin bottom"
          },
          {
            "x": 213.59,
            "y": 182.54,
            "type": 4864,
            "name": "basic chin left"
          },
          {
            "x": 213.59,
            "y": 182.54,
            "type": 5120,
            "name": "basic chin right"
          },
          {
            "x": 199.46,
            "y": 159.64,
            "type": 5376,
            "name": "basic nose left"
          },
          {
            "x": 226.38,
            "y": 160.98,
            "type": 5632,
            "name": "basic nose right"
          }
        ],
        "user_points": null,
        "tags": [
          {
            "name": "5oclock shadow",
            "value": "no",
            "confidence": 0.91
          },
          {
            "name": "age",
            "value": "31",
            "confidence": 0.6
          },
          {
            "name": "arched eyebrows",
            "value": "yes",
            "confidence": 0.37
          },
          {
            "name": "attractive",
            "value": "yes",
            "confidence": 0.79
          },
          {
            "name": "bags under eyes",
            "value": "no",
            "confidence": 0.81
          },
          {
            "name": "bald",
            "value": "no",
            "confidence": 0.78
          },
          {
            "name": "bangs",
            "value": "no",
            "confidence": 1.0
          },
          {
            "name": "beard",
            "value": "no",
            "confidence": 0.96
          },
          {
            "name": "big lips",
            "value": "no",
            "confidence": 0.0
          },
          {
            "name": "big nose",
            "value": "no",
            "confidence": 0.91
          },
          {
            "name": "black hair",
            "value": "no",
            "confidence": 0.75
          },
          {
            "name": "blond hair",
            "value": "yes",
            "confidence": 1.0
          },
          {
            "name": "blurry",
            "value": "no",
            "confidence": 1.0
          },
          {
            "name": "brown hair",
            "value": "no",
            "confidence": 1.0
          },
          {
            "name": "bushy eyebrows",
            "value": "no",
            "confidence": 0.68
          },
          {
            "name": "chubby",
            "value": "no",
            "confidence": 1.0
          },
          {
            "name": "double chin",
            "value": "no",
            "confidence": 1.0
          },
          {
            "name": "expression",
            "value": "neutral",
            "confidence": 0.63
          },
          {
            "name": "gender",
            "value": "female",
            "confidence": 0.95
          },
          {
            "name": "glasses",
            "value": "no",
            "confidence": 1.0
          },
          {
            "name": "goatee",
            "value": "no",
            "confidence": 0.91
          },
          {
            "name": "gray hair",
            "value": "no",
            "confidence": 0.49
          },
          {
            "name": "heavy makeup",
            "value": "yes",
            "confidence": 0.82
          },
          {
            "name": "high cheekbones",
            "value": "no",
            "confidence": 0.18
          },
          {
            "name": "mouth open",
            "value": "no",
            "confidence": 0.05
          },
          {
            "name": "mustache",
            "value": "no",
            "confidence": 0.98
          },
          {
            "name": "narrow eyes",
            "value": "no",
            "confidence": 0.91
          },
          {
            "name": "oval face",
            "value": "yes",
            "confidence": 0.56
          },
          {
            "name": "pale skin",
            "value": "no",
            "confidence": 0.03
          },
          {
            "name": "pitch",
            "value": "-8.09",
            "confidence": 1.0
          },
          {
            "name": "pointy nose",
            "value": "yes",
            "confidence": 0.53
          },
          {
            "name": "race",
            "value": "white",
            "confidence": 1.0
          },
          {
            "name": "receding hairline",
            "value": "no",
            "confidence": 0.09
          },
          {
            "name": "rosy cheeks",
            "value": "yes",
            "confidence": 0.13
          },
          {
            "name": "sideburns",
            "value": "no",
            "confidence": 0.86
          },
          {
            "name": "straight hair",
            "value": "yes",
            "confidence": 0.7
          },
          {
            "name": "wavy hair",
            "value": "no",
            "confidence": 0.44
          },
          {
            "name": "wearing earrings",
            "value": "no",
            "confidence": 0.22
          },
          {
            "name": "wearing hat",
            "value": "no",
            "confidence": 1.0
          },
          {
            "name": "wearing lipstick",
            "value": "yes",
            "confidence": 1.0
          },
          {
            "name": "wearing necklace",
            "value": "yes",
            "confidence": 0.05
          },
          {
            "name": "wearing necktie",
            "value": "no",
            "confidence": 0.73
          },
          {
            "name": "yaw",
            "value": "4.89",
            "confidence": 1.0
          },
          {
            "name": "young",
            "value": "yes",
            "confidence": 0.85
          }
        ],
        "person_id": "",
        "appearance_id": 0,
        "start": "00:00:00",
        "duration": "00:00:00"
      }
    ],
    "tags": null,
    "original_filename": "https://raw.githubusercontent.com/sarkrui/Hairstyle60k/master/Dataset/Waist-Length_Hair/IMG_21.jpg",
    "duration": "00:00:00"
  },
  "recognize": null
}