{
  "media": {
    "media_uuid": "aac8d028-5f12-4f04-95a2-f028083e840a",
    "checksum": "bcaf48d8237195d2248c98cbf20025e6f603ca3be588882c689852e386bee0c2",
    "faces": [
      {
        "face_uuid": "c8b93212-1537-11e9-99c4-0cc47a6c4dbd",
        "media_uuid": "aac8d028-5f12-4f04-95a2-f028083e840a",
        "x": 132.0,
        "y": 106.0,
        "width": 91.64,
        "height": 139.37,
        "angle": -0.071,
        "detection_score": 1.0,
        "points": [
          {
            "x": 120.21,
            "y": 93.11,
            "type": 512,
            "name": "basic eye left"
          },
          {
            "x": 165.21,
            "y": 93.17,
            "type": 768,
            "name": "basic eye right"
          },
          {
            "x": 109.61,
            "y": 93.27,
            "type": 1024,
            "name": "basic eye left outer"
          },
          {
            "x": 174.5,
            "y": 93.27,
            "type": 1280,
            "name": "basic eye right outer"
          },
          {
            "x": 130.67,
            "y": 92.95,
            "type": 1536,
            "name": "basic eye left inner"
          },
          {
            "x": 156.04,
            "y": 93.07,
            "type": 1792,
            "name": "basic eye right inner"
          },
          {
            "x": 120.14,
            "y": 139.99,
            "type": 2048,
            "name": "basic mouth left"
          },
          {
            "x": 163.23,
            "y": 139.14,
            "type": 2304,
            "name": "basic mouth right"
          },
          {
            "x": 150.2,
            "y": 122.7,
            "type": 2560,
            "name": "basic nose tip"
          },
          {
            "x": 142.39,
            "y": 140.64,
            "type": 2816,
            "name": "basic mouth center"
          },
          {
            "x": 142.39,
            "y": 140.64,
            "type": 3072,
            "name": "basic eyebrow left"
          },
          {
            "x": 142.39,
            "y": 140.64,
            "type": 3328,
            "name": "basic eyebrow left inner corner"
          },
          {
            "x": 142.39,
            "y": 140.64,
            "type": 3584,
            "name": "basic eyebrow left outer corner"
          },
          {
            "x": 142.39,
            "y": 140.64,
            "type": 3840,
            "name": "basic eyebrow right"
          },
          {
            "x": 142.39,
            "y": 140.64,
            "type": 4096,
            "name": "basic eyebrow right inner corner"
          },
          {
            "x": 142.39,
            "y": 140.64,
            "type": 4352,
            "name": "basic eyebrow right outer corner"
          },
          {
            "x": 142.39,
            "y": 140.64,
            "type": 4608,
            "name": "basic chin bottom"
          },
          {
            "x": 142.39,
            "y": 140.64,
            "type": 4864,
            "name": "basic chin left"
          },
          {
            "x": 142.39,
            "y": 140.64,
            "type": 5120,
            "name": "basic chin right"
          },
          {
            "x": 133.57,
            "y": 122.41,
            "type": 5376,
            "name": "basic nose left"
          },
          {
            "x": 159.03,
            "y": 122.11,
            "type": 5632,
            "name": "basic nose right"
          }
        ],
        "user_points": null,
        "tags": [
          {
            "name": "5oclock shadow",
            "value": "no",
            "confidence": 0.96
          },
          {
            "name": "age",
            "value": "25",
            "confidence": 0.6
          },
          {
            "name": "arched eyebrows",
            "value": "no",
            "confidence": 0.61
          },
          {
            "name": "attractive",
            "value": "yes",
            "confidence": 0.91
          },
          {
            "name": "bags under eyes",
            "value": "yes",
            "confidence": 0.22
          },
          {
            "name": "bald",
            "value": "no",
            "confidence": 1.0
          },
          {
            "name": "bangs",
            "value": "no",
            "confidence": 0.53
          },
          {
            "name": "beard",
            "value": "no",
            "confidence": 1.0
          },
          {
            "name": "big lips",
            "value": "no",
            "confidence": 0.43
          },
          {
            "name": "big nose",
            "value": "no",
            "confidence": 0.78
          },
          {
            "name": "black hair",
            "value": "no",
            "confidence": 1.0
          },
          {
            "name": "blond hair",
            "value": "yes",
            "confidence": 1.0
          },
          {
            "name": "blurry",
            "value": "no",
            "confidence": 0.66
          },
          {
            "name": "brown hair",
            "value": "no",
            "confidence": 0.95
          },
          {
            "name": "bushy eyebrows",
            "value": "no",
            "confidence": 0.46
          },
          {
            "name": "chubby",
            "value": "no",
            "confidence": 1.0
          },
          {
            "name": "double chin",
            "value": "no",
            "confidence": 1.0
          },
          {
            "name": "expression",
            "value": "smile",
            "confidence": 0.96
          },
          {
            "name": "gender",
            "value": "female",
            "confidence": 0.94
          },
          {
            "name": "glasses",
            "value": "no",
            "confidence": 1.0
          },
          {
            "name": "goatee",
            "value": "no",
            "confidence": 1.0
          },
          {
            "name": "gray hair",
            "value": "no",
            "confidence": 0.63
          },
          {
            "name": "heavy makeup",
            "value": "no",
            "confidence": 0.16
          },
          {
            "name": "high cheekbones",
            "value": "yes",
            "confidence": 0.91
          },
          {
            "name": "mouth open",
            "value": "yes",
            "confidence": 0.68
          },
          {
            "name": "mustache",
            "value": "no",
            "confidence": 1.0
          },
          {
            "name": "narrow eyes",
            "value": "no",
            "confidence": 0.06
          },
          {
            "name": "oval face",
            "value": "yes",
            "confidence": 0.54
          },
          {
            "name": "pale skin",
            "value": "yes",
            "confidence": 0.3
          },
          {
            "name": "pitch",
            "value": "-8.18",
            "confidence": 1.0
          },
          {
            "name": "pointy nose",
            "value": "no",
            "confidence": 0.24
          },
          {
            "name": "race",
            "value": "white",
            "confidence": 1.0
          },
          {
            "name": "receding hairline",
            "value": "no",
            "confidence": 1.0
          },
          {
            "name": "rosy cheeks",
            "value": "no",
            "confidence": 0.59
          },
          {
            "name": "sideburns",
            "value": "no",
            "confidence": 1.0
          },
          {
            "name": "straight hair",
            "value": "yes",
            "confidence": 0.69
          },
          {
            "name": "wavy hair",
            "value": "no",
            "confidence": 0.61
          },
          {
            "name": "wearing earrings",
            "value": "no",
            "confidence": 0.66
          },
          {
            "name": "wearing hat",
            "value": "no",
            "confidence": 0.67
          },
          {
            "name": "wearing lipstick",
            "value": "yes",
            "confidence": 0.28
          },
          {
            "name": "wearing necklace",
            "value": "no",
            "confidence": 0.12
          },
          {
            "name": "wearing necktie",
            "value": "no",
            "confidence": 0.97
          },
          {
            "name": "yaw",
            "value": "-9.85",
            "confidence": 1.0
          },
          {
            "name": "young",
            "value": "yes",
            "confidence": 1.0
          }
        ],
        "person_id": "",
        "appearance_id": 0,
        "start": "00:00:00",
        "duration": "00:00:00"
      }
    ],
    "tags": null,
    "original_filename": "https://raw.githubusercontent.com/sarkrui/Hairstyle60k/master/Dataset/Wave_Hair/IMG_19.jpg",
    "duration": "00:00:00"
  },
  "recognize": null
}