{
  "media": {
    "media_uuid": "ec225ef6-1a63-4a14-a27a-d895ff70ca21",
    "checksum": "14136ff93b99a249987dac520ae2ca5e3742516292e84196550269fabaa095f6",
    "faces": [
      {
        "face_uuid": "cda90193-1537-11e9-99c4-0cc47a6c4dbd",
        "media_uuid": "ec225ef6-1a63-4a14-a27a-d895ff70ca21",
        "x": 241.5,
        "y": 62.5,
        "width": 42.83,
        "height": 58.06,
        "angle": -3.5885,
        "detection_score": 1.0,
        "points": [
          {
            "x": 231.47,
            "y": 56.74,
            "type": 512,
            "name": "basic eye left"
          },
          {
            "x": 253.22,
            "y": 58.11,
            "type": 768,
            "name": "basic eye right"
          },
          {
            "x": 226.84,
            "y": 56.51,
            "type": 1024,
            "name": "basic eye left outer"
          },
          {
            "x": 257.87,
            "y": 58.45,
            "type": 1280,
            "name": "basic eye right outer"
          },
          {
            "x": 235.99,
            "y": 57.37,
            "type": 1536,
            "name": "basic eye left inner"
          },
          {
            "x": 248.62,
            "y": 58.16,
            "type": 1792,
            "name": "basic eye right inner"
          },
          {
            "x": 231.19,
            "y": 77.98,
            "type": 2048,
            "name": "basic mouth left"
          },
          {
            "x": 249.8,
            "y": 79.34,
            "type": 2304,
            "name": "basic mouth right"
          },
          {
            "x": 241.11,
            "y": 71.08,
            "type": 2560,
            "name": "basic nose tip"
          },
          {
            "x": 240.46,
            "y": 79.19,
            "type": 2816,
            "name": "basic mouth center"
          },
          {
            "x": 240.46,
            "y": 79.19,
            "type": 3072,
            "name": "basic eyebrow left"
          },
          {
            "x": 240.46,
            "y": 79.19,
            "type": 3328,
            "name": "basic eyebrow left inner corner"
          },
          {
            "x": 240.46,
            "y": 79.19,
            "type": 3584,
            "name": "basic eyebrow left outer corner"
          },
          {
            "x": 240.46,
            "y": 79.19,
            "type": 3840,
            "name": "basic eyebrow right"
          },
          {
            "x": 240.46,
            "y": 79.19,
            "type": 4096,
            "name": "basic eyebrow right inner corner"
          },
          {
            "x": 240.46,
            "y": 79.19,
            "type": 4352,
            "name": "basic eyebrow right outer corner"
          },
          {
            "x": 240.46,
            "y": 79.19,
            "type": 4608,
            "name": "basic chin bottom"
          },
          {
            "x": 240.46,
            "y": 79.19,
            "type": 4864,
            "name": "basic chin left"
          },
          {
            "x": 240.46,
            "y": 79.19,
            "type": 5120,
            "name": "basic chin right"
          },
          {
            "x": 235.67,
            "y": 70.54,
            "type": 5376,
            "name": "basic nose left"
          },
          {
            "x": 246.76,
            "y": 71.3,
            "type": 5632,
            "name": "basic nose right"
          }
        ],
        "user_points": null,
        "tags": [
          {
            "name": "5oclock shadow",
            "value": "no",
            "confidence": 0.94
          },
          {
            "name": "age",
            "value": "08",
            "confidence": 0.6
          },
          {
            "name": "arched eyebrows",
            "value": "yes",
            "confidence": 0.29
          },
          {
            "name": "attractive",
            "value": "yes",
            "confidence": 0.58
          },
          {
            "name": "bags under eyes",
            "value": "no",
            "confidence": 0.24
          },
          {
            "name": "bald",
            "value": "no",
            "confidence": 0.98
          },
          {
            "name": "bangs",
            "value": "no",
            "confidence": 0.83
          },
          {
            "name": "beard",
            "value": "no",
            "confidence": 0.73
          },
          {
            "name": "big lips",
            "value": "no",
            "confidence": 0.14
          },
          {
            "name": "big nose",
            "value": "no",
            "confidence": 0.82
          },
          {
            "name": "black hair",
            "value": "no",
            "confidence": 0.71
          },
          {
            "name": "blond hair",
            "value": "no",
            "confidence": 0.56
          },
          {
            "name": "blurry",
            "value": "no",
            "confidence": 0.04
          },
          {
            "name": "brown hair",
            "value": "yes",
            "confidence": 0.65
          },
          {
            "name": "bushy eyebrows",
            "value": "no",
            "confidence": 0.41
          },
          {
            "name": "chubby",
            "value": "no",
            "confidence": 1.0
          },
          {
            "name": "double chin",
            "value": "no",
            "confidence": 1.0
          },
          {
            "name": "expression",
            "value": "smile",
            "confidence": 0.92
          },
          {
            "name": "gender",
            "value": "female",
            "confidence": 0.94
          },
          {
            "name": "glasses",
            "value": "no",
            "confidence": 1.0
          },
          {
            "name": "goatee",
            "value": "no",
            "confidence": 0.72
          },
          {
            "name": "gray hair",
            "value": "no",
            "confidence": 1.0
          },
          {
            "name": "heavy makeup",
            "value": "yes",
            "confidence": 0.26
          },
          {
            "name": "high cheekbones",
            "value": "yes",
            "confidence": 0.48
          },
          {
            "name": "mouth open",
            "value": "yes",
            "confidence": 0.7
          },
          {
            "name": "mustache",
            "value": "no",
            "confidence": 0.87
          },
          {
            "name": "narrow eyes",
            "value": "yes",
            "confidence": 1.0
          },
          {
            "name": "oval face",
            "value": "yes",
            "confidence": 0.06
          },
          {
            "name": "pale skin",
            "value": "no",
            "confidence": 0.03
          },
          {
            "name": "pitch",
            "value": "-9.18",
            "confidence": 1.0
          },
          {
            "name": "pointy nose",
            "value": "no",
            "confidence": 0.28
          },
          {
            "name": "race",
            "value": "asian",
            "confidence": 1.0
          },
          {
            "name": "receding hairline",
            "value": "no",
            "confidence": 0.58
          },
          {
            "name": "rosy cheeks",
            "value": "no",
            "confidence": 0.91
          },
          {
            "name": "sideburns",
            "value": "no",
            "confidence": 0.8
          },
          {
            "name": "straight hair",
            "value": "yes",
            "confidence": 0.28
          },
          {
            "name": "wavy hair",
            "value": "no",
            "confidence": 0.11
          },
          {
            "name": "wearing earrings",
            "value": "no",
            "confidence": 0.44
          },
          {
            "name": "wearing hat",
            "value": "no",
            "confidence": 0.9
          },
          {
            "name": "wearing lipstick",
            "value": "yes",
            "confidence": 0.46
          },
          {
            "name": "wearing necklace",
            "value": "no",
            "confidence": 0.32
          },
          {
            "name": "wearing necktie",
            "value": "no",
            "confidence": 1.0
          },
          {
            "name": "yaw",
            "value": "-3.49",
            "confidence": 1.0
          },
          {
            "name": "young",
            "value": "yes",
            "confidence": 1.0
          }
        ],
        "person_id": "",
        "appearance_id": 0,
        "start": "00:00:00",
        "duration": "00:00:00"
      },
      {
        "face_uuid": "cdca9251-1537-11e9-99c4-0cc47a6c4dbd",
        "media_uuid": "ec225ef6-1a63-4a14-a27a-d895ff70ca21",
        "x": 75.5,
        "y": 63.0,
        "width": 41.02,
        "height": 55.33,
        "angle": -4.6178,
        "detection_score": 1.0,
        "points": [
          {
            "x": 65.78,
            "y": 57.04,
            "type": 512,
            "name": "basic eye left"
          },
          {
            "x": 86.97,
            "y": 58.75,
            "type": 768,
            "name": "basic eye right"
          },
          {
            "x": 61.31,
            "y": 56.67,
            "type": 1024,
            "name": "basic eye left outer"
          },
          {
            "x": 91.51,
            "y": 59.1,
            "type": 1280,
            "name": "basic eye right outer"
          },
          {
            "x": 70.13,
            "y": 57.88,
            "type": 1536,
            "name": "basic eye left inner"
          },
          {
            "x": 82.45,
            "y": 58.88,
            "type": 1792,
            "name": "basic eye right inner"
          },
          {
            "x": 65.69,
            "y": 77.92,
            "type": 2048,
            "name": "basic mouth left"
          },
          {
            "x": 83.93,
            "y": 79.32,
            "type": 2304,
            "name": "basic mouth right"
          },
          {
            "x": 74.83,
            "y": 72.04,
            "type": 2560,
            "name": "basic nose tip"
          },
          {
            "x": 74.75,
            "y": 79.23,
            "type": 2816,
            "name": "basic mouth center"
          },
          {
            "x": 74.75,
            "y": 79.23,
            "type": 3072,
            "name": "basic eyebrow left"
          },
          {
            "x": 74.75,
            "y": 79.23,
            "type": 3328,
            "name": "basic eyebrow left inner corner"
          },
          {
            "x": 74.75,
            "y": 79.23,
            "type": 3584,
            "name": "basic eyebrow left outer corner"
          },
          {
            "x": 74.75,
            "y": 79.23,
            "type": 3840,
            "name": "basic eyebrow right"
          },
          {
            "x": 74.75,
            "y": 79.23,
            "type": 4096,
            "name": "basic eyebrow right inner corner"
          },
          {
            "x": 74.75,
            "y": 79.23,
            "type": 4352,
            "name": "basic eyebrow right outer corner"
          },
          {
            "x": 74.75,
            "y": 79.23,
            "type": 4608,
            "name": "basic chin bottom"
          },
          {
            "x": 74.75,
            "y": 79.23,
            "type": 4864,
            "name": "basic chin left"
          },
          {
            "x": 74.75,
            "y": 79.23,
            "type": 5120,
            "name": "basic chin right"
          },
          {
            "x": 69.75,
            "y": 71.45,
            "type": 5376,
            "name": "basic nose left"
          },
          {
            "x": 80.39,
            "y": 72.28,
            "type": 5632,
            "name": "basic nose right"
          }
        ],
        "user_points": null,
        "tags": [
          {
            "name": "5oclock shadow",
            "value": "no",
            "confidence": 1.0
          },
          {
            "name": "age",
            "value": "13",
            "confidence": 0.6
          },
          {
            "name": "arched eyebrows",
            "value": "no",
            "confidence": 0.7
          },
          {
            "name": "attractive",
            "value": "no",
            "confidence": 0.43
          },
          {
            "name": "bags under eyes",
            "value": "no",
            "confidence": 0.51
          },
          {
            "name": "bald",
            "value": "no",
            "confidence": 0.37
          },
          {
            "name": "bangs",
            "value": "no",
            "confidence": 0.32
          },
          {
            "name": "beard",
            "value": "no",
            "confidence": 0.96
          },
          {
            "name": "big lips",
            "value": "no",
            "confidence": 0.46
          },
          {
            "name": "big nose",
            "value": "no",
            "confidence": 0.74
          },
          {
            "name": "black hair",
            "value": "no",
            "confidence": 0.58
          },
          {
            "name": "blond hair",
            "value": "yes",
            "confidence": 0.12
          },
          {
            "name": "blurry",
            "value": "yes",
            "confidence": 0.35
          },
          {
            "name": "brown hair",
            "value": "no",
            "confidence": 0.73
          },
          {
            "name": "bushy eyebrows",
            "value": "no",
            "confidence": 0.77
          },
          {
            "name": "chubby",
            "value": "no",
            "confidence": 0.59
          },
          {
            "name": "double chin",
            "value": "no",
            "confidence": 0.69
          },
          {
            "name": "expression",
            "value": "neutral",
            "confidence": 0.28
          },
          {
            "name": "gender",
            "value": "female",
            "confidence": 0.78
          },
          {
            "name": "glasses",
            "value": "no",
            "confidence": 1.0
          },
          {
            "name": "goatee",
            "value": "no",
            "confidence": 1.0
          },
          {
            "name": "gray hair",
            "value": "no",
            "confidence": 0.12
          },
          {
            "name": "heavy makeup",
            "value": "no",
            "confidence": 0.56
          },
          {
            "name": "high cheekbones",
            "value": "no",
            "confidence": 0.28
          },
          {
            "name": "mouth open",
            "value": "yes",
            "confidence": 0.19
          },
          {
            "name": "mustache",
            "value": "no",
            "confidence": 0.91
          },
          {
            "name": "narrow eyes",
            "value": "yes",
            "confidence": 0.41
          },
          {
            "name": "oval face",
            "value": "yes",
            "confidence": 0.07
          },
          {
            "name": "pale skin",
            "value": "yes",
            "confidence": 1.0
          },
          {
            "name": "pitch",
            "value": "-8.54",
            "confidence": 1.0
          },
          {
            "name": "pointy nose",
            "value": "no",
            "confidence": 0.53
          },
          {
            "name": "race",
            "value": "asian",
            "confidence": 1.0
          },
          {
            "name": "receding hairline",
            "value": "no",
            "confidence": 0.22
          },
          {
            "name": "rosy cheeks",
            "value": "no",
            "confidence": 1.0
          },
          {
            "name": "sideburns",
            "value": "no",
            "confidence": 1.0
          },
          {
            "name": "straight hair",
            "value": "yes",
            "confidence": 0.0
          },
          {
            "name": "wavy hair",
            "value": "no",
            "confidence": 0.4
          },
          {
            "name": "wearing earrings",
            "value": "no",
            "confidence": 0.5
          },
          {
            "name": "wearing hat",
            "value": "no",
            "confidence": 0.7
          },
          {
            "name": "wearing lipstick",
            "value": "no",
            "confidence": 0.25
          },
          {
            "name": "wearing necklace",
            "value": "no",
            "confidence": 0.63
          },
          {
            "name": "wearing necktie",
            "value": "no",
            "confidence": 0.64
          },
          {
            "name": "yaw",
            "value": "-5.35",
            "confidence": 1.0
          },
          {
            "name": "young",
            "value": "yes",
            "confidence": 0.03
          }
        ],
        "person_id": "",
        "appearance_id": 0,
        "start": "00:00:00",
        "duration": "00:00:00"
      },
      {
        "face_uuid": "cdecfa15-1537-11e9-99c4-0cc47a6c4dbd",
        "media_uuid": "ec225ef6-1a63-4a14-a27a-d895ff70ca21",
        "x": 245.5,
        "y": 120.0,
        "width": 33.49,
        "height": 51.67,
        "angle": -17.4119,
        "detection_score": 0.71,
        "points": [
          {
            "x": 233.94,
            "y": 106.57,
            "type": 512,
            "name": "basic eye left"
          },
          {
            "x": 251.9,
            "y": 112.2,
            "type": 768,
            "name": "basic eye right"
          },
          {
            "x": 230.27,
            "y": 105.6,
            "type": 1024,
            "name": "basic eye left outer"
          },
          {
            "x": 255.96,
            "y": 113.61,
            "type": 1280,
            "name": "basic eye right outer"
          },
          {
            "x": 237.41,
            "y": 107.75,
            "type": 1536,
            "name": "basic eye left inner"
          },
          {
            "x": 247.98,
            "y": 111.07,
            "type": 1792,
            "name": "basic eye right inner"
          },
          {
            "x": 225.38,
            "y": 128.43,
            "type": 2048,
            "name": "basic mouth left"
          },
          {
            "x": 240.84,
            "y": 133.77,
            "type": 2304,
            "name": "basic mouth right"
          },
          {
            "x": 235.66,
            "y": 119.45,
            "type": 2560,
            "name": "basic nose tip"
          },
          {
            "x": 232.86,
            "y": 131.08,
            "type": 2816,
            "name": "basic mouth center"
          },
          {
            "x": 232.86,
            "y": 131.08,
            "type": 3072,
            "name": "basic eyebrow left"
          },
          {
            "x": 232.86,
            "y": 131.08,
            "type": 3328,
            "name": "basic eyebrow left inner corner"
          },
          {
            "x": 232.86,
            "y": 131.08,
            "type": 3584,
            "name": "basic eyebrow left outer corner"
          },
          {
            "x": 232.86,
            "y": 131.08,
            "type": 3840,
            "name": "basic eyebrow right"
          },
          {
            "x": 232.86,
            "y": 131.08,
            "type": 4096,
            "name": "basic eyebrow right inner corner"
          },
          {
            "x": 232.86,
            "y": 131.08,
            "type": 4352,
            "name": "basic eyebrow right outer corner"
          },
          {
            "x": 232.86,
            "y": 131.08,
            "type": 4608,
            "name": "basic chin bottom"
          },
          {
            "x": 232.86,
            "y": 131.08,
            "type": 4864,
            "name": "basic chin left"
          },
          {
            "x": 232.86,
            "y": 131.08,
            "type": 5120,
            "name": "basic chin right"
          },
          {
            "x": 230.97,
            "y": 119.3,
            "type": 5376,
            "name": "basic nose left"
          },
          {
            "x": 241.24,
            "y": 122.95,
            "type": 5632,
            "name": "basic nose right"
          }
        ],
        "user_points": null,
        "tags": [
          {
            "name": "5oclock shadow",
            "value": "no",
            "confidence": 0.87
          },
          {
            "name": "age",
            "value": "34",
            "confidence": 0.6
          },
          {
            "name": "arched eyebrows",
            "value": "no",
            "confidence": 1.0
          },
          {
            "name": "attractive",
            "value": "no",
            "confidence": 0.85
          },
          {
            "name": "bags under eyes",
            "value": "no",
            "confidence": 1.0
          },
          {
            "name": "bald",
            "value": "no",
            "confidence": 0.48
          },
          {
            "name": "bangs",
            "value": "no",
            "confidence": 0.56
          },
          {
            "name": "beard",
            "value": "no",
            "confidence": 0.44
          },
          {
            "name": "big lips",
            "value": "no",
            "confidence": 0.69
          },
          {
            "name": "big nose",
            "value": "no",
            "confidence": 0.68
          },
          {
            "name": "black hair",
            "value": "no",
            "confidence": 0.26
          },
          {
            "name": "blond hair",
            "value": "no",
            "confidence": 0.7
          },
          {
            "name": "blurry",
            "value": "yes",
            "confidence": 0.76
          },
          {
            "name": "brown hair",
            "value": "no",
            "confidence": 0.6
          },
          {
            "name": "bushy eyebrows",
            "value": "no",
            "confidence": 0.83
          },
          {
            "name": "chubby",
            "value": "no",
            "confidence": 0.34
          },
          {
            "name": "double chin",
            "value": "no",
            "confidence": 0.73
          },
          {
            "name": "expression",
            "value": "neutral",
            "confidence": 0.58
          },
          {
            "name": "gender",
            "value": "female",
            "confidence": 0.05
          },
          {
            "name": "glasses",
            "value": "no",
            "confidence": 1.0
          },
          {
            "name": "goatee",
            "value": "no",
            "confidence": 0.72
          },
          {
            "name": "gray hair",
            "value": "no",
            "confidence": 0.62
          },
          {
            "name": "heavy makeup",
            "value": "no",
            "confidence": 0.79
          },
          {
            "name": "high cheekbones",
            "value": "no",
            "confidence": 0.63
          },
          {
            "name": "mouth open",
            "value": "no",
            "confidence": 0.19
          },
          {
            "name": "mustache",
            "value": "no",
            "confidence": 0.65
          },
          {
            "name": "narrow eyes",
            "value": "no",
            "confidence": 0.62
          },
          {
            "name": "oval face",
            "value": "yes",
            "confidence": 0.2
          },
          {
            "name": "pale skin",
            "value": "no",
            "confidence": 0.39
          },
          {
            "name": "pitch",
            "value": "-4.78",
            "confidence": 1.0
          },
          {
            "name": "pointy nose",
            "value": "no",
            "confidence": 0.79
          },
          {
            "name": "race",
            "value": "white",
            "confidence": 0.87
          },
          {
            "name": "receding hairline",
            "value": "no",
            "confidence": 0.58
          },
          {
            "name": "rosy cheeks",
            "value": "no",
            "confidence": 0.97
          },
          {
            "name": "sideburns",
            "value": "no",
            "confidence": 0.88
          },
          {
            "name": "straight hair",
            "value": "no",
            "confidence": 0.58
          },
          {
            "name": "wavy hair",
            "value": "no",
            "confidence": 0.54
          },
          {
            "name": "wearing earrings",
            "value": "no",
            "confidence": 0.54
          },
          {
            "name": "wearing hat",
            "value": "yes",
            "confidence": 0.53
          },
          {
            "name": "wearing lipstick",
            "value": "no",
            "confidence": 0.76
          },
          {
            "name": "wearing necklace",
            "value": "no",
            "confidence": 0.49
          },
          {
            "name": "wearing necktie",
            "value": "no",
            "confidence": 1.0
          },
          {
            "name": "yaw",
            "value": "39.38",
            "confidence": 1.0
          },
          {
            "name": "young",
            "value": "yes",
            "confidence": 0.26
          }
        ],
        "person_id": "",
        "appearance_id": 0,
        "start": "00:00:00",
        "duration": "00:00:00"
      }
    ],
    "tags": null,
    "original_filename": "https://raw.githubusercontent.com/sarkrui/Hairstyle60k/master/Dataset/Wave_Hair/IMG_23.jpg",
    "duration": "00:00:00"
  },
  "recognize": null
}