{
  "media": {
    "media_uuid": "8639448b-c24e-4652-bd2c-b295ae924fcd",
    "checksum": "e54d796d03a3223aebc0492c198d9bcd57659bf53e3f3a68d53ea060d352170c",
    "faces": [
      {
        "face_uuid": "c211d7fd-1537-11e9-99c4-0cc47a6c4dbd",
        "media_uuid": "8639448b-c24e-4652-bd2c-b295ae924fcd",
        "x": 116.0,
        "y": 111.0,
        "width": 97.23,
        "height": 141.08,
        "angle": 2.9772,
        "detection_score": 1.0,
        "points": [
          {
            "x": 91.87,
            "y": 98.02,
            "type": 512,
            "name": "basic eye left"
          },
          {
            "x": 142.25,
            "y": 95.4,
            "type": 768,
            "name": "basic eye right"
          },
          {
            "x": 80.73,
            "y": 98.61,
            "type": 1024,
            "name": "basic eye left outer"
          },
          {
            "x": 152.92,
            "y": 94.83,
            "type": 1280,
            "name": "basic eye right outer"
          },
          {
            "x": 102.96,
            "y": 97.96,
            "type": 1536,
            "name": "basic eye left inner"
          },
          {
            "x": 131.85,
            "y": 96.49,
            "type": 1792,
            "name": "basic eye right inner"
          },
          {
            "x": 94.98,
            "y": 146.24,
            "type": 2048,
            "name": "basic mouth left"
          },
          {
            "x": 140.5,
            "y": 144.52,
            "type": 2304,
            "name": "basic mouth right"
          },
          {
            "x": 122.06,
            "y": 130.43,
            "type": 2560,
            "name": "basic nose tip"
          },
          {
            "x": 118.16,
            "y": 146.91,
            "type": 2816,
            "name": "basic mouth center"
          },
          {
            "x": 118.16,
            "y": 146.91,
            "type": 3072,
            "name": "basic eyebrow left"
          },
          {
            "x": 118.16,
            "y": 146.91,
            "type": 3328,
            "name": "basic eyebrow left inner corner"
          },
          {
            "x": 118.16,
            "y": 146.91,
            "type": 3584,
            "name": "basic eyebrow left outer corner"
          },
          {
            "x": 118.16,
            "y": 146.91,
            "type": 3840,
            "name": "basic eyebrow right"
          },
          {
            "x": 118.16,
            "y": 146.91,
            "type": 4096,
            "name": "basic eyebrow right inner corner"
          },
          {
            "x": 118.16,
            "y": 146.91,
            "type": 4352,
            "name": "basic eyebrow right outer corner"
          },
          {
            "x": 118.16,
            "y": 146.91,
            "type": 4608,
            "name": "basic chin bottom"
          },
          {
            "x": 118.16,
            "y": 146.91,
            "type": 4864,
            "name": "basic chin left"
          },
          {
            "x": 118.16,
            "y": 146.91,
            "type": 5120,
            "name": "basic chin right"
          },
          {
            "x": 106.67,
            "y": 128.92,
            "type": 5376,
            "name": "basic nose left"
          },
          {
            "x": 133.81,
            "y": 127.81,
            "type": 5632,
            "name": "basic nose right"
          }
        ],
        "user_points": null,
        "tags": [
          {
            "name": "5oclock shadow",
            "value": "no",
            "confidence": 0.89
          },
          {
            "name": "age",
            "value": "15",
            "confidence": 0.6
          },
          {
            "name": "arched eyebrows",
            "value": "no",
            "confidence": 0.15
          },
          {
            "name": "attractive",
            "value": "yes",
            "confidence": 0.97
          },
          {
            "name": "bags under eyes",
            "value": "no",
            "confidence": 0.56
          },
          {
            "name": "bald",
            "value": "no",
            "confidence": 0.82
          },
          {
            "name": "bangs",
            "value": "no",
            "confidence": 0.27
          },
          {
            "name": "beard",
            "value": "no",
            "confidence": 1.0
          },
          {
            "name": "big lips",
            "value": "no",
            "confidence": 0.15
          },
          {
            "name": "big nose",
            "value": "no",
            "confidence": 0.81
          },
          {
            "name": "black hair",
            "value": "no",
            "confidence": 0.83
          },
          {
            "name": "blond hair",
            "value": "yes",
            "confidence": 1.0
          },
          {
            "name": "blurry",
            "value": "no",
            "confidence": 1.0
          },
          {
            "name": "brown hair",
            "value": "no",
            "confidence": 0.97
          },
          {
            "name": "bushy eyebrows",
            "value": "no",
            "confidence": 0.95
          },
          {
            "name": "chubby",
            "value": "no",
            "confidence": 1.0
          },
          {
            "name": "double chin",
            "value": "no",
            "confidence": 1.0
          },
          {
            "name": "expression",
            "value": "smile",
            "confidence": 0.94
          },
          {
            "name": "gender",
            "value": "female",
            "confidence": 0.96
          },
          {
            "name": "glasses",
            "value": "no",
            "confidence": 1.0
          },
          {
            "name": "goatee",
            "value": "no",
            "confidence": 1.0
          },
          {
            "name": "gray hair",
            "value": "no",
            "confidence": 0.46
          },
          {
            "name": "heavy makeup",
            "value": "yes",
            "confidence": 0.79
          },
          {
            "name": "high cheekbones",
            "value": "yes",
            "confidence": 1.0
          },
          {
            "name": "mouth open",
            "value": "yes",
            "confidence": 1.0
          },
          {
            "name": "mustache",
            "value": "no",
            "confidence": 1.0
          },
          {
            "name": "narrow eyes",
            "value": "no",
            "confidence": 0.78
          },
          {
            "name": "oval face",
            "value": "yes",
            "confidence": 0.67
          },
          {
            "name": "pale skin",
            "value": "no",
            "confidence": 0.03
          },
          {
            "name": "pitch",
            "value": "-8.8",
            "confidence": 1.0
          },
          {
            "name": "pointy nose",
            "value": "yes",
            "confidence": 0.56
          },
          {
            "name": "race",
            "value": "white",
            "confidence": 1.0
          },
          {
            "name": "receding hairline",
            "value": "no",
            "confidence": 0.54
          },
          {
            "name": "rosy cheeks",
            "value": "yes",
            "confidence": 0.59
          },
          {
            "name": "sideburns",
            "value": "no",
            "confidence": 1.0
          },
          {
            "name": "straight hair",
            "value": "yes",
            "confidence": 1.0
          },
          {
            "name": "wavy hair",
            "value": "no",
            "confidence": 1.0
          },
          {
            "name": "wearing earrings",
            "value": "yes",
            "confidence": 0.07
          },
          {
            "name": "wearing hat",
            "value": "no",
            "confidence": 1.0
          },
          {
            "name": "wearing lipstick",
            "value": "yes",
            "confidence": 1.0
          },
          {
            "name": "wearing necklace",
            "value": "yes",
            "confidence": 0.13
          },
          {
            "name": "wearing necktie",
            "value": "no",
            "confidence": 0.84
          },
          {
            "name": "yaw",
            "value": "-5.48",
            "confidence": 1.0
          },
          {
            "name": "young",
            "value": "yes",
            "confidence": 0.63
          }
        ],
        "person_id": "",
        "appearance_id": 0,
        "start": "00:00:00",
        "duration": "00:00:00"
      },
      {
        "face_uuid": "c23e55c5-1537-11e9-99c4-0cc47a6c4dbd",
        "media_uuid": "8639448b-c24e-4652-bd2c-b295ae924fcd",
        "x": 329.0,
        "y": 108.5,
        "width": 82.03,
        "height": 124.95,
        "angle": -14.2274,
        "detection_score": 1.0,
        "points": [
          {
            "x": 301.54,
            "y": 89.2,
            "type": 512,
            "name": "basic eye left"
          },
          {
            "x": 342.42,
            "y": 99.57,
            "type": 768,
            "name": "basic eye right"
          },
          {
            "x": 293.22,
            "y": 87.14,
            "type": 1024,
            "name": "basic eye left outer"
          },
          {
            "x": 352.1,
            "y": 102.19,
            "type": 1280,
            "name": "basic eye right outer"
          },
          {
            "x": 309.66,
            "y": 91.46,
            "type": 1536,
            "name": "basic eye left inner"
          },
          {
            "x": 332.77,
            "y": 97.25,
            "type": 1792,
            "name": "basic eye right inner"
          },
          {
            "x": 296.01,
            "y": 135.78,
            "type": 2048,
            "name": "basic mouth left"
          },
          {
            "x": 334.64,
            "y": 143.87,
            "type": 2304,
            "name": "basic mouth right"
          },
          {
            "x": 308.42,
            "y": 121.42,
            "type": 2560,
            "name": "basic nose tip"
          },
          {
            "x": 314.5,
            "y": 140.75,
            "type": 2816,
            "name": "basic mouth center"
          },
          {
            "x": 314.5,
            "y": 140.75,
            "type": 3072,
            "name": "basic eyebrow left"
          },
          {
            "x": 314.5,
            "y": 140.75,
            "type": 3328,
            "name": "basic eyebrow left inner corner"
          },
          {
            "x": 314.5,
            "y": 140.75,
            "type": 3584,
            "name": "basic eyebrow left outer corner"
          },
          {
            "x": 314.5,
            "y": 140.75,
            "type": 3840,
            "name": "basic eyebrow right"
          },
          {
            "x": 314.5,
            "y": 140.75,
            "type": 4096,
            "name": "basic eyebrow right inner corner"
          },
          {
            "x": 314.5,
            "y": 140.75,
            "type": 4352,
            "name": "basic eyebrow right outer corner"
          },
          {
            "x": 314.5,
            "y": 140.75,
            "type": 4608,
            "name": "basic chin bottom"
          },
          {
            "x": 314.5,
            "y": 140.75,
            "type": 4864,
            "name": "basic chin left"
          },
          {
            "x": 314.5,
            "y": 140.75,
            "type": 5120,
            "name": "basic chin right"
          },
          {
            "x": 300.77,
            "y": 119.89,
            "type": 5376,
            "name": "basic nose left"
          },
          {
            "x": 323.37,
            "y": 125.04,
            "type": 5632,
            "name": "basic nose right"
          }
        ],
        "user_points": null,
        "tags": [
          {
            "name": "5oclock shadow",
            "value": "no",
            "confidence": 1.0
          },
          {
            "name": "age",
            "value": "15",
            "confidence": 0.6
          },
          {
            "name": "arched eyebrows",
            "value": "no",
            "confidence": 0.3
          },
          {
            "name": "attractive",
            "value": "yes",
            "confidence": 0.41
          },
          {
            "name": "bags under eyes",
            "value": "no",
            "confidence": 0.99
          },
          {
            "name": "bald",
            "value": "no",
            "confidence": 1.0
          },
          {
            "name": "bangs",
            "value": "no",
            "confidence": 0.21
          },
          {
            "name": "beard",
            "value": "no",
            "confidence": 1.0
          },
          {
            "name": "big lips",
            "value": "no",
            "confidence": 0.05
          },
          {
            "name": "big nose",
            "value": "no",
            "confidence": 0.96
          },
          {
            "name": "black hair",
            "value": "no",
            "confidence": 0.82
          },
          {
            "name": "blond hair",
            "value": "yes",
            "confidence": 0.89
          },
          {
            "name": "blurry",
            "value": "no",
            "confidence": 0.72
          },
          {
            "name": "brown hair",
            "value": "no",
            "confidence": 0.51
          },
          {
            "name": "bushy eyebrows",
            "value": "no",
            "confidence": 0.98
          },
          {
            "name": "chubby",
            "value": "no",
            "confidence": 1.0
          },
          {
            "name": "double chin",
            "value": "no",
            "confidence": 0.87
          },
          {
            "name": "expression",
            "value": "smile",
            "confidence": 1.0
          },
          {
            "name": "gender",
            "value": "female",
            "confidence": 0.91
          },
          {
            "name": "glasses",
            "value": "no",
            "confidence": 1.0
          },
          {
            "name": "goatee",
            "value": "no",
            "confidence": 1.0
          },
          {
            "name": "gray hair",
            "value": "no",
            "confidence": 0.53
          },
          {
            "name": "heavy makeup",
            "value": "yes",
            "confidence": 0.7
          },
          {
            "name": "high cheekbones",
            "value": "yes",
            "confidence": 0.98
          },
          {
            "name": "mouth open",
            "value": "yes",
            "confidence": 1.0
          },
          {
            "name": "mustache",
            "value": "no",
            "confidence": 1.0
          },
          {
            "name": "narrow eyes",
            "value": "no",
            "confidence": 0.87
          },
          {
            "name": "oval face",
            "value": "yes",
            "confidence": 0.25
          },
          {
            "name": "pale skin",
            "value": "no",
            "confidence": 0.16
          },
          {
            "name": "pitch",
            "value": "-8.49",
            "confidence": 1.0
          },
          {
            "name": "pointy nose",
            "value": "yes",
            "confidence": 0.58
          },
          {
            "name": "race",
            "value": "white",
            "confidence": 1.0
          },
          {
            "name": "receding hairline",
            "value": "no",
            "confidence": 0.81
          },
          {
            "name": "rosy cheeks",
            "value": "yes",
            "confidence": 0.43
          },
          {
            "name": "sideburns",
            "value": "no",
            "confidence": 1.0
          },
          {
            "name": "straight hair",
            "value": "yes",
            "confidence": 0.33
          },
          {
            "name": "wavy hair",
            "value": "no",
            "confidence": 0.11
          },
          {
            "name": "wearing earrings",
            "value": "yes",
            "confidence": 0.27
          },
          {
            "name": "wearing hat",
            "value": "no",
            "confidence": 1.0
          },
          {
            "name": "wearing lipstick",
            "value": "yes",
            "confidence": 1.0
          },
          {
            "name": "wearing necklace",
            "value": "yes",
            "confidence": 0.22
          },
          {
            "name": "wearing necktie",
            "value": "no",
            "confidence": 0.97
          },
          {
            "name": "yaw",
            "value": "10.39",
            "confidence": 1.0
          },
          {
            "name": "young",
            "value": "yes",
            "confidence": 0.09
          }
        ],
        "person_id": "",
        "appearance_id": 0,
        "start": "00:00:00",
        "duration": "00:00:00"
      }
    ],
    "tags": null,
    "original_filename": "https://raw.githubusercontent.com/sarkrui/Hairstyle60k/master/Dataset/Wave_Hair/IMG_12.jpg",
    "duration": "00:00:00"
  },
  "recognize": null
}