{
  "media": {
    "media_uuid": "e4ecc845-4d0f-4afe-821a-fdda6e9ea9a0",
    "checksum": "3b6dc8c39470250c3fc9f360cbe96f437b56f20df522fc10bff013b6d1075db8",
    "faces": [
      {
        "face_uuid": "bc0c19a5-1537-11e9-99c4-0cc47a6c4dbd",
        "media_uuid": "e4ecc845-4d0f-4afe-821a-fdda6e9ea9a0",
        "x": 358.53,
        "y": 135.67,
        "width": 119.36,
        "height": 172.75,
        "angle": 12.3188,
        "detection_score": 1.0,
        "points": [
          {
            "x": 307.71,
            "y": 126.54,
            "type": 512,
            "name": "basic eye left"
          },
          {
            "x": 365.4,
            "y": 113.94,
            "type": 768,
            "name": "basic eye right"
          },
          {
            "x": 296.17,
            "y": 129.31,
            "type": 1024,
            "name": "basic eye left outer"
          },
          {
            "x": 378.7,
            "y": 111.18,
            "type": 1280,
            "name": "basic eye right outer"
          },
          {
            "x": 319.07,
            "y": 124.4,
            "type": 1536,
            "name": "basic eye left inner"
          },
          {
            "x": 352.43,
            "y": 117.22,
            "type": 1792,
            "name": "basic eye right inner"
          },
          {
            "x": 320.11,
            "y": 192.01,
            "type": 2048,
            "name": "basic mouth left"
          },
          {
            "x": 369.35,
            "y": 183.14,
            "type": 2304,
            "name": "basic mouth right"
          },
          {
            "x": 332.01,
            "y": 159.74,
            "type": 2560,
            "name": "basic nose tip"
          },
          {
            "x": 343.68,
            "y": 188.22,
            "type": 2816,
            "name": "basic mouth center"
          },
          {
            "x": 343.68,
            "y": 188.22,
            "type": 3072,
            "name": "basic eyebrow left"
          },
          {
            "x": 343.68,
            "y": 188.22,
            "type": 3328,
            "name": "basic eyebrow left inner corner"
          },
          {
            "x": 343.68,
            "y": 188.22,
            "type": 3584,
            "name": "basic eyebrow left outer corner"
          },
          {
            "x": 343.68,
            "y": 188.22,
            "type": 3840,
            "name": "basic eyebrow right"
          },
          {
            "x": 343.68,
            "y": 188.22,
            "type": 4096,
            "name": "basic eyebrow right inner corner"
          },
          {
            "x": 343.68,
            "y": 188.22,
            "type": 4352,
            "name": "basic eyebrow right outer corner"
          },
          {
            "x": 343.68,
            "y": 188.22,
            "type": 4608,
            "name": "basic chin bottom"
          },
          {
            "x": 343.68,
            "y": 188.22,
            "type": 4864,
            "name": "basic chin left"
          },
          {
            "x": 343.68,
            "y": 188.22,
            "type": 5120,
            "name": "basic chin right"
          },
          {
            "x": 320.91,
            "y": 164.24,
            "type": 5376,
            "name": "basic nose left"
          },
          {
            "x": 352.81,
            "y": 158.01,
            "type": 5632,
            "name": "basic nose right"
          }
        ],
        "user_points": null,
        "tags": [
          {
            "name": "5oclock shadow",
            "value": "no",
            "confidence": 1.0
          },
          {
            "name": "age",
            "value": "25",
            "confidence": 0.6
          },
          {
            "name": "arched eyebrows",
            "value": "no",
            "confidence": 1.0
          },
          {
            "name": "attractive",
            "value": "no",
            "confidence": 0.26
          },
          {
            "name": "bags under eyes",
            "value": "no",
            "confidence": 1.0
          },
          {
            "name": "bald",
            "value": "no",
            "confidence": 0.77
          },
          {
            "name": "bangs",
            "value": "no",
            "confidence": 0.08
          },
          {
            "name": "beard",
            "value": "no",
            "confidence": 0.9
          },
          {
            "name": "big lips",
            "value": "no",
            "confidence": 0.64
          },
          {
            "name": "big nose",
            "value": "no",
            "confidence": 1.0
          },
          {
            "name": "black hair",
            "value": "no",
            "confidence": 0.69
          },
          {
            "name": "blond hair",
            "value": "no",
            "confidence": 0.35
          },
          {
            "name": "blurry",
            "value": "yes",
            "confidence": 0.08
          },
          {
            "name": "brown hair",
            "value": "yes",
            "confidence": 0.35
          },
          {
            "name": "bushy eyebrows",
            "value": "no",
            "confidence": 1.0
          },
          {
            "name": "chubby",
            "value": "no",
            "confidence": 0.91
          },
          {
            "name": "double chin",
            "value": "no",
            "confidence": 1.0
          },
          {
            "name": "expression",
            "value": "neutral",
            "confidence": 0.94
          },
          {
            "name": "gender",
            "value": "female",
            "confidence": 0.6
          },
          {
            "name": "glasses",
            "value": "no",
            "confidence": 1.0
          },
          {
            "name": "goatee",
            "value": "no",
            "confidence": 0.94
          },
          {
            "name": "gray hair",
            "value": "no",
            "confidence": 0.82
          },
          {
            "name": "heavy makeup",
            "value": "no",
            "confidence": 0.45
          },
          {
            "name": "high cheekbones",
            "value": "no",
            "confidence": 0.89
          },
          {
            "name": "mouth open",
            "value": "no",
            "confidence": 0.81
          },
          {
            "name": "mustache",
            "value": "no",
            "confidence": 1.0
          },
          {
            "name": "narrow eyes",
            "value": "no",
            "confidence": 0.53
          },
          {
            "name": "oval face",
            "value": "yes",
            "confidence": 0.57
          },
          {
            "name": "pale skin",
            "value": "yes",
            "confidence": 0.37
          },
          {
            "name": "pitch",
            "value": "-5.34",
            "confidence": 1.0
          },
          {
            "name": "pointy nose",
            "value": "no",
            "confidence": 0.59
          },
          {
            "name": "race",
            "value": "white",
            "confidence": 0.99
          },
          {
            "name": "receding hairline",
            "value": "no",
            "confidence": 0.59
          },
          {
            "name": "rosy cheeks",
            "value": "no",
            "confidence": 1.0
          },
          {
            "name": "sideburns",
            "value": "no",
            "confidence": 0.96
          },
          {
            "name": "straight hair",
            "value": "yes",
            "confidence": 0.41
          },
          {
            "name": "wavy hair",
            "value": "no",
            "confidence": 0.57
          },
          {
            "name": "wearing earrings",
            "value": "no",
            "confidence": 0.77
          },
          {
            "name": "wearing hat",
            "value": "no",
            "confidence": 0.73
          },
          {
            "name": "wearing lipstick",
            "value": "no",
            "confidence": 0.22
          },
          {
            "name": "wearing necklace",
            "value": "no",
            "confidence": 0.73
          },
          {
            "name": "wearing necktie",
            "value": "no",
            "confidence": 0.95
          },
          {
            "name": "yaw",
            "value": "-0.91",
            "confidence": 1.0
          },
          {
            "name": "young",
            "value": "yes",
            "confidence": 0.66
          }
        ],
        "person_id": "",
        "appearance_id": 0,
        "start": "00:00:00",
        "duration": "00:00:00"
      }
    ],
    "tags": null,
    "original_filename": "https://raw.githubusercontent.com/sarkrui/Hairstyle60k/master/Dataset/Wave_Hair/IMG_6.jpg",
    "duration": "00:00:00"
  },
  "recognize": null
}