{
  "media": {
    "media_uuid": "d70ea68f-7934-46ac-80d0-22ec5a219ea4",
    "checksum": "200bd6e86747d464544105d14bdf6ecabfe3490994b7f3a85f8a1201910a3199",
    "faces": [
      {
        "face_uuid": "c55a341e-1537-11e9-99c4-0cc47a6c4dbd",
        "media_uuid": "d70ea68f-7934-46ac-80d0-22ec5a219ea4",
        "x": 141.5,
        "y": 130.0,
        "width": 94.61,
        "height": 131.88,
        "angle": 12.1482,
        "detection_score": 1.0,
        "points": [
          {
            "x": 119.32,
            "y": 122.8,
            "type": 512,
            "name": "basic eye left"
          },
          {
            "x": 170.83,
            "y": 111.72,
            "type": 768,
            "name": "basic eye right"
          },
          {
            "x": 107.46,
            "y": 125.37,
            "type": 1024,
            "name": "basic eye left outer"
          },
          {
            "x": 180.51,
            "y": 109.6,
            "type": 1280,
            "name": "basic eye right outer"
          },
          {
            "x": 131.35,
            "y": 121.4,
            "type": 1536,
            "name": "basic eye left inner"
          },
          {
            "x": 161.63,
            "y": 114.95,
            "type": 1792,
            "name": "basic eye right inner"
          },
          {
            "x": 139.68,
            "y": 177.48,
            "type": 2048,
            "name": "basic mouth left"
          },
          {
            "x": 182.21,
            "y": 169.59,
            "type": 2304,
            "name": "basic mouth right"
          },
          {
            "x": 169.39,
            "y": 148.65,
            "type": 2560,
            "name": "basic nose tip"
          },
          {
            "x": 162.28,
            "y": 173.82,
            "type": 2816,
            "name": "basic mouth center"
          },
          {
            "x": 162.28,
            "y": 173.82,
            "type": 3072,
            "name": "basic eyebrow left"
          },
          {
            "x": 162.28,
            "y": 173.82,
            "type": 3328,
            "name": "basic eyebrow left inner corner"
          },
          {
            "x": 162.28,
            "y": 173.82,
            "type": 3584,
            "name": "basic eyebrow left outer corner"
          },
          {
            "x": 162.28,
            "y": 173.82,
            "type": 3840,
            "name": "basic eyebrow right"
          },
          {
            "x": 162.28,
            "y": 173.82,
            "type": 4096,
            "name": "basic eyebrow right inner corner"
          },
          {
            "x": 162.28,
            "y": 173.82,
            "type": 4352,
            "name": "basic eyebrow right outer corner"
          },
          {
            "x": 162.28,
            "y": 173.82,
            "type": 4608,
            "name": "basic chin bottom"
          },
          {
            "x": 162.28,
            "y": 173.82,
            "type": 4864,
            "name": "basic chin left"
          },
          {
            "x": 162.28,
            "y": 173.82,
            "type": 5120,
            "name": "basic chin right"
          },
          {
            "x": 148.92,
            "y": 155.09,
            "type": 5376,
            "name": "basic nose left"
          },
          {
            "x": 177.06,
            "y": 149.45,
            "type": 5632,
            "name": "basic nose right"
          }
        ],
        "user_points": null,
        "tags": [
          {
            "name": "5oclock shadow",
            "value": "no",
            "confidence": 0.72
          },
          {
            "name": "age",
            "value": "12",
            "confidence": 0.6
          },
          {
            "name": "arched eyebrows",
            "value": "no",
            "confidence": 0.77
          },
          {
            "name": "attractive",
            "value": "no",
            "confidence": 0.07
          },
          {
            "name": "bags under eyes",
            "value": "no",
            "confidence": 0.7
          },
          {
            "name": "bald",
            "value": "no",
            "confidence": 1.0
          },
          {
            "name": "bangs",
            "value": "yes",
            "confidence": 0.69
          },
          {
            "name": "beard",
            "value": "no",
            "confidence": 0.55
          },
          {
            "name": "big lips",
            "value": "no",
            "confidence": 0.07
          },
          {
            "name": "big nose",
            "value": "no",
            "confidence": 0.74
          },
          {
            "name": "black hair",
            "value": "no",
            "confidence": 1.0
          },
          {
            "name": "blond hair",
            "value": "yes",
            "confidence": 0.37
          },
          {
            "name": "blurry",
            "value": "no",
            "confidence": 0.23
          },
          {
            "name": "brown hair",
            "value": "no",
            "confidence": 0.26
          },
          {
            "name": "bushy eyebrows",
            "value": "no",
            "confidence": 0.48
          },
          {
            "name": "chubby",
            "value": "no",
            "confidence": 1.0
          },
          {
            "name": "double chin",
            "value": "no",
            "confidence": 1.0
          },
          {
            "name": "expression",
            "value": "neutral",
            "confidence": 1.0
          },
          {
            "name": "gender",
            "value": "female",
            "confidence": 0.37
          },
          {
            "name": "glasses",
            "value": "no",
            "confidence": 1.0
          },
          {
            "name": "goatee",
            "value": "no",
            "confidence": 0.57
          },
          {
            "name": "gray hair",
            "value": "no",
            "confidence": 0.66
          },
          {
            "name": "heavy makeup",
            "value": "no",
            "confidence": 0.28
          },
          {
            "name": "high cheekbones",
            "value": "no",
            "confidence": 1.0
          },
          {
            "name": "mouth open",
            "value": "no",
            "confidence": 0.83
          },
          {
            "name": "mustache",
            "value": "no",
            "confidence": 0.64
          },
          {
            "name": "narrow eyes",
            "value": "no",
            "confidence": 0.38
          },
          {
            "name": "oval face",
            "value": "no",
            "confidence": 0.48
          },
          {
            "name": "pale skin",
            "value": "yes",
            "confidence": 0.41
          },
          {
            "name": "pitch",
            "value": "-6.87",
            "confidence": 1.0
          },
          {
            "name": "pointy nose",
            "value": "yes",
            "confidence": 0.03
          },
          {
            "name": "race",
            "value": "asian",
            "confidence": 1.0
          },
          {
            "name": "receding hairline",
            "value": "no",
            "confidence": 1.0
          },
          {
            "name": "rosy cheeks",
            "value": "no",
            "confidence": 1.0
          },
          {
            "name": "sideburns",
            "value": "no",
            "confidence": 0.54
          },
          {
            "name": "straight hair",
            "value": "no",
            "confidence": 0.62
          },
          {
            "name": "wavy hair",
            "value": "yes",
            "confidence": 0.44
          },
          {
            "name": "wearing earrings",
            "value": "no",
            "confidence": 0.91
          },
          {
            "name": "wearing hat",
            "value": "no",
            "confidence": 0.27
          },
          {
            "name": "wearing lipstick",
            "value": "no",
            "confidence": 0.08
          },
          {
            "name": "wearing necklace",
            "value": "no",
            "confidence": 0.25
          },
          {
            "name": "wearing necktie",
            "value": "no",
            "confidence": 1.0
          },
          {
            "name": "yaw",
            "value": "-13.33",
            "confidence": 1.0
          },
          {
            "name": "young",
            "value": "yes",
            "confidence": 0.7
          }
        ],
        "person_id": "",
        "appearance_id": 0,
        "start": "00:00:00",
        "duration": "00:00:00"
      }
    ],
    "tags": null,
    "original_filename": "https://raw.githubusercontent.com/sarkrui/Hairstyle60k/master/Dataset/Wave_Hair/IMG_15.jpg",
    "duration": "00:00:00"
  },
  "recognize": null
}