[
{
  "media": {
    "media_uuid": "ca5838fa-a264-48a1-a7da-28990b051b4f",
    "checksum": "836c36e7005311adc7d72223e59a721545b420aa8d1e0ec63215a113c7f17d87",
    "faces": null,
    "tags": null,
    "original_filename": "https://raw.githubusercontent.com/sarkrui/Hairstyle60k/master/Dataset/Rattail/IMG_1.jpg",
    "duration": "00:00:00"
  },
  "recognize": null
},
{
  "media": {
    "media_uuid": "affff24c-767e-454e-be6e-5fec41ee4988",
    "checksum": "bdaf44d9b698ebe0872864e3203dc296bcd63c885a8d8b532497c4e95c40de91",
    "faces": null,
    "tags": null,
    "original_filename": "https://raw.githubusercontent.com/sarkrui/Hairstyle60k/master/Dataset/Rattail/IMG_2.jpg",
    "duration": "00:00:00"
  },
  "recognize": null
},
{
  "media": {
    "media_uuid": "4729a9f7-3dfb-46f6-9b72-7b7ad612825f",
    "checksum": "7283085221c027eddd3a50a239c9e16f6d1fb5b46899ae6364e3ababe9868bb6",
    "faces": null,
    "tags": null,
    "original_filename": "https://raw.githubusercontent.com/sarkrui/Hairstyle60k/master/Dataset/Rattail/IMG_3.jpg",
    "duration": "00:00:00"
  },
  "recognize": null
},
{
  "media": {
    "media_uuid": "031633d0-63fe-48c4-bb47-9e6101a745e5",
    "checksum": "15de3903341ec6ae0b0c2c4abcae2bd74c9c453ac72b46df9898c2ff2c5307c4",
    "faces": [
      {
        "face_uuid": "ae141ea4-1536-11e9-99c4-0cc47a6c4dbd",
        "media_uuid": "031633d0-63fe-48c4-bb47-9e6101a745e5",
        "x": 204.0,
        "y": 151.0,
        "width": 69.27,
        "height": 142.38,
        "angle": -34.9638,
        "detection_score": 1.0,
        "points": [
          {
            "x": 175.74,
            "y": 101.12,
            "type": 512,
            "name": "basic eye left"
          },
          {
            "x": 219.89,
            "y": 132.0,
            "type": 768,
            "name": "basic eye right"
          },
          {
            "x": 166.87,
            "y": 95.33,
            "type": 1024,
            "name": "basic eye left outer"
          },
          {
            "x": 230.14,
            "y": 139.39,
            "type": 1280,
            "name": "basic eye right outer"
          },
          {
            "x": 184.0,
            "y": 107.31,
            "type": 1536,
            "name": "basic eye left inner"
          },
          {
            "x": 209.91,
            "y": 125.52,
            "type": 1792,
            "name": "basic eye right inner"
          },
          {
            "x": 156.51,
            "y": 159.58,
            "type": 2048,
            "name": "basic mouth left"
          },
          {
            "x": 188.59,
            "y": 182.49,
            "type": 2304,
            "name": "basic mouth right"
          },
          {
            "x": 176.19,
            "y": 141.59,
            "type": 2560,
            "name": "basic nose tip"
          },
          {
            "x": 171.92,
            "y": 170.7,
            "type": 2816,
            "name": "basic mouth center"
          },
          {
            "x": 171.92,
            "y": 170.7,
            "type": 3072,
            "name": "basic eyebrow left"
          },
          {
            "x": 171.92,
            "y": 170.7,
            "type": 3328,
            "name": "basic eyebrow left inner corner"
          },
          {
            "x": 171.92,
            "y": 170.7,
            "type": 3584,
            "name": "basic eyebrow left outer corner"
          },
          {
            "x": 171.92,
            "y": 170.7,
            "type": 3840,
            "name": "basic eyebrow right"
          },
          {
            "x": 171.92,
            "y": 170.7,
            "type": 4096,
            "name": "basic eyebrow right inner corner"
          },
          {
            "x": 171.92,
            "y": 170.7,
            "type": 4352,
            "name": "basic eyebrow right outer corner"
          },
          {
            "x": 171.92,
            "y": 170.7,
            "type": 4608,
            "name": "basic chin bottom"
          },
          {
            "x": 171.92,
            "y": 170.7,
            "type": 4864,
            "name": "basic chin left"
          },
          {
            "x": 171.92,
            "y": 170.7,
            "type": 5120,
            "name": "basic chin right"
          },
          {
            "x": 165.68,
            "y": 138.44,
            "type": 5376,
            "name": "basic nose left"
          },
          {
            "x": 188.57,
            "y": 154.57,
            "type": 5632,
            "name": "basic nose right"
          }
        ],
        "user_points": null,
        "tags": [
          {
            "name": "5oclock shadow",
            "value": "no",
            "confidence": 1.0
          },
          {
            "name": "age",
            "value": "26",
            "confidence": 0.6
          },
          {
            "name": "arched eyebrows",
            "value": "no",
            "confidence": 1.0
          },
          {
            "name": "attractive",
            "value": "no",
            "confidence": 0.52
          },
          {
            "name": "bags under eyes",
            "value": "no",
            "confidence": 1.0
          },
          {
            "name": "bald",
            "value": "no",
            "confidence": 0.74
          },
          {
            "name": "bangs",
            "value": "no",
            "confidence": 0.09
          },
          {
            "name": "beard",
            "value": "no",
            "confidence": 0.69
          },
          {
            "name": "big lips",
            "value": "no",
            "confidence": 0.44
          },
          {
            "name": "big nose",
            "value": "no",
            "confidence": 1.0
          },
          {
            "name": "black hair",
            "value": "no",
            "confidence": 0.03
          },
          {
            "name": "blond hair",
            "value": "no",
            "confidence": 0.83
          },
          {
            "name": "blurry",
            "value": "yes",
            "confidence": 0.59
          },
          {
            "name": "brown hair",
            "value": "no",
            "confidence": 0.47
          },
          {
            "name": "bushy eyebrows",
            "value": "no",
            "confidence": 0.78
          },
          {
            "name": "chubby",
            "value": "no",
            "confidence": 1.0
          },
          {
            "name": "double chin",
            "value": "no",
            "confidence": 1.0
          },
          {
            "name": "expression",
            "value": "neutral",
            "confidence": 0.73
          },
          {
            "name": "gender",
            "value": "female",
            "confidence": 0.45
          },
          {
            "name": "glasses",
            "value": "no",
            "confidence": 1.0
          },
          {
            "name": "goatee",
            "value": "no",
            "confidence": 0.93
          },
          {
            "name": "gray hair",
            "value": "no",
            "confidence": 1.0
          },
          {
            "name": "heavy makeup",
            "value": "no",
            "confidence": 0.56
          },
          {
            "name": "high cheekbones",
            "value": "no",
            "confidence": 0.77
          },
          {
            "name": "mouth open",
            "value": "no",
            "confidence": 0.4
          },
          {
            "name": "mustache",
            "value": "no",
            "confidence": 0.91
          },
          {
            "name": "narrow eyes",
            "value": "no",
            "confidence": 0.29
          },
          {
            "name": "oval face",
            "value": "no",
            "confidence": 0.11
          },
          {
            "name": "pale skin",
            "value": "yes",
            "confidence": 0.44
          },
          {
            "name": "pitch",
            "value": "-5.52",
            "confidence": 1.0
          },
          {
            "name": "pointy nose",
            "value": "no",
            "confidence": 0.19
          },
          {
            "name": "race",
            "value": "asian",
            "confidence": 0.99
          },
          {
            "name": "receding hairline",
            "value": "no",
            "confidence": 0.77
          },
          {
            "name": "rosy cheeks",
            "value": "no",
            "confidence": 1.0
          },
          {
            "name": "sideburns",
            "value": "no",
            "confidence": 1.0
          },
          {
            "name": "straight hair",
            "value": "yes",
            "confidence": 0.07
          },
          {
            "name": "wavy hair",
            "value": "no",
            "confidence": 0.73
          },
          {
            "name": "wearing earrings",
            "value": "no",
            "confidence": 0.78
          },
          {
            "name": "wearing hat",
            "value": "yes",
            "confidence": 0.17
          },
          {
            "name": "wearing lipstick",
            "value": "no",
            "confidence": 0.35
          },
          {
            "name": "wearing necklace",
            "value": "no",
            "confidence": 0.57
          },
          {
            "name": "wearing necktie",
            "value": "no",
            "confidence": 1.0
          },
          {
            "name": "yaw",
            "value": "-10.07",
            "confidence": 1.0
          },
          {
            "name": "young",
            "value": "yes",
            "confidence": 0.74
          }
        ],
        "person_id": "",
        "appearance_id": 0,
        "start": "00:00:00",
        "duration": "00:00:00"
      }
    ],
    "tags": null,
    "original_filename": "https://raw.githubusercontent.com/sarkrui/Hairstyle60k/master/Dataset/Rattail/IMG_4.jpg",
    "duration": "00:00:00"
  },
  "recognize": null
},
{
  "media": {
    "media_uuid": "c5431e0a-49c0-4459-b919-0a0b8c7e8c7f",
    "checksum": "81a1005dd8b9dc6dadf35e7d52a9b53bddeb1b406b1cd87d69d69a24c1081baa",
    "faces": null,
    "tags": null,
    "original_filename": "https://raw.githubusercontent.com/sarkrui/Hairstyle60k/master/Dataset/Rattail/IMG_5.jpg",
    "duration": "00:00:00"
  },
  "recognize": null
},
{
  "media": {
    "media_uuid": "e5635aee-8acc-414f-a676-4c4696d0bec2",
    "checksum": "2e425ceb5d1af56d5ee7bfe82b9d2af6ad756bea06d6576b4f09d22c3edc20bd",
    "faces": [
      {
        "face_uuid": "af88e86f-1536-11e9-99c4-0cc47a6c4dbd",
        "media_uuid": "e5635aee-8acc-414f-a676-4c4696d0bec2",
        "x": 265.0,
        "y": 332.0,
        "width": 182.3,
        "height": 266.74,
        "angle": -15.7051,
        "detection_score": 0.87,
        "points": [
          {
            "x": 162.85,
            "y": 250.95,
            "type": 512,
            "name": "basic eye left"
          },
          {
            "x": 288.04,
            "y": 286.15,
            "type": 768,
            "name": "basic eye right"
          },
          {
            "x": 138.2,
            "y": 245.58,
            "type": 1024,
            "name": "basic eye left outer"
          },
          {
            "x": 315.22,
            "y": 295.34,
            "type": 1280,
            "name": "basic eye right outer"
          },
          {
            "x": 186.44,
            "y": 259.32,
            "type": 1536,
            "name": "basic eye left inner"
          },
          {
            "x": 261.94,
            "y": 280.78,
            "type": 1792,
            "name": "basic eye right inner"
          },
          {
            "x": 192.89,
            "y": 408.59,
            "type": 2048,
            "name": "basic mouth left"
          },
          {
            "x": 273.15,
            "y": 428.94,
            "type": 2304,
            "name": "basic mouth right"
          },
          {
            "x": 211.7,
            "y": 338.73,
            "type": 2560,
            "name": "basic nose tip"
          },
          {
            "x": 232.13,
            "y": 418.54,
            "type": 2816,
            "name": "basic mouth center"
          },
          {
            "x": 232.13,
            "y": 418.54,
            "type": 3072,
            "name": "basic eyebrow left"
          },
          {
            "x": 232.13,
            "y": 418.54,
            "type": 3328,
            "name": "basic eyebrow left inner corner"
          },
          {
            "x": 232.13,
            "y": 418.54,
            "type": 3584,
            "name": "basic eyebrow left outer corner"
          },
          {
            "x": 232.13,
            "y": 418.54,
            "type": 3840,
            "name": "basic eyebrow right"
          },
          {
            "x": 232.13,
            "y": 418.54,
            "type": 4096,
            "name": "basic eyebrow right inner corner"
          },
          {
            "x": 232.13,
            "y": 418.54,
            "type": 4352,
            "name": "basic eyebrow right outer corner"
          },
          {
            "x": 232.13,
            "y": 418.54,
            "type": 4608,
            "name": "basic chin bottom"
          },
          {
            "x": 232.13,
            "y": 418.54,
            "type": 4864,
            "name": "basic chin left"
          },
          {
            "x": 232.13,
            "y": 418.54,
            "type": 5120,
            "name": "basic chin right"
          },
          {
            "x": 185.02,
            "y": 342.94,
            "type": 5376,
            "name": "basic nose left"
          },
          {
            "x": 243.65,
            "y": 359.45,
            "type": 5632,
            "name": "basic nose right"
          }
        ],
        "user_points": null,
        "tags": [
          {
            "name": "5oclock shadow",
            "value": "no",
            "confidence": 0.86
          },
          {
            "name": "age",
            "value": "50",
            "confidence": 0.6
          },
          {
            "name": "arched eyebrows",
            "value": "no",
            "confidence": 1.0
          },
          {
            "name": "attractive",
            "value": "no",
            "confidence": 0.74
          },
          {
            "name": "bags under eyes",
            "value": "no",
            "confidence": 0.75
          },
          {
            "name": "bald",
            "value": "no",
            "confidence": 0.66
          },
          {
            "name": "bangs",
            "value": "yes",
            "confidence": 0.1
          },
          {
            "name": "beard",
            "value": "no",
            "confidence": 0.54
          },
          {
            "name": "big lips",
            "value": "no",
            "confidence": 0.24
          },
          {
            "name": "big nose",
            "value": "no",
            "confidence": 0.31
          },
          {
            "name": "black hair",
            "value": "no",
            "confidence": 0.08
          },
          {
            "name": "blond hair",
            "value": "no",
            "confidence": 0.87
          },
          {
            "name": "blurry",
            "value": "yes",
            "confidence": 0.35
          },
          {
            "name": "brown hair",
            "value": "no",
            "confidence": 0.55
          },
          {
            "name": "bushy eyebrows",
            "value": "no",
            "confidence": 0.54
          },
          {
            "name": "chubby",
            "value": "no",
            "confidence": 0.6
          },
          {
            "name": "double chin",
            "value": "no",
            "confidence": 0.9
          },
          {
            "name": "expression",
            "value": "neutral",
            "confidence": 0.79
          },
          {
            "name": "gender",
            "value": "female",
            "confidence": 0.01
          },
          {
            "name": "glasses",
            "value": "no",
            "confidence": 1.0
          },
          {
            "name": "goatee",
            "value": "no",
            "confidence": 0.77
          },
          {
            "name": "gray hair",
            "value": "no",
            "confidence": 0.74
          },
          {
            "name": "heavy makeup",
            "value": "no",
            "confidence": 0.85
          },
          {
            "name": "high cheekbones",
            "value": "no",
            "confidence": 0.57
          },
          {
            "name": "mouth open",
            "value": "no",
            "confidence": 0.28
          },
          {
            "name": "mustache",
            "value": "no",
            "confidence": 0.61
          },
          {
            "name": "narrow eyes",
            "value": "no",
            "confidence": 0.48
          },
          {
            "name": "oval face",
            "value": "no",
            "confidence": 0.2
          },
          {
            "name": "pale skin",
            "value": "yes",
            "confidence": 0.21
          },
          {
            "name": "pitch",
            "value": "-5.84",
            "confidence": 1.0
          },
          {
            "name": "pointy nose",
            "value": "no",
            "confidence": 0.62
          },
          {
            "name": "race",
            "value": "asian",
            "confidence": 0.89
          },
          {
            "name": "receding hairline",
            "value": "no",
            "confidence": 0.8
          },
          {
            "name": "rosy cheeks",
            "value": "no",
            "confidence": 1.0
          },
          {
            "name": "sideburns",
            "value": "no",
            "confidence": 0.9
          },
          {
            "name": "straight hair",
            "value": "no",
            "confidence": 0.57
          },
          {
            "name": "wavy hair",
            "value": "no",
            "confidence": 0.39
          },
          {
            "name": "wearing earrings",
            "value": "no",
            "confidence": 0.66
          },
          {
            "name": "wearing hat",
            "value": "yes",
            "confidence": 0.3
          },
          {
            "name": "wearing lipstick",
            "value": "no",
            "confidence": 0.69
          },
          {
            "name": "wearing necklace",
            "value": "no",
            "confidence": 0.52
          },
          {
            "name": "wearing necktie",
            "value": "no",
            "confidence": 1.0
          },
          {
            "name": "yaw",
            "value": "21.07",
            "confidence": 1.0
          },
          {
            "name": "young",
            "value": "yes",
            "confidence": 0.32
          }
        ],
        "person_id": "",
        "appearance_id": 0,
        "start": "00:00:00",
        "duration": "00:00:00"
      }
    ],
    "tags": null,
    "original_filename": "https://raw.githubusercontent.com/sarkrui/Hairstyle60k/master/Dataset/Rattail/IMG_6.jpg",
    "duration": "00:00:00"
  },
  "recognize": null
},
{
  "media": {
    "media_uuid": "f5dfbe8c-9d6a-410e-8c4c-c247d7dceae1",
    "checksum": "94fabc46a87e1baa34f197e40d8f1c4c6fe4bc18fe4f4dc9424850ca4a503388",
    "faces": null,
    "tags": null,
    "original_filename": "https://raw.githubusercontent.com/sarkrui/Hairstyle60k/master/Dataset/Rattail/IMG_7.jpg",
    "duration": "00:00:00"
  },
  "recognize": null
},
{
  "media": {
    "media_uuid": "d09b4d08-834d-4b96-bc0e-da79a6369b95",
    "checksum": "65d0f870c260a48d7165e8b9ff862ff839a2074d4e4f5db86bb041b93f4693dc",
    "faces": null,
    "tags": null,
    "original_filename": "https://raw.githubusercontent.com/sarkrui/Hairstyle60k/master/Dataset/Rattail/IMG_8.jpg",
    "duration": "00:00:00"
  },
  "recognize": null
},
{
  "media": {
    "media_uuid": "90325ded-1f52-4f44-9605-307a53016423",
    "checksum": "cdc9b0867b2fb439904138d1309191519e70505168ba7fb2cf7a051029b7ba79",
    "faces": [
      {
        "face_uuid": "b1aba890-1536-11e9-99c4-0cc47a6c4dbd",
        "media_uuid": "90325ded-1f52-4f44-9605-307a53016423",
        "x": 305.0,
        "y": 255.5,
        "width": 78.7,
        "height": 139.17,
        "angle": -28.8836,
        "detection_score": 1.0,
        "points": [
          {
            "x": 282.12,
            "y": 220.16,
            "type": 512,
            "name": "basic eye left"
          },
          {
            "x": 330.41,
            "y": 246.8,
            "type": 768,
            "name": "basic eye right"
          },
          {
            "x": 272.7,
            "y": 215.02,
            "type": 1024,
            "name": "basic eye left outer"
          },
          {
            "x": 341.26,
            "y": 252.82,
            "type": 1280,
            "name": "basic eye right outer"
          },
          {
            "x": 290.68,
            "y": 226.3,
            "type": 1536,
            "name": "basic eye left inner"
          },
          {
            "x": 319.09,
            "y": 241.94,
            "type": 1792,
            "name": "basic eye right inner"
          },
          {
            "x": 252.39,
            "y": 275.13,
            "type": 2048,
            "name": "basic mouth left"
          },
          {
            "x": 286.81,
            "y": 299.37,
            "type": 2304,
            "name": "basic mouth right"
          },
          {
            "x": 276.03,
            "y": 260.83,
            "type": 2560,
            "name": "basic nose tip"
          },
          {
            "x": 268.48,
            "y": 287.0,
            "type": 2816,
            "name": "basic mouth center"
          },
          {
            "x": 268.48,
            "y": 287.0,
            "type": 3072,
            "name": "basic eyebrow left"
          },
          {
            "x": 268.48,
            "y": 287.0,
            "type": 3328,
            "name": "basic eyebrow left inner corner"
          },
          {
            "x": 268.48,
            "y": 287.0,
            "type": 3584,
            "name": "basic eyebrow left outer corner"
          },
          {
            "x": 268.48,
            "y": 287.0,
            "type": 3840,
            "name": "basic eyebrow right"
          },
          {
            "x": 268.48,
            "y": 287.0,
            "type": 4096,
            "name": "basic eyebrow right inner corner"
          },
          {
            "x": 268.48,
            "y": 287.0,
            "type": 4352,
            "name": "basic eyebrow right outer corner"
          },
          {
            "x": 268.48,
            "y": 287.0,
            "type": 4608,
            "name": "basic chin bottom"
          },
          {
            "x": 268.48,
            "y": 287.0,
            "type": 4864,
            "name": "basic chin left"
          },
          {
            "x": 268.48,
            "y": 287.0,
            "type": 5120,
            "name": "basic chin right"
          },
          {
            "x": 267.18,
            "y": 257.09,
            "type": 5376,
            "name": "basic nose left"
          },
          {
            "x": 292.12,
            "y": 272.93,
            "type": 5632,
            "name": "basic nose right"
          }
        ],
        "user_points": null,
        "tags": [
          {
            "name": "5oclock shadow",
            "value": "no",
            "confidence": 0.65
          },
          {
            "name": "age",
            "value": "42",
            "confidence": 0.6
          },
          {
            "name": "arched eyebrows",
            "value": "no",
            "confidence": 1.0
          },
          {
            "name": "attractive",
            "value": "no",
            "confidence": 0.77
          },
          {
            "name": "bags under eyes",
            "value": "no",
            "confidence": 1.0
          },
          {
            "name": "bald",
            "value": "no",
            "confidence": 0.97
          },
          {
            "name": "bangs",
            "value": "yes",
            "confidence": 0.43
          },
          {
            "name": "beard",
            "value": "no",
            "confidence": 0.43
          },
          {
            "name": "big lips",
            "value": "no",
            "confidence": 0.7
          },
          {
            "name": "big nose",
            "value": "no",
            "confidence": 0.93
          },
          {
            "name": "black hair",
            "value": "no",
            "confidence": 0.55
          },
          {
            "name": "blond hair",
            "value": "no",
            "confidence": 0.73
          },
          {
            "name": "blurry",
            "value": "yes",
            "confidence": 0.88
          },
          {
            "name": "brown hair",
            "value": "yes",
            "confidence": 0.3
          },
          {
            "name": "bushy eyebrows",
            "value": "no",
            "confidence": 0.97
          },
          {
            "name": "chubby",
            "value": "no",
            "confidence": 0.77
          },
          {
            "name": "double chin",
            "value": "no",
            "confidence": 1.0
          },
          {
            "name": "expression",
            "value": "neutral",
            "confidence": 0.57
          },
          {
            "name": "gender",
            "value": "male",
            "confidence": 0.13
          },
          {
            "name": "glasses",
            "value": "no",
            "confidence": 1.0
          },
          {
            "name": "goatee",
            "value": "no",
            "confidence": 0.7
          },
          {
            "name": "gray hair",
            "value": "no",
            "confidence": 0.83
          },
          {
            "name": "heavy makeup",
            "value": "no",
            "confidence": 0.75
          },
          {
            "name": "high cheekbones",
            "value": "no",
            "confidence": 0.94
          },
          {
            "name": "mouth open",
            "value": "no",
            "confidence": 0.53
          },
          {
            "name": "mustache",
            "value": "no",
            "confidence": 0.67
          },
          {
            "name": "narrow eyes",
            "value": "no",
            "confidence": 0.11
          },
          {
            "name": "oval face",
            "value": "no",
            "confidence": 0.03
          },
          {
            "name": "pale skin",
            "value": "no",
            "confidence": 0.16
          },
          {
            "name": "pitch",
            "value": "-5.42",
            "confidence": 1.0
          },
          {
            "name": "pointy nose",
            "value": "no",
            "confidence": 0.47
          },
          {
            "name": "race",
            "value": "asian",
            "confidence": 1.0
          },
          {
            "name": "receding hairline",
            "value": "no",
            "confidence": 1.0
          },
          {
            "name": "rosy cheeks",
            "value": "no",
            "confidence": 1.0
          },
          {
            "name": "sideburns",
            "value": "no",
            "confidence": 0.72
          },
          {
            "name": "straight hair",
            "value": "no",
            "confidence": 0.49
          },
          {
            "name": "wavy hair",
            "value": "yes",
            "confidence": 0.06
          },
          {
            "name": "wearing earrings",
            "value": "no",
            "confidence": 0.79
          },
          {
            "name": "wearing hat",
            "value": "no",
            "confidence": 0.11
          },
          {
            "name": "wearing lipstick",
            "value": "no",
            "confidence": 0.7
          },
          {
            "name": "wearing necklace",
            "value": "no",
            "confidence": 0.57
          },
          {
            "name": "wearing necktie",
            "value": "no",
            "confidence": 1.0
          },
          {
            "name": "yaw",
            "value": "29.77",
            "confidence": 1.0
          },
          {
            "name": "young",
            "value": "yes",
            "confidence": 0.31
          }
        ],
        "person_id": "",
        "appearance_id": 0,
        "start": "00:00:00",
        "duration": "00:00:00"
      }
    ],
    "tags": null,
    "original_filename": "https://raw.githubusercontent.com/sarkrui/Hairstyle60k/master/Dataset/Rattail/IMG_9.jpg",
    "duration": "00:00:00"
  },
  "recognize": null
},
{
  "media": {
    "media_uuid": "fb634190-b0ed-4ce9-b415-380c18bed2fc",
    "checksum": "f9ec82013b31aa265a37e57a536b2f1a015498a8f1a026f77240099a38ec7d69",
    "faces": null,
    "tags": null,
    "original_filename": "https://raw.githubusercontent.com/sarkrui/Hairstyle60k/master/Dataset/Rattail/IMG_10.jpg",
    "duration": "00:00:00"
  },
  "recognize": null
},
{
  "media": {
    "media_uuid": "084ea63a-5fd5-4323-88bf-6b9f4f51a258",
    "checksum": "3b86d945097387fe387ff0cf196b42d7fbad116d0538021b62685f190e4ca485",
    "faces": null,
    "tags": null,
    "original_filename": "https://raw.githubusercontent.com/sarkrui/Hairstyle60k/master/Dataset/Rattail/IMG_11.jpg",
    "duration": "00:00:00"
  },
  "recognize": null
},
{
  "media": {
    "media_uuid": "9fbd179d-649b-4a6c-9820-b3ed8387938a",
    "checksum": "ddc14db14d415cda8ac60adfeea23ebbcac813018b94b2889b95265ceea7fe2e",
    "faces": null,
    "tags": null,
    "original_filename": "https://raw.githubusercontent.com/sarkrui/Hairstyle60k/master/Dataset/Rattail/IMG_12.jpg",
    "duration": "00:00:00"
  },
  "recognize": null
},
{
  "media": {
    "media_uuid": "43133d03-7d61-418c-be8d-2127ed95bed2",
    "checksum": "3ae6963614151ef1a0b1d6a41ba0becbf45cfcb26ff7bbb57fb73f33812823d7",
    "faces": [
      {
        "face_uuid": "b42bb415-1536-11e9-99c4-0cc47a6c4dbd",
        "media_uuid": "43133d03-7d61-418c-be8d-2127ed95bed2",
        "x": 247.0,
        "y": 187.0,
        "width": 143.13,
        "height": 198.48,
        "angle": 5.4121,
        "detection_score": 1.0,
        "points": [
          {
            "x": 225.27,
            "y": 170.18,
            "type": 512,
            "name": "basic eye left"
          },
          {
            "x": 293.97,
            "y": 163.67,
            "type": 768,
            "name": "basic eye right"
          },
          {
            "x": 209.13,
            "y": 171.96,
            "type": 1024,
            "name": "basic eye left outer"
          },
          {
            "x": 308.17,
            "y": 162.46,
            "type": 1280,
            "name": "basic eye right outer"
          },
          {
            "x": 241.32,
            "y": 169.25,
            "type": 1536,
            "name": "basic eye left inner"
          },
          {
            "x": 280.19,
            "y": 165.68,
            "type": 1792,
            "name": "basic eye right inner"
          },
          {
            "x": 238.9,
            "y": 249.6,
            "type": 2048,
            "name": "basic mouth left"
          },
          {
            "x": 293.04,
            "y": 245.28,
            "type": 2304,
            "name": "basic mouth right"
          },
          {
            "x": 275.08,
            "y": 213.34,
            "type": 2560,
            "name": "basic nose tip"
          },
          {
            "x": 267.12,
            "y": 247.6,
            "type": 2816,
            "name": "basic mouth center"
          },
          {
            "x": 267.12,
            "y": 247.6,
            "type": 3072,
            "name": "basic eyebrow left"
          },
          {
            "x": 267.12,
            "y": 247.6,
            "type": 3328,
            "name": "basic eyebrow left inner corner"
          },
          {
            "x": 267.12,
            "y": 247.6,
            "type": 3584,
            "name": "basic eyebrow left outer corner"
          },
          {
            "x": 267.12,
            "y": 247.6,
            "type": 3840,
            "name": "basic eyebrow right"
          },
          {
            "x": 267.12,
            "y": 247.6,
            "type": 4096,
            "name": "basic eyebrow right inner corner"
          },
          {
            "x": 267.12,
            "y": 247.6,
            "type": 4352,
            "name": "basic eyebrow right outer corner"
          },
          {
            "x": 267.12,
            "y": 247.6,
            "type": 4608,
            "name": "basic chin bottom"
          },
          {
            "x": 267.12,
            "y": 247.6,
            "type": 4864,
            "name": "basic chin left"
          },
          {
            "x": 267.12,
            "y": 247.6,
            "type": 5120,
            "name": "basic chin right"
          },
          {
            "x": 251.86,
            "y": 216.85,
            "type": 5376,
            "name": "basic nose left"
          },
          {
            "x": 287.61,
            "y": 213.58,
            "type": 5632,
            "name": "basic nose right"
          }
        ],
        "user_points": null,
        "tags": [
          {
            "name": "5oclock shadow",
            "value": "yes",
            "confidence": 1.0
          },
          {
            "name": "age",
            "value": "47",
            "confidence": 0.6
          },
          {
            "name": "arched eyebrows",
            "value": "no",
            "confidence": 0.81
          },
          {
            "name": "attractive",
            "value": "yes",
            "confidence": 0.37
          },
          {
            "name": "bags under eyes",
            "value": "no",
            "confidence": 0.04
          },
          {
            "name": "bald",
            "value": "no",
            "confidence": 0.74
          },
          {
            "name": "bangs",
            "value": "no",
            "confidence": 0.86
          },
          {
            "name": "beard",
            "value": "yes",
            "confidence": 1.0
          },
          {
            "name": "big lips",
            "value": "no",
            "confidence": 0.55
          },
          {
            "name": "big nose",
            "value": "no",
            "confidence": 0.12
          },
          {
            "name": "black hair",
            "value": "yes",
            "confidence": 0.46
          },
          {
            "name": "blond hair",
            "value": "no",
            "confidence": 0.94
          },
          {
            "name": "blurry",
            "value": "no",
            "confidence": 0.91
          },
          {
            "name": "brown hair",
            "value": "no",
            "confidence": 0.33
          },
          {
            "name": "bushy eyebrows",
            "value": "yes",
            "confidence": 0.33
          },
          {
            "name": "chubby",
            "value": "no",
            "confidence": 0.65
          },
          {
            "name": "double chin",
            "value": "no",
            "confidence": 0.9
          },
          {
            "name": "expression",
            "value": "neutral",
            "confidence": 0.82
          },
          {
            "name": "gender",
            "value": "male",
            "confidence": 0.88
          },
          {
            "name": "glasses",
            "value": "no",
            "confidence": 1.0
          },
          {
            "name": "goatee",
            "value": "yes",
            "confidence": 1.0
          },
          {
            "name": "gray hair",
            "value": "no",
            "confidence": 0.98
          },
          {
            "name": "heavy makeup",
            "value": "no",
            "confidence": 0.94
          },
          {
            "name": "high cheekbones",
            "value": "no",
            "confidence": 1.0
          },
          {
            "name": "mouth open",
            "value": "no",
            "confidence": 0.74
          },
          {
            "name": "mustache",
            "value": "yes",
            "confidence": 0.9
          },
          {
            "name": "narrow eyes",
            "value": "no",
            "confidence": 0.57
          },
          {
            "name": "oval face",
            "value": "no",
            "confidence": 0.2
          },
          {
            "name": "pale skin",
            "value": "no",
            "confidence": 0.26
          },
          {
            "name": "pitch",
            "value": "-8.17",
            "confidence": 1.0
          },
          {
            "name": "pointy nose",
            "value": "yes",
            "confidence": 0.13
          },
          {
            "name": "race",
            "value": "white",
            "confidence": 1.0
          },
          {
            "name": "receding hairline",
            "value": "no",
            "confidence": 0.68
          },
          {
            "name": "rosy cheeks",
            "value": "no",
            "confidence": 1.0
          },
          {
            "name": "sideburns",
            "value": "yes",
            "confidence": 1.0
          },
          {
            "name": "straight hair",
            "value": "yes",
            "confidence": 0.62
          },
          {
            "name": "wavy hair",
            "value": "no",
            "confidence": 0.71
          },
          {
            "name": "wearing earrings",
            "value": "no",
            "confidence": 1.0
          },
          {
            "name": "wearing hat",
            "value": "no",
            "confidence": 0.99
          },
          {
            "name": "wearing lipstick",
            "value": "no",
            "confidence": 0.89
          },
          {
            "name": "wearing necklace",
            "value": "no",
            "confidence": 1.0
          },
          {
            "name": "wearing necktie",
            "value": "yes",
            "confidence": 0.39
          },
          {
            "name": "yaw",
            "value": "-8.94",
            "confidence": 1.0
          },
          {
            "name": "young",
            "value": "yes",
            "confidence": 0.34
          }
        ],
        "person_id": "",
        "appearance_id": 0,
        "start": "00:00:00",
        "duration": "00:00:00"
      }
    ],
    "tags": null,
    "original_filename": "https://raw.githubusercontent.com/sarkrui/Hairstyle60k/master/Dataset/Rattail/IMG_13.jpg",
    "duration": "00:00:00"
  },
  "recognize": null
},
{
  "media": {
    "media_uuid": "9ec53f55-80fd-42c1-9ba6-af005a357256",
    "checksum": "d060b13d838eaa079c5038bdfb0cd23cd5f9f79dfc836d0bbbad9d4a3a94d628",
    "faces": null,
    "tags": null,
    "original_filename": "https://raw.githubusercontent.com/sarkrui/Hairstyle60k/master/Dataset/Rattail/IMG_14.jpg",
    "duration": "00:00:00"
  },
  "recognize": null
},
{
  "media": {
    "media_uuid": "350f0e10-23a8-4a08-a186-5a904d34a973",
    "checksum": "b5a62324a2bba5f5239634ec35d5610118fe762d5bed283fcd46339cbd4a4057",
    "faces": null,
    "tags": null,
    "original_filename": "https://raw.githubusercontent.com/sarkrui/Hairstyle60k/master/Dataset/Rattail/IMG_15.jpg",
    "duration": "00:00:00"
  },
  "recognize": null
},
{
  "media": {
    "media_uuid": "ebba9a20-7049-401d-a76a-06915e6018da",
    "checksum": "eb77dd85a631b70fcc381e04756ec9cacbaf06838d5db161a9f8097806fd3798",
    "faces": [
      {
        "face_uuid": "b60cb61b-1536-11e9-99c4-0cc47a6c4dbd",
        "media_uuid": "ebba9a20-7049-401d-a76a-06915e6018da",
        "x": 340.5,
        "y": 152.5,
        "width": 110.16,
        "height": 158.06,
        "angle": -0.6125,
        "detection_score": 1.0,
        "points": [
          {
            "x": 334.18,
            "y": 135.89,
            "type": 512,
            "name": "basic eye left"
          },
          {
            "x": 389.47,
            "y": 136.48,
            "type": 768,
            "name": "basic eye right"
          },
          {
            "x": 320.88,
            "y": 136.4,
            "type": 1024,
            "name": "basic eye left outer"
          },
          {
            "x": 400.63,
            "y": 136.97,
            "type": 1280,
            "name": "basic eye right outer"
          },
          {
            "x": 347.03,
            "y": 135.66,
            "type": 1536,
            "name": "basic eye left inner"
          },
          {
            "x": 378.39,
            "y": 136.2,
            "type": 1792,
            "name": "basic eye right inner"
          },
          {
            "x": 341.47,
            "y": 198.15,
            "type": 2048,
            "name": "basic mouth left"
          },
          {
            "x": 384.35,
            "y": 197.71,
            "type": 2304,
            "name": "basic mouth right"
          },
          {
            "x": 374.61,
            "y": 170.63,
            "type": 2560,
            "name": "basic nose tip"
          },
          {
            "x": 364.12,
            "y": 197.9,
            "type": 2816,
            "name": "basic mouth center"
          },
          {
            "x": 364.12,
            "y": 197.9,
            "type": 3072,
            "name": "basic eyebrow left"
          },
          {
            "x": 364.12,
            "y": 197.9,
            "type": 3328,
            "name": "basic eyebrow left inner corner"
          },
          {
            "x": 364.12,
            "y": 197.9,
            "type": 3584,
            "name": "basic eyebrow left outer corner"
          },
          {
            "x": 364.12,
            "y": 197.9,
            "type": 3840,
            "name": "basic eyebrow right"
          },
          {
            "x": 364.12,
            "y": 197.9,
            "type": 4096,
            "name": "basic eyebrow right inner corner"
          },
          {
            "x": 364.12,
            "y": 197.9,
            "type": 4352,
            "name": "basic eyebrow right outer corner"
          },
          {
            "x": 364.12,
            "y": 197.9,
            "type": 4608,
            "name": "basic chin bottom"
          },
          {
            "x": 364.12,
            "y": 197.9,
            "type": 4864,
            "name": "basic chin left"
          },
          {
            "x": 364.12,
            "y": 197.9,
            "type": 5120,
            "name": "basic chin right"
          },
          {
            "x": 354.11,
            "y": 173.49,
            "type": 5376,
            "name": "basic nose left"
          },
          {
            "x": 383.08,
            "y": 173.38,
            "type": 5632,
            "name": "basic nose right"
          }
        ],
        "user_points": null,
        "tags": [
          {
            "name": "5oclock shadow",
            "value": "yes",
            "confidence": 1.0
          },
          {
            "name": "age",
            "value": "45",
            "confidence": 0.6
          },
          {
            "name": "arched eyebrows",
            "value": "no",
            "confidence": 1.0
          },
          {
            "name": "attractive",
            "value": "no",
            "confidence": 0.19
          },
          {
            "name": "bags under eyes",
            "value": "yes",
            "confidence": 0.22
          },
          {
            "name": "bald",
            "value": "no",
            "confidence": 0.59
          },
          {
            "name": "bangs",
            "value": "no",
            "confidence": 0.91
          },
          {
            "name": "beard",
            "value": "yes",
            "confidence": 1.0
          },
          {
            "name": "big lips",
            "value": "no",
            "confidence": 0.63
          },
          {
            "name": "big nose",
            "value": "no",
            "confidence": 0.03
          },
          {
            "name": "black hair",
            "value": "no",
            "confidence": 0.71
          },
          {
            "name": "blond hair",
            "value": "no",
            "confidence": 0.91
          },
          {
            "name": "blurry",
            "value": "no",
            "confidence": 0.38
          },
          {
            "name": "brown hair",
            "value": "yes",
            "confidence": 0.73
          },
          {
            "name": "bushy eyebrows",
            "value": "no",
            "confidence": 0.25
          },
          {
            "name": "chubby",
            "value": "no",
            "confidence": 0.46
          },
          {
            "name": "double chin",
            "value": "no",
            "confidence": 0.78
          },
          {
            "name": "expression",
            "value": "neutral",
            "confidence": 0.89
          },
          {
            "name": "gender",
            "value": "male",
            "confidence": 1.0
          },
          {
            "name": "glasses",
            "value": "no",
            "confidence": 1.0
          },
          {
            "name": "goatee",
            "value": "yes",
            "confidence": 0.98
          },
          {
            "name": "gray hair",
            "value": "no",
            "confidence": 0.71
          },
          {
            "name": "heavy makeup",
            "value": "no",
            "confidence": 0.85
          },
          {
            "name": "high cheekbones",
            "value": "no",
            "confidence": 0.84
          },
          {
            "name": "mouth open",
            "value": "no",
            "confidence": 0.8
          },
          {
            "name": "mustache",
            "value": "yes",
            "confidence": 0.79
          },
          {
            "name": "narrow eyes",
            "value": "yes",
            "confidence": 0.27
          },
          {
            "name": "oval face",
            "value": "no",
            "confidence": 0.49
          },
          {
            "name": "pale skin",
            "value": "no",
            "confidence": 0.72
          },
          {
            "name": "pitch",
            "value": "-7.44",
            "confidence": 1.0
          },
          {
            "name": "pointy nose",
            "value": "no",
            "confidence": 0.19
          },
          {
            "name": "race",
            "value": "white",
            "confidence": 1.0
          },
          {
            "name": "receding hairline",
            "value": "no",
            "confidence": 0.51
          },
          {
            "name": "rosy cheeks",
            "value": "no",
            "confidence": 0.95
          },
          {
            "name": "sideburns",
            "value": "yes",
            "confidence": 1.0
          },
          {
            "name": "straight hair",
            "value": "yes",
            "confidence": 0.3
          },
          {
            "name": "wavy hair",
            "value": "no",
            "confidence": 0.49
          },
          {
            "name": "wearing earrings",
            "value": "no",
            "confidence": 1.0
          },
          {
            "name": "wearing hat",
            "value": "no",
            "confidence": 0.88
          },
          {
            "name": "wearing lipstick",
            "value": "no",
            "confidence": 0.91
          },
          {
            "name": "wearing necklace",
            "value": "no",
            "confidence": 1.0
          },
          {
            "name": "wearing necktie",
            "value": "yes",
            "confidence": 0.1
          },
          {
            "name": "yaw",
            "value": "-24.7",
            "confidence": 1.0
          },
          {
            "name": "young",
            "value": "yes",
            "confidence": 0.04
          }
        ],
        "person_id": "",
        "appearance_id": 0,
        "start": "00:00:00",
        "duration": "00:00:00"
      }
    ],
    "tags": null,
    "original_filename": "https://raw.githubusercontent.com/sarkrui/Hairstyle60k/master/Dataset/Rattail/IMG_16.jpg",
    "duration": "00:00:00"
  },
  "recognize": null
},
{
  "media": {
    "media_uuid": "a38d9f6b-a7cd-4615-a064-6a8e6f89843b",
    "checksum": "97855b514c131f5dce58da6d3c0ce63ce81cf5657bd786d3c1769ee24fe31dfc",
    "faces": null,
    "tags": null,
    "original_filename": "https://raw.githubusercontent.com/sarkrui/Hairstyle60k/master/Dataset/Rattail/IMG_17.jpg",
    "duration": "00:00:00"
  },
  "recognize": null
},
{
  "media": {
    "media_uuid": "7f047eb4-7176-4562-b5f6-5ac0fbd99c5d",
    "checksum": "ac4c7bbebe0e2c29590c5d05cf2d47cc561e1c822941df003656823119d85d6f",
    "faces": [
      {
        "face_uuid": "b7c909c4-1536-11e9-99c4-0cc47a6c4dbd",
        "media_uuid": "7f047eb4-7176-4562-b5f6-5ac0fbd99c5d",
        "x": 72.0,
        "y": 117.0,
        "width": 45.88,
        "height": 68.83,
        "angle": 18.1509,
        "detection_score": 1.0,
        "points": [
          {
            "x": 47.5,
            "y": 116.87,
            "type": 512,
            "name": "basic eye left"
          },
          {
            "x": 85.15,
            "y": 104.52,
            "type": 768,
            "name": "basic eye right"
          },
          {
            "x": 40.4,
            "y": 119.4,
            "type": 1024,
            "name": "basic eye left outer"
          },
          {
            "x": 92.89,
            "y": 102.23,
            "type": 1280,
            "name": "basic eye right outer"
          },
          {
            "x": 54.9,
            "y": 115.57,
            "type": 1536,
            "name": "basic eye left inner"
          },
          {
            "x": 77.85,
            "y": 107.99,
            "type": 1792,
            "name": "basic eye right inner"
          },
          {
            "x": 63.43,
            "y": 154.86,
            "type": 2048,
            "name": "basic mouth left"
          },
          {
            "x": 95.23,
            "y": 144.76,
            "type": 2304,
            "name": "basic mouth right"
          },
          {
            "x": 69.65,
            "y": 131.04,
            "type": 2560,
            "name": "basic nose tip"
          },
          {
            "x": 79.09,
            "y": 150.04,
            "type": 2816,
            "name": "basic mouth center"
          },
          {
            "x": 79.09,
            "y": 150.04,
            "type": 3072,
            "name": "basic eyebrow left"
          },
          {
            "x": 79.09,
            "y": 150.04,
            "type": 3328,
            "name": "basic eyebrow left inner corner"
          },
          {
            "x": 79.09,
            "y": 150.04,
            "type": 3584,
            "name": "basic eyebrow left outer corner"
          },
          {
            "x": 79.09,
            "y": 150.04,
            "type": 3840,
            "name": "basic eyebrow right"
          },
          {
            "x": 79.09,
            "y": 150.04,
            "type": 4096,
            "name": "basic eyebrow right inner corner"
          },
          {
            "x": 79.09,
            "y": 150.04,
            "type": 4352,
            "name": "basic eyebrow right outer corner"
          },
          {
            "x": 79.09,
            "y": 150.04,
            "type": 4608,
            "name": "basic chin bottom"
          },
          {
            "x": 79.09,
            "y": 150.04,
            "type": 4864,
            "name": "basic chin left"
          },
          {
            "x": 79.09,
            "y": 150.04,
            "type": 5120,
            "name": "basic chin right"
          },
          {
            "x": 61.89,
            "y": 136.81,
            "type": 5376,
            "name": "basic nose left"
          },
          {
            "x": 82.02,
            "y": 130.24,
            "type": 5632,
            "name": "basic nose right"
          }
        ],
        "user_points": null,
        "tags": [
          {
            "name": "5oclock shadow",
            "value": "no",
            "confidence": 1.0
          },
          {
            "name": "age",
            "value": "33",
            "confidence": 0.6
          },
          {
            "name": "arched eyebrows",
            "value": "no",
            "confidence": 0.94
          },
          {
            "name": "attractive",
            "value": "no",
            "confidence": 0.62
          },
          {
            "name": "bags under eyes",
            "value": "no",
            "confidence": 1.0
          },
          {
            "name": "bald",
            "value": "no",
            "confidence": 0.79
          },
          {
            "name": "bangs",
            "value": "no",
            "confidence": 0.57
          },
          {
            "name": "beard",
            "value": "no",
            "confidence": 0.97
          },
          {
            "name": "big lips",
            "value": "no",
            "confidence": 0.7
          },
          {
            "name": "big nose",
            "value": "no",
            "confidence": 0.79
          },
          {
            "name": "black hair",
            "value": "no",
            "confidence": 0.41
          },
          {
            "name": "blond hair",
            "value": "no",
            "confidence": 0.62
          },
          {
            "name": "blurry",
            "value": "yes",
            "confidence": 0.58
          },
          {
            "name": "brown hair",
            "value": "no",
            "confidence": 0.1
          },
          {
            "name": "bushy eyebrows",
            "value": "no",
            "confidence": 0.61
          },
          {
            "name": "chubby",
            "value": "no",
            "confidence": 0.57
          },
          {
            "name": "double chin",
            "value": "no",
            "confidence": 0.83
          },
          {
            "name": "expression",
            "value": "neutral",
            "confidence": 0.25
          },
          {
            "name": "gender",
            "value": "female",
            "confidence": 0.29
          },
          {
            "name": "glasses",
            "value": "no",
            "confidence": 1.0
          },
          {
            "name": "goatee",
            "value": "no",
            "confidence": 1.0
          },
          {
            "name": "gray hair",
            "value": "no",
            "confidence": 0.82
          },
          {
            "name": "heavy makeup",
            "value": "no",
            "confidence": 0.71
          },
          {
            "name": "high cheekbones",
            "value": "no",
            "confidence": 0.38
          },
          {
            "name": "mouth open",
            "value": "yes",
            "confidence": 0.08
          },
          {
            "name": "mustache",
            "value": "no",
            "confidence": 1.0
          },
          {
            "name": "narrow eyes",
            "value": "no",
            "confidence": 0.18
          },
          {
            "name": "oval face",
            "value": "yes",
            "confidence": 0.27
          },
          {
            "name": "pale skin",
            "value": "no",
            "confidence": 0.1
          },
          {
            "name": "pitch",
            "value": "-4.69",
            "confidence": 1.0
          },
          {
            "name": "pointy nose",
            "value": "no",
            "confidence": 0.83
          },
          {
            "name": "race",
            "value": "asian",
            "confidence": 0.75
          },
          {
            "name": "receding hairline",
            "value": "no",
            "confidence": 0.57
          },
          {
            "name": "rosy cheeks",
            "value": "no",
            "confidence": 1.0
          },
          {
            "name": "sideburns",
            "value": "no",
            "confidence": 1.0
          },
          {
            "name": "straight hair",
            "value": "no",
            "confidence": 0.56
          },
          {
            "name": "wavy hair",
            "value": "no",
            "confidence": 0.19
          },
          {
            "name": "wearing earrings",
            "value": "no",
            "confidence": 0.37
          },
          {
            "name": "wearing hat",
            "value": "yes",
            "confidence": 0.11
          },
          {
            "name": "wearing lipstick",
            "value": "no",
            "confidence": 0.64
          },
          {
            "name": "wearing necklace",
            "value": "no",
            "confidence": 0.58
          },
          {
            "name": "wearing necktie",
            "value": "no",
            "confidence": 1.0
          },
          {
            "name": "yaw",
            "value": "62.05",
            "confidence": 1.0
          },
          {
            "name": "young",
            "value": "yes",
            "confidence": 0.55
          }
        ],
        "person_id": "",
        "appearance_id": 0,
        "start": "00:00:00",
        "duration": "00:00:00"
      }
    ],
    "tags": null,
    "original_filename": "https://raw.githubusercontent.com/sarkrui/Hairstyle60k/master/Dataset/Rattail/IMG_18.jpg",
    "duration": "00:00:00"
  },
  "recognize": null
},
{
  "media": {
    "media_uuid": "e6a30c9c-48d7-44bf-b71d-b324e9ab1f6e",
    "checksum": "ae6c1c44c8c4c111617e1e89906bf553fa3b86b492c8002d0d213047b4d551ac",
    "faces": [
      {
        "face_uuid": "b897371e-1536-11e9-99c4-0cc47a6c4dbd",
        "media_uuid": "e6a30c9c-48d7-44bf-b71d-b324e9ab1f6e",
        "x": 272.85,
        "y": 152.6,
        "width": 179.62,
        "height": 220.71,
        "angle": 8.4328,
        "detection_score": 0.99,
        "points": [
          {
            "x": 226.93,
            "y": 117.74,
            "type": 512,
            "name": "basic eye left"
          },
          {
            "x": 318.53,
            "y": 104.16,
            "type": 768,
            "name": "basic eye right"
          },
          {
            "x": 207.59,
            "y": 121.48,
            "type": 1024,
            "name": "basic eye left outer"
          },
          {
            "x": 336.99,
            "y": 102.18,
            "type": 1280,
            "name": "basic eye right outer"
          },
          {
            "x": 246.03,
            "y": 116.3,
            "type": 1536,
            "name": "basic eye left inner"
          },
          {
            "x": 300.65,
            "y": 108.2,
            "type": 1792,
            "name": "basic eye right inner"
          },
          {
            "x": 252.34,
            "y": 195.27,
            "type": 2048,
            "name": "basic mouth left"
          },
          {
            "x": 310.59,
            "y": 187.49,
            "type": 2304,
            "name": "basic mouth right"
          },
          {
            "x": 282.28,
            "y": 155.27,
            "type": 2560,
            "name": "basic nose tip"
          },
          {
            "x": 281.79,
            "y": 191.29,
            "type": 2816,
            "name": "basic mouth center"
          },
          {
            "x": 281.79,
            "y": 191.29,
            "type": 3072,
            "name": "basic eyebrow left"
          },
          {
            "x": 281.79,
            "y": 191.29,
            "type": 3328,
            "name": "basic eyebrow left inner corner"
          },
          {
            "x": 281.79,
            "y": 191.29,
            "type": 3584,
            "name": "basic eyebrow left outer corner"
          },
          {
            "x": 281.79,
            "y": 191.29,
            "type": 3840,
            "name": "basic eyebrow right"
          },
          {
            "x": 281.79,
            "y": 191.29,
            "type": 4096,
            "name": "basic eyebrow right inner corner"
          },
          {
            "x": 281.79,
            "y": 191.29,
            "type": 4352,
            "name": "basic eyebrow right outer corner"
          },
          {
            "x": 281.79,
            "y": 191.29,
            "type": 4608,
            "name": "basic chin bottom"
          },
          {
            "x": 281.79,
            "y": 191.29,
            "type": 4864,
            "name": "basic chin left"
          },
          {
            "x": 281.79,
            "y": 191.29,
            "type": 5120,
            "name": "basic chin right"
          },
          {
            "x": 258.32,
            "y": 166.81,
            "type": 5376,
            "name": "basic nose left"
          },
          {
            "x": 303.57,
            "y": 160.08,
            "type": 5632,
            "name": "basic nose right"
          }
        ],
        "user_points": null,
        "tags": [
          {
            "name": "5oclock shadow",
            "value": "no",
            "confidence": 0.96
          },
          {
            "name": "age",
            "value": "39",
            "confidence": 0.6
          },
          {
            "name": "arched eyebrows",
            "value": "no",
            "confidence": 1.0
          },
          {
            "name": "attractive",
            "value": "no",
            "confidence": 0.75
          },
          {
            "name": "bags under eyes",
            "value": "no",
            "confidence": 0.97
          },
          {
            "name": "bald",
            "value": "no",
            "confidence": 0.23
          },
          {
            "name": "bangs",
            "value": "no",
            "confidence": 0.55
          },
          {
            "name": "beard",
            "value": "no",
            "confidence": 0.22
          },
          {
            "name": "big lips",
            "value": "no",
            "confidence": 0.26
          },
          {
            "name": "big nose",
            "value": "no",
            "confidence": 0.27
          },
          {
            "name": "black hair",
            "value": "no",
            "confidence": 0.63
          },
          {
            "name": "blond hair",
            "value": "no",
            "confidence": 0.76
          },
          {
            "name": "blurry",
            "value": "yes",
            "confidence": 0.44
          },
          {
            "name": "brown hair",
            "value": "no",
            "confidence": 0.29
          },
          {
            "name": "bushy eyebrows",
            "value": "no",
            "confidence": 1.0
          },
          {
            "name": "chubby",
            "value": "no",
            "confidence": 0.34
          },
          {
            "name": "double chin",
            "value": "no",
            "confidence": 0.76
          },
          {
            "name": "expression",
            "value": "neutral",
            "confidence": 0.81
          },
          {
            "name": "gender",
            "value": "female",
            "confidence": 0.08
          },
          {
            "name": "glasses",
            "value": "no",
            "confidence": 1.0
          },
          {
            "name": "goatee",
            "value": "no",
            "confidence": 0.38
          },
          {
            "name": "gray hair",
            "value": "no",
            "confidence": 0.5
          },
          {
            "name": "heavy makeup",
            "value": "no",
            "confidence": 0.78
          },
          {
            "name": "high cheekbones",
            "value": "no",
            "confidence": 0.89
          },
          {
            "name": "mouth open",
            "value": "no",
            "confidence": 0.37
          },
          {
            "name": "mustache",
            "value": "no",
            "confidence": 0.33
          },
          {
            "name": "narrow eyes",
            "value": "no",
            "confidence": 0.25
          },
          {
            "name": "oval face",
            "value": "no",
            "confidence": 0.3
          },
          {
            "name": "pale skin",
            "value": "yes",
            "confidence": 0.34
          },
          {
            "name": "pitch",
            "value": "-7.3",
            "confidence": 1.0
          },
          {
            "name": "pointy nose",
            "value": "no",
            "confidence": 0.76
          },
          {
            "name": "race",
            "value": "asian",
            "confidence": 0.99
          },
          {
            "name": "receding hairline",
            "value": "no",
            "confidence": 0.45
          },
          {
            "name": "rosy cheeks",
            "value": "no",
            "confidence": 1.0
          },
          {
            "name": "sideburns",
            "value": "no",
            "confidence": 0.56
          },
          {
            "name": "straight hair",
            "value": "no",
            "confidence": 0.37
          },
          {
            "name": "wavy hair",
            "value": "no",
            "confidence": 0.7
          },
          {
            "name": "wearing earrings",
            "value": "no",
            "confidence": 0.65
          },
          {
            "name": "wearing hat",
            "value": "yes",
            "confidence": 0.57
          },
          {
            "name": "wearing lipstick",
            "value": "no",
            "confidence": 0.65
          },
          {
            "name": "wearing necklace",
            "value": "no",
            "confidence": 0.51
          },
          {
            "name": "wearing necktie",
            "value": "no",
            "confidence": 1.0
          },
          {
            "name": "yaw",
            "value": "-7.19",
            "confidence": 1.0
          },
          {
            "name": "young",
            "value": "yes",
            "confidence": 0.17
          }
        ],
        "person_id": "",
        "appearance_id": 0,
        "start": "00:00:00",
        "duration": "00:00:00"
      }
    ],
    "tags": null,
    "original_filename": "https://raw.githubusercontent.com/sarkrui/Hairstyle60k/master/Dataset/Rattail/IMG_19.jpg",
    "duration": "00:00:00"
  },
  "recognize": null
},
{
  "media": {
    "media_uuid": "647f1fbd-cf61-4c19-b00b-7080582f1920",
    "checksum": "1d8e69de5e1c095fb9029ffd705d0fe693ec83010afe4c7f4254f902f9b57294",
    "faces": [
      {
        "face_uuid": "b9623a2c-1536-11e9-99c4-0cc47a6c4dbd",
        "media_uuid": "647f1fbd-cf61-4c19-b00b-7080582f1920",
        "x": 317.97,
        "y": 294.18,
        "width": 192.16,
        "height": 246.63,
        "angle": 3.2023,
        "detection_score": 1.0,
        "points": [
          {
            "x": 254.93,
            "y": 273.32,
            "type": 512,
            "name": "basic eye left"
          },
          {
            "x": 340.22,
            "y": 268.55,
            "type": 768,
            "name": "basic eye right"
          },
          {
            "x": 237.13,
            "y": 274.05,
            "type": 1024,
            "name": "basic eye left outer"
          },
          {
            "x": 360.15,
            "y": 267.37,
            "type": 1280,
            "name": "basic eye right outer"
          },
          {
            "x": 272.38,
            "y": 273.57,
            "type": 1536,
            "name": "basic eye left inner"
          },
          {
            "x": 320.56,
            "y": 270.78,
            "type": 1792,
            "name": "basic eye right inner"
          },
          {
            "x": 270.6,
            "y": 364.15,
            "type": 2048,
            "name": "basic mouth left"
          },
          {
            "x": 336.11,
            "y": 363.34,
            "type": 2304,
            "name": "basic mouth right"
          },
          {
            "x": 289.5,
            "y": 334.13,
            "type": 2560,
            "name": "basic nose tip"
          },
          {
            "x": 302.37,
            "y": 365.15,
            "type": 2816,
            "name": "basic mouth center"
          },
          {
            "x": 302.37,
            "y": 365.15,
            "type": 3072,
            "name": "basic eyebrow left"
          },
          {
            "x": 302.37,
            "y": 365.15,
            "type": 3328,
            "name": "basic eyebrow left inner corner"
          },
          {
            "x": 302.37,
            "y": 365.15,
            "type": 3584,
            "name": "basic eyebrow left outer corner"
          },
          {
            "x": 302.37,
            "y": 365.15,
            "type": 3840,
            "name": "basic eyebrow right"
          },
          {
            "x": 302.37,
            "y": 365.15,
            "type": 4096,
            "name": "basic eyebrow right inner corner"
          },
          {
            "x": 302.37,
            "y": 365.15,
            "type": 4352,
            "name": "basic eyebrow right outer corner"
          },
          {
            "x": 302.37,
            "y": 365.15,
            "type": 4608,
            "name": "basic chin bottom"
          },
          {
            "x": 302.37,
            "y": 365.15,
            "type": 4864,
            "name": "basic chin left"
          },
          {
            "x": 302.37,
            "y": 365.15,
            "type": 5120,
            "name": "basic chin right"
          },
          {
            "x": 272.91,
            "y": 332.12,
            "type": 5376,
            "name": "basic nose left"
          },
          {
            "x": 317.52,
            "y": 330.7,
            "type": 5632,
            "name": "basic nose right"
          }
        ],
        "user_points": null,
        "tags": [
          {
            "name": "5oclock shadow",
            "value": "yes",
            "confidence": 0.81
          },
          {
            "name": "age",
            "value": "44",
            "confidence": 0.6
          },
          {
            "name": "arched eyebrows",
            "value": "no",
            "confidence": 1.0
          },
          {
            "name": "attractive",
            "value": "no",
            "confidence": 0.74
          },
          {
            "name": "bags under eyes",
            "value": "no",
            "confidence": 0.15
          },
          {
            "name": "bald",
            "value": "no",
            "confidence": 0.59
          },
          {
            "name": "bangs",
            "value": "no",
            "confidence": 1.0
          },
          {
            "name": "beard",
            "value": "yes",
            "confidence": 1.0
          },
          {
            "name": "big lips",
            "value": "no",
            "confidence": 0.32
          },
          {
            "name": "big nose",
            "value": "yes",
            "confidence": 0.09
          },
          {
            "name": "black hair",
            "value": "no",
            "confidence": 0.2
          },
          {
            "name": "blond hair",
            "value": "no",
            "confidence": 0.98
          },
          {
            "name": "blurry",
            "value": "no",
            "confidence": 0.03
          },
          {
            "name": "brown hair",
            "value": "yes",
            "confidence": 0.29
          },
          {
            "name": "bushy eyebrows",
            "value": "yes",
            "confidence": 0.41
          },
          {
            "name": "chubby",
            "value": "no",
            "confidence": 0.11
          },
          {
            "name": "double chin",
            "value": "no",
            "confidence": 0.58
          },
          {
            "name": "expression",
            "value": "neutral",
            "confidence": 0.96
          },
          {
            "name": "gender",
            "value": "male",
            "confidence": 1.0
          },
          {
            "name": "glasses",
            "value": "no",
            "confidence": 1.0
          },
          {
            "name": "goatee",
            "value": "yes",
            "confidence": 1.0
          },
          {
            "name": "gray hair",
            "value": "no",
            "confidence": 0.93
          },
          {
            "name": "heavy makeup",
            "value": "no",
            "confidence": 0.99
          },
          {
            "name": "high cheekbones",
            "value": "no",
            "confidence": 0.73
          },
          {
            "name": "mouth open",
            "value": "no",
            "confidence": 0.73
          },
          {
            "name": "mustache",
            "value": "yes",
            "confidence": 1.0
          },
          {
            "name": "narrow eyes",
            "value": "no",
            "confidence": 0.33
          },
          {
            "name": "oval face",
            "value": "no",
            "confidence": 0.31
          },
          {
            "name": "pale skin",
            "value": "no",
            "confidence": 1.0
          },
          {
            "name": "pitch",
            "value": "-7.81",
            "confidence": 1.0
          },
          {
            "name": "pointy nose",
            "value": "no",
            "confidence": 0.64
          },
          {
            "name": "race",
            "value": "white",
            "confidence": 1.0
          },
          {
            "name": "receding hairline",
            "value": "no",
            "confidence": 0.65
          },
          {
            "name": "rosy cheeks",
            "value": "no",
            "confidence": 1.0
          },
          {
            "name": "sideburns",
            "value": "yes",
            "confidence": 1.0
          },
          {
            "name": "straight hair",
            "value": "no",
            "confidence": 0.22
          },
          {
            "name": "wavy hair",
            "value": "no",
            "confidence": 0.28
          },
          {
            "name": "wearing earrings",
            "value": "no",
            "confidence": 0.73
          },
          {
            "name": "wearing hat",
            "value": "no",
            "confidence": 0.53
          },
          {
            "name": "wearing lipstick",
            "value": "no",
            "confidence": 1.0
          },
          {
            "name": "wearing necklace",
            "value": "no",
            "confidence": 0.78
          },
          {
            "name": "wearing necktie",
            "value": "no",
            "confidence": 0.37
          },
          {
            "name": "yaw",
            "value": "28.39",
            "confidence": 1.0
          },
          {
            "name": "young",
            "value": "yes",
            "confidence": 0.07
          }
        ],
        "person_id": "",
        "appearance_id": 0,
        "start": "00:00:00",
        "duration": "00:00:00"
      }
    ],
    "tags": null,
    "original_filename": "https://raw.githubusercontent.com/sarkrui/Hairstyle60k/master/Dataset/Rattail/IMG_20.jpg",
    "duration": "00:00:00"
  },
  "recognize": null
},
{
  "media": {
    "media_uuid": "90c82275-d28c-4975-b2d1-7bd9c43b7dea",
    "checksum": "1d2dcaba55bf76aaf8e015f1f823e9a3051971d9e488922afe65538e3c2acadf",
    "faces": [
      {
        "face_uuid": "ba25d46b-1536-11e9-99c4-0cc47a6c4dbd",
        "media_uuid": "90c82275-d28c-4975-b2d1-7bd9c43b7dea",
        "x": 160.0,
        "y": 114.0,
        "width": 70.52,
        "height": 93.39,
        "angle": 10.2303,
        "detection_score": 1.0,
        "points": [
          {
            "x": 147.86,
            "y": 104.13,
            "type": 512,
            "name": "basic eye left"
          },
          {
            "x": 180.04,
            "y": 98.33,
            "type": 768,
            "name": "basic eye right"
          },
          {
            "x": 140.34,
            "y": 105.66,
            "type": 1024,
            "name": "basic eye left outer"
          },
          {
            "x": 186.65,
            "y": 97.22,
            "type": 1280,
            "name": "basic eye right outer"
          },
          {
            "x": 155.31,
            "y": 103.05,
            "type": 1536,
            "name": "basic eye left inner"
          },
          {
            "x": 173.66,
            "y": 99.8,
            "type": 1792,
            "name": "basic eye right inner"
          },
          {
            "x": 158.92,
            "y": 141.22,
            "type": 2048,
            "name": "basic mouth left"
          },
          {
            "x": 183.1,
            "y": 136.97,
            "type": 2304,
            "name": "basic mouth right"
          },
          {
            "x": 173.43,
            "y": 122.03,
            "type": 2560,
            "name": "basic nose tip"
          },
          {
            "x": 171.57,
            "y": 139.05,
            "type": 2816,
            "name": "basic mouth center"
          },
          {
            "x": 171.57,
            "y": 139.05,
            "type": 3072,
            "name": "basic eyebrow left"
          },
          {
            "x": 171.57,
            "y": 139.05,
            "type": 3328,
            "name": "basic eyebrow left inner corner"
          },
          {
            "x": 171.57,
            "y": 139.05,
            "type": 3584,
            "name": "basic eyebrow left outer corner"
          },
          {
            "x": 171.57,
            "y": 139.05,
            "type": 3840,
            "name": "basic eyebrow right"
          },
          {
            "x": 171.57,
            "y": 139.05,
            "type": 4096,
            "name": "basic eyebrow right inner corner"
          },
          {
            "x": 171.57,
            "y": 139.05,
            "type": 4352,
            "name": "basic eyebrow right outer corner"
          },
          {
            "x": 171.57,
            "y": 139.05,
            "type": 4608,
            "name": "basic chin bottom"
          },
          {
            "x": 171.57,
            "y": 139.05,
            "type": 4864,
            "name": "basic chin left"
          },
          {
            "x": 171.57,
            "y": 139.05,
            "type": 5120,
            "name": "basic chin right"
          },
          {
            "x": 162.83,
            "y": 125.0,
            "type": 5376,
            "name": "basic nose left"
          },
          {
            "x": 179.21,
            "y": 121.99,
            "type": 5632,
            "name": "basic nose right"
          }
        ],
        "user_points": null,
        "tags": [
          {
            "name": "5oclock shadow",
            "value": "yes",
            "confidence": 0.65
          },
          {
            "name": "age",
            "value": "48",
            "confidence": 0.6
          },
          {
            "name": "arched eyebrows",
            "value": "no",
            "confidence": 0.83
          },
          {
            "name": "attractive",
            "value": "no",
            "confidence": 0.41
          },
          {
            "name": "bags under eyes",
            "value": "no",
            "confidence": 0.51
          },
          {
            "name": "bald",
            "value": "no",
            "confidence": 0.46
          },
          {
            "name": "bangs",
            "value": "no",
            "confidence": 1.0
          },
          {
            "name": "beard",
            "value": "yes",
            "confidence": 1.0
          },
          {
            "name": "big lips",
            "value": "no",
            "confidence": 0.68
          },
          {
            "name": "big nose",
            "value": "no",
            "confidence": 0.04
          },
          {
            "name": "black hair",
            "value": "yes",
            "confidence": 0.89
          },
          {
            "name": "blond hair",
            "value": "no",
            "confidence": 0.95
          },
          {
            "name": "blurry",
            "value": "no",
            "confidence": 0.03
          },
          {
            "name": "brown hair",
            "value": "no",
            "confidence": 1.0
          },
          {
            "name": "bushy eyebrows",
            "value": "yes",
            "confidence": 0.42
          },
          {
            "name": "chubby",
            "value": "yes",
            "confidence": 0.0
          },
          {
            "name": "double chin",
            "value": "no",
            "confidence": 0.41
          },
          {
            "name": "expression",
            "value": "neutral",
            "confidence": 0.89
          },
          {
            "name": "gender",
            "value": "male",
            "confidence": 0.94
          },
          {
            "name": "glasses",
            "value": "no",
            "confidence": 1.0
          },
          {
            "name": "goatee",
            "value": "yes",
            "confidence": 1.0
          },
          {
            "name": "gray hair",
            "value": "no",
            "confidence": 0.83
          },
          {
            "name": "heavy makeup",
            "value": "no",
            "confidence": 0.99
          },
          {
            "name": "high cheekbones",
            "value": "no",
            "confidence": 1.0
          },
          {
            "name": "mouth open",
            "value": "no",
            "confidence": 0.63
          },
          {
            "name": "mustache",
            "value": "yes",
            "confidence": 1.0
          },
          {
            "name": "narrow eyes",
            "value": "no",
            "confidence": 0.46
          },
          {
            "name": "oval face",
            "value": "no",
            "confidence": 0.02
          },
          {
            "name": "pale skin",
            "value": "no",
            "confidence": 0.87
          },
          {
            "name": "pitch",
            "value": "-8.69",
            "confidence": 1.0
          },
          {
            "name": "pointy nose",
            "value": "no",
            "confidence": 0.24
          },
          {
            "name": "race",
            "value": "white",
            "confidence": 1.0
          },
          {
            "name": "receding hairline",
            "value": "no",
            "confidence": 0.54
          },
          {
            "name": "rosy cheeks",
            "value": "no",
            "confidence": 0.93
          },
          {
            "name": "sideburns",
            "value": "yes",
            "confidence": 1.0
          },
          {
            "name": "straight hair",
            "value": "no",
            "confidence": 0.23
          },
          {
            "name": "wavy hair",
            "value": "no",
            "confidence": 0.35
          },
          {
            "name": "wearing earrings",
            "value": "no",
            "confidence": 0.83
          },
          {
            "name": "wearing hat",
            "value": "no",
            "confidence": 0.48
          },
          {
            "name": "wearing lipstick",
            "value": "no",
            "confidence": 0.92
          },
          {
            "name": "wearing necklace",
            "value": "no",
            "confidence": 0.94
          },
          {
            "name": "wearing necktie",
            "value": "yes",
            "confidence": 0.04
          },
          {
            "name": "yaw",
            "value": "-11.65",
            "confidence": 1.0
          },
          {
            "name": "young",
            "value": "no",
            "confidence": 0.2
          }
        ],
        "person_id": "",
        "appearance_id": 0,
        "start": "00:00:00",
        "duration": "00:00:00"
      }
    ],
    "tags": null,
    "original_filename": "https://raw.githubusercontent.com/sarkrui/Hairstyle60k/master/Dataset/Rattail/IMG_21.jpg",
    "duration": "00:00:00"
  },
  "recognize": null
},
{
  "media": {
    "media_uuid": "5d8a466e-9382-4ae5-a52c-84ceda3724a5",
    "checksum": "88b16af7185ebdb8eda2da1ae359ec52c79336f5ad8ce8584094d2750be1cd5e",
    "faces": [
      {
        "face_uuid": "baf2a396-1536-11e9-99c4-0cc47a6c4dbd",
        "media_uuid": "5d8a466e-9382-4ae5-a52c-84ceda3724a5",
        "x": 532.74,
        "y": 636.78,
        "width": 399.5,
        "height": 502.37,
        "angle": 6.9678,
        "detection_score": 1.0,
        "points": [
          {
            "x": 374.14,
            "y": 601.56,
            "type": 512,
            "name": "basic eye left"
          },
          {
            "x": 551.47,
            "y": 579.88,
            "type": 768,
            "name": "basic eye right"
          },
          {
            "x": 338.87,
            "y": 606.19,
            "type": 1024,
            "name": "basic eye left outer"
          },
          {
            "x": 593.49,
            "y": 575.8,
            "type": 1280,
            "name": "basic eye right outer"
          },
          {
            "x": 409.2,
            "y": 598.78,
            "type": 1536,
            "name": "basic eye left inner"
          },
          {
            "x": 510.29,
            "y": 586.14,
            "type": 1792,
            "name": "basic eye right inner"
          },
          {
            "x": 410.23,
            "y": 809.04,
            "type": 2048,
            "name": "basic mouth left"
          },
          {
            "x": 553.82,
            "y": 794.72,
            "type": 2304,
            "name": "basic mouth right"
          },
          {
            "x": 438.75,
            "y": 718.41,
            "type": 2560,
            "name": "basic nose tip"
          },
          {
            "x": 478.57,
            "y": 803.19,
            "type": 2816,
            "name": "basic mouth center"
          },
          {
            "x": 478.57,
            "y": 803.19,
            "type": 3072,
            "name": "basic eyebrow left"
          },
          {
            "x": 478.57,
            "y": 803.19,
            "type": 3328,
            "name": "basic eyebrow left inner corner"
          },
          {
            "x": 478.57,
            "y": 803.19,
            "type": 3584,
            "name": "basic eyebrow left outer corner"
          },
          {
            "x": 478.57,
            "y": 803.19,
            "type": 3840,
            "name": "basic eyebrow right"
          },
          {
            "x": 478.57,
            "y": 803.19,
            "type": 4096,
            "name": "basic eyebrow right inner corner"
          },
          {
            "x": 478.57,
            "y": 803.19,
            "type": 4352,
            "name": "basic eyebrow right outer corner"
          },
          {
            "x": 478.57,
            "y": 803.19,
            "type": 4608,
            "name": "basic chin bottom"
          },
          {
            "x": 478.57,
            "y": 803.19,
            "type": 4864,
            "name": "basic chin left"
          },
          {
            "x": 478.57,
            "y": 803.19,
            "type": 5120,
            "name": "basic chin right"
          },
          {
            "x": 411.41,
            "y": 728.85,
            "type": 5376,
            "name": "basic nose left"
          },
          {
            "x": 504.15,
            "y": 719.66,
            "type": 5632,
            "name": "basic nose right"
          }
        ],
        "user_points": null,
        "tags": [
          {
            "name": "5oclock shadow",
            "value": "no",
            "confidence": 0.54
          },
          {
            "name": "age",
            "value": "36",
            "confidence": 0.6
          },
          {
            "name": "arched eyebrows",
            "value": "no",
            "confidence": 0.53
          },
          {
            "name": "attractive",
            "value": "no",
            "confidence": 0.22
          },
          {
            "name": "bags under eyes",
            "value": "no",
            "confidence": 0.76
          },
          {
            "name": "bald",
            "value": "no",
            "confidence": 0.97
          },
          {
            "name": "bangs",
            "value": "no",
            "confidence": 0.54
          },
          {
            "name": "beard",
            "value": "no",
            "confidence": 0.85
          },
          {
            "name": "big lips",
            "value": "no",
            "confidence": 0.16
          },
          {
            "name": "big nose",
            "value": "no",
            "confidence": 0.75
          },
          {
            "name": "black hair",
            "value": "yes",
            "confidence": 0.7
          },
          {
            "name": "blond hair",
            "value": "no",
            "confidence": 1.0
          },
          {
            "name": "blurry",
            "value": "no",
            "confidence": 0.4
          },
          {
            "name": "brown hair",
            "value": "no",
            "confidence": 0.43
          },
          {
            "name": "bushy eyebrows",
            "value": "no",
            "confidence": 0.33
          },
          {
            "name": "chubby",
            "value": "no",
            "confidence": 1.0
          },
          {
            "name": "double chin",
            "value": "no",
            "confidence": 1.0
          },
          {
            "name": "expression",
            "value": "neutral",
            "confidence": 0.91
          },
          {
            "name": "gender",
            "value": "female",
            "confidence": 0.33
          },
          {
            "name": "glasses",
            "value": "no",
            "confidence": 1.0
          },
          {
            "name": "goatee",
            "value": "no",
            "confidence": 1.0
          },
          {
            "name": "gray hair",
            "value": "no",
            "confidence": 1.0
          },
          {
            "name": "heavy makeup",
            "value": "no",
            "confidence": 0.55
          },
          {
            "name": "high cheekbones",
            "value": "no",
            "confidence": 0.53
          },
          {
            "name": "mouth open",
            "value": "no",
            "confidence": 0.92
          },
          {
            "name": "mustache",
            "value": "no",
            "confidence": 1.0
          },
          {
            "name": "narrow eyes",
            "value": "no",
            "confidence": 1.0
          },
          {
            "name": "oval face",
            "value": "yes",
            "confidence": 0.16
          },
          {
            "name": "pale skin",
            "value": "no",
            "confidence": 0.91
          },
          {
            "name": "pitch",
            "value": "-6.9",
            "confidence": 1.0
          },
          {
            "name": "pointy nose",
            "value": "yes",
            "confidence": 0.08
          },
          {
            "name": "race",
            "value": "white",
            "confidence": 0.99
          },
          {
            "name": "receding hairline",
            "value": "no",
            "confidence": 0.14
          },
          {
            "name": "rosy cheeks",
            "value": "no",
            "confidence": 0.6
          },
          {
            "name": "sideburns",
            "value": "no",
            "confidence": 1.0
          },
          {
            "name": "straight hair",
            "value": "yes",
            "confidence": 0.25
          },
          {
            "name": "wavy hair",
            "value": "no",
            "confidence": 0.79
          },
          {
            "name": "wearing earrings",
            "value": "yes",
            "confidence": 0.08
          },
          {
            "name": "wearing hat",
            "value": "no",
            "confidence": 0.96
          },
          {
            "name": "wearing lipstick",
            "value": "no",
            "confidence": 0.41
          },
          {
            "name": "wearing necklace",
            "value": "no",
            "confidence": 0.35
          },
          {
            "name": "wearing necktie",
            "value": "no",
            "confidence": 0.86
          },
          {
            "name": "yaw",
            "value": "43.95",
            "confidence": 1.0
          },
          {
            "name": "young",
            "value": "yes",
            "confidence": 0.85
          }
        ],
        "person_id": "",
        "appearance_id": 0,
        "start": "00:00:00",
        "duration": "00:00:00"
      }
    ],
    "tags": null,
    "original_filename": "https://raw.githubusercontent.com/sarkrui/Hairstyle60k/master/Dataset/Rattail/IMG_22.jpg",
    "duration": "00:00:00"
  },
  "recognize": null
},
{
  "media": {
    "media_uuid": "5b16cea4-e8b0-4a49-9891-069bc6815428",
    "checksum": "7d35e85b98e467ad4416f74e4a118c4b5ee251cd4f96c790e06740b45dbe3495",
    "faces": null,
    "tags": null,
    "original_filename": "https://raw.githubusercontent.com/sarkrui/Hairstyle60k/master/Dataset/Rattail/IMG_23.jpg",
    "duration": "00:00:00"
  },
  "recognize": null
}
]
